DEPTH,GR,RT,RHOB,NPHI,PREDICTION,LABEL
3940.0,,,,0.39483,5,WTR
3940.5,,,,0.40826,5,WTR
3941.0,,,1.6112,0.37839,5,WTR
3941.5,,,1.0556,0.34332,5,WTR
3942.0,,,0.5,0.28751,5,WTR
3942.5,,,0.8689,0.27526,5,WTR
3943.0,43.6497,,1.2378,0.27565,5,WTR
3943.5,40.9616,,1.6067,0.29967,5,WTR
3944.0,41.3626,,1.6601,0.30142,5,WTR
3944.5,41.7635,,1.7245,0.30217,5,WTR
3945.0,41.0867,,1.729,0.31178,5,WTR
3945.5,43.0303,,1.7378,0.33918,5,WTR
3946.0,44.8749,,1.729,0.37373,5,WTR
3946.5,48.0135,,1.699,0.40805,5,WTR
3947.0,47.382,,1.6401,0.43927,5,WTR
3947.5,46.4252,,1.634,0.47814,5,WTR
3948.0,49.2765,,1.5696,0.52044,0,Non-SST
3948.5,50.2522,,1.5074,0.54963,0,Non-SST
3949.0,49.2765,,1.513,0.5613,0,Non-SST
3949.5,47.363,,1.5846,0.57936,0,Non-SST
3950.0,51.2278,964.5255,1.6132,0.59024,0,Non-SST
3950.5,49.2765,741.2164,1.6081,0.5768,0,Non-SST
3951.0,51.2278,852.871,1.5914,0.54956,0,Non-SST
3951.5,49.2765,964.5255,1.6417,0.53236,0,Non-SST
3952.0,49.2765,274.0475,1.5873,0.53428,0,Non-SST
3952.5,47.382,369.0088,1.6245,0.53275,0,Non-SST
3953.0,45.4874,578.7553,1.6001,0.54559,0,Non-SST
3953.5,51.2278,482.3127,1.5867,0.53621,0,Non-SST
3954.0,50.2522,6.8082,1.5786,0.5401,0,Non-SST
3954.5,49.2765,20.1359,1.6008,0.52705,0,Non-SST
3955.0,48.3197,0.1121,1.6052,0.52032,0,Non-SST
3955.5,47.363,0.1,1.5678,0.51261,0,Non-SST
3956.0,46.7378,0.1,1.5217,0.53009,0,Non-SST
3956.5,46.1126,0.1658,1.5884,0.55279,0,Non-SST
3957.0,45.4874,0.1,1.1267,0.54403,0,Non-SST
3957.5,45.4874,0.1,1.1267,0.54089,0,Non-SST
3958.0,45.4874,0.1,1.12,0.53162,0,Non-SST
3958.5,47.382,0.1,1.2434,0.55765,0,Non-SST
3959.0,49.2765,0.1,1.3578,0.50399,0,Non-SST
3959.5,53.2929,0.1,1.25,0.50399,0,Non-SST
3960.0,57.3092,0.1,1.4017,0.51701,0,Non-SST
3960.5,58.7238,0.1242,1.245,0.59738,0,Non-SST
3961.0,60.1384,0.1121,1.245,0.59738,0,Non-SST
3961.5,61.553,0.1,1.3634,0.61661,0,Non-SST
3962.0,61.553,482.3127,1.5334,0.69452,0,Non-SST
3962.5,61.553,964.5255,1.4912,0.69453,0,Non-SST
3963.0,64.5337,482.3127,1.5101,0.76411,0,Non-SST
3963.5,67.5144,0.1,1.32,0.75463,0,Non-SST
3964.0,70.4951,0.1,1.33,0.72899,0,Non-SST
3964.5,70.4951,0.1,1.33,0.7777,0,Non-SST
3965.0,70.4951,482.3127,1.4167,0.7777,0,Non-SST
3965.5,70.4951,964.5255,1.2634,0.69788,0,Non-SST
3966.0,73.6779,643.0504,1.2634,0.57516,0,Non-SST
3966.5,76.8607,321.5752,1.19,0.58945,0,Non-SST
3967.0,80.0435,0.1,1.26,0.60374,0,Non-SST
3967.5,77.6375,0.1,1.0734,0.61804,0,Non-SST
3968.0,75.2314,0.1,0.8867,0.61804,0,Non-SST
3968.5,72.8254,0.1,1.0,0.83372,0,Non-SST
3969.0,71.2845,0.1,1.1134,0.99158,0,Non-SST
3969.5,69.7436,0.1,0.96,0.92427,0,Non-SST
3970.0,68.2027,0.1,0.8067,0.85697,0,Non-SST
3970.5,70.5141,0.1,0.6533,0.78967,0,Non-SST
3971.0,72.8254,0.1,0.9067,0.80363,0,Non-SST
3971.5,72.0486,0.1,0.9067,0.81759,0,Non-SST
3972.0,71.2719,0.1,1.1067,0.83155,0,Non-SST
3972.5,70.4951,0.1012,1.3067,0.78369,0,Non-SST
3973.0,71.2719,0.1024,1.5067,0.73583,0,Non-SST
3973.5,72.0486,0.1037,1.4756,0.68797,0,Non-SST
3974.0,72.8254,0.1024,1.4445,0.65645,0,Non-SST
3974.5,70.533,0.1012,1.4134,0.62494,0,Non-SST
3975.0,68.2406,0.1,1.4734,0.59342,0,Non-SST
3975.5,65.9483,0.1,1.5334,0.58635,0,Non-SST
3976.0,63.0686,0.1,1.6112,0.57927,0,Non-SST
3976.5,60.1889,0.1,1.6889,0.5722,0,Non-SST
3977.0,57.3092,0.1,1.7667,0.56512,0,Non-SST
3977.5,55.2821,0.1,1.7201,0.5104,0,Non-SST
3978.0,53.255,0.1,1.6734,0.45568,5,WTR
3978.5,51.2278,0.1,1.6267,0.40096,5,WTR
3979.0,51.2278,0.1,1.58,0.41503,5,WTR
3979.5,51.2278,0.1,1.6223,0.4291,5,WTR
3980.0,51.2278,0.1,1.6645,0.44317,5,WTR
3980.5,48.3576,0.1,1.7067,0.45724,5,WTR
3981.0,45.4874,0.1,1.6534,0.47936,5,WTR
3981.5,51.2278,0.1,1.6001,0.50147,0,Non-SST
3982.0,51.2278,0.1,1.5467,0.52358,0,Non-SST
3982.5,51.2278,0.1,1.4934,0.5457,0,Non-SST
3983.0,40.0881,0.1,1.3845,0.53076,0,Non-SST
3983.5,45.5064,0.1,1.2756,0.51582,0,Non-SST
3984.0,42.7499,0.1,1.1667,0.50089,0,Non-SST
3984.5,41.194,0.1,1.29,0.5086,0,Non-SST
3985.0,45.3493,0.1,1.4134,0.5163,0,Non-SST
3985.5,51.4126,0.1,1.5367,0.52401,0,Non-SST
3986.0,51.2387,0.1,1.6601,0.53172,0,Non-SST
3986.5,51.6636,0.1,1.709,0.54204,0,Non-SST
3987.0,47.8414,0.1,1.7578,0.55236,0,Non-SST
3987.5,48.9396,0.1,1.8067,0.56268,0,Non-SST
3988.0,48.9891,0.1192,1.7601,0.52226,0,Non-SST
3988.5,40.107,0.1384,1.7134,0.48185,5,WTR
3989.0,39.2355,0.1,1.6667,0.44143,5,WTR
3989.5,38.364,0.2088,1.6201,0.40101,5,WTR
3990.0,40.107,0.3177,1.6201,0.43502,5,WTR
3990.5,41.85,0.1,1.6201,0.46903,5,WTR
3991.0,41.85,964.5255,1.6201,0.50303,0,Non-SST
3991.5,41.85,482.3127,1.6317,0.51966,0,Non-SST
3992.0,41.85,227.0248,1.6434,0.53629,0,Non-SST
3992.5,44.6065,193.1288,1.6551,0.55292,0,Non-SST
3993.0,47.363,290.6424,1.6667,0.56143,0,Non-SST
3993.5,46.7378,321.6078,1.5734,0.56995,0,Non-SST
3994.0,46.1126,321.5764,1.48,0.57846,0,Non-SST
3994.5,45.4874,101.2948,1.3867,0.57846,0,Non-SST
3995.0,46.7505,113.5906,1.4467,0.60751,0,Non-SST
3995.5,48.0135,0.1,1.5067,0.63657,0,Non-SST
3996.0,49.2765,0.1,1.5667,0.66562,0,Non-SST
3996.5,49.2765,0.1,1.6267,0.69467,0,Non-SST
3997.0,49.2765,0.1,1.5567,0.63247,0,Non-SST
3997.5,49.2765,0.1,1.4867,0.57783,0,Non-SST
3998.0,50.2522,0.1,1.5401,0.58042,0,Non-SST
3998.5,51.2278,0.1,1.5934,0.58301,0,Non-SST
3999.0,49.3144,482.3127,1.6178,0.5856,0,Non-SST
3999.5,47.4009,964.5255,1.6423,0.6206,0,Non-SST
4000.0,45.4874,643.0504,1.6667,0.6556,0,Non-SST
4000.5,46.1126,321.5752,1.6301,0.6906,0,Non-SST
4001.0,46.7378,0.1,1.5934,0.7256,0,Non-SST
4001.5,47.363,0.1,1.6401,0.68739,0,Non-SST
4002.0,49.9901,0.1,1.6867,0.64918,0,Non-SST
4002.5,52.6171,0.1,1.7334,0.61096,0,Non-SST
4003.0,55.2442,321.5752,1.6067,0.57275,0,Non-SST
4003.5,54.5685,643.0504,1.48,0.56778,0,Non-SST
4004.0,53.8928,964.5255,1.3534,0.5628,0,Non-SST
4004.5,53.2171,482.3487,1.2267,0.55782,0,Non-SST
4005.0,52.554,0.1719,1.2067,0.56709,0,Non-SST
4005.5,51.8909,0.1479,1.1867,0.57636,0,Non-SST
4006.0,51.2278,0.124,1.1667,0.58563,0,Non-SST
4006.5,51.2278,0.1,1.1467,0.58433,0,Non-SST
4007.0,51.2278,0.1,1.3111,0.58304,0,Non-SST
4007.5,52.5666,0.1,1.4756,0.58174,0,Non-SST
4008.0,53.9054,0.1,1.6401,0.58044,0,Non-SST
4008.5,55.2442,0.1,1.6512,0.60475,0,Non-SST
4009.0,55.2442,0.1,1.6623,0.62905,0,Non-SST
4009.5,55.2442,0.1,1.6734,0.65335,0,Non-SST
4010.0,55.2442,321.5752,1.6667,0.66707,0,Non-SST
4010.5,52.6171,643.0504,1.6601,0.68079,0,Non-SST
4011.0,49.9901,964.5255,1.6534,0.69451,0,Non-SST
4011.5,47.363,643.0504,1.6467,0.70824,0,Non-SST
4012.0,48.6513,321.5752,1.6556,0.66913,0,Non-SST
4012.5,49.9396,0.1,1.6645,0.63002,0,Non-SST
4013.0,51.2278,482.3127,1.6734,0.59092,0,Non-SST
4013.5,51.8909,964.5255,1.6601,0.55537,0,Non-SST
4014.0,52.554,643.0504,1.6467,0.51981,0,Non-SST
4014.5,53.2171,321.5752,1.6334,0.48426,0,Non-SST
4015.0,54.2307,0.1,1.6201,0.52159,0,Non-SST
4015.5,55.2442,0.1,1.5978,0.55892,0,Non-SST
4016.0,55.2442,0.1,1.5756,0.59625,0,Non-SST
4016.5,55.2442,0.1,1.5534,0.603,0,Non-SST
4017.0,55.2442,0.1,1.5623,0.60986,0,Non-SST
4017.5,53.9054,0.1,1.5712,0.6136,0,Non-SST
4018.0,52.5666,0.1,1.58,0.61733,0,Non-SST
4018.5,51.2278,0.1,1.58,0.62106,0,Non-SST
4019.0,52.5666,0.1,1.58,0.59758,0,Non-SST
4019.5,53.9054,0.1,1.58,0.57409,0,Non-SST
4020.0,55.2442,0.1,1.6634,0.55061,0,Non-SST
4020.5,55.2442,0.1,1.7467,0.54942,0,Non-SST
4021.0,55.2442,0.1,1.7201,0.54822,0,Non-SST
4021.5,55.2442,0.1,1.6934,0.54703,0,Non-SST
4022.0,55.2442,0.1,1.6667,0.54584,0,Non-SST
4022.5,55.2442,0.1,1.6284,0.53594,0,Non-SST
4023.0,55.2442,0.1,1.5901,0.52603,0,Non-SST
4023.5,57.3282,0.1,1.5517,0.51613,0,Non-SST
4024.0,59.4122,0.1,1.5134,0.55914,0,Non-SST
4024.5,60.4826,0.1,1.1756,0.60216,0,Non-SST
4025.0,61.553,0.1,0.8378,0.64518,0,Non-SST
4025.5,66.024,0.1,0.5,0.68819,0,Non-SST
4026.0,70.4951,0.1,0.5,0.6523,0,Non-SST
4026.5,61.553,0.1,0.5,0.61641,0,Non-SST
4027.0,58.3607,0.1,0.5,0.58052,0,Non-SST
4027.5,63.7317,0.1,0.81,0.54572,0,Non-SST
4028.0,64.8779,0.1,1.12,0.51092,0,Non-SST
4028.5,65.9483,0.1,1.4301,0.47612,0,Non-SST
4029.0,63.7317,0.1,1.7401,0.44132,0,Non-SST
4029.5,54.8767,0.1,1.709,0.39534,0,Non-SST
4030.0,51.9719,0.1,1.6778,0.34935,0,Non-SST
4030.5,50.128,0.1,1.6467,0.30337,0,Non-SST
4031.0,48.2638,0.1935,1.6734,0.31011,0,Non-SST
4031.5,46.5417,0.287,1.7001,0.31686,5,WTR
4032.0,43.357,0.3805,1.7267,0.3236,5,WTR
4032.5,41.5111,0.248,1.7534,0.31191,5,WTR
4033.0,41.0164,0.1155,1.6889,0.30023,5,WTR
4033.5,42.8351,964.5255,1.6245,0.28854,0,Non-SST
4034.0,41.2627,964.5255,1.5601,0.27685,0,Non-SST
4034.5,36.6779,1.089,1.5601,0.28405,5,WTR
4035.0,40.969,0.1,1.5601,0.29126,5,WTR
4035.5,38.364,0.1,1.5601,0.29846,5,WTR
4036.0,41.85,0.1,1.5601,0.3148,5,WTR
4036.5,40.969,0.1099,1.6267,0.33114,5,WTR
4037.0,40.107,0.1017,1.6934,0.34748,5,WTR
4037.5,41.85,77.2855,1.7601,0.36382,0,Non-SST
4038.0,41.85,53.9951,1.7734,0.3714,0,Non-SST
4038.5,41.85,351.2617,1.7867,0.37898,0,Non-SST
4039.0,41.85,413.4426,1.8001,0.38657,0,Non-SST
4039.5,45.4874,253.9383,1.8134,0.39633,0,Non-SST
4040.0,43.6497,387.1704,1.8267,0.4061,0,Non-SST
4040.5,44.5686,193.2444,1.8401,0.41586,0,Non-SST
4041.0,45.4874,0.1244,1.8534,0.42563,5,WTR
4041.5,41.85,0.1,1.6889,0.46732,5,WTR
4042.0,44.616,0.1925,1.5245,0.509,0,Non-SST
4042.5,47.382,0.3805,1.36,0.55069,0,Non-SST
4043.0,49.2765,0.1,1.4367,0.56902,0,Non-SST
4043.5,51.2278,964.5255,1.5134,0.58735,0,Non-SST
4044.0,50.2522,482.3127,1.5901,0.60568,0,Non-SST
4044.5,49.2765,0.1,1.6667,0.62401,0,Non-SST
4045.0,51.2278,0.1,1.7178,0.57863,0,Non-SST
4045.5,48.3576,13.1113,1.7689,0.53326,0,Non-SST
4046.0,45.4874,6.6057,1.8201,0.48788,0,Non-SST
4046.5,49.2765,0.1,1.7867,0.48961,0,Non-SST
4047.0,45.5632,0.1,1.7534,0.49135,5,WTR
4047.5,41.85,0.1,1.7201,0.49309,5,WTR
4048.0,45.4874,0.1,1.6867,0.49483,5,WTR
4048.5,47.382,0.1,1.6467,0.49483,0,Non-SST
4049.0,49.2765,0.1,1.6067,0.49483,0,Non-SST
4049.5,50.2522,0.1018,1.5667,0.49483,0,Non-SST
4050.0,51.2278,0.1037,1.5434,0.50297,0,Non-SST
4050.5,52.2225,0.1542,1.5201,0.51111,0,Non-SST
4051.0,53.2171,0.1515,1.4967,0.51925,0,Non-SST
4051.5,49.3523,0.1488,1.4734,0.52739,0,Non-SST
4052.0,45.4874,0.1,1.5045,0.50414,0,Non-SST
4052.5,47.382,0.1,1.5356,0.48089,5,WTR
4053.0,44.616,0.1168,1.5667,0.45764,5,WTR
4053.5,41.85,0.1335,1.5451,0.46096,5,WTR
4054.0,42.4499,964.5255,1.5234,0.46428,0,Non-SST
4054.5,43.0498,482.3127,1.5017,0.4676,0,Non-SST
4055.0,43.6497,0.1,1.48,0.47092,5,WTR
4055.5,46.1758,0.1,1.5489,0.50159,0,Non-SST
4056.0,48.7018,0.1,1.6178,0.53226,0,Non-SST
4056.5,51.2278,0.1,1.6867,0.56293,0,Non-SST
4057.0,51.2278,0.1424,1.6517,0.53098,0,Non-SST
4057.5,51.2278,0.1848,1.6167,0.49903,0,Non-SST
4058.0,51.2278,0.1424,1.5817,0.46708,5,WTR
4058.5,50.5774,0.1,1.5467,0.43512,5,WTR
4059.0,49.9269,0.1,1.6023,0.46665,5,WTR
4059.5,49.2765,0.1,1.6578,0.49817,0,Non-SST
4060.0,49.2765,0.1,1.7134,0.5297,0,Non-SST
4060.5,49.2765,0.1,1.7234,0.53801,0,Non-SST
4061.0,49.2765,0.1,1.7334,0.54632,0,Non-SST
4061.5,50.7684,0.1,1.7434,0.55464,0,Non-SST
4062.0,52.2603,0.1,1.7534,0.56295,0,Non-SST
4062.5,53.7523,0.1,1.7045,0.55187,0,Non-SST
4063.0,55.2442,0.1,1.6556,0.54079,0,Non-SST
4063.5,53.255,0.1,1.6067,0.52971,0,Non-SST
4064.0,51.2657,0.1,1.58,0.51811,0,Non-SST
4064.5,49.2765,0.1,1.5534,0.50652,0,Non-SST
4065.0,48.7981,0.1,1.5267,0.49492,0,Non-SST
4065.5,48.3197,0.1,1.5,0.49755,0,Non-SST
4066.0,47.8414,0.1,1.6845,0.50011,0,Non-SST
4066.5,47.363,0.6449,1.869,0.52525,0,Non-SST
4067.0,44.3633,1.1898,2.0534,0.55039,5,WTR
4067.5,41.3637,1.7347,1.5356,0.57554,5,WTR
4068.0,38.364,242.4324,1.0178,0.52126,0,Non-SST
4068.5,40.1449,483.1301,0.5,0.46699,0,Non-SST
4069.0,41.9257,723.8278,0.5,0.41271,0,Non-SST
4069.5,43.7066,964.5255,0.5,0.35844,0,Non-SST
4070.0,45.4874,964.5255,0.98,0.41328,0,Non-SST
4070.5,54.6001,964.5255,1.46,0.46812,0,Non-SST
4071.0,63.7127,964.5255,1.9401,0.52296,0,Non-SST
4071.5,72.8254,724.0394,2.4201,0.50102,0,Non-SST
4072.0,71.6697,483.5532,2.3645,0.47908,0,Non-SST
4072.5,70.5141,243.067,2.309,0.45714,0,Non-SST
4073.0,69.3584,2.5809,2.2534,0.4352,0,Non-SST
4073.5,68.2027,2.365,2.2668,0.44714,0,Non-SST
4074.0,72.1497,2.1491,2.2801,0.45909,0,Non-SST
4074.5,76.0966,1.9332,2.2934,0.47103,0,Non-SST
4075.0,80.0435,1.951,2.3068,0.43552,0,Non-SST
4075.5,80.0435,1.9687,2.2845,0.40001,0,Non-SST
4076.0,80.0435,1.9865,2.2623,0.36451,0,Non-SST
4076.5,80.0435,2.0043,2.2401,0.329,0,Non-SST
4077.0,80.0435,2.0043,2.2356,0.35217,0,Non-SST
4077.5,79.2288,2.0043,2.2312,0.37533,0,Non-SST
4078.0,78.4142,2.0043,2.2267,0.3985,0,Non-SST
4078.5,77.5996,2.0043,2.2367,0.36403,0,Non-SST
4079.0,82.5253,2.0043,2.2468,0.34758,0,Non-SST
4079.5,80.0435,2.0043,2.2568,0.35483,0,Non-SST
4080.0,80.0435,2.0043,2.2668,0.36683,0,Non-SST
4080.5,80.0435,1.9806,2.2534,0.3896,0,Non-SST
4081.0,75.2778,1.9569,2.2401,0.41237,0,Non-SST
4081.5,70.5121,1.9332,2.2267,0.43515,0,Non-SST
4082.0,65.7464,1.951,2.2334,0.45245,0,Non-SST
4082.5,67.8491,1.9687,2.2401,0.46975,0,Non-SST
4083.0,69.9519,1.9865,2.2468,0.48706,0,Non-SST
4083.5,72.0546,2.0043,2.2468,0.50436,0,Non-SST
4084.0,72.0546,2.0043,2.2556,0.51683,0,Non-SST
4084.5,72.0546,2.0043,2.2645,0.52931,0,Non-SST
4085.0,72.0546,2.0043,2.2734,0.54178,0,Non-SST
4085.5,71.5209,2.0289,2.2584,0.52794,0,Non-SST
4086.0,70.9872,2.0534,2.2434,0.51409,0,Non-SST
4086.5,70.4535,2.078,2.2284,0.50024,0,Non-SST
4087.0,69.9197,2.0418,2.2134,0.48639,0,Non-SST
4087.5,71.3537,2.0056,2.2201,0.49661,0,Non-SST
4088.0,72.7876,1.9694,2.2267,0.50683,0,Non-SST
4088.5,74.2215,1.9332,2.2334,0.51704,0,Non-SST
4089.0,72.1027,1.9687,2.2459,0.52726,0,Non-SST
4089.5,69.9839,2.0043,2.2584,0.53519,0,Non-SST
4090.0,67.8652,2.0227,2.2709,0.54313,0,Non-SST
4090.5,65.7464,2.0412,2.2834,0.55107,0,Non-SST
4091.0,68.5714,2.0596,2.2834,0.53493,0,Non-SST
4091.5,71.3965,2.078,2.2668,0.51879,0,Non-SST
4092.0,74.2215,2.0534,2.2501,0.50265,0,Non-SST
4092.5,74.2215,2.0289,2.2334,0.51016,0,Non-SST
4093.0,74.2215,2.0043,2.2451,0.51767,0,Non-SST
4093.5,74.2215,2.0227,2.2568,0.52517,0,Non-SST
4094.0,74.2215,2.0412,2.2684,0.53268,0,Non-SST
4094.5,74.2215,2.0596,2.2801,0.52954,0,Non-SST
4095.0,74.2215,2.078,2.2701,0.52641,0,Non-SST
4095.5,74.2215,2.0596,2.2601,0.52327,0,Non-SST
4096.0,75.3291,2.0412,2.2618,0.52014,0,Non-SST
4096.5,76.4366,2.0227,2.2634,0.52252,0,Non-SST
4097.0,77.5441,2.0043,2.2651,0.5249,0,Non-SST
4097.5,78.6517,2.0289,2.2668,0.52728,0,Non-SST
4098.0,76.4527,2.0534,2.2784,0.53772,0,Non-SST
4098.5,74.2536,2.078,2.2901,0.54817,0,Non-SST
4099.0,72.0546,2.078,2.3018,0.55861,0,Non-SST
4099.5,75.008,2.078,2.3134,0.5394,0,Non-SST
4100.0,77.9615,2.078,2.2756,0.52019,0,Non-SST
4100.5,80.9149,2.0418,2.2379,0.50098,0,Non-SST
4101.0,82.0626,2.0056,2.2001,0.48177,0,Non-SST
4101.5,83.2103,1.9694,2.2184,0.49754,0,Non-SST
4102.0,79.8154,1.9332,2.2367,0.51331,0,Non-SST
4102.5,76.4205,1.9332,2.2551,0.52909,0,Non-SST
4103.0,77.1643,1.9332,2.2734,0.52775,0,Non-SST
4103.5,77.908,1.9332,2.2712,0.5264,0,Non-SST
4104.0,78.6517,1.951,2.269,0.52506,0,Non-SST
4104.5,78.0939,1.9687,2.2668,0.52372,0,Non-SST
4105.0,77.5361,1.9865,2.2718,0.50418,0,Non-SST
4105.5,76.9783,2.0043,2.2768,0.48464,0,Non-SST
4106.0,76.4205,1.9806,2.2818,0.4651,0,Non-SST
4106.5,75.6875,1.9569,2.2868,0.47623,0,Non-SST
4107.0,74.9545,1.9332,2.2668,0.48736,0,Non-SST
4107.5,74.2215,1.9687,2.2468,0.49849,0,Non-SST
4108.0,73.1461,2.0043,2.2267,0.50962,0,Non-SST
4108.5,72.0706,2.0807,2.2356,0.50222,0,Non-SST
4109.0,70.9952,2.1572,2.2445,0.49482,0,Non-SST
4109.5,69.9197,2.2337,2.2534,0.48742,0,Non-SST
4110.0,67.8491,2.2337,2.2651,0.47305,0,Non-SST
4110.5,65.7785,2.2337,2.2768,0.45868,0,Non-SST
4111.0,63.7079,2.2755,2.2884,0.44431,0,Non-SST
4111.5,62.7127,2.3173,2.3001,0.42993,0,Non-SST
4112.0,61.7175,2.3592,2.3068,0.42466,0,Non-SST
4112.5,60.7223,2.401,2.3134,0.41939,0,Non-SST
4113.0,59.7271,2.3452,2.3201,0.41411,0,Non-SST
4113.5,65.2916,2.2894,2.3001,0.43528,0,Non-SST
4114.0,70.8561,2.2337,2.2801,0.45645,0,Non-SST
4114.5,76.4205,2.1586,2.2601,0.47762,0,Non-SST
4115.0,76.9783,2.0834,2.2401,0.49879,0,Non-SST
4115.5,77.5361,2.0083,2.2623,0.50416,0,Non-SST
4116.0,78.0939,1.9332,2.2845,0.50953,0,Non-SST
4116.5,78.6517,1.9569,2.3068,0.51489,0,Non-SST
4117.0,80.1712,1.9806,2.2968,0.49768,0,Non-SST
4117.5,81.6907,2.0043,2.2868,0.48047,0,Non-SST
4118.0,83.2103,2.0227,2.2768,0.46326,0,Non-SST
4118.5,82.6364,2.0412,2.2668,0.44604,0,Non-SST
4119.0,82.0626,2.0596,2.289,0.43892,0,Non-SST
4119.5,81.4888,2.078,2.3112,0.43179,0,Non-SST
4120.0,80.9149,2.0534,2.3334,0.42466,0,Non-SST
4120.5,80.9149,2.0289,2.3284,0.43137,0,Non-SST
4121.0,80.9149,2.0043,2.3234,0.43807,0,Non-SST
4121.5,80.9149,2.1035,2.3184,0.44478,0,Non-SST
4122.0,82.0706,2.2027,2.3134,0.45148,0,Non-SST
4122.5,83.2263,2.3018,2.2579,0.42705,0,Non-SST
4123.0,84.382,2.401,2.2023,0.40263,0,Non-SST
4123.5,85.5377,2.401,2.1467,0.3782,0,Non-SST
4124.0,87.9294,2.401,2.0834,0.38199,0,Non-SST
4124.5,90.321,2.401,2.0201,0.3858,0,Non-SST
4125.0,92.7127,2.3797,1.9567,0.41985,0,Non-SST
4125.5,95.2167,2.3584,1.8934,0.45389,0,Non-SST
4126.0,97.7207,2.3371,1.9201,0.48794,0,Non-SST
4126.5,100.2247,2.3158,1.9467,0.52199,0,Non-SST
4127.0,102.7287,2.262,1.9734,0.49044,0,Non-SST
4127.5,96.9984,2.2082,2.0579,0.45889,0,Non-SST
4128.0,91.2681,2.1544,2.1423,0.42734,0,Non-SST
4128.5,85.5377,2.1742,2.2267,0.42536,0,Non-SST
4129.0,81.1075,2.1941,2.2423,0.42338,0,Non-SST
4129.5,76.6774,2.2139,2.2579,0.4214,0,Non-SST
4130.0,72.2472,2.2337,2.2734,0.41942,0,Non-SST
4130.5,67.817,2.1572,2.2851,0.38771,0,Non-SST
4131.0,65.7785,2.0807,2.2968,0.356,0,Non-SST
4131.5,63.74,2.0043,2.3084,0.32429,0,Non-SST
4132.0,61.7014,1.9144,2.3201,0.31781,0,Non-SST
4132.5,63.2303,1.8245,2.3356,0.31134,0,Non-SST
4133.0,64.7592,1.7347,2.3512,0.30486,0,Non-SST
4133.5,66.2881,1.7506,2.3668,0.29839,0,Non-SST
4134.0,67.817,1.7666,2.3418,0.29608,0,Non-SST
4134.5,65.7785,1.7825,2.3168,0.29376,0,Non-SST
4135.0,63.74,1.7985,2.2918,0.29145,0,Non-SST
4135.5,61.7014,1.7772,2.2668,0.30327,0,Non-SST
4136.0,63.756,1.7559,2.2645,0.31509,0,Non-SST
4136.5,65.8106,1.7347,2.2623,0.32691,0,Non-SST
4137.0,67.8652,1.7347,2.2601,0.33873,0,Non-SST
4137.5,69.9197,1.7347,2.2645,0.36739,0,Non-SST
4138.0,71.3537,1.7347,2.269,0.39606,0,Non-SST
4138.5,72.7876,1.7347,2.2734,0.42473,0,Non-SST
4139.0,74.2215,1.7347,2.2684,0.42036,0,Non-SST
4139.5,72.7876,1.7347,2.2634,0.41598,0,Non-SST
4140.0,71.3537,1.7347,2.2584,0.4116,0,Non-SST
4140.5,69.9197,1.7193,2.2534,0.43744,0,Non-SST
4141.0,71.5449,1.7039,2.2823,0.46328,0,Non-SST
4141.5,73.1701,1.6885,2.3112,0.48912,0,Non-SST
4142.0,74.7953,1.6731,2.3401,0.51495,0,Non-SST
4142.5,76.4205,1.737,2.3318,0.50395,0,Non-SST
4143.0,73.5527,1.8008,2.3234,0.49294,0,Non-SST
4143.5,70.6849,1.8646,2.3151,0.48193,0,Non-SST
4144.0,67.817,1.9774,2.3068,0.44194,0,Non-SST
4144.5,63.0016,2.0902,2.2668,0.40194,0,Non-SST
4145.0,58.1862,2.203,2.2267,0.36195,0,Non-SST
4145.5,53.3708,2.3158,2.1867,0.32195,0,Non-SST
4146.0,48.5554,2.3442,2.1884,0.3057,0,Non-SST
4146.5,45.2167,2.3726,2.1901,0.28944,0,Non-SST
4147.0,41.878,2.401,2.1918,0.27318,0,Non-SST
4147.5,38.5393,2.401,2.1934,0.27546,0,Non-SST
4148.0,40.6059,2.401,2.1845,0.27774,0,Non-SST
4148.5,42.6726,2.401,2.1756,0.28002,0,Non-SST
4149.0,44.7392,2.446,2.1667,0.2823,0,Non-SST
4149.5,46.8058,2.4909,2.1667,0.27401,0,Non-SST
4150.0,46.2386,2.5359,2.1667,0.26572,0,Non-SST
4150.5,45.6715,2.5809,2.1667,0.25744,0,Non-SST
4151.0,45.1043,2.6453,2.1667,0.24973,0,Non-SST
4151.5,45.9551,2.7097,2.1534,0.24202,1,Gas
4152.0,46.8058,2.7742,2.1401,0.23432,1,Gas
4152.5,45.6715,2.8261,2.1267,0.22661,0,Non-SST
4153.0,44.5372,2.8781,2.1001,0.22301,1,Gas
4153.5,43.4029,2.9301,2.0734,0.2194,1,Gas
4154.0,42.9896,2.982,2.0467,0.2158,1,Gas
4154.5,42.5762,2.982,2.0201,0.21259,1,Gas
4155.0,42.1629,2.982,2.049,0.20938,1,Gas
4155.5,41.7496,2.982,2.0779,0.20617,1,Gas
4156.0,42.3007,2.9556,2.1068,0.20296,1,Gas
4156.5,42.8518,2.9291,2.1001,0.19942,1,Gas
4157.0,43.4029,2.9027,2.0934,0.19589,1,Gas
4157.5,42.9896,2.8762,2.0868,0.19235,1,Gas
4158.0,42.5762,2.9027,2.0768,0.18815,1,Gas
4158.5,42.1629,2.9291,2.0668,0.18395,1,Gas
4159.0,41.7496,2.8775,2.0568,0.17975,1,Gas
4159.5,41.7496,2.8258,2.0467,0.17555,1,Gas
4160.0,41.7496,2.7742,2.0956,0.18683,1,Gas
4160.5,41.7496,2.7259,2.1445,0.1981,1,Gas
4161.0,42.5843,2.6775,2.1934,0.20938,1,Gas
4161.5,43.4189,2.6292,2.2018,0.22819,0,Non-SST
4162.0,44.2536,2.5809,2.2101,0.24701,0,Non-SST
4162.5,45.0883,2.4925,2.2184,0.26582,0,Non-SST
4163.0,48.0578,2.4042,2.2267,0.28464,0,Non-SST
4163.5,51.0273,2.3158,2.2601,0.29315,0,Non-SST
4164.0,53.9968,2.2366,2.2934,0.30167,0,Non-SST
4164.5,61.7014,2.1573,2.3268,0.31019,0,Non-SST
4165.0,57.7849,2.078,2.3201,0.31031,0,Non-SST
4165.5,56.8298,2.0596,2.3134,0.31042,0,Non-SST
4166.0,55.8748,2.0412,2.3068,0.31054,0,Non-SST
4166.5,55.2488,2.0227,2.3001,0.31066,0,Non-SST
4167.0,54.6228,2.0043,2.289,0.31078,0,Non-SST
4167.5,53.9968,1.9806,2.2779,0.3109,0,Non-SST
4168.0,53.9968,1.9569,2.2668,0.31102,5,WTR
4168.5,53.9968,1.9332,2.2644,0.31114,5,WTR
4169.0,53.9968,1.951,2.2621,0.31126,5,WTR
4169.5,53.9968,1.9687,2.2598,0.31138,5,WTR
4170.0,53.9968,1.9865,2.2574,0.30787,5,WTR
4170.5,53.9968,2.0043,2.2551,0.30436,5,WTR
4171.0,53.9968,2.0043,2.2527,0.30084,5,WTR
4171.5,52.7822,2.0043,2.2504,0.30854,5,WTR
4172.0,51.5677,2.0043,2.2481,0.31623,5,WTR
4172.5,50.3531,2.0043,2.2457,0.32392,5,WTR
4173.0,50.3371,2.0289,2.2434,0.33161,5,WTR
4173.5,52.8197,2.0534,2.2643,0.35229,5,WTR
4174.0,55.3023,2.078,2.2851,0.37296,0,Non-SST
4174.5,57.7849,2.0534,2.3059,0.39363,0,Non-SST
4175.0,59.7753,2.0289,2.3268,0.39046,0,Non-SST
4175.5,61.7656,2.0043,2.3201,0.38728,0,Non-SST
4176.0,63.756,1.9865,2.3134,0.3841,0,Non-SST
4176.5,65.7464,1.9687,2.3068,0.38092,0,Non-SST
4177.0,65.0669,1.951,2.2968,0.39294,0,Non-SST
4177.5,64.3874,1.9332,2.2868,0.40496,0,Non-SST
4178.0,63.7079,1.9569,2.2768,0.41698,0,Non-SST
4178.5,65.2608,1.9806,2.2668,0.41763,0,Non-SST
4179.0,66.8138,2.0043,2.2912,0.41829,0,Non-SST
4179.5,68.3668,2.0043,2.3156,0.41895,0,Non-SST
4180.0,69.9197,2.0043,2.3401,0.41961,0,Non-SST
4180.5,71.3537,2.0043,2.3179,0.41961,0,Non-SST
4181.0,72.7876,2.0043,2.2957,0.42569,0,Non-SST
4181.5,74.2215,2.0043,2.2734,0.43177,0,Non-SST
4182.0,73.1461,2.0043,2.2734,0.43785,0,Non-SST
4182.5,72.0706,2.0043,2.2734,0.45235,0,Non-SST
4183.0,70.9952,2.0043,2.2734,0.46685,0,Non-SST
4183.5,69.9197,2.0043,2.2734,0.48136,0,Non-SST
4184.0,70.6314,2.0043,2.2734,0.49586,0,Non-SST
4184.5,71.343,2.0043,2.2645,0.50935,0,Non-SST
4185.0,72.0546,2.0289,2.2556,0.52284,0,Non-SST
4185.5,70.9952,2.0534,2.2468,0.53633,0,Non-SST
4186.0,69.9358,2.078,2.2618,0.51646,0,Non-SST
4186.5,68.8764,2.078,2.2768,0.49658,0,Non-SST
4187.0,67.817,2.078,2.2918,0.4767,0,Non-SST
4187.5,70.6849,2.078,2.3068,0.45682,0,Non-SST
4188.0,73.5527,2.078,2.2979,0.46889,0,Non-SST
4188.5,76.4205,2.078,2.289,0.48096,0,Non-SST
4189.0,75.8708,2.078,2.2801,0.49303,0,Non-SST
4189.5,75.321,2.078,2.2734,0.47592,0,Non-SST
4190.0,74.7713,2.078,2.2668,0.4588,0,Non-SST
4190.5,74.2215,2.0534,2.2601,0.44169,0,Non-SST
4191.0,73.4992,2.0289,2.2534,0.42457,0,Non-SST
4191.5,72.7769,2.0043,2.2551,0.43624,0,Non-SST
4192.0,72.0546,2.0043,2.2568,0.44791,0,Non-SST
4192.5,71.5209,2.0043,2.2584,0.45958,0,Non-SST
4193.0,70.9872,2.0043,2.2601,0.46583,0,Non-SST
4193.5,70.4535,2.0043,2.2601,0.47208,0,Non-SST
4194.0,69.9197,2.0043,2.2601,0.47833,0,Non-SST
4194.5,72.0867,2.0043,2.2601,0.48458,0,Non-SST
4195.0,74.2536,2.0043,2.2579,0.47993,0,Non-SST
4195.5,76.4205,2.0043,2.2556,0.47528,0,Non-SST
4196.0,75.8708,2.0043,2.2534,0.47062,0,Non-SST
4196.5,75.321,2.0043,2.2618,0.47553,0,Non-SST
4197.0,74.7713,2.0227,2.2701,0.48043,0,Non-SST
4197.5,74.2215,2.0412,2.2784,0.48533,0,Non-SST
4198.0,74.9545,2.0596,2.2868,0.49024,0,Non-SST
4198.5,75.6875,2.078,2.2779,0.48742,0,Non-SST
4199.0,76.4205,2.078,2.269,0.48461,0,Non-SST
4199.5,76.9783,2.078,2.2601,0.48179,0,Non-SST
4200.0,77.5361,2.078,2.2684,0.479,0,Non-SST
4200.5,78.0939,2.078,2.2768,0.47622,0,Non-SST
4201.0,78.6517,2.078,2.2851,0.47343,0,Non-SST
4201.5,78.6517,2.078,2.2934,0.47064,0,Non-SST
4202.0,78.6517,2.078,2.2912,0.45885,0,Non-SST
4202.5,78.6517,2.078,2.289,0.44705,0,Non-SST
4203.0,77.5441,2.078,2.2868,0.43525,0,Non-SST
4203.5,76.4366,2.078,2.2951,0.45169,0,Non-SST
4204.0,75.3291,2.078,2.3034,0.46812,0,Non-SST
4204.5,74.2215,2.078,2.3118,0.48455,0,Non-SST
4205.0,74.9545,2.078,2.3201,0.50099,0,Non-SST
4205.5,75.6875,2.078,2.3156,0.49554,0,Non-SST
4206.0,76.4205,2.0534,2.3112,0.49008,0,Non-SST
4206.5,74.2536,2.0289,2.3068,0.48463,0,Non-SST
4207.0,72.0867,2.0043,2.3034,0.50173,0,Non-SST
4207.5,69.9197,2.0227,2.3001,0.51883,0,Non-SST
4208.0,70.6314,2.0412,2.2968,0.53593,0,Non-SST
4208.5,71.343,2.0596,2.2934,0.55304,0,Non-SST
4209.0,72.0546,2.078,2.2979,0.54209,0,Non-SST
4209.5,73.5099,2.1035,2.3023,0.53115,0,Non-SST
4210.0,74.9652,2.129,2.3068,0.5202,0,Non-SST
4210.5,76.4205,2.1544,2.3168,0.51307,0,Non-SST
4211.0,74.7953,2.1353,2.3268,0.50595,0,Non-SST
4211.5,73.1701,2.1162,2.3368,0.49882,0,Non-SST
4212.0,71.5449,2.0971,2.3468,0.4836,0,Non-SST
4212.5,69.9197,2.078,2.3112,0.46839,0,Non-SST
4213.0,71.3537,2.078,2.2756,0.45318,0,Non-SST
4213.5,72.7876,2.078,2.2401,0.43797,0,Non-SST
4214.0,74.2215,2.078,2.2501,0.45353,0,Non-SST
4214.5,74.9545,2.078,2.2601,0.4691,0,Non-SST
4215.0,75.6875,2.078,2.2701,0.48466,0,Non-SST
4215.5,76.4205,2.078,2.2801,0.46638,0,Non-SST
4216.0,75.8708,2.1299,2.2979,0.4481,0,Non-SST
4216.5,75.321,2.1818,2.3156,0.42981,0,Non-SST
4217.0,74.7713,2.2337,2.3334,0.41153,0,Non-SST
4217.5,74.2215,2.1818,2.3118,0.42214,0,Non-SST
4218.0,73.4992,2.1299,2.2901,0.43275,0,Non-SST
4218.5,72.7769,2.078,2.2684,0.44337,0,Non-SST
4219.0,72.0546,2.0418,2.2468,0.43869,0,Non-SST
4219.5,74.2697,2.0056,2.2579,0.43402,0,Non-SST
4220.0,76.4847,1.9694,2.269,0.42935,0,Non-SST
4220.5,78.6998,1.9332,2.2801,0.42468,0,Non-SST
4221.0,80.9149,1.9103,2.2512,0.42117,0,Non-SST
4221.5,81.68,1.8875,2.2223,0.41767,0,Non-SST
4222.0,82.4452,1.8646,2.1934,0.41416,0,Non-SST
4222.5,83.2103,1.8646,2.1751,0.44542,0,Non-SST
4223.0,88.0899,1.8646,2.1567,0.47668,0,Non-SST
4223.5,92.9695,1.8646,2.1384,0.50794,0,Non-SST
4224.0,97.8491,1.8646,2.1201,0.5169,0,Non-SST
4224.5,102.7287,1.9112,2.0956,0.52586,0,Non-SST
4225.0,104.4623,1.9577,2.0712,0.53482,0,Non-SST
4225.5,106.1958,2.0043,2.0467,0.54377,0,Non-SST
4226.0,107.9294,2.0418,2.0101,0.55452,0,Non-SST
4226.5,106.6292,2.0794,1.9734,0.56527,0,Non-SST
4227.0,105.329,2.1169,1.9367,0.57602,0,Non-SST
4227.5,104.0289,2.1544,1.9001,0.56522,0,Non-SST
4228.0,102.7287,2.1809,1.9512,0.55442,0,Non-SST
4228.5,96.2226,2.2073,2.0023,0.54361,0,Non-SST
4229.0,89.7164,2.2337,2.0534,0.53281,0,Non-SST
4229.5,83.2103,2.1948,2.0817,0.54463,0,Non-SST
4230.0,79.8876,2.1558,2.1101,0.55646,0,Non-SST
4230.5,76.565,2.1169,2.1384,0.56829,0,Non-SST
4231.0,73.2424,2.078,2.1667,0.55277,0,Non-SST
4231.5,69.9197,2.2773,2.149,0.53726,0,Non-SST
4232.0,67.1803,2.4765,2.1312,0.52175,0,Non-SST
4232.5,64.4409,2.6758,2.1134,0.50623,0,Non-SST
4233.0,61.7014,2.6071,2.1512,0.51091,0,Non-SST
4233.5,62.7127,2.5384,2.189,0.51559,0,Non-SST
4234.0,63.7239,2.4697,2.2267,0.52026,0,Non-SST
4234.5,64.7352,2.401,2.2384,0.49572,0,Non-SST
4235.0,65.7464,1.8351,2.2501,0.47118,0,Non-SST
4235.5,67.1375,1.2691,2.2618,0.44664,0,Non-SST
4236.0,68.5286,0.7032,2.2734,0.4221,0,Non-SST
4236.5,69.9197,0.7985,2.3001,0.39837,0,Non-SST
4237.0,67.3716,0.8939,2.3268,0.37464,0,Non-SST
4237.5,64.8234,0.9893,2.3534,0.35092,0,Non-SST
4238.0,62.2753,1.0847,2.3601,0.34367,0,Non-SST
4238.5,59.7271,1.3226,2.3668,0.33643,0,Non-SST
4239.0,59.0797,1.5605,2.3734,0.32919,0,Non-SST
4239.5,58.4323,1.7985,2.3801,0.32194,0,Non-SST
4240.0,57.7849,1.7985,2.3512,0.31566,0,Non-SST
4240.5,55.0401,1.7985,2.3223,0.30937,5,WTR
4241.0,52.2953,1.7985,2.2934,0.30309,5,WTR
4241.5,49.5506,1.7985,2.2584,0.28019,5,WTR
4242.0,46.8058,1.8671,2.2234,0.2573,5,WTR
4242.5,45.1204,1.9357,2.1884,0.2344,5,WTR
4243.0,43.435,2.0043,2.1534,0.2115,3,Oil
4243.5,41.7496,2.0043,2.1534,0.19882,3,Oil
4244.0,42.1629,2.0043,2.1534,0.18614,0,Non-SST
4244.5,42.5762,2.0043,2.1534,0.17346,0,Non-SST
4245.0,42.9896,2.0822,2.2051,0.19058,3,Oil
4245.5,43.4029,2.1601,2.2568,0.20769,3,Oil
4246.0,48.1969,2.2379,2.3084,0.22481,0,Non-SST
4246.5,52.9909,2.3158,2.3601,0.24192,0,Non-SST
4247.0,57.7849,2.3158,2.3445,0.25999,5,WTR
4247.5,59.2656,2.3158,2.329,0.27806,0,Non-SST
4248.0,60.7464,2.3158,2.3134,0.29613,0,Non-SST
4248.5,62.2271,2.3158,2.3001,0.31794,0,Non-SST
4249.0,63.7079,2.3158,2.2868,0.33975,0,Non-SST
4249.5,63.0391,2.3158,2.2734,0.36156,0,Non-SST
4250.0,62.3703,2.3158,2.2601,0.38336,0,Non-SST
4250.5,61.7014,2.3158,2.2823,0.35662,0,Non-SST
4251.0,61.9522,2.3158,2.3045,0.32987,0,Non-SST
4251.5,62.203,2.3158,2.3268,0.30312,0,Non-SST
4252.0,62.4538,2.3371,2.3184,0.28564,0,Non-SST
4252.5,62.7047,2.3584,2.3101,0.26815,0,Non-SST
4253.0,62.9554,2.3797,2.3018,0.25066,0,Non-SST
4253.5,63.2062,2.401,2.2934,0.23317,0,Non-SST
4254.0,63.4571,2.401,2.2312,0.27244,0,Non-SST
4254.5,63.7079,2.401,2.169,0.31171,0,Non-SST
4255.0,67.817,2.401,2.1068,0.35098,0,Non-SST
4255.5,69.9679,2.284,2.1334,0.39331,0,Non-SST
4256.0,72.1188,2.1671,2.1601,0.43565,0,Non-SST
4256.5,74.2697,2.0501,2.1867,0.47798,0,Non-SST
4257.0,76.4205,1.9332,2.2134,0.52032,0,Non-SST
4257.5,74.2536,1.9072,2.2245,0.50107,0,Non-SST
4258.0,72.0867,1.8812,2.2356,0.48183,0,Non-SST
4258.5,69.9197,1.8552,2.2468,0.46258,0,Non-SST
4259.0,72.6685,1.8292,2.2367,0.44562,0,Non-SST
4259.5,75.4173,1.8032,2.2267,0.42865,0,Non-SST
4260.0,78.1661,1.7772,2.2167,0.41169,0,Non-SST
4260.5,80.9149,1.7512,2.2067,0.44895,0,Non-SST
4261.0,85.6661,1.7251,2.2223,0.48621,0,Non-SST
4261.5,90.4173,1.6991,2.2379,0.52347,0,Non-SST
4262.0,95.1685,1.6731,2.2534,0.56072,0,Non-SST
4262.5,97.0586,1.7598,2.2434,0.52802,0,Non-SST
4263.0,98.9486,1.8465,2.2334,0.49531,0,Non-SST
4263.5,100.8387,1.9332,2.2234,0.4626,0,Non-SST
4264.0,102.7287,1.9569,2.2134,0.45316,0,Non-SST
4264.5,99.4115,1.9806,2.2223,0.44372,0,Non-SST
4265.0,96.0942,2.0043,2.2312,0.43429,0,Non-SST
4265.5,92.7769,1.9215,2.2401,0.42485,0,Non-SST
4266.0,80.9149,1.8387,2.2451,0.44768,0,Non-SST
4266.5,79.2416,1.7559,2.2501,0.47051,0,Non-SST
4267.0,77.5682,1.6731,2.2551,0.49334,0,Non-SST
4267.5,75.8949,1.5981,2.2601,0.46777,0,Non-SST
4268.0,74.2215,1.5231,2.2779,0.44221,0,Non-SST
4268.5,76.4527,1.4481,2.2957,0.41664,0,Non-SST
4269.0,78.6838,1.4614,2.3134,0.39107,0,Non-SST
4269.5,80.9149,1.4747,2.2718,0.41127,0,Non-SST
4270.0,80.9149,1.488,2.2301,0.43148,0,Non-SST
4270.5,80.9149,1.5013,2.1884,0.45169,0,Non-SST
4271.0,80.9149,1.6453,2.1467,0.46405,0,Non-SST
4271.5,80.9149,1.7892,2.1645,0.47642,0,Non-SST
4272.0,78.6998,1.9332,2.1823,0.48879,0,Non-SST
4272.5,76.4848,1.9687,2.2001,0.50115,0,Non-SST
4273.0,74.2697,2.0043,2.1567,0.5266,0,Non-SST
4273.5,72.0546,2.4931,2.1134,0.5532,0,Non-SST
4274.0,69.2723,2.982,2.0701,0.55699,0,Non-SST
4274.5,66.4901,2.756,2.0267,0.56078,0,Non-SST
4275.0,63.7079,2.53,2.1334,0.56457,0,Non-SST
4275.5,62.7127,2.304,2.2401,0.49504,0,Non-SST
4276.0,61.7175,2.078,2.3468,0.4255,0,Non-SST
4276.5,60.7223,2.0297,2.3434,0.35597,0,Non-SST
4277.0,59.7271,1.9815,2.3401,0.33873,0,Non-SST
4277.5,59.7271,1.9332,2.3368,0.32148,0,Non-SST
4278.0,59.7271,1.951,2.3151,0.30424,5,WTR
4278.5,59.7271,1.9687,2.2934,0.287,5,WTR
4279.0,59.7271,1.9865,2.2918,0.29396,5,WTR
4279.5,59.7271,2.0043,2.2901,0.30093,5,WTR
4280.0,59.7271,1.9865,2.2884,0.3079,5,WTR
4280.5,59.7271,1.9687,2.2868,0.30603,5,WTR
4281.0,56.0032,1.951,2.2712,0.30417,5,WTR
4281.5,52.2793,1.9332,2.2556,0.3023,5,WTR
4282.0,48.5554,1.9569,2.2401,0.30043,5,WTR
4282.5,49.4543,1.9806,2.2401,0.29857,5,WTR
4283.0,50.3531,2.0043,2.2401,0.30562,5,WTR
4283.5,51.252,1.9865,2.2401,0.31267,5,WTR
4284.0,52.1509,1.9687,2.2401,0.31972,5,WTR
4284.5,52.7662,1.951,2.2384,0.31112,5,WTR
4285.0,53.3815,1.9332,2.2367,0.30253,5,WTR
4285.5,53.9968,1.8883,2.2351,0.29394,5,WTR
4286.0,49.3619,1.8434,2.2334,0.2951,5,WTR
4286.5,44.7271,1.7985,2.209,0.29626,5,WTR
4287.0,40.0923,1.7671,2.1845,0.29742,5,WTR
4287.5,35.4575,1.7358,2.1601,0.29858,5,WTR
4288.0,33.9968,1.7045,2.1584,0.30248,5,WTR
4288.5,32.5361,1.6731,2.1567,0.30638,5,WTR
4289.0,31.0754,1.6343,2.1551,0.31028,5,WTR
4289.5,31.5516,1.5954,2.1534,0.30447,5,WTR
4290.0,32.0278,1.5565,2.1579,0.29866,5,WTR
4290.5,32.504,1.5565,2.1623,0.29285,5,WTR
4291.0,34.0128,1.5565,2.1667,0.28704,5,WTR
4291.5,35.5217,1.5565,2.1701,0.315,5,WTR
4292.0,37.0305,1.5565,2.1734,0.34296,5,WTR
4292.5,38.5393,1.5565,2.1767,0.37093,5,WTR
4293.0,37.512,1.5565,2.1801,0.3672,5,WTR
4293.5,36.4847,1.5565,2.1779,0.36348,5,WTR
4294.0,35.4575,1.5565,2.1756,0.35976,5,WTR
4294.5,36.2279,1.5565,2.1734,0.35603,5,WTR
4295.0,36.9984,1.5565,2.1751,0.34953,5,WTR
4295.5,37.7689,1.5708,2.1767,0.34303,5,WTR
4296.0,38.5393,1.5852,2.1784,0.33652,5,WTR
4296.5,38.5393,1.5995,2.1801,0.33056,5,WTR
4297.0,38.5393,1.6138,2.1845,0.32459,5,WTR
4297.5,38.5393,1.6336,2.189,0.31863,5,WTR
4298.0,38.5393,1.6533,2.1934,0.31267,5,WTR
4298.5,38.5393,1.6731,2.1867,0.31032,5,WTR
4299.0,38.5393,1.644,2.1801,0.30798,5,WTR
4299.5,38.5393,1.6148,2.1734,0.30563,5,WTR
4300.0,31.878,1.5857,2.1667,0.30329,5,WTR
4300.5,25.2167,1.5565,2.1179,0.29635,5,WTR
4301.0,18.5554,1.5204,2.069,0.28942,5,WTR
4301.5,17.512,1.4842,2.0201,0.28249,5,WTR
4302.0,16.4687,1.4481,2.0251,0.29181,5,WTR
4302.5,15.4254,1.4614,2.0301,0.30113,5,WTR
4303.0,18.3146,1.4747,2.0351,0.31046,5,WTR
4303.5,21.2038,1.488,2.0401,0.31978,5,WTR
4304.0,24.0931,1.5013,2.0868,0.33106,5,WTR
4304.5,26.9823,1.5791,2.1334,0.34233,5,WTR
4305.0,32.4559,1.6569,2.1801,0.35361,5,WTR
4305.5,37.9294,1.7347,2.1984,0.35177,5,WTR
4306.0,43.4029,1.8021,2.2167,0.34994,5,WTR
4306.5,44.2536,1.8695,2.2351,0.34811,5,WTR
4307.0,45.1043,1.9369,2.2534,0.34627,5,WTR
4307.5,45.9551,2.0043,2.2645,0.33656,5,WTR
4308.0,46.8058,2.0807,2.2757,0.32684,5,WTR
4308.5,45.6715,2.1572,2.2868,0.31713,5,WTR
4309.0,44.5372,2.2337,2.2868,0.32131,5,WTR
4309.5,43.4029,2.2542,2.2868,0.32549,5,WTR
4310.0,45.5899,2.2747,2.2868,0.32967,5,WTR
4310.5,47.7769,2.2953,2.2868,0.33386,5,WTR
4311.0,49.9639,2.3158,2.2779,0.33146,5,WTR
4311.5,52.1509,2.3158,2.269,0.32906,5,WTR
4312.0,52.7662,2.3158,2.2601,0.32666,5,WTR
4312.5,53.3815,2.3158,2.2768,0.32369,5,WTR
4313.0,53.9968,2.3158,2.2934,0.32072,5,WTR
4313.5,54.9438,2.3158,2.3101,0.31775,0,Non-SST
4314.0,55.8909,2.3158,2.3268,0.31478,0,Non-SST
4314.5,56.8379,2.3158,2.3268,0.326,0,Non-SST
4315.0,57.7849,2.262,2.3268,0.33722,0,Non-SST
4315.5,60.4387,2.2082,2.3268,0.34843,0,Non-SST
4316.0,63.0926,2.1544,2.3184,0.36552,0,Non-SST
4316.5,65.7464,2.1353,2.3101,0.38261,0,Non-SST
4317.0,66.264,2.1162,2.3018,0.3997,0,Non-SST
4317.5,66.7817,2.0971,2.2934,0.41679,0,Non-SST
4318.0,67.2993,2.078,2.2823,0.41245,0,Non-SST
4318.5,67.817,2.078,2.2712,0.40811,0,Non-SST
4319.0,67.817,2.078,2.2601,0.40377,0,Non-SST
4319.5,67.817,2.078,2.2584,0.41639,0,Non-SST
4320.0,67.817,2.1035,2.2568,0.429,0,Non-SST
4320.5,67.817,2.129,2.2551,0.44162,0,Non-SST
4321.0,67.817,2.1544,2.2534,0.45423,0,Non-SST
4321.5,67.817,2.1742,2.2556,0.45424,0,Non-SST
4322.0,67.817,2.1941,2.2579,0.45424,0,Non-SST
4322.5,67.817,2.2139,2.2601,0.45424,0,Non-SST
4323.0,67.817,2.2337,2.2768,0.46594,0,Non-SST
4323.5,67.817,2.2073,2.2934,0.47764,0,Non-SST
4324.0,68.8764,2.1809,2.3101,0.48933,0,Non-SST
4324.5,69.9358,2.1544,2.3268,0.50103,0,Non-SST
4325.0,70.9952,2.1544,2.289,0.47209,0,Non-SST
4325.5,72.0546,2.1544,2.2512,0.44315,0,Non-SST
4326.0,71.343,2.1544,2.2134,0.41421,0,Non-SST
4326.5,70.6314,2.1544,2.2501,0.42084,0,Non-SST
4327.0,69.9197,2.129,2.2868,0.42747,0,Non-SST
4327.5,70.4535,2.1035,2.3234,0.4341,0,Non-SST
4328.0,70.9872,2.078,2.3601,0.44073,0,Non-SST
4328.5,71.5209,2.078,2.3201,0.44707,0,Non-SST
4329.0,72.0546,2.078,2.2801,0.4534,0,Non-SST
4329.5,72.7769,2.078,2.2401,0.45974,0,Non-SST
4330.0,73.4992,2.078,2.2551,0.45905,0,Non-SST
4330.5,74.2215,2.078,2.2701,0.45837,0,Non-SST
4331.0,74.2215,2.078,2.2851,0.45769,0,Non-SST
4331.5,74.2215,2.078,2.3001,0.45701,0,Non-SST
4332.0,74.2215,2.0971,2.2823,0.46438,0,Non-SST
4332.5,74.2215,2.1162,2.2645,0.47175,0,Non-SST
4333.0,74.2215,2.1353,2.2468,0.47913,0,Non-SST
4333.5,74.2215,2.1544,2.2634,0.48809,0,Non-SST
4334.0,74.2215,2.1044,2.2801,0.49704,0,Non-SST
4334.5,74.2215,2.0543,2.2968,0.506,0,Non-SST
4335.0,74.2215,2.0043,2.3134,0.51496,0,Non-SST
4335.5,74.2215,2.0227,2.2979,0.50677,0,Non-SST
4336.0,74.2215,2.0412,2.2823,0.49858,0,Non-SST
4336.5,74.9545,2.0596,2.2668,0.49039,0,Non-SST
4337.0,75.6875,2.078,2.2834,0.49786,0,Non-SST
4337.5,76.4205,2.078,2.3001,0.50533,0,Non-SST
4338.0,74.2536,2.078,2.3168,0.5128,0,Non-SST
4338.5,72.0867,2.078,2.3334,0.52026,0,Non-SST
4339.0,69.9197,2.0596,2.3023,0.51559,0,Non-SST
4339.5,70.9952,2.0412,2.2712,0.51092,0,Non-SST
4340.0,72.0706,2.0227,2.2401,0.50625,0,Non-SST
4340.5,73.1461,2.0043,2.2401,0.50625,0,Non-SST
4341.0,74.2215,2.0289,2.2401,0.50625,0,Non-SST
4341.5,74.2215,2.0534,2.2401,0.50625,0,Non-SST
4342.0,74.2215,2.078,2.2401,0.50625,0,Non-SST
4342.5,74.2215,2.1035,2.2579,0.50287,0,Non-SST
4343.0,74.7713,2.129,2.2756,0.49948,0,Non-SST
4343.5,75.321,2.1544,2.2934,0.4961,0,Non-SST
4344.0,75.8708,2.1544,2.2868,0.49139,0,Non-SST
4344.5,76.4205,2.1544,2.2801,0.48669,0,Non-SST
4345.0,77.1643,2.1544,2.2734,0.48198,0,Non-SST
4345.5,77.908,2.1544,2.2668,0.50321,0,Non-SST
4346.0,78.6517,2.1809,2.2845,0.52443,0,Non-SST
4346.5,79.7913,2.2073,2.3023,0.54565,0,Non-SST
4347.0,80.931,2.2337,2.3201,0.54065,0,Non-SST
4347.5,82.0706,2.2139,2.2801,0.53565,0,Non-SST
4348.0,83.2103,2.1941,2.2401,0.53064,0,Non-SST
4348.5,80.947,2.1742,2.2001,0.52564,0,Non-SST
4349.0,78.6838,2.1544,2.2201,0.52683,0,Non-SST
4349.5,76.4205,2.1544,2.2401,0.52803,0,Non-SST
4350.0,77.9187,2.1544,2.2601,0.52923,0,Non-SST
4350.5,79.4168,2.1544,2.2801,0.50713,0,Non-SST
4351.0,80.9149,2.1948,2.2957,0.48503,0,Non-SST
4351.5,80.9149,2.2351,2.3112,0.46293,0,Non-SST
4352.0,80.9149,2.2755,2.3268,0.44083,0,Non-SST
4352.5,80.9149,2.3158,2.3001,0.449,0,Non-SST
4353.0,80.9149,2.3158,2.2734,0.45717,0,Non-SST
4353.5,77.2499,2.3158,2.2468,0.46534,0,Non-SST
4354.0,73.5848,2.3158,2.2201,0.46672,0,Non-SST
4354.5,69.9197,2.2953,2.2245,0.46811,0,Non-SST
4355.0,71.5449,2.2747,2.229,0.46949,0,Non-SST
4355.5,73.1701,2.2542,2.2334,0.47087,0,Non-SST
4356.0,74.7953,2.2337,2.2534,0.45378,0,Non-SST
4356.5,76.4205,2.2337,2.2734,0.43668,0,Non-SST
4357.0,75.6875,2.2337,2.2934,0.41958,0,Non-SST
4357.5,74.9545,2.2337,2.3134,0.43172,0,Non-SST
4358.0,74.2215,2.2542,2.3045,0.44385,0,Non-SST
4358.5,73.6798,2.2747,2.2957,0.45599,0,Non-SST
4359.0,73.138,2.2953,2.2868,0.46812,0,Non-SST
4359.5,71.5289,2.3158,2.2884,0.48376,0,Non-SST
4360.0,69.9197,2.2884,2.2901,0.49939,0,Non-SST
4360.5,73.1701,2.2611,2.2918,0.51503,0,Non-SST
4361.0,76.4205,2.2337,2.2934,0.51031,0,Non-SST
4361.5,74.9652,2.2542,2.2756,0.5056,0,Non-SST
4362.0,73.5099,2.2747,2.2579,0.50089,0,Non-SST
4362.5,72.0546,2.2953,2.2401,0.49618,0,Non-SST
4363.0,72.0546,2.3158,2.2501,0.49956,0,Non-SST
4363.5,72.0546,2.2884,2.2601,0.50293,0,Non-SST
4364.0,72.0546,2.2611,2.2701,0.50631,0,Non-SST
4364.5,72.0546,2.2337,2.2801,0.49746,0,Non-SST
4365.0,72.7769,2.2519,2.2801,0.48861,0,Non-SST
4365.5,73.4992,2.2702,2.2801,0.47977,0,Non-SST
4366.0,74.2215,2.2884,2.2801,0.47092,0,Non-SST
4366.5,73.6798,2.2793,2.2734,0.47788,0,Non-SST
4367.0,73.138,2.2702,2.2668,0.48489,0,Non-SST
4367.5,72.5963,2.2611,2.2601,0.51417,0,Non-SST
4368.0,72.0546,2.2519,2.2534,0.53836,0,Non-SST
4368.5,71.5209,2.2428,2.2512,0.52595,0,Non-SST
4369.0,70.9872,2.2337,2.249,0.51355,0,Non-SST
4369.5,70.4535,2.2139,2.2468,0.50115,0,Non-SST
4370.0,69.9197,2.1941,2.2523,0.49084,0,Non-SST
4370.5,69.9197,2.1742,2.2579,0.48053,0,Non-SST
4371.0,69.9197,2.1544,2.2634,0.47022,0,Non-SST
4371.5,69.9197,2.1544,2.2634,0.45992,0,Non-SST
4372.0,70.9952,2.1544,2.2509,0.491,0,Non-SST
4372.5,72.0706,2.1544,2.2384,0.52209,0,Non-SST
4373.0,73.1461,2.1544,2.2259,0.55318,0,Non-SST
4373.5,74.2215,2.1544,2.2134,0.53073,0,Non-SST
4374.0,72.0867,2.1544,2.2312,0.50828,0,Non-SST
4374.5,69.9518,2.1544,2.249,0.48583,0,Non-SST
4375.0,67.817,2.129,2.2668,0.46338,0,Non-SST
4375.5,68.8764,2.1035,2.2751,0.44093,0,Non-SST
4376.0,69.9358,2.078,2.2834,0.44727,0,Non-SST
4376.5,70.9952,2.1169,2.2918,0.4536,0,Non-SST
4377.0,72.0546,2.1558,2.3001,0.45994,0,Non-SST
4377.5,68.6035,2.1948,2.3118,0.42788,0,Non-SST
4378.0,65.1525,2.2337,2.3234,0.39582,0,Non-SST
4378.5,61.7014,2.3494,2.3351,0.36377,0,Non-SST
4379.0,59.7753,2.4651,2.3468,0.33171,0,Non-SST
4379.5,57.8491,2.5809,2.3356,0.32458,0,Non-SST
4380.0,55.923,2.5809,2.3245,0.31745,0,Non-SST
4380.5,53.9968,2.5809,2.3134,0.31032,0,Non-SST
4381.0,60.016,2.5809,2.3084,0.32361,0,Non-SST
4381.5,66.0353,2.5809,2.3034,0.3369,0,Non-SST
4382.0,72.0546,2.3421,2.2984,0.35019,0,Non-SST
4382.5,74.8435,2.1034,2.2934,0.36348,0,Non-SST
4383.0,77.6324,1.8646,2.2957,0.38841,0,Non-SST
4383.5,80.4213,1.8481,2.2979,0.41335,0,Non-SST
4384.0,83.2103,1.8315,2.3001,0.43828,0,Non-SST
4384.5,83.9861,1.815,2.3018,0.43761,0,Non-SST
4385.0,84.7619,1.7985,2.3034,0.43695,0,Non-SST
4385.5,85.5377,1.8434,2.3051,0.43628,0,Non-SST
4386.0,86.7255,1.8883,2.3068,0.43561,0,Non-SST
4386.5,87.9133,1.9332,2.229,0.45584,0,Non-SST
4387.0,89.1011,2.0722,2.1512,0.47606,0,Non-SST
4387.5,90.2889,2.2113,2.0734,0.49629,0,Non-SST
4388.0,100.6902,2.3503,2.0484,0.51053,0,Non-SST
4388.5,111.0915,2.4893,2.0234,0.52476,0,Non-SST
4389.0,121.4928,2.4893,1.9984,0.53899,0,Non-SST
4389.5,119.4342,2.4893,1.9734,0.55323,0,Non-SST
4390.0,117.3756,2.4893,2.0201,0.55323,0,Non-SST
4390.5,115.317,2.4893,2.0668,0.55323,0,Non-SST
4391.0,113.2584,2.4893,2.1134,0.55323,0,Non-SST
4391.5,105.6019,2.4893,2.1334,0.55995,0,Non-SST
4392.0,97.9454,2.4893,2.1534,0.56666,0,Non-SST
4392.5,90.2889,2.3777,2.1734,0.57337,0,Non-SST
4393.0,90.2889,2.2661,2.1934,0.58008,0,Non-SST
4393.5,90.2889,2.1544,2.1956,0.55122,0,Non-SST
4394.0,90.2889,2.0991,2.1979,0.52235,0,Non-SST
4394.5,90.2889,2.0438,2.2001,0.49348,0,Non-SST
4395.0,88.7052,1.9885,2.2067,0.48996,0,Non-SST
4395.5,87.1215,1.9332,2.2134,0.48644,0,Non-SST
4396.0,85.5377,1.8883,2.2201,0.48292,0,Non-SST
4396.5,83.2584,1.8434,2.2267,0.47941,0,Non-SST
4397.0,80.9791,1.7985,2.3068,0.44917,0,Non-SST
4397.5,78.6998,1.815,2.3868,0.41893,0,Non-SST
4398.0,76.4205,1.8315,2.4668,0.38869,0,Non-SST
4398.5,74.2536,1.8481,2.5468,0.36272,0,Non-SST
4399.0,72.0867,1.8646,2.4979,0.33676,0,Non-SST
4399.5,69.9197,1.9357,2.449,0.3108,0,Non-SST
4400.0,69.3941,2.0069,2.4001,0.28483,0,Non-SST
4400.5,68.8684,2.078,2.3851,0.27972,0,Non-SST
4401.0,68.3427,2.0971,2.3701,0.27461,0,Non-SST
4401.5,67.817,2.1162,2.3551,0.26951,0,Non-SST
4402.0,68.5179,2.1353,2.3401,0.2644,0,Non-SST
4402.5,69.2188,2.1544,2.329,0.28209,0,Non-SST
4403.0,69.9197,2.129,2.3179,0.29979,0,Non-SST
4403.5,70.4535,2.1035,2.3068,0.31749,0,Non-SST
4404.0,70.9872,2.078,2.3084,0.33785,0,Non-SST
4404.5,71.5209,1.9922,2.3101,0.35822,0,Non-SST
4405.0,72.0546,1.9063,2.3118,0.37859,0,Non-SST
4405.5,72.0546,1.8205,2.3134,0.39896,0,Non-SST
4406.0,72.0546,1.7347,2.3084,0.43049,0,Non-SST
4406.5,72.0546,1.7559,2.3034,0.46201,0,Non-SST
4407.0,71.5209,1.7772,2.2984,0.49354,0,Non-SST
4407.5,70.9872,1.7985,2.2934,0.48793,0,Non-SST
4408.0,70.4535,1.9073,2.3134,0.48232,0,Non-SST
4408.5,69.9197,2.0161,2.3334,0.47671,0,Non-SST
4409.0,66.5222,2.1249,2.3534,0.47111,0,Non-SST
4409.5,63.1247,2.2337,2.3401,0.46835,0,Non-SST
4410.0,59.7271,2.2894,2.3268,0.4656,0,Non-SST
4410.5,58.764,2.3452,2.3134,0.46284,0,Non-SST
4411.0,57.801,2.401,2.3001,0.46009,0,Non-SST
4411.5,56.8379,2.4231,2.3112,0.42463,0,Non-SST
4412.0,55.8748,2.4451,2.3223,0.38917,0,Non-SST
4412.5,53.435,2.4672,2.3334,0.35371,0,Non-SST
4413.0,50.9952,2.4893,2.3318,0.34765,0,Non-SST
4413.5,48.5554,2.4599,2.3301,0.34158,0,Non-SST
4414.0,48.118,2.4304,2.3284,0.33551,0,Non-SST
4414.5,47.6806,2.401,2.3268,0.32945,0,Non-SST
4415.0,47.2432,2.3797,2.3112,0.32077,0,Non-SST
4415.5,46.8058,2.3584,2.2957,0.31209,5,WTR
4416.0,47.389,2.3371,2.2801,0.30341,5,WTR
4416.5,47.9722,2.3158,2.2768,0.29764,5,WTR
4417.0,48.5554,2.3158,2.2734,0.29187,5,WTR
4417.5,48.118,2.3158,2.2701,0.28609,5,WTR
4418.0,47.6806,2.3158,2.2668,0.28032,5,WTR
4418.5,47.2432,2.3158,2.2823,0.27729,5,WTR
4419.0,46.8058,2.3158,2.2979,0.27426,5,WTR
4419.5,49.2028,2.3158,2.3134,0.27123,5,WTR
4420.0,51.5998,2.3158,2.2901,0.27294,5,WTR
4420.5,53.9968,2.3442,2.2668,0.27464,5,WTR
4421.0,52.6364,2.3726,2.2434,0.27635,5,WTR
4421.5,51.2761,2.401,2.2201,0.27805,5,WTR
4422.0,49.9157,2.4231,2.1979,0.2639,5,WTR
4422.5,48.5554,2.4451,2.1756,0.24975,0,Non-SST
4423.0,46.2868,2.4672,2.1534,0.2356,0,Non-SST
4423.5,44.0182,2.4893,2.1434,0.23615,1,Gas
4424.0,41.7496,2.4893,2.1334,0.2367,5,WTR
4424.5,42.1629,2.4893,2.1234,0.23725,5,WTR
4425.0,42.5762,2.4893,2.1134,0.2378,1,Gas
4425.5,42.9896,2.4459,2.149,0.24074,5,WTR
4426.0,43.4029,2.4026,2.1845,0.24369,5,WTR
4426.5,45.1204,2.3592,2.2201,0.24663,5,WTR
4427.0,46.8379,2.3158,2.2318,0.25793,5,WTR
4427.5,48.5554,2.2884,2.2434,0.26924,5,WTR
4428.0,49.4543,2.2611,2.2551,0.28054,5,WTR
4428.5,50.3531,2.2337,2.2668,0.29185,5,WTR
4429.0,51.252,2.2139,2.2734,0.306,5,WTR
4429.5,52.1509,2.1941,2.2801,0.32016,5,WTR
4430.0,58.0738,2.1742,2.2868,0.33431,5,WTR
4430.5,63.9968,2.1544,2.2934,0.34227,0,Non-SST
4431.0,69.9197,2.1544,2.3156,0.35024,0,Non-SST
4431.5,68.5286,2.1544,2.3379,0.3582,0,Non-SST
4432.0,67.1375,2.1544,2.3601,0.36616,0,Non-SST
4432.5,65.7464,2.1353,2.3401,0.38559,0,Non-SST
4433.0,66.7897,2.1162,2.3201,0.40501,0,Non-SST
4433.5,67.8331,2.0971,2.3001,0.42444,0,Non-SST
4434.0,68.8764,2.078,2.2801,0.44387,0,Non-SST
4434.5,69.9197,2.078,2.2823,0.4484,0,Non-SST
4435.0,70.6314,2.078,2.2845,0.45293,0,Non-SST
4435.5,71.343,2.078,2.2868,0.45745,0,Non-SST
4436.0,72.0546,2.0971,2.2884,0.45205,0,Non-SST
4436.5,72.0546,2.1162,2.2901,0.44664,0,Non-SST
4437.0,72.0546,2.1353,2.2918,0.44124,0,Non-SST
4437.5,72.0546,2.1544,2.2934,0.43583,0,Non-SST
4438.0,72.0546,2.1544,2.2834,0.44763,0,Non-SST
4438.5,73.5099,2.1544,2.2734,0.45943,0,Non-SST
4439.0,74.9652,2.1544,2.2634,0.47124,0,Non-SST
4439.5,76.4205,2.1353,2.2534,0.4849,0,Non-SST
4440.0,75.8708,2.1162,2.2668,0.49856,0,Non-SST
4440.5,75.321,2.0971,2.2801,0.51223,0,Non-SST
4441.0,74.7713,2.078,2.2934,0.52589,0,Non-SST
4441.5,74.2215,2.0534,2.2751,0.51293,0,Non-SST
4442.0,73.4992,2.0289,2.2568,0.49996,0,Non-SST
4442.5,72.7769,2.0043,2.2384,0.487,0,Non-SST
4443.0,72.0546,2.0227,2.2201,0.47403,0,Non-SST
4443.5,72.5963,2.0412,2.2267,0.48059,0,Non-SST
4444.0,73.138,2.0596,2.2334,0.48715,0,Non-SST
4444.5,73.6798,2.078,2.2401,0.4937,0,Non-SST
4445.0,74.2215,2.0534,2.2517,0.49822,0,Non-SST
4445.5,72.0867,2.0289,2.2634,0.50273,0,Non-SST
4446.0,69.9518,2.0043,2.2751,0.50724,0,Non-SST
4446.5,67.817,2.0043,2.2868,0.51175,0,Non-SST
4447.0,69.4181,2.0043,2.2556,0.50292,0,Non-SST
4447.5,71.0193,2.0043,2.2245,0.49408,0,Non-SST
4448.0,72.6204,2.0043,2.1934,0.48524,0,Non-SST
4448.5,74.2215,2.0289,2.2067,0.4897,0,Non-SST
4449.0,74.9545,2.0534,2.2201,0.49416,0,Non-SST
4449.5,75.6875,2.078,2.2334,0.49863,0,Non-SST
4450.0,76.4205,2.1169,2.2468,0.50309,0,Non-SST
4450.5,75.8708,2.1558,2.2534,0.52816,0,Non-SST
4451.0,75.321,2.1948,2.2601,0.55323,0,Non-SST
4451.5,74.7713,2.2337,2.2668,0.5783,0,Non-SST
4452.0,74.2215,2.1818,2.2684,0.5661,0,Non-SST
4452.5,72.0546,2.1299,2.2701,0.55391,0,Non-SST
4453.0,74.2215,2.078,2.2718,0.54171,0,Non-SST
4453.5,75.321,2.078,2.2734,0.52952,0,Non-SST
4454.0,76.4205,2.078,2.2756,0.52595,0,Non-SST
4454.5,74.2536,2.078,2.2779,0.52238,0,Non-SST
4455.0,72.0867,2.078,2.2801,0.51881,0,Non-SST
4455.5,69.9197,2.078,2.2784,0.527,0,Non-SST
4456.0,69.3941,2.078,2.2768,0.53518,0,Non-SST
4456.5,68.8684,2.078,2.2751,0.54337,0,Non-SST
4457.0,68.3427,2.1375,2.2734,0.55155,0,Non-SST
4457.5,67.817,2.1969,2.2851,0.52759,0,Non-SST
4458.0,65.7785,2.2564,2.2968,0.50364,0,Non-SST
4458.5,63.74,2.3158,2.3084,0.47968,0,Non-SST
4459.0,61.7014,2.4967,2.3201,0.46807,0,Non-SST
4459.5,59.3138,2.6775,2.2756,0.45647,0,Non-SST
4460.0,56.9262,2.7173,2.2312,0.44486,0,Non-SST
4460.5,54.5385,2.757,2.1867,0.43326,0,Non-SST
4461.0,52.1509,2.7968,2.1834,0.40781,5,WTR
4461.5,53.0819,2.8365,2.1801,0.39919,5,WTR
4462.0,54.0128,2.8762,2.1767,0.40113,5,WTR
4462.5,54.9438,2.8762,2.1734,0.40307,5,WTR
4463.0,55.8748,2.8762,2.2034,0.40502,5,WTR
4463.5,54.6335,2.8762,2.2334,0.40696,5,WTR
4464.0,53.3922,2.8762,2.2634,0.41573,5,WTR
4464.5,52.1509,2.8422,2.2634,0.4245,0,Non-SST
4465.0,55.5498,2.8082,2.2868,0.43327,0,Non-SST
4465.5,58.9486,2.7742,2.2534,0.43731,0,Non-SST
4466.0,62.3475,2.6193,2.2534,0.44135,0,Non-SST
4466.5,65.7464,2.4643,2.2534,0.44538,0,Non-SST
4467.0,67.1375,2.3094,2.2534,0.44942,0,Non-SST
4467.5,68.5286,2.1544,2.2468,0.46502,0,Non-SST
4468.0,69.9197,2.0807,2.2401,0.48062,0,Non-SST
4468.5,72.1027,2.0069,2.2334,0.49622,0,Non-SST
4469.0,74.2857,1.9332,2.2267,0.51181,0,Non-SST
4469.5,76.4687,1.951,2.2356,0.50205,0,Non-SST
4470.0,78.6517,1.9687,2.2445,0.49229,0,Non-SST
4470.5,78.0939,1.9865,2.2534,0.48253,0,Non-SST
4471.0,77.5361,2.0043,2.2601,0.50995,0,Non-SST
4471.5,76.9783,2.0289,2.2668,0.53737,0,Non-SST
4472.0,76.4205,2.0534,2.2734,0.56479,0,Non-SST
4472.5,76.4205,2.078,2.2801,0.59221,0,Non-SST
4473.0,76.4205,2.0971,2.2618,0.55193,0,Non-SST
4473.5,76.4205,2.1162,2.2434,0.51166,0,Non-SST
4474.0,76.4205,2.1353,2.2251,0.47139,0,Non-SST
4474.5,76.4205,2.1544,2.2067,0.47348,0,Non-SST
4475.0,76.4205,2.1544,2.2201,0.47557,0,Non-SST
4475.5,76.4205,2.1544,2.2334,0.47766,0,Non-SST
4476.0,76.4205,2.1544,2.2468,0.47975,0,Non-SST
4476.5,76.4205,2.1353,2.2451,0.4847,0,Non-SST
4477.0,76.4205,2.1162,2.2434,0.48965,0,Non-SST
4477.5,76.9783,2.0971,2.2418,0.4946,0,Non-SST
4478.0,77.5361,2.078,2.2401,0.49954,0,Non-SST
4478.5,78.0939,2.078,2.2356,0.51259,0,Non-SST
4479.0,78.6517,2.078,2.2312,0.52563,0,Non-SST
4479.5,76.4527,2.078,2.2267,0.53867,0,Non-SST
4480.0,74.2536,2.078,2.2267,0.52255,0,Non-SST
4480.5,72.0546,2.078,2.2267,0.50643,0,Non-SST
4481.0,72.5963,2.078,2.2267,0.49032,0,Non-SST
4481.5,73.138,2.078,2.2267,0.4742,0,Non-SST
4482.0,73.6798,2.0971,2.2134,0.46777,0,Non-SST
4482.5,74.2215,2.1162,2.2001,0.46135,0,Non-SST
4483.0,76.4527,2.1353,2.1867,0.45493,0,Non-SST
4483.5,78.6838,2.1544,2.2018,0.45836,0,Non-SST
4484.0,80.9149,2.1544,2.2167,0.4618,0,Non-SST
4484.5,80.3491,2.1544,2.2318,0.46523,0,Non-SST
4485.0,79.7833,2.1544,2.2468,0.46867,0,Non-SST
4485.5,79.2175,2.1169,2.2451,0.47802,0,Non-SST
4486.0,78.6517,2.0794,2.2434,0.48738,0,Non-SST
4486.5,80.1712,2.0418,2.2418,0.49673,0,Non-SST
4487.0,81.6907,2.0043,2.2401,0.50722,0,Non-SST
4487.5,83.2103,2.0043,2.2401,0.51771,0,Non-SST
4488.0,80.9631,2.0043,2.2401,0.5282,0,Non-SST
4488.5,78.7159,2.0043,2.2401,0.53869,0,Non-SST
4489.0,76.4687,2.0043,2.2551,0.52538,0,Non-SST
4489.5,74.2215,2.0543,2.2701,0.51206,0,Non-SST
4490.0,74.2215,2.1044,2.2851,0.49874,0,Non-SST
4490.5,74.2215,2.1544,2.3001,0.48543,0,Non-SST
4491.0,74.2215,2.2381,2.2912,0.48077,0,Non-SST
4491.5,74.2215,2.3219,2.2823,0.47612,0,Non-SST
4492.0,72.0867,2.4056,2.2734,0.47147,0,Non-SST
4492.5,69.9518,2.4893,2.2818,0.46463,0,Non-SST
4493.0,67.817,2.4893,2.2901,0.4578,0,Non-SST
4493.5,68.3427,2.4893,2.2984,0.45096,0,Non-SST
4494.0,68.8684,2.4893,2.3068,0.44413,0,Non-SST
4494.5,69.3941,2.4672,2.3023,0.45232,0,Non-SST
4495.0,69.9197,2.4451,2.2979,0.46052,0,Non-SST
4495.5,69.2188,2.4231,2.2934,0.46871,0,Non-SST
4496.0,68.5179,2.401,2.2868,0.46324,0,Non-SST
4496.5,67.817,2.3452,2.2801,0.45778,0,Non-SST
4497.0,69.4181,2.2894,2.2734,0.45231,0,Non-SST
4497.5,71.0193,2.2337,2.2668,0.44684,0,Non-SST
4498.0,72.6204,2.2337,2.2712,0.45599,0,Non-SST
4498.5,74.2215,2.2337,2.2756,0.46513,0,Non-SST
4499.0,72.7876,2.2337,2.2801,0.47427,0,Non-SST
4499.5,71.3537,2.2337,2.2751,0.48151,0,Non-SST
4500.0,69.9197,2.2337,2.2701,0.48875,0,Non-SST
4500.5,70.9952,2.2337,2.2651,0.49599,0,Non-SST
4501.0,72.0706,2.2337,2.2601,0.50322,0,Non-SST
4501.5,73.1461,2.2337,2.2668,0.50265,0,Non-SST
4502.0,74.2215,2.2337,2.2734,0.50208,0,Non-SST
4502.5,72.6204,2.2337,2.2801,0.50151,0,Non-SST
4503.0,71.0193,2.2337,2.2868,0.49125,0,Non-SST
4503.5,69.4181,2.2611,2.2934,0.481,0,Non-SST
4504.0,67.817,2.2884,2.3001,0.47074,0,Non-SST
4504.5,68.5179,2.3158,2.3068,0.46049,0,Non-SST
4505.0,69.2188,2.2953,2.3051,0.43926,0,Non-SST
4505.5,69.9197,2.2747,2.3034,0.41803,0,Non-SST
4506.0,68.8764,2.2542,2.3018,0.3968,0,Non-SST
4506.5,67.8331,2.2337,2.3001,0.41898,0,Non-SST
4507.0,66.7897,2.2611,2.3201,0.44115,0,Non-SST
4507.5,65.7464,2.2884,2.3401,0.46333,0,Non-SST
4508.0,67.1375,2.3158,2.3601,0.48551,0,Non-SST
4508.5,68.5286,2.2953,2.3368,0.46025,0,Non-SST
4509.0,69.9197,2.2747,2.3134,0.435,0,Non-SST
4509.5,69.9197,2.2542,2.2901,0.40975,0,Non-SST
4510.0,69.9197,2.2337,2.2668,0.42107,0,Non-SST
4510.5,69.9197,2.2337,2.2756,0.4324,0,Non-SST
4511.0,69.9197,2.2337,2.2845,0.44372,0,Non-SST
4511.5,69.9197,2.2337,2.2934,0.45505,0,Non-SST
4512.0,69.9197,2.2337,2.2968,0.44833,0,Non-SST
4512.5,69.9197,2.2894,2.3001,0.4416,0,Non-SST
4513.0,68.8764,2.3452,2.3034,0.43488,0,Non-SST
4513.5,67.8331,2.401,2.3068,0.42816,0,Non-SST
4514.0,66.7897,2.4697,2.3045,0.42116,0,Non-SST
4514.5,65.7464,2.5384,2.3023,0.41416,0,Non-SST
4515.0,65.7464,2.6071,2.3001,0.40717,0,Non-SST
4515.5,65.7464,2.6758,2.3068,0.40459,0,Non-SST
4516.0,65.7464,2.5558,2.3134,0.40201,0,Non-SST
4516.5,65.7464,2.4358,2.3201,0.39943,0,Non-SST
4517.0,65.7464,2.3158,2.3268,0.39685,0,Non-SST
4517.5,65.7464,2.3158,2.3134,0.41085,0,Non-SST
4518.0,65.7464,2.3158,2.3001,0.42485,0,Non-SST
4518.5,67.8491,2.3158,2.2868,0.43885,0,Non-SST
4519.0,69.9519,2.3158,2.2734,0.44565,0,Non-SST
4519.5,72.0546,2.2379,2.2734,0.45245,0,Non-SST
4520.0,73.7039,2.1601,2.2734,0.45926,0,Non-SST
4520.5,75.3531,2.0822,2.2734,0.46606,0,Non-SST
4521.0,77.0024,2.0043,2.2918,0.464,0,Non-SST
4521.5,78.6517,1.9806,2.3101,0.46194,0,Non-SST
4522.0,74.4141,1.9569,2.3284,0.45988,0,Non-SST
4522.5,70.1766,1.9332,2.3468,0.45783,0,Non-SST
4523.0,65.939,1.9694,2.3134,0.42906,0,Non-SST
4523.5,61.7014,2.0056,2.2801,0.40029,0,Non-SST
4524.0,61.0433,2.0418,2.2468,0.37152,5,WTR
4524.5,60.3852,2.078,2.2568,0.36171,5,WTR
4525.0,59.7271,2.078,2.2668,0.35189,5,WTR
4525.5,57.8331,2.078,2.2768,0.34208,5,WTR
4526.0,55.939,2.078,2.2868,0.33227,5,WTR
4526.5,54.0449,2.078,2.2668,0.31205,5,WTR
4527.0,52.1509,2.078,2.2468,0.29184,5,WTR
4527.5,50.3692,2.078,2.2267,0.27162,5,WTR
4528.0,48.5875,2.078,2.2434,0.28499,5,WTR
4528.5,46.8058,2.078,2.2601,0.29836,5,WTR
4529.0,49.5506,2.078,2.2768,0.31173,5,WTR
4529.5,52.2953,2.078,2.2934,0.3251,5,WTR
4530.0,55.0401,2.0596,2.3023,0.33397,5,WTR
4530.5,57.7849,2.0412,2.3112,0.34285,5,WTR
4531.0,57.7849,2.0227,2.3201,0.35172,5,WTR
4531.5,57.7849,2.0043,2.2918,0.34807,5,WTR
4532.0,57.7849,2.0043,2.2634,0.34442,5,WTR
4532.5,57.7849,2.0043,2.2351,0.34077,5,WTR
4533.0,54.7084,2.0043,2.2067,0.33712,5,WTR
4533.5,51.6319,2.0043,2.2223,0.33392,5,WTR
4534.0,48.5554,2.0043,2.2379,0.33071,5,WTR
4534.5,49.9157,2.0043,2.2534,0.32751,5,WTR
4535.0,51.2761,2.0043,2.2367,0.32751,5,WTR
4535.5,52.6364,2.0043,2.2201,0.32751,5,WTR
4536.0,53.9968,2.0043,2.2034,0.32751,5,WTR
4536.5,51.5998,2.0043,2.1867,0.32751,5,WTR
4537.0,49.2028,1.9528,2.1967,0.31117,5,WTR
4537.5,46.8058,1.9014,2.2067,0.29482,5,WTR
4538.0,45.1364,1.8499,2.2167,0.27847,5,WTR
4538.5,43.4671,1.7985,2.2267,0.28077,5,WTR
4539.0,41.7977,1.7825,2.1956,0.28306,5,WTR
4539.5,40.1284,1.7666,2.1645,0.28535,5,WTR
4540.0,39.5987,1.7506,2.1334,0.28764,5,WTR
4540.5,39.069,1.7347,2.1551,0.30429,5,WTR
4541.0,38.5393,1.7141,2.1767,0.32093,5,WTR
4541.5,38.9366,1.6936,2.1984,0.33758,5,WTR
4542.0,39.3339,1.6731,2.2201,0.35422,5,WTR
4542.5,39.7311,1.6583,2.189,0.34533,5,WTR
4543.0,40.1284,1.6435,2.1579,0.33643,5,WTR
4543.5,40.1284,1.6286,2.1267,0.32754,5,WTR
4544.0,40.1284,1.6138,2.1267,0.32695,5,WTR
4544.5,40.1284,1.5947,2.1267,0.32635,5,WTR
4545.0,38.225,1.5756,2.1267,0.32575,5,WTR
4545.5,36.3216,1.5565,2.1267,0.32516,5,WTR
4546.0,34.4181,1.5565,2.1501,0.31885,5,WTR
4546.5,32.5147,1.5565,2.1734,0.31255,5,WTR
4547.0,33.9861,1.5565,2.1967,0.30624,5,WTR
4547.5,35.4575,1.5565,2.2201,0.31886,5,WTR
4548.0,36.2279,1.5565,2.1712,0.33148,5,WTR
4548.5,36.9984,1.5565,2.1223,0.34409,5,WTR
4549.0,37.7689,1.5565,2.0734,0.35671,5,WTR
4549.5,38.5393,1.5565,2.0901,0.34943,5,WTR
4550.0,39.069,1.5954,2.1068,0.34214,5,WTR
4550.5,39.5987,1.6343,2.1234,0.33486,5,WTR
4551.0,40.1284,1.6731,2.1401,0.32757,5,WTR
4551.5,40.947,1.7045,2.1645,0.34393,5,WTR
4552.0,41.7656,1.7358,2.189,0.36029,5,WTR
4552.5,42.5843,1.7671,2.2134,0.37665,5,WTR
4553.0,43.4029,1.7985,2.2384,0.37823,5,WTR
4553.5,46.0514,1.8646,2.2634,0.37981,5,WTR
4554.0,48.6998,1.918,2.2884,0.38139,5,WTR
4554.5,51.3483,1.9713,2.3134,0.38297,5,WTR
4555.0,53.9968,2.0247,2.2779,0.38297,5,WTR
4555.5,53.3815,2.078,2.2423,0.38139,5,WTR
4556.0,52.7662,2.0418,2.2067,0.37982,5,WTR
4556.5,52.1509,2.0056,2.2038,0.37824,5,WTR
4557.0,48.748,1.9694,2.2009,0.37667,5,WTR
4557.5,45.3451,1.9332,2.198,0.365,5,WTR
4558.0,41.9422,1.867,2.1951,0.35333,5,WTR
4558.5,38.5393,1.8008,2.1879,0.34166,5,WTR
4559.0,36.5275,1.7347,2.2118,0.33,5,WTR
4559.5,34.5158,1.7044,2.179,0.3221,5,WTR
4560.0,32.504,1.6742,2.1462,0.31419,5,WTR
4560.5,31.4567,1.644,2.1134,0.30629,5,WTR
4561.0,30.4093,1.6138,2.1001,0.31463,5,WTR
4561.5,29.362,1.5724,2.0868,0.32297,5,WTR
4562.0,28.3146,1.5309,2.0734,0.33131,5,WTR
4562.5,27.8705,1.4895,2.0601,0.33965,5,WTR
4563.0,27.4264,1.4481,2.049,0.35144,5,WTR
4563.5,26.9823,1.4352,2.0379,0.36323,5,WTR
4564.0,26.0313,1.4224,2.0267,0.37502,5,WTR
4564.5,25.0803,1.4095,2.0401,0.38681,5,WTR
4565.0,24.1292,1.3967,2.0534,0.38011,5,WTR
4565.5,23.1782,1.3802,2.0668,0.3734,5,WTR
4566.0,23.5902,1.3636,2.0801,0.36669,5,WTR
4566.5,24.0021,1.3471,2.0651,0.3692,5,WTR
4567.0,24.4141,1.3471,2.0501,0.3717,5,WTR
4567.5,23.2263,1.3471,2.0351,0.37421,5,WTR
4568.0,22.0385,1.3471,2.0201,0.37671,5,WTR
4568.5,20.8507,1.3471,2.0401,0.36035,5,WTR
4569.0,19.6629,1.3312,2.0601,0.344,5,WTR
4569.5,20.2408,1.3153,2.0801,0.32764,5,WTR
4570.0,20.8186,1.2994,2.0551,0.33866,5,WTR
4570.5,21.3965,1.3237,2.0301,0.34967,5,WTR
4571.0,21.9743,1.348,2.0051,0.36069,5,WTR
4571.5,23.2103,1.3723,1.9801,0.37171,5,WTR
4572.0,24.4462,1.3967,2.049,0.37591,5,WTR
4572.5,25.6822,1.5093,2.1179,0.38011,5,WTR
4573.0,30.1124,1.622,2.1867,0.38431,5,WTR
4573.5,34.5425,1.7347,2.1867,0.38368,5,WTR
4574.0,38.9727,1.7672,2.1867,0.38305,5,WTR
4574.5,43.4029,1.7996,2.1867,0.38242,5,WTR
4575.0,42.3114,1.8321,2.1867,0.38178,5,WTR
4575.5,41.2199,1.8646,2.1801,0.36776,5,WTR
4576.0,40.1284,1.8646,2.1734,0.35373,5,WTR
4576.5,38.2223,1.8646,2.1667,0.33971,5,WTR
4577.0,36.3162,1.8646,2.1601,0.3361,5,WTR
4577.5,34.4101,1.8646,2.209,0.3325,5,WTR
4578.0,32.504,1.8646,2.2579,0.32889,5,WTR
4578.5,35.2287,1.8646,2.3068,0.32528,5,WTR
4579.0,37.9534,1.8646,2.2584,0.32648,5,WTR
4579.5,40.6782,1.8426,2.2101,0.32768,5,WTR
4580.0,43.4029,1.8205,2.1618,0.32888,5,WTR
4580.5,40.7544,1.7985,2.1134,0.33008,5,WTR
4581.0,38.1059,1.7671,2.1445,0.3269,5,WTR
4581.5,35.4575,1.7358,2.1756,0.32371,5,WTR
4582.0,35.8387,1.7045,2.2067,0.32053,5,WTR
4582.5,36.2199,1.6731,2.2001,0.329,5,WTR
4583.0,36.6011,1.7149,2.1934,0.33746,5,WTR
4583.5,36.9823,1.7567,2.1867,0.34592,5,WTR
4584.0,37.5013,1.7985,2.1801,0.35439,5,WTR
4584.5,38.0203,1.8684,2.2445,0.35521,5,WTR
4585.0,38.5393,1.9382,2.309,0.35603,5,WTR
4585.5,41.9422,2.0081,2.3734,0.35685,5,WTR
4586.0,45.3451,2.078,2.3618,0.35258,5,WTR
4586.5,48.748,2.0971,2.3501,0.3483,5,WTR
4587.0,52.1509,2.1162,2.3384,0.34403,5,WTR
4587.5,52.7662,2.1353,2.3268,0.33975,5,WTR
4588.0,53.3815,2.1544,2.3245,0.35294,5,WTR
4588.5,53.9968,2.1544,2.3223,0.36613,5,WTR
4589.0,57.4518,2.1544,2.3201,0.37931,0,Non-SST
4589.5,60.9069,2.1544,2.3134,0.39028,0,Non-SST
4590.0,64.362,2.1169,2.3068,0.40125,0,Non-SST
4590.5,67.817,2.0794,2.3001,0.41222,0,Non-SST
4591.0,67.1268,2.0418,2.2934,0.42319,0,Non-SST
4591.5,66.4366,2.0043,2.289,0.42762,0,Non-SST
4592.0,65.7464,2.0043,2.2845,0.43205,0,Non-SST
4592.5,66.7897,2.0043,2.2801,0.43648,0,Non-SST
4593.0,67.8331,2.0043,2.2901,0.43648,0,Non-SST
4593.5,68.8764,1.9865,2.3001,0.43649,0,Non-SST
4594.0,69.9197,1.9687,2.3101,0.43649,0,Non-SST
4594.5,69.2188,1.951,2.3201,0.43649,0,Non-SST
4595.0,68.5179,1.9332,2.3051,0.44955,0,Non-SST
4595.5,67.817,1.951,2.2901,0.4626,0,Non-SST
4596.0,68.3427,1.9687,2.2751,0.47566,0,Non-SST
4596.5,68.8684,1.9865,2.2601,0.48871,0,Non-SST
4597.0,69.3941,2.0043,2.2601,0.48778,0,Non-SST
4597.5,69.9197,2.0043,2.2601,0.48684,0,Non-SST
4598.0,70.6314,2.0043,2.2601,0.4859,0,Non-SST
4598.5,71.343,2.0043,2.2734,0.49781,0,Non-SST
4599.0,72.0546,2.0227,2.2868,0.50972,0,Non-SST
4599.5,71.5209,2.0412,2.3001,0.52163,0,Non-SST
4600.0,70.9872,2.0596,2.3134,0.53354,0,Non-SST
4600.5,70.4535,2.078,2.289,0.49942,0,Non-SST
4601.0,69.9197,2.078,2.2645,0.4653,0,Non-SST
4601.5,69.9197,2.078,2.2401,0.43118,0,Non-SST
4602.0,69.9197,2.078,2.2501,0.43119,0,Non-SST
4602.5,69.9197,2.078,2.2601,0.43119,0,Non-SST
4603.0,69.9197,2.078,2.2701,0.43119,0,Non-SST
4603.5,72.0867,2.078,2.2801,0.43119,0,Non-SST
4604.0,74.2536,2.078,2.2868,0.4411,0,Non-SST
4604.5,76.4205,2.078,2.2934,0.45101,0,Non-SST
4605.0,75.329,2.078,2.3001,0.46092,0,Non-SST
4605.5,74.2376,2.078,2.2801,0.47461,0,Non-SST
4606.0,73.1461,2.078,2.2601,0.48831,0,Non-SST
4606.5,72.0546,2.078,2.2401,0.502,0,Non-SST
4607.0,74.2536,2.078,2.2201,0.5157,0,Non-SST
4607.5,76.4527,2.078,2.2218,0.51308,0,Non-SST
4608.0,78.6517,2.1035,2.2234,0.51047,0,Non-SST
4608.5,78.6517,2.129,2.2251,0.50785,0,Non-SST
4609.0,78.6517,2.1544,2.2267,0.50524,0,Non-SST
4609.5,78.6517,2.1353,2.2334,0.51228,0,Non-SST
4610.0,78.6517,2.1162,2.2401,0.51932,0,Non-SST
4610.5,79.2175,2.0971,2.2468,0.52636,0,Non-SST
4611.0,79.7833,2.078,2.2451,0.50593,0,Non-SST
4611.5,80.3491,2.1035,2.2434,0.48549,0,Non-SST
4612.0,80.9149,2.129,2.2418,0.46506,0,Non-SST
4612.5,80.1605,2.1544,2.2401,0.44463,0,Non-SST
4613.0,79.4061,2.1742,2.269,0.46891,0,Non-SST
4613.5,78.6517,2.1941,2.2979,0.4932,0,Non-SST
4614.0,77.5441,2.2139,2.3268,0.51748,0,Non-SST
4614.5,76.4366,2.2337,2.3284,0.50267,0,Non-SST
4615.0,75.3291,2.2073,2.3301,0.48785,0,Non-SST
4615.5,74.2215,2.1809,2.3318,0.47304,0,Non-SST
4616.0,73.4992,2.1544,2.3334,0.45823,0,Non-SST
4616.5,72.7769,2.1544,2.3223,0.47506,0,Non-SST
4617.0,72.0546,2.1544,2.3112,0.4919,0,Non-SST
4617.5,72.0546,2.1544,2.3001,0.50873,0,Non-SST
4618.0,72.0546,2.1544,2.2968,0.50446,0,Non-SST
4618.5,72.0546,2.1353,2.2934,0.50019,0,Non-SST
4619.0,72.0546,2.1162,2.2901,0.49591,0,Non-SST
4619.5,73.5099,2.0971,2.2868,0.49164,0,Non-SST
4620.0,74.9652,2.078,2.289,0.48789,0,Non-SST
4620.5,76.4205,2.078,2.2912,0.48414,0,Non-SST
4621.0,77.5441,2.078,2.2934,0.48039,0,Non-SST
4621.5,78.6677,2.078,2.2918,0.47213,0,Non-SST
4622.0,79.7913,2.0418,2.2901,0.46388,0,Non-SST
4622.5,80.9149,2.0056,2.2884,0.45563,0,Non-SST
4623.0,77.2499,1.9694,2.2868,0.44737,0,Non-SST
4623.5,73.5848,1.9332,2.2951,0.46496,0,Non-SST
4624.0,69.9197,2.1186,2.3034,0.48254,0,Non-SST
4624.5,68.8764,2.3039,2.3118,0.50012,0,Non-SST
4625.0,67.8331,2.4893,2.3201,0.4973,0,Non-SST
4625.5,66.7897,2.4459,2.3156,0.49448,0,Non-SST
4626.0,65.7464,2.4026,2.3112,0.49166,0,Non-SST
4626.5,67.8491,2.3592,2.3068,0.48885,0,Non-SST
4627.0,69.9519,2.3158,2.3068,0.48955,0,Non-SST
4627.5,72.0546,2.2953,2.3068,0.49026,0,Non-SST
4628.0,72.5963,2.2747,2.3068,0.49097,0,Non-SST
4628.5,73.138,2.2542,2.3068,0.49168,0,Non-SST
4629.0,73.6798,2.2337,2.309,0.4945,0,Non-SST
4629.5,74.2215,2.1818,2.3112,0.49731,0,Non-SST
4630.0,75.8949,2.1299,2.3134,0.50013,0,Non-SST
4630.5,77.5682,2.078,2.3084,0.50013,0,Non-SST
4631.0,79.2416,2.0971,2.3034,0.50013,0,Non-SST
4631.5,80.9149,2.1162,2.2984,0.50014,0,Non-SST
4632.0,80.1605,2.1353,2.2934,0.50014,0,Non-SST
4632.5,79.4061,2.1544,2.2912,0.48986,0,Non-SST
4633.0,78.6517,2.0807,2.289,0.47959,0,Non-SST
4633.5,77.0024,2.0069,2.2868,0.46931,0,Non-SST
4634.0,75.3531,1.9332,2.2684,0.48539,0,Non-SST
4634.5,73.7039,1.9694,2.2501,0.50148,0,Non-SST
4635.0,72.0546,2.0056,2.2318,0.51756,0,Non-SST
4635.5,72.7769,2.0418,2.2134,0.53364,0,Non-SST
4636.0,73.4992,2.078,2.2401,0.51498,0,Non-SST
4636.5,74.2215,2.1299,2.2668,0.49632,0,Non-SST
4637.0,73.1461,2.1818,2.2934,0.47766,0,Non-SST
4637.5,72.0706,2.2337,2.3201,0.47283,0,Non-SST
4638.0,70.9952,2.2139,2.3156,0.46799,0,Non-SST
4638.5,69.9197,2.1941,2.3112,0.46316,0,Non-SST
4639.0,70.7323,2.1742,2.3068,0.45833,0,Non-SST
4639.5,71.5449,2.1544,2.3034,0.45359,0,Non-SST
4640.0,72.3575,2.1544,2.3001,0.44885,0,Non-SST
4640.5,73.1701,2.1544,2.2968,0.44411,0,Non-SST
4641.0,80.9149,2.1544,2.2934,0.43937,0,Non-SST
4641.5,80.9149,2.1169,2.2934,0.43493,0,Non-SST
4642.0,80.9149,2.0794,2.2934,0.43049,0,Non-SST
4642.5,80.9149,2.0418,2.2934,0.42605,0,Non-SST
4643.0,80.9149,2.0043,2.2968,0.44247,0,Non-SST
4643.5,78.6838,2.0289,2.3001,0.4589,0,Non-SST
4644.0,76.4527,2.0534,2.3034,0.47533,0,Non-SST
4644.5,74.2215,2.078,2.3068,0.49175,0,Non-SST
4645.0,75.8949,2.0596,2.2957,0.48614,0,Non-SST
4645.5,77.5682,2.0412,2.2845,0.48053,0,Non-SST
4646.0,79.2416,2.0227,2.2734,0.47491,0,Non-SST
4646.5,80.9149,2.0043,2.2918,0.46806,0,Non-SST
4647.0,78.1661,1.8239,2.3101,0.4612,0,Non-SST
4647.5,75.4173,1.6435,2.3284,0.45434,0,Non-SST
4648.0,72.6685,1.7172,2.3468,0.44748,0,Non-SST
4648.5,69.9197,1.7909,2.3156,0.44029,0,Non-SST
4649.0,72.8304,1.8646,2.2845,0.44478,0,Non-SST
4649.5,75.741,1.918,2.2534,0.43617,0,Non-SST
4650.0,78.6517,1.9713,2.2609,0.42756,0,Non-SST
4650.5,78.6517,2.0247,2.2684,0.41894,0,Non-SST
4651.0,78.6517,2.078,2.2759,0.41033,0,Non-SST
4651.5,78.6517,2.1573,2.2834,0.39641,0,Non-SST
4652.0,78.6517,2.2366,2.2834,0.38249,0,Non-SST
4652.5,78.6517,2.3158,2.3201,0.36857,0,Non-SST
4653.0,78.6517,2.2953,2.3468,0.35466,0,Non-SST
4653.5,78.6517,2.2747,2.3268,0.36805,0,Non-SST
4654.0,80.9631,2.2542,2.3068,0.38144,0,Non-SST
4654.5,83.2745,2.2337,2.2868,0.39484,0,Non-SST
4655.0,85.5859,2.1249,2.3001,0.41005,0,Non-SST
4655.5,87.8973,2.0161,2.3134,0.42525,0,Non-SST
4656.0,91.9904,1.9073,2.3268,0.44046,0,Non-SST
4656.5,96.0835,1.7985,2.3401,0.45567,0,Non-SST
4657.0,100.1766,1.815,2.2823,0.46471,0,Non-SST
4657.5,112.8892,1.8315,2.2245,0.47374,0,Non-SST
4658.0,125.6019,1.8481,2.1667,0.48278,0,Non-SST
4658.5,138.3146,1.8646,2.0751,0.49181,0,Non-SST
4659.0,151.0273,2.135,1.9834,0.54071,0,Non-SST
4659.5,160.947,2.4054,1.8917,0.58961,0,Non-SST
4660.0,170.8668,2.6758,1.8001,0.63851,0,Non-SST
4660.5,180.7865,2.7798,1.8217,0.64626,0,Non-SST
4661.0,190.7063,2.8837,1.8434,0.65402,0,Non-SST
4661.5,189.5452,2.9877,1.8651,0.66177,0,Non-SST
4662.0,188.3842,3.0917,1.8867,0.66952,0,Non-SST
4662.5,187.2231,3.2096,1.8667,0.66063,0,Non-SST
4663.0,177.3997,3.3276,1.8467,0.65174,0,Non-SST
4663.5,167.5762,3.4455,1.8267,0.64286,0,Non-SST
4664.0,157.7528,3.2531,1.8817,0.64178,0,Non-SST
4664.5,147.9294,3.0607,1.9367,0.64069,0,Non-SST
4665.0,136.3724,2.8682,1.9917,0.63961,0,Non-SST
4665.5,124.8154,2.6758,2.0467,0.63853,0,Non-SST
4666.0,113.2584,2.502,2.009,0.60542,0,Non-SST
4666.5,108.7359,2.3282,1.9712,0.57231,0,Non-SST
4667.0,104.2135,2.1544,1.9334,0.5392,0,Non-SST
4667.5,99.691,2.082,2.0101,0.54058,0,Non-SST
4668.0,95.1685,2.0095,2.0868,0.54196,0,Non-SST
4668.5,93.9486,1.9371,2.1634,0.54334,0,Non-SST
4669.0,92.7287,1.8646,2.2401,0.54472,0,Non-SST
4669.5,91.5088,1.7435,2.2517,0.5523,0,Non-SST
4670.0,90.2889,1.6224,2.2634,0.55989,0,Non-SST
4670.5,90.2889,1.5013,2.2751,0.56747,0,Non-SST
4671.0,90.2889,1.4628,2.2868,0.57505,0,Non-SST
4671.5,90.2889,1.4242,2.3401,0.52808,0,Non-SST
4672.0,89.1011,1.3857,2.3934,0.48112,0,Non-SST
4672.5,87.9133,1.3471,2.4468,0.43415,0,Non-SST
4673.0,86.7255,1.3636,2.4118,0.42952,0,Non-SST
4673.5,85.5377,1.3802,2.3768,0.4249,0,Non-SST
4674.0,83.9968,1.3967,2.3418,0.42027,0,Non-SST
4674.5,82.4559,1.4367,2.3068,0.41565,0,Non-SST
4675.0,80.9149,1.4766,2.3001,0.42093,0,Non-SST
4675.5,81.4888,1.5166,2.2934,0.42621,0,Non-SST
4676.0,82.0626,1.5565,2.2868,0.4315,0,Non-SST
4676.5,82.6364,1.5857,2.2934,0.45216,0,Non-SST
4677.0,83.2103,1.6148,2.3001,0.47282,0,Non-SST
4677.5,79.4917,1.644,2.3068,0.49348,0,Non-SST
4678.0,75.7731,1.6731,2.3134,0.51413,0,Non-SST
4678.5,72.0546,1.6343,2.3245,0.49468,0,Non-SST
4679.0,73.7039,1.5954,2.3356,0.47522,0,Non-SST
4679.5,75.3531,1.5565,2.3468,0.45577,0,Non-SST
4680.0,77.0024,1.5042,2.3368,0.46059,0,Non-SST
4680.5,78.6517,1.4518,2.3268,0.46542,0,Non-SST
4681.0,77.908,1.3995,2.3168,0.47024,0,Non-SST
4681.5,77.1643,1.3471,2.3068,0.47507,0,Non-SST
4682.0,76.4205,1.3985,2.2823,0.47415,0,Non-SST
4682.5,75.8708,1.4499,2.2579,0.47322,0,Non-SST
4683.0,75.321,1.5013,2.2334,0.4723,0,Non-SST
4683.5,74.7713,1.5294,2.2551,0.46546,0,Non-SST
4684.0,74.2215,1.5575,2.2768,0.45862,0,Non-SST
4684.5,74.9545,1.5857,2.2984,0.45178,0,Non-SST
4685.0,75.6875,1.6138,2.3201,0.44494,0,Non-SST
4685.5,76.4205,1.6765,2.3023,0.45592,0,Non-SST
4686.0,75.329,1.7392,2.2845,0.4669,0,Non-SST
4686.5,74.2376,1.8019,2.2668,0.47788,0,Non-SST
4687.0,73.1461,1.8646,2.2651,0.48827,0,Non-SST
4687.5,72.0546,1.8875,2.2634,0.49867,0,Non-SST
4688.0,72.7769,1.9103,2.2618,0.50906,0,Non-SST
4688.5,73.4992,1.9332,2.2601,0.51945,0,Non-SST
4689.0,74.2215,1.7414,2.2784,0.50015,0,Non-SST
4689.5,74.2215,1.5496,2.2968,0.48086,0,Non-SST
4690.0,74.2215,1.3577,2.3151,0.46156,0,Non-SST
4690.5,74.2215,1.1659,2.3334,0.44226,0,Non-SST
4691.0,74.2215,1.3768,2.3201,0.45508,0,Non-SST
4691.5,73.1461,1.5876,2.3068,0.46789,0,Non-SST
4692.0,72.0706,1.7985,2.2934,0.4807,0,Non-SST
4692.5,70.9952,1.8684,2.3084,0.47312,0,Non-SST
4693.0,69.9197,1.9382,2.3234,0.46554,0,Non-SST
4693.5,73.5848,2.0081,2.3384,0.45796,0,Non-SST
4694.0,77.2499,2.078,2.3534,0.45039,0,Non-SST
4694.5,80.9149,2.0297,2.3445,0.4788,0,Non-SST
4695.0,78.1661,1.9815,2.3356,0.50721,0,Non-SST
4695.5,75.4173,1.9332,2.3268,0.53563,0,Non-SST
4696.0,72.6685,1.951,2.3284,0.5268,0,Non-SST
4696.5,69.9197,1.9687,2.3301,0.51797,0,Non-SST
4697.0,69.9197,1.9865,2.3318,0.50914,0,Non-SST
4697.5,69.9197,2.0043,2.3334,0.50031,0,Non-SST
4698.0,69.9197,2.0289,2.3184,0.49285,0,Non-SST
4698.5,69.9197,2.0534,2.3034,0.48539,0,Non-SST
4699.0,70.6314,2.078,2.2884,0.47793,0,Non-SST
4699.5,71.343,2.078,2.2734,0.48712,0,Non-SST
4700.0,72.0546,2.078,2.2668,0.4963,0,Non-SST
4700.5,72.0546,2.078,2.2601,0.50549,0,Non-SST
4701.0,72.0546,2.078,2.2534,0.51134,0,Non-SST
4701.5,72.0546,2.1299,2.2401,0.51719,0,Non-SST
4702.0,72.0546,2.1818,2.2267,0.52304,0,Non-SST
4702.5,75.7731,2.2337,2.2134,0.53558,0,Non-SST
4703.0,79.4917,2.1763,2.2001,0.54813,0,Non-SST
4703.5,83.2103,2.119,2.2034,0.56067,0,Non-SST
4704.0,79.8876,2.0616,2.2067,0.57321,0,Non-SST
4704.5,76.565,2.0043,2.2201,0.55006,0,Non-SST
4705.0,73.2424,1.9528,2.2334,0.52692,0,Non-SST
4705.5,69.9197,1.9014,2.2468,0.50377,0,Non-SST
4706.0,74.3499,1.8499,2.2501,0.50904,0,Non-SST
4706.5,78.7801,1.7985,2.2534,0.51431,0,Non-SST
4707.0,83.2103,1.8205,2.2568,0.51957,0,Non-SST
4707.5,80.4213,1.8426,2.2601,0.52484,0,Non-SST
4708.0,77.6324,1.8646,2.2712,0.50221,0,Non-SST
4708.5,74.8435,1.8646,2.2823,0.47957,0,Non-SST
4709.0,72.0546,1.8646,2.2934,0.45694,0,Non-SST
4709.5,72.0546,1.8646,2.3041,0.4343,0,Non-SST
4710.0,72.0546,1.8646,2.3148,0.44453,0,Non-SST
4710.5,72.0546,2.0434,2.3254,0.45475,0,Non-SST
4711.0,72.0546,2.2222,2.3361,0.46498,0,Non-SST
4711.5,72.0546,2.401,2.3468,0.4752,0,Non-SST
4712.0,72.0546,2.3592,2.3268,0.49597,0,Non-SST
4712.5,72.0546,2.3173,2.3068,0.51673,0,Non-SST
4713.0,74.2536,2.2755,2.2868,0.5375,0,Non-SST
4713.5,76.4527,2.2337,2.2734,0.53569,0,Non-SST
4714.0,78.6517,2.1586,2.2601,0.53387,0,Non-SST
4714.5,78.0939,2.0834,2.2468,0.53206,0,Non-SST
4715.0,77.5361,2.0083,2.2334,0.53025,0,Non-SST
4715.5,76.9783,1.9332,2.2468,0.51847,0,Non-SST
4716.0,76.4205,1.9103,2.2601,0.50669,0,Non-SST
4716.5,78.6838,1.8875,2.2734,0.49491,0,Non-SST
4717.0,80.947,1.8646,2.2718,0.49756,0,Non-SST
4717.5,83.2103,1.8995,2.2701,0.50022,0,Non-SST
4718.0,83.2103,1.9345,2.2684,0.50288,0,Non-SST
4718.5,83.2103,1.9694,2.2668,0.50553,0,Non-SST
4719.0,83.2103,2.0043,2.2468,0.50496,0,Non-SST
4719.5,83.2103,1.9806,2.2267,0.50439,0,Non-SST
4720.0,82.0706,1.9569,2.2067,0.50381,0,Non-SST
4720.5,80.931,1.9332,2.2234,0.50686,0,Non-SST
4721.0,79.7913,1.951,2.2401,0.50991,0,Non-SST
4721.5,78.6517,1.9687,2.2568,0.51296,0,Non-SST
4722.0,79.4061,1.9865,2.2734,0.51601,0,Non-SST
4722.5,80.1605,2.0043,2.2823,0.51778,0,Non-SST
4723.0,80.9149,2.0043,2.2912,0.51955,0,Non-SST
4723.5,79.7913,2.0043,2.3001,0.52132,0,Non-SST
4724.0,78.6677,2.0043,2.2934,0.52014,0,Non-SST
4724.5,77.5441,2.0227,2.2868,0.51896,0,Non-SST
4725.0,76.4205,2.0412,2.2801,0.51778,0,Non-SST
4725.5,77.9187,2.0596,2.2734,0.53312,0,Non-SST
4726.0,79.4168,2.078,2.2845,0.54845,0,Non-SST
4726.5,80.9149,1.9848,2.2957,0.56379,0,Non-SST
4727.0,80.3491,1.8916,2.3068,0.57912,0,Non-SST
4727.5,79.7833,1.7985,2.3101,0.56512,0,Non-SST
4728.0,79.2175,1.8875,2.3134,0.55112,0,Non-SST
4728.5,78.6517,1.9764,2.3168,0.53712,0,Non-SST
4729.0,74.4141,2.0654,2.3201,0.52312,0,Non-SST
4729.5,70.1766,2.1544,2.2934,0.51279,0,Non-SST
4730.0,65.939,2.2366,2.2668,0.50246,0,Non-SST
4730.5,61.7014,2.3188,2.2401,0.49213,0,Non-SST
4731.0,63.0498,2.401,2.2434,0.49355,0,Non-SST
4731.5,64.3981,2.3797,2.2468,0.49498,0,Non-SST
4732.0,65.7464,2.3584,2.2501,0.4964,0,Non-SST
4732.5,68.5714,2.3371,2.2534,0.49782,0,Non-SST
4733.0,71.3965,2.3158,2.2623,0.4679,0,Non-SST
4733.5,74.2215,2.212,2.2712,0.43799,0,Non-SST
4734.0,73.1461,2.1081,2.2801,0.40807,0,Non-SST
4734.5,72.0706,2.0043,2.2834,0.42211,0,Non-SST
4735.0,70.9952,1.9865,2.2868,0.43615,0,Non-SST
4735.5,69.9197,1.9687,2.2901,0.45019,0,Non-SST
4736.0,69.9197,1.951,2.2934,0.46423,0,Non-SST
4736.5,69.9197,1.9332,2.2823,0.4543,0,Non-SST
4737.0,69.9197,2.0722,2.2712,0.44436,0,Non-SST
4737.5,69.9197,2.2113,2.2601,0.43442,0,Non-SST
4738.0,68.5286,2.3503,2.2668,0.43309,0,Non-SST
4738.5,67.1375,2.4893,2.2734,0.43176,0,Non-SST
4739.0,65.7464,2.4599,2.2801,0.43043,0,Non-SST
4739.5,67.8652,2.4304,2.2868,0.4291,0,Non-SST
4740.0,69.9839,2.401,2.2912,0.42427,0,Non-SST
4740.5,72.1027,2.3592,2.2957,0.41944,0,Non-SST
4741.0,74.2215,2.3173,2.3001,0.41461,0,Non-SST
4741.5,76.4687,2.2755,2.3134,0.41462,0,Non-SST
4742.0,78.7159,2.2337,2.3268,0.43117,0,Non-SST
4742.5,80.9631,2.2337,2.3401,0.44771,0,Non-SST
4743.0,83.2103,2.2337,2.3534,0.46426,0,Non-SST
4743.5,83.7921,2.2337,2.3534,0.46017,0,Non-SST
4744.0,84.374,2.2337,2.3534,0.45608,0,Non-SST
4744.5,84.9559,2.2611,2.3534,0.45199,0,Non-SST
4745.0,85.5377,2.2884,2.3534,0.44789,0,Non-SST
4745.5,86.7255,2.3158,2.3534,0.42913,0,Non-SST
4746.0,87.9133,2.2953,2.3501,0.41072,0,Non-SST
4746.5,89.1011,2.2747,2.3268,0.40423,0,Non-SST
4747.0,90.2889,2.2542,2.3018,0.39778,0,Non-SST
4747.5,96.1691,2.2337,2.2768,0.41031,0,Non-SST
4748.0,102.0492,2.1335,2.2517,0.42285,0,Non-SST
4748.5,107.9294,2.0333,2.2267,0.43538,0,Non-SST
4749.0,109.9398,1.9332,2.2279,0.44791,0,Non-SST
4749.5,111.9502,1.9332,2.229,0.46897,0,Non-SST
4750.0,113.9607,1.9332,2.2301,0.49003,0,Non-SST
4750.5,115.9711,1.9332,2.2301,0.51109,0,Non-SST
4751.0,111.557,1.9332,2.2626,0.53215,0,Non-SST
4751.5,107.1428,1.951,2.2951,0.52563,0,Non-SST
4752.0,102.7287,1.9687,2.3276,0.51911,0,Non-SST
4752.5,100.2247,1.9865,2.3601,0.51258,0,Non-SST
4753.0,97.7207,2.0043,2.3418,0.50609,0,Non-SST
4753.5,95.2167,2.0227,2.3234,0.49959,0,Non-SST
4754.0,92.7127,2.0412,2.3051,0.49309,0,Non-SST
4754.5,96.5169,2.0596,2.2868,0.48659,0,Non-SST
4755.0,100.321,2.078,2.2201,0.4982,0,Non-SST
4755.5,104.1252,2.1573,2.1534,0.5098,0,Non-SST
4756.0,107.9294,2.2366,2.0868,0.52141,0,Non-SST
4756.5,112.7327,2.3158,2.1151,0.52823,0,Non-SST
4757.0,117.5361,2.2953,2.1434,0.53505,0,Non-SST
4757.5,122.3395,2.2747,2.1718,0.54187,0,Non-SST
4758.0,127.1428,2.2542,2.2001,0.54868,0,Non-SST
4758.5,125.2595,2.2337,2.2045,0.53783,0,Non-SST
4759.0,123.3761,2.1763,2.209,0.52697,0,Non-SST
4759.5,121.4928,2.119,2.2134,0.51611,0,Non-SST
4760.0,118.764,2.0616,2.2218,0.51744,0,Non-SST
4760.5,116.0353,2.0043,2.2301,0.51877,0,Non-SST
4761.0,113.3066,1.9694,2.2384,0.5201,0,Non-SST
4761.5,110.5778,1.9345,2.2468,0.52143,0,Non-SST
4762.0,105.5056,1.8995,2.1667,0.54398,0,Non-SST
4762.5,100.4334,1.8646,2.0868,0.56654,0,Non-SST
4763.0,95.3612,2.3508,2.0067,0.5891,0,Non-SST
4763.5,90.2889,2.8371,1.9267,0.55791,0,Non-SST
4764.0,82.1629,3.3233,2.0845,0.52673,0,Non-SST
4764.5,74.0369,3.238,2.2423,0.49554,0,Non-SST
4765.0,65.9109,3.1527,2.4001,0.46436,0,Non-SST
4765.5,57.7849,3.0673,2.4051,0.41301,0,Non-SST
4766.0,56.8379,2.982,2.4101,0.36165,0,Non-SST
4766.5,55.8909,3.1624,2.4151,0.3103,0,Non-SST
4767.0,54.9438,3.3428,2.4201,0.25895,0,Non-SST
4767.5,53.9968,3.5232,2.4001,0.2393,0,Non-SST
4768.0,50.935,3.7036,2.3801,0.21965,0,Non-SST
4768.5,47.8732,4.6168,2.3601,0.2,0,Non-SST
4769.0,44.8114,5.53,2.3101,0.17805,0,Non-SST
4769.5,41.7496,6.4432,2.2601,0.15611,0,Non-SST
4770.0,40.1766,7.3564,2.2101,0.13416,1,Gas
4770.5,38.6035,9.0407,2.1601,0.11222,1,Gas
4771.0,37.0305,10.725,2.1512,0.1136,1,Gas
4771.5,35.4575,12.4093,2.1423,0.11499,1,Gas
4772.0,32.3876,14.0935,2.1334,0.11637,1,Gas
4772.5,29.3178,17.8259,2.0534,0.09268,1,Gas
4773.0,26.248,21.5584,1.9734,0.06899,1,Gas
4773.5,23.1782,25.2908,1.8934,0.0453,1,Gas
4774.0,19.9519,29.0232,1.8134,0.02161,1,Gas
4774.5,16.7255,30.5269,1.8267,0.02238,1,Gas
4775.0,13.4992,32.0307,1.8401,0.02315,1,Gas
4775.5,15.0401,33.5344,1.8534,0.02392,1,Gas
4776.0,16.5811,39.5628,1.8967,0.0339,1,Gas
4776.5,18.122,45.5912,1.9401,0.04389,1,Gas
4777.0,19.6629,51.6196,1.9834,0.05387,1,Gas
4777.5,26.886,57.648,2.0267,0.06385,1,Gas
4778.0,34.1091,44.4721,2.1023,0.11714,1,Gas
4778.5,41.3323,31.2962,2.1779,0.17043,0,Non-SST
4779.0,48.5554,18.1203,2.2534,0.22371,0,Non-SST
4779.5,55.5217,4.9444,2.2684,0.28458,5,WTR
4780.0,62.488,4.142,2.2834,0.34545,0,Non-SST
4780.5,69.4542,3.3396,2.2984,0.40632,0,Non-SST
4781.0,76.4205,2.5371,2.3134,0.46718,0,Non-SST
4781.5,75.8708,1.7347,2.3045,0.46996,0,Non-SST
4782.0,75.321,1.7044,2.2957,0.47273,0,Non-SST
4782.5,74.7713,1.6742,2.2868,0.47551,0,Non-SST
4783.0,74.2215,1.644,2.2851,0.48656,0,Non-SST
4783.5,75.8949,1.6138,2.2834,0.49761,0,Non-SST
4784.0,77.5682,1.644,2.2818,0.50866,0,Non-SST
4784.5,79.2416,1.6742,2.2801,0.51972,0,Non-SST
4785.0,80.9149,1.7044,2.2918,0.51622,0,Non-SST
4785.5,77.2499,1.7347,2.3034,0.51272,0,Non-SST
4786.0,73.5848,1.7559,2.3151,0.50922,0,Non-SST
4786.5,69.9197,1.7772,2.3268,0.50572,0,Non-SST
4787.0,72.0867,1.7985,2.3223,0.49288,0,Non-SST
4787.5,74.2536,1.815,2.3179,0.48005,0,Non-SST
4788.0,76.4205,1.8315,2.3134,0.46721,0,Non-SST
4788.5,75.329,1.8481,2.3184,0.45774,0,Non-SST
4789.0,74.2376,1.8646,2.3234,0.44826,0,Non-SST
4789.5,73.1461,1.9371,2.3284,0.43879,0,Non-SST
4790.0,72.0546,2.0095,2.3334,0.42931,0,Non-SST
4790.5,74.2536,2.082,2.2868,0.44659,0,Non-SST
4791.0,76.4527,2.1544,2.2401,0.46386,0,Non-SST
4791.5,78.6517,2.1948,2.1934,0.48113,0,Non-SST
4792.0,85.317,2.2351,2.2151,0.46554,0,Non-SST
4792.5,91.9824,2.2755,2.2367,0.44995,0,Non-SST
4793.0,98.6477,2.3158,2.2584,0.43436,0,Non-SST
4793.5,105.313,2.1245,2.2801,0.41876,0,Non-SST
4794.0,104.0289,1.9332,2.2756,0.43956,0,Non-SST
4794.5,102.7448,1.8682,2.2712,0.46035,0,Non-SST
4795.0,101.4607,1.8032,2.2668,0.48115,0,Non-SST
4795.5,100.1766,1.7381,2.2684,0.4953,0,Non-SST
4796.0,99.3365,1.6731,2.2701,0.50944,0,Non-SST
4796.5,98.4965,1.7045,2.2718,0.52359,0,Non-SST
4797.0,97.6565,1.7358,2.2734,0.53774,0,Non-SST
4797.5,97.6565,1.7671,2.2751,0.53324,0,Non-SST
4798.0,97.6565,1.7985,2.2768,0.52875,0,Non-SST
4798.5,97.6565,1.7985,2.2784,0.52425,0,Non-SST
4799.0,97.6565,1.7985,2.2801,0.51976,0,Non-SST
4799.5,100.2087,1.7985,2.2734,0.51337,0,Non-SST
4800.0,102.7608,1.815,2.2668,0.50698,0,Non-SST
4800.5,105.313,1.8315,2.2601,0.50059,0,Non-SST
4801.0,105.9671,1.8481,2.2484,0.50362,0,Non-SST
4801.5,106.6212,1.8646,2.2367,0.50665,0,Non-SST
4802.0,107.2753,1.9371,2.2251,0.50969,0,Non-SST
4802.5,107.9294,2.0095,2.2134,0.51272,0,Non-SST
4803.0,117.9294,2.082,2.0823,0.52851,0,Non-SST
4803.5,127.9294,2.1544,1.9512,0.5443,0,Non-SST
4804.0,137.9294,2.2661,1.8201,0.56008,0,Non-SST
4804.5,147.9294,2.3777,1.9067,0.58144,0,Non-SST
4805.0,141.9583,2.4893,1.9934,0.60279,0,Non-SST
4805.5,135.9872,2.3166,2.0801,0.62415,0,Non-SST
4806.0,130.0161,2.1439,2.1667,0.6455,0,Non-SST
4806.5,122.6538,1.9712,2.2401,0.60359,0,Non-SST
4807.0,115.2916,1.7985,2.3134,0.56169,0,Non-SST
4807.5,107.9294,1.7109,2.3868,0.51978,0,Non-SST
4808.0,105.9912,1.6233,2.3734,0.50944,0,Non-SST
4808.5,104.053,1.5357,2.3601,0.4991,0,Non-SST
4809.0,102.1148,1.4481,2.3468,0.48876,0,Non-SST
4809.5,100.1766,1.4658,2.3334,0.47842,0,Non-SST
4810.0,96.8807,1.4836,2.3423,0.50065,0,Non-SST
4810.5,93.5848,1.5013,2.3512,0.52289,0,Non-SST
4811.0,90.2889,1.5294,2.3601,0.54513,0,Non-SST
4811.5,87.3796,1.5575,2.3434,0.52225,0,Non-SST
4812.0,84.4703,1.5857,2.3268,0.49937,0,Non-SST
4812.5,81.561,1.6138,2.3101,0.47649,0,Non-SST
4813.0,78.6517,1.744,2.2934,0.45361,0,Non-SST
4813.5,74.3499,1.8741,2.3023,0.4429,0,Non-SST
4814.0,70.0481,2.0043,2.3112,0.43219,0,Non-SST
4814.5,65.7464,2.4047,2.3201,0.42148,0,Non-SST
4815.0,63.756,2.805,2.3184,0.40555,0,Non-SST
4815.5,61.7657,3.2054,2.3168,0.38962,0,Non-SST
4816.0,59.7753,3.2654,2.3151,0.37369,0,Non-SST
4816.5,57.7849,3.3255,2.3134,0.35776,0,Non-SST
4817.0,54.1894,3.3855,2.2951,0.36779,0,Non-SST
4817.5,50.5939,3.4455,2.2768,0.37781,0,Non-SST
4818.0,46.9984,4.0058,2.2584,0.38784,0,Non-SST
4818.5,43.4029,4.566,2.2401,0.36828,5,WTR
4819.0,41.7817,5.1263,2.1934,0.34872,5,WTR
4819.5,40.1605,5.5557,2.1467,0.32917,5,WTR
4820.0,38.5393,5.985,2.1001,0.30961,5,WTR
4820.5,37.7689,6.4144,2.1751,0.31834,5,WTR
4821.0,36.9984,6.8438,2.2501,0.32708,5,WTR
4821.5,36.2279,6.4668,2.3251,0.33581,0,Non-SST
4822.0,35.4575,6.0899,2.4001,0.32634,0,Non-SST
4822.5,34.9599,5.713,2.3534,0.31687,0,Non-SST
4823.0,34.4623,5.82,2.3068,0.3074,0,Non-SST
4823.5,33.9647,5.927,2.2601,0.29793,0,Non-SST
4824.0,35.1083,6.034,2.2551,0.30727,0,Non-SST
4824.5,36.252,6.141,2.2501,0.32981,5,WTR
4825.0,37.3957,6.3796,2.2451,0.32981,5,WTR
4825.5,38.5393,6.6182,2.2401,0.3161,5,WTR
4826.0,35.3585,6.8568,2.1356,0.30239,5,WTR
4826.5,32.1776,7.0955,2.0312,0.28867,5,WTR
4827.0,28.9968,6.5671,1.9267,0.27496,5,WTR
4827.5,28.6557,6.0387,2.0768,0.29606,5,WTR
4828.0,28.3146,5.5103,2.2134,0.31716,5,WTR
4828.5,33.427,5.325,2.2134,0.33826,0,Non-SST
4829.0,38.5393,5.1397,2.2067,0.32187,5,WTR
4829.5,40.7223,4.9544,2.2001,0.30548,0,Non-SST
4830.0,42.9053,4.769,2.1934,0.28909,5,WTR
4830.5,45.0883,4.4593,2.1867,0.2727,5,WTR
4831.0,45.947,4.1496,2.2151,0.29862,5,WTR
4831.5,46.8058,3.8398,2.2434,0.32453,5,WTR
4832.0,48.5875,3.6812,2.2718,0.35044,0,Non-SST
4832.5,50.3692,3.5226,2.3001,0.3456,0,Non-SST
4833.0,52.1509,3.364,2.3023,0.34075,0,Non-SST
4833.5,53.0819,3.2054,2.3045,0.3359,0,Non-SST
4834.0,54.0128,3.2643,2.3068,0.33105,0,Non-SST
4834.5,54.9438,3.2545,2.2884,0.33562,0,Non-SST
4835.0,55.8748,3.2447,2.2701,0.34019,0,Non-SST
4835.5,57.817,3.2349,2.2517,0.34476,5,WTR
4836.0,59.7592,3.225,2.2334,0.34133,5,WTR
4836.5,61.7014,3.2152,2.2001,0.33791,5,WTR
4837.0,73.2584,3.2054,2.1667,0.33449,0,Non-SST
4837.5,84.8154,3.2054,2.1334,0.33106,0,Non-SST
4838.0,96.3724,3.2054,1.983,0.39637,0,Non-SST
4838.5,107.9294,3.2054,1.8327,0.46168,0,Non-SST
4839.0,112.4505,3.2054,1.6823,0.527,0,Non-SST
4839.5,116.9716,3.2654,1.7101,0.57154,0,Non-SST
4840.0,121.4928,3.3255,1.7378,0.61609,0,Non-SST
4840.5,114.2977,3.3855,1.7656,0.66064,0,Non-SST
4841.0,107.1027,3.4455,1.7934,0.70519,0,Non-SST
4841.5,99.9077,3.2294,1.9845,0.67474,0,Non-SST
4842.0,92.7127,3.0132,2.1756,0.64429,0,Non-SST
4842.5,87.282,2.797,2.3668,0.61385,0,Non-SST
4843.0,81.8512,2.5809,2.3868,0.5834,0,Non-SST
4843.5,76.4205,2.3853,2.4068,0.51853,0,Non-SST
4844.0,74.7953,2.1897,2.4268,0.45365,0,Non-SST
4844.5,73.1701,1.9941,2.4468,0.38878,0,Non-SST
4845.0,71.5449,1.7985,2.4668,0.32391,0,Non-SST
4845.5,69.9197,1.7985,2.4712,0.31143,0,Non-SST
4846.0,68.8764,1.7985,2.4757,0.29894,0,Non-SST
4846.5,67.8331,1.7985,2.4801,0.28646,0,Non-SST
4847.0,66.7897,1.8499,2.4384,0.27138,0,Non-SST
4847.5,65.7464,1.9014,2.3968,0.25629,5,WTR
4848.0,59.4328,1.9528,2.3551,0.24121,5,WTR
4848.5,53.1193,2.0043,2.3134,0.22612,5,WTR
4849.0,46.8058,2.1081,2.2957,0.21893,5,WTR
4849.5,44.7392,2.212,2.2779,0.21173,5,WTR
4850.0,42.6726,2.3158,2.2601,0.20454,5,WTR
4850.5,40.6059,2.4058,2.2651,0.20454,5,WTR
4851.0,38.5393,2.4958,2.2701,0.20454,5,WTR
4851.5,39.6094,2.5858,2.2751,0.20454,5,WTR
4852.0,40.6795,2.6758,2.2801,0.20455,5,WTR
4852.5,41.7496,2.8523,2.2756,0.20598,5,WTR
4853.0,39.8034,3.0289,2.2712,0.20741,5,WTR
4853.5,37.8571,3.2054,2.2668,0.20884,5,WTR
4854.0,35.9109,3.1231,2.2134,0.20298,0,Non-SST
4854.5,33.9647,3.0408,2.1601,0.19713,5,WTR
4855.0,32.5361,2.9585,2.1068,0.19127,1,Gas
4855.5,31.1075,2.8762,2.0534,0.18541,1,Gas
4856.0,29.679,2.7778,2.0579,0.18471,1,Gas
4856.5,30.3852,2.6793,2.0623,0.184,1,Gas
4857.0,31.0915,2.5809,2.0668,0.1833,1,Gas
4857.5,31.7978,2.558,2.1101,0.19077,1,Gas
4858.0,32.504,2.5351,2.1534,0.19823,5,WTR
4858.5,34.0128,2.5122,2.1967,0.2057,5,WTR
4859.0,35.5217,2.4893,2.2401,0.21316,5,WTR
4859.5,37.0305,2.4599,2.1823,0.2175,5,WTR
4860.0,38.5393,2.4304,2.1245,0.22183,1,Gas
4860.5,33.8309,2.401,2.0668,0.22616,5,WTR
4861.0,29.1225,2.3394,2.0701,0.21598,5,WTR
4861.5,24.4141,2.2777,2.0734,0.2058,5,WTR
4862.0,23.5112,2.2161,2.0768,0.19562,5,WTR
4862.5,22.6084,2.1544,2.0801,0.18543,5,WTR
4863.0,21.7055,2.0991,2.0979,0.19468,5,WTR
4863.5,20.8026,2.0438,2.1156,0.20393,5,WTR
4864.0,20.4227,1.9885,2.1334,0.21318,5,WTR
4864.5,20.0428,1.9332,2.1651,0.22303,5,WTR
4865.0,19.6629,1.9569,2.1967,0.23289,5,WTR
4865.5,27.7849,1.9806,2.2284,0.24275,5,WTR
4866.0,35.9069,2.0043,2.2601,0.2526,5,WTR
4866.5,44.0289,2.0043,2.2801,0.2902,5,WTR
4867.0,52.1509,2.0043,2.3001,0.3278,5,WTR
4867.5,58.0738,2.0043,2.3201,0.3654,0,Non-SST
4868.0,63.9968,2.0043,2.3184,0.37491,0,Non-SST
4868.5,69.9197,1.8939,2.3168,0.38442,0,Non-SST
4869.0,69.9197,1.7835,2.3151,0.39393,0,Non-SST
4869.5,69.9197,1.6731,2.3134,0.40344,0,Non-SST
4870.0,69.9197,1.721,2.3234,0.3941,0,Non-SST
4870.5,69.9197,1.7689,2.3334,0.38475,0,Non-SST
4871.0,63.9968,1.8167,2.3434,0.37541,0,Non-SST
4871.5,58.0738,1.8646,2.3534,0.3532,0,Non-SST
4872.0,52.1509,2.015,2.3468,0.33099,5,WTR
4872.5,49.5506,2.1654,2.3401,0.30877,5,WTR
4873.0,46.9502,2.3158,2.3334,0.28656,5,WTR
4873.5,44.3499,2.3371,2.3201,0.27864,5,WTR
4874.0,41.7496,2.3584,2.3068,0.27071,5,WTR
4874.5,42.3007,2.3797,2.2934,0.26279,5,WTR
4875.0,42.8518,2.401,2.2801,0.25486,5,WTR
4875.5,43.4029,2.3797,2.289,0.27084,5,WTR
4876.0,46.0514,2.3584,2.2979,0.28682,5,WTR
4876.5,48.6998,2.3371,2.3068,0.30279,5,WTR
4877.0,51.3483,2.3158,2.2968,0.29989,5,WTR
4877.5,53.9968,2.262,2.2868,0.29699,5,WTR
4878.0,53.9968,2.2082,2.2768,0.29409,5,WTR
4878.5,53.9968,2.1544,2.2668,0.29119,5,WTR
4879.0,53.9968,2.1169,2.2851,0.28736,5,WTR
4879.5,52.6364,2.0794,2.3034,0.28354,5,WTR
4880.0,51.2761,2.0418,2.3218,0.27971,5,WTR
4880.5,49.9157,2.0043,2.3401,0.28143,5,WTR
4881.0,48.5554,2.0043,2.309,0.28315,5,WTR
4881.5,49.4543,2.0043,2.2779,0.28487,5,WTR
4882.0,50.3531,2.0043,2.2468,0.28659,5,WTR
4882.5,51.252,2.0043,2.2668,0.292,5,WTR
4883.0,52.1509,2.0043,2.2868,0.29741,5,WTR
4883.5,54.0289,2.0043,2.3068,0.30282,5,WTR
4884.0,55.9069,2.0043,2.3268,0.30813,5,WTR
4884.5,57.7849,2.0043,2.3312,0.31344,5,WTR
4885.0,58.2705,2.0043,2.3356,0.31876,5,WTR
4885.5,58.756,2.0043,2.3401,0.32407,5,WTR
4886.0,59.2416,2.0043,2.3501,0.31876,5,WTR
4886.5,59.7271,2.0043,2.3601,0.31345,5,WTR
4887.0,59.7271,2.0043,2.3701,0.30814,5,WTR
4887.5,59.7271,2.0043,2.3801,0.30284,5,WTR
4888.0,59.7271,1.9806,2.3645,0.31151,5,WTR
4888.5,59.7271,1.9569,2.349,0.32019,0,Non-SST
4889.0,59.7271,1.9332,2.3334,0.32887,5,WTR
4889.5,59.7271,1.9332,2.3384,0.32412,5,WTR
4890.0,59.7271,1.9332,2.3434,0.31937,5,WTR
4890.5,60.7223,1.9332,2.3484,0.31463,0,Non-SST
4891.0,61.7175,1.9332,2.3534,0.30988,5,WTR
4891.5,62.7127,1.9569,2.3245,0.31862,5,WTR
4892.0,63.7079,1.9806,2.2957,0.32736,0,Non-SST
4892.5,63.0391,2.0043,2.2668,0.3361,5,WTR
4893.0,62.3703,1.9865,2.2834,0.34159,0,Non-SST
4893.5,61.7014,1.9687,2.3001,0.34708,0,Non-SST
4894.0,62.203,1.951,2.3168,0.35258,0,Non-SST
4894.5,62.7047,1.9332,2.3334,0.35807,0,Non-SST
4895.0,63.2062,1.9332,2.3423,0.37757,0,Non-SST
4895.5,63.7079,1.9332,2.3512,0.39707,0,Non-SST
4896.0,64.3874,1.9332,2.3601,0.41657,0,Non-SST
4896.5,65.0669,1.9332,2.3468,0.41203,0,Non-SST
4897.0,65.7464,1.8883,2.3334,0.40749,0,Non-SST
4897.5,66.264,1.8434,2.3201,0.40295,0,Non-SST
4898.0,66.7817,1.7985,2.3068,0.39841,0,Non-SST
4898.5,67.2993,1.815,2.309,0.40447,0,Non-SST
4899.0,67.817,1.8315,2.3112,0.41053,0,Non-SST
4899.5,66.4473,1.8481,2.3134,0.41659,0,Non-SST
4900.0,65.0776,1.8646,2.3201,0.42122,0,Non-SST
4900.5,63.7079,1.8875,2.3268,0.42586,0,Non-SST
4901.0,65.7945,1.9103,2.3334,0.43049,0,Non-SST
4901.5,67.8812,1.9332,2.3401,0.43512,0,Non-SST
4902.0,69.9679,1.916,2.3368,0.44466,0,Non-SST
4902.5,72.0546,1.8989,2.3334,0.45419,0,Non-SST
4903.0,71.343,1.8818,2.3301,0.46373,0,Non-SST
4903.5,70.6314,1.8646,2.3268,0.47327,0,Non-SST
4904.0,69.9197,1.8875,2.3156,0.47234,0,Non-SST
4904.5,69.9197,1.9103,2.3045,0.47142,0,Non-SST
4905.0,69.9197,1.9332,2.2934,0.4705,0,Non-SST
4905.5,69.9197,1.916,2.2915,0.48602,0,Non-SST
4906.0,69.9197,1.8989,2.2896,0.50155,0,Non-SST
4906.5,70.6314,1.8818,2.2877,0.51707,0,Non-SST
4907.0,71.343,1.8646,2.2858,0.5326,0,Non-SST
4907.5,72.0546,1.8995,2.2839,0.51376,0,Non-SST
4908.0,71.2661,1.9345,2.282,0.49491,0,Non-SST
4908.5,70.4775,1.9694,2.2801,0.47607,0,Non-SST
4909.0,69.689,2.0043,2.2784,0.47262,0,Non-SST
4909.5,68.9005,1.9806,2.2768,0.46916,0,Non-SST
4910.0,67.8491,1.9569,2.2751,0.46571,0,Non-SST
4910.5,66.7978,1.9332,2.2734,0.46225,0,Non-SST
4911.0,65.7464,1.8995,2.2834,0.46134,0,Non-SST
4911.5,71.5677,1.8658,2.2934,0.46043,0,Non-SST
4912.0,77.389,1.8321,2.3034,0.45951,0,Non-SST
4912.5,83.2103,1.7985,2.3134,0.46158,0,Non-SST
4913.0,79.8876,1.8205,2.309,0.46364,0,Non-SST
4913.5,76.565,1.8426,2.3045,0.46571,0,Non-SST
4914.0,73.2424,1.8646,2.3001,0.46778,0,Non-SST
4914.5,69.9197,1.8481,2.3051,0.47606,0,Non-SST
4915.0,71.5449,1.8315,2.3101,0.48434,0,Non-SST
4915.5,73.1701,1.815,2.3151,0.49262,0,Non-SST
4916.0,74.7953,1.7985,2.3201,0.50091,0,Non-SST
4916.5,76.4205,1.7985,2.3134,0.49439,0,Non-SST
4917.0,76.4205,1.7985,2.3068,0.48732,0,Non-SST
4917.5,76.4205,1.9332,2.3001,0.46917,0,Non-SST
4918.0,76.4205,1.9332,2.3034,0.45136,0,Non-SST
4918.5,74.7953,1.9332,2.3068,0.43879,0,Non-SST
4919.0,73.1701,1.9332,2.3101,0.42622,0,Non-SST
4919.5,71.5449,1.951,2.3134,0.41365,0,Non-SST
4920.0,69.9197,1.9687,2.3207,0.40108,0,Non-SST
4920.5,72.0546,1.9865,2.3279,0.43266,0,Non-SST
4921.0,70.9872,2.0043,2.3351,0.46425,0,Non-SST
4921.5,69.9197,2.0043,2.3351,0.49583,0,Non-SST
4922.0,70.4535,2.0043,2.3197,0.48001,0,Non-SST
4922.5,70.9872,2.0043,2.3043,0.46419,0,Non-SST
4923.0,71.5209,1.9694,2.2888,0.44837,0,Non-SST
4923.5,72.0546,1.9345,2.2734,0.43255,0,Non-SST
4924.0,71.343,1.8995,2.2784,0.46405,0,Non-SST
4924.5,70.6314,1.8646,2.2834,0.49555,0,Non-SST
4925.0,69.9197,1.8213,2.2884,0.52706,0,Non-SST
4925.5,70.9952,1.778,2.2934,0.55856,0,Non-SST
4926.0,72.0706,1.7347,2.2912,0.54693,0,Non-SST
4926.5,73.1461,1.7729,2.289,0.5353,0,Non-SST
4927.0,74.2215,1.8111,2.2868,0.52368,0,Non-SST
4927.5,73.1461,1.8493,2.2868,0.51346,0,Non-SST
4928.0,72.0706,1.8875,2.2868,0.50324,0,Non-SST
4928.5,70.9952,1.8799,2.2868,0.49303,0,Non-SST
4929.0,69.9197,1.8722,2.2868,0.53539,0,Non-SST
4929.5,70.6314,1.8646,2.2845,0.53448,0,Non-SST
4930.0,71.343,1.8818,2.2823,0.53448,0,Non-SST
4930.5,72.0546,1.8989,2.2801,0.51691,0,Non-SST
4931.0,71.5209,1.916,2.3156,0.49934,0,Non-SST
4931.5,70.9872,1.9332,2.3512,0.48177,0,Non-SST
4932.0,70.4535,1.9103,2.3868,0.48916,0,Non-SST
4932.5,69.9197,1.8875,2.349,0.49656,0,Non-SST
4933.0,72.0867,1.8646,2.3112,0.50395,0,Non-SST
4933.5,74.2536,1.8646,2.2734,0.51134,0,Non-SST
4934.0,76.4205,1.8646,2.2756,0.51251,0,Non-SST
4934.5,76.4205,1.8646,2.2779,0.51368,0,Non-SST
4935.0,76.4205,1.8646,2.2801,0.51485,0,Non-SST
4935.5,76.4205,1.8481,2.2734,0.50519,0,Non-SST
4936.0,76.4205,1.8315,2.2668,0.49553,0,Non-SST
4936.5,75.8708,1.815,2.2601,0.48587,0,Non-SST
4937.0,75.321,1.7985,2.2534,0.47621,0,Non-SST
4937.5,74.7713,1.7772,2.269,0.49493,0,Non-SST
4938.0,74.2215,1.7559,2.2845,0.51365,0,Non-SST
4938.5,74.2215,1.7347,2.3001,0.53236,0,Non-SST
4939.0,74.2215,1.7506,2.3014,0.55108,0,Non-SST
4939.5,74.2215,1.7666,2.3028,0.5206,0,Non-SST
4940.0,74.7713,1.7825,2.3041,0.49013,0,Non-SST
4940.5,75.321,1.7985,2.3054,0.45965,0,Non-SST
4941.0,75.8708,1.8205,2.3068,0.46171,0,Non-SST
4941.5,76.4205,1.8426,2.3001,0.46378,0,Non-SST
4942.0,77.1643,1.8646,2.2934,0.46585,0,Non-SST
4942.5,77.908,1.8321,2.2868,0.46791,0,Non-SST
4943.0,78.6517,1.7996,2.3068,0.47894,0,Non-SST
4943.5,76.4687,1.7672,2.3268,0.48996,0,Non-SST
4944.0,74.2857,1.7347,2.3468,0.50099,0,Non-SST
4944.5,72.1027,1.7506,2.3668,0.5049,0,Non-SST
4945.0,69.9197,1.7666,2.329,0.50882,0,Non-SST
4945.5,69.9197,1.7825,2.2912,0.51273,0,Non-SST
4946.0,69.9197,1.7985,2.2534,0.51664,0,Non-SST
4946.5,69.9197,1.8205,2.2768,0.50172,0,Non-SST
4947.0,70.9952,1.8426,2.3001,0.4868,0,Non-SST
4947.5,72.0706,1.8646,2.3234,0.47187,0,Non-SST
4948.0,73.1461,1.8481,2.3468,0.45695,0,Non-SST
4948.5,74.2215,1.8315,2.3401,0.4751,0,Non-SST
4949.0,74.9545,1.815,2.3334,0.49324,0,Non-SST
4949.5,75.6875,1.7985,2.3268,0.51139,0,Non-SST
4950.0,76.4205,1.7985,2.3151,0.51052,0,Non-SST
4950.5,75.329,1.7985,2.3034,0.50965,0,Non-SST
4951.0,74.2376,1.7985,2.2918,0.50878,0,Non-SST
4951.5,73.1461,1.7985,2.2801,0.50791,0,Non-SST
4952.0,72.0546,1.7985,2.289,0.50111,0,Non-SST
4952.5,71.343,1.7985,2.2979,0.4943,0,Non-SST
4953.0,70.6314,1.7985,2.3068,0.4875,0,Non-SST
4953.5,69.9197,1.7985,2.3018,0.48055,0,Non-SST
4954.0,69.9197,1.7985,2.2968,0.47361,0,Non-SST
4954.5,69.9197,1.7985,2.2918,0.46666,0,Non-SST
4955.0,69.9197,1.7985,2.2868,0.45972,0,Non-SST
4955.5,69.9197,1.7985,2.2912,0.47276,0,Non-SST
4956.0,69.9197,1.7985,2.2957,0.48581,0,Non-SST
4956.5,69.9197,1.7985,2.3001,0.49885,0,Non-SST
4957.0,69.9197,1.8205,2.3034,0.48976,0,Non-SST
4957.5,69.9197,1.8426,2.3068,0.48067,0,Non-SST
4958.0,69.9197,1.8646,2.3101,0.47157,0,Non-SST
4958.5,69.9197,1.8646,2.3134,0.46248,0,Non-SST
4959.0,69.9197,1.8646,2.3156,0.47271,0,Non-SST
4959.5,71.3537,1.8646,2.3179,0.48295,0,Non-SST
4960.0,72.7876,1.8646,2.3201,0.49319,0,Non-SST
4960.5,74.2215,1.8818,2.3201,0.47021,0,Non-SST
4961.0,75.3291,1.8989,2.3201,0.44723,0,Non-SST
4961.5,76.4366,1.916,2.3201,0.42425,0,Non-SST
4962.0,77.5441,1.9332,2.3201,0.40127,0,Non-SST
4962.5,78.6517,2.0069,2.3184,0.40322,0,Non-SST
4963.0,77.5441,2.0807,2.3168,0.40516,0,Non-SST
4963.5,76.4366,2.1544,2.3151,0.40711,0,Non-SST
4964.0,75.3291,2.261,2.3134,0.40905,0,Non-SST
4964.5,74.2215,2.3677,2.2734,0.39881,0,Non-SST
4965.0,80.3852,2.4743,2.2334,0.38858,0,Non-SST
4965.5,86.549,2.5809,2.1934,0.37834,0,Non-SST
4966.0,92.7127,2.7146,2.1501,0.36907,0,Non-SST
4966.5,100.6099,2.8483,2.1068,0.3598,0,Non-SST
4967.0,108.5072,2.982,2.0634,0.35053,0,Non-SST
4967.5,116.4045,2.8155,2.0201,0.34125,0,Non-SST
4968.0,124.3018,2.6489,1.949,0.39097,0,Non-SST
4968.5,132.1776,2.4824,1.8779,0.44068,0,Non-SST
4969.0,140.0535,2.3158,1.8067,0.4904,0,Non-SST
4969.5,147.9294,2.1883,1.9384,0.48344,0,Non-SST
4970.0,137.2753,2.0607,2.0701,0.47647,0,Non-SST
4970.5,126.6212,1.9332,2.2018,0.46951,0,Non-SST
4971.0,115.9671,1.8533,2.3334,0.46254,0,Non-SST
4971.5,105.313,1.7735,2.3634,0.41177,0,Non-SST
4972.0,97.9454,1.6936,2.3934,0.36099,0,Non-SST
4972.5,90.5778,1.6138,2.4234,0.31022,0,Non-SST
4973.0,83.2103,1.6138,2.4534,0.32537,0,Non-SST
4973.5,81.5128,1.6138,2.4445,0.34053,0,Non-SST
4974.0,79.8154,1.6138,2.4357,0.35569,0,Non-SST
4974.5,78.118,1.6138,2.4268,0.37085,0,Non-SST
4975.0,76.4205,1.6138,2.3801,0.33752,0,Non-SST
4975.5,71.7616,1.6138,2.3334,0.30419,0,Non-SST
4976.0,67.1027,1.6138,2.2868,0.27086,5,WTR
4976.5,62.4438,1.6336,2.2401,0.23753,5,WTR
4977.0,57.7849,1.6533,2.2779,0.24048,5,WTR
4977.5,61.8298,1.6731,2.3156,0.24342,5,WTR
4978.0,65.8748,1.6169,2.3534,0.24636,5,WTR
4978.5,69.9197,1.5606,2.3501,0.25767,0,Non-SST
4979.0,68.3668,1.5043,2.3468,0.26898,0,Non-SST
4979.5,66.8138,1.4481,2.3434,0.28029,5,WTR
4980.0,65.2608,1.4658,2.3401,0.2916,5,WTR
4980.5,63.7079,1.4836,2.3556,0.32054,0,Non-SST
4981.0,66.4901,1.5013,2.3712,0.34947,0,Non-SST
4981.5,69.2723,1.488,2.3868,0.37841,0,Non-SST
4982.0,72.0546,1.4747,2.3634,0.39269,0,Non-SST
4982.5,73.1461,1.4614,2.3401,0.40696,0,Non-SST
4983.0,74.2376,1.4481,2.3168,0.42123,0,Non-SST
4983.5,75.329,1.4352,2.2934,0.43551,0,Non-SST
4984.0,76.4205,1.4224,2.289,0.45478,0,Non-SST
4984.5,77.1643,1.4095,2.2845,0.47404,0,Non-SST
4985.0,77.908,1.3967,2.2801,0.49331,0,Non-SST
4985.5,78.6517,1.4138,2.2951,0.4919,0,Non-SST
4986.0,77.5441,1.4309,2.3101,0.49049,0,Non-SST
4986.5,76.4366,1.4481,2.3251,0.48908,0,Non-SST
4987.0,75.3291,1.5522,2.3401,0.48767,0,Non-SST
4987.5,74.2215,1.6563,2.3534,0.46411,0,Non-SST
4988.0,72.0867,1.7605,2.3668,0.44056,0,Non-SST
4988.5,69.9518,1.8646,2.3801,0.417,0,Non-SST
4989.0,67.817,1.7619,2.3718,0.42568,0,Non-SST
4989.5,69.9679,1.6592,2.3634,0.43436,0,Non-SST
4990.0,72.1188,1.5565,2.3551,0.44303,0,Non-SST
4990.5,74.2697,1.5294,2.3468,0.45171,0,Non-SST
4991.0,76.4205,1.5023,2.3401,0.44366,0,Non-SST
4991.5,75.6875,1.4752,2.3334,0.43561,0,Non-SST
4992.0,74.9545,1.4481,2.3268,0.42756,0,Non-SST
4992.5,74.2215,1.5197,2.3201,0.41092,0,Non-SST
4993.0,73.6798,1.5914,2.3156,0.39428,0,Non-SST
4993.5,73.138,1.663,2.3112,0.37763,0,Non-SST
4994.0,72.5963,1.7347,2.3068,0.36099,0,Non-SST
4994.5,72.0546,1.778,2.3301,0.38641,0,Non-SST
4995.0,71.5209,1.8213,2.3534,0.41183,0,Non-SST
4995.5,70.9872,1.8646,2.3768,0.43725,0,Non-SST
4996.0,70.4535,1.9371,2.4001,0.46267,0,Non-SST
4996.5,69.9197,2.0095,2.3845,0.4414,0,Non-SST
4997.0,68.5286,2.082,2.369,0.42013,0,Non-SST
4997.5,67.1375,2.1544,2.3534,0.39886,0,Non-SST
4998.0,65.7464,2.0578,2.3418,0.40407,0,Non-SST
4998.5,66.264,1.9612,2.3301,0.40927,0,Non-SST
4999.0,66.7817,1.8646,2.3184,0.41448,0,Non-SST
4999.5,67.2993,1.8167,2.3068,0.41968,0,Non-SST
5000.0,67.817,1.7689,2.309,0.4405,0,Non-SST
5000.5,69.3178,1.721,2.3112,0.46131,0,Non-SST
5001.0,70.8186,1.6731,2.3134,0.48212,0,Non-SST
5001.5,72.3194,1.6731,2.3218,0.46717,0,Non-SST
5002.0,73.8202,1.6731,2.3301,0.45223,0,Non-SST
5002.5,75.321,1.6731,2.3384,0.43728,0,Non-SST
5003.0,73.5206,1.6885,2.3468,0.42233,0,Non-SST
5003.5,71.7202,1.7039,2.3501,0.4171,0,Non-SST
5004.0,69.9197,1.7193,2.3534,0.41188,0,Non-SST
5004.5,69.9197,1.7347,2.3568,0.40665,0,Non-SST
5005.0,69.9197,1.7347,2.3601,0.4073,0,Non-SST
5005.5,69.9197,1.7347,2.349,0.40795,0,Non-SST
5006.0,69.9197,1.7347,2.3379,0.4086,0,Non-SST
5006.5,69.9197,1.7506,2.3268,0.40926,0,Non-SST
5007.0,69.9197,1.7666,2.3384,0.42194,0,Non-SST
5007.5,69.9197,1.7825,2.3501,0.43462,0,Non-SST
5008.0,72.1027,1.7985,2.3618,0.44731,0,Non-SST
5008.5,74.2857,1.8552,2.3734,0.45999,0,Non-SST
5009.0,76.4687,1.912,2.3356,0.42867,0,Non-SST
5009.5,78.6517,1.9687,2.2979,0.39735,0,Non-SST
5010.0,79.4061,1.8836,2.2601,0.36603,0,Non-SST
5010.5,80.1605,1.7985,2.2701,0.39297,0,Non-SST
5011.0,80.9149,1.7772,2.2801,0.41992,0,Non-SST
5011.5,79.7913,1.7559,2.2901,0.44686,0,Non-SST
5012.0,78.6677,1.7347,2.3001,0.47381,0,Non-SST
5012.5,77.5441,1.7506,2.3112,0.47381,0,Non-SST
5013.0,76.4205,1.7666,2.3223,0.47381,0,Non-SST
5013.5,76.4205,1.7825,2.3334,0.47381,0,Non-SST
5014.0,77.5415,1.7985,2.3368,0.469,0,Non-SST
5014.5,78.6624,1.8499,2.3401,0.46419,0,Non-SST
5015.0,78.6517,1.9014,2.3434,0.45937,0,Non-SST
5015.5,75.3531,1.9528,2.3468,0.45456,0,Non-SST
5016.0,72.0546,2.0043,2.349,0.42923,0,Non-SST
5016.5,71.343,2.0043,2.3512,0.40391,0,Non-SST
5017.0,70.6314,2.0043,2.3534,0.37858,0,Non-SST
5017.5,69.9197,2.0043,2.3501,0.38627,0,Non-SST
5018.0,69.9197,1.9865,2.3468,0.39395,0,Non-SST
5018.5,69.9197,1.9687,2.3434,0.40163,0,Non-SST
5019.0,69.9197,1.951,2.3401,0.40932,0,Non-SST
5019.5,69.9197,1.9332,2.3645,0.39887,0,Non-SST
5020.0,67.1803,1.8646,2.389,0.38842,0,Non-SST
5020.5,64.4409,2.0491,2.4134,0.37797,0,Non-SST
5021.0,61.7014,2.2337,2.4001,0.37797,0,Non-SST
5021.5,58.8604,2.3494,2.3868,0.3634,0,Non-SST
5022.0,56.0193,2.4651,2.3734,0.34883,0,Non-SST
5022.5,53.1782,2.5809,2.3601,0.33425,0,Non-SST
5023.0,50.3371,2.7511,2.3184,0.29051,5,WTR
5023.5,49.7432,2.9214,2.2768,0.24677,5,WTR
5024.0,49.1493,3.0917,2.2351,0.20303,1,Gas
5024.5,48.5554,3.0917,2.1934,0.19735,1,Gas
5025.0,47.6886,3.0917,2.1934,0.19168,1,Gas
5025.5,46.8218,3.0917,2.2134,0.186,1,Gas
5026.0,45.9551,3.0123,2.2534,0.2017,0,Non-SST
5026.5,45.0883,2.9329,2.2668,0.2174,5,WTR
5027.0,48.748,2.8536,2.2801,0.23309,5,WTR
5027.5,52.4077,2.7742,2.2934,0.24879,5,WTR
5028.0,56.0674,2.7742,2.269,0.2422,5,WTR
5028.5,59.7271,2.7742,2.2445,0.23562,1,Gas
5029.0,54.2857,2.7742,2.2201,0.22903,1,Gas
5029.5,48.8443,2.8261,2.2284,0.22245,5,WTR
5030.0,43.4029,2.8781,2.2367,0.20749,1,Gas
5030.5,42.9896,2.9301,2.2451,0.19253,0,Non-SST
5031.0,42.5762,2.982,2.2534,0.17758,0,Non-SST
5031.5,42.1629,2.9301,2.2651,0.18771,0,Non-SST
5032.0,41.7496,2.8781,2.2768,0.19785,0,Non-SST
5032.5,45.2167,2.8261,2.2884,0.20799,5,WTR
5033.0,48.6838,2.7742,2.3001,0.21813,5,WTR
5033.5,52.1509,2.6498,2.3084,0.23059,5,WTR
5034.0,56.0674,2.5254,2.3168,0.24304,5,WTR
5034.5,59.9839,2.401,2.3251,0.2555,5,WTR
5035.0,63.9005,2.3018,2.3334,0.29594,5,WTR
5035.5,67.817,2.2027,2.3223,0.33637,0,Non-SST
5036.0,68.3427,2.1035,2.3112,0.37681,0,Non-SST
5036.5,68.8684,2.0043,2.3001,0.41724,0,Non-SST
5037.0,69.3941,1.9577,2.2901,0.41463,0,Non-SST
5037.5,69.9197,1.9112,2.2801,0.41202,0,Non-SST
5038.0,70.6314,1.8646,2.2701,0.40942,0,Non-SST
5038.5,71.343,1.8995,2.2601,0.40683,0,Non-SST
5039.0,72.0546,1.9345,2.2645,0.40424,0,Non-SST
5039.5,69.9679,1.9694,2.269,0.40166,0,Non-SST
5040.0,67.8812,2.0043,2.2734,0.39907,0,Non-SST
5040.5,65.7945,1.9806,2.3018,0.39843,0,Non-SST
5041.0,63.7079,1.9569,2.3301,0.39779,0,Non-SST
5041.5,65.7785,1.9332,2.3584,0.39715,0,Non-SST
5042.0,67.8491,1.9332,2.3868,0.39651,0,Non-SST
5042.5,69.9197,1.9332,2.3645,0.39311,0,Non-SST
5043.0,72.1027,1.9332,2.3423,0.38971,0,Non-SST
5043.5,74.2857,1.9332,2.3201,0.38631,0,Non-SST
5044.0,76.4687,1.8533,2.3034,0.40341,0,Non-SST
5044.5,78.6517,1.7735,2.2868,0.42051,0,Non-SST
5045.0,81.7336,1.6936,2.2701,0.43761,0,Non-SST
5045.5,84.8154,1.6138,2.2534,0.45472,0,Non-SST
5046.0,87.8973,1.5414,2.2534,0.47606,0,Non-SST
5046.5,89.7151,1.4691,2.2534,0.4974,0,Non-SST
5047.0,91.5329,1.3967,2.2534,0.51874,0,Non-SST
5047.5,93.3507,1.4228,2.2334,0.51698,0,Non-SST
5048.0,95.1685,1.449,2.2134,0.51523,0,Non-SST
5048.5,95.1685,1.4751,2.1934,0.51347,0,Non-SST
5049.0,95.1685,1.5013,2.1734,0.51171,0,Non-SST
5049.5,95.1685,1.5388,2.1512,0.54389,0,Non-SST
5050.0,97.0586,1.5763,2.129,0.57607,0,Non-SST
5050.5,98.9486,1.6138,2.1068,0.60825,0,Non-SST
5051.0,100.8387,1.5857,2.1284,0.59406,0,Non-SST
5051.5,102.7287,1.5575,2.1501,0.57986,0,Non-SST
5052.0,106.2386,1.5294,2.1718,0.56567,0,Non-SST
5052.5,109.7485,1.5013,2.1934,0.55147,0,Non-SST
5053.0,113.2584,1.5443,2.2001,0.53411,0,Non-SST
5053.5,111.9262,1.5872,2.2067,0.51674,0,Non-SST
5054.0,110.5939,1.6302,2.2134,0.49938,0,Non-SST
5054.5,109.2616,1.6731,2.2118,0.48417,0,Non-SST
5055.0,107.9294,1.737,2.2101,0.46897,0,Non-SST
5055.5,105.3612,1.8008,2.2084,0.45376,0,Non-SST
5056.0,102.7929,1.8646,2.2067,0.43856,0,Non-SST
5056.5,100.2247,1.8646,2.2118,0.43856,0,Non-SST
5057.0,97.6565,1.8646,2.2167,0.43856,0,Non-SST
5057.5,95.2006,1.8646,2.2218,0.43856,0,Non-SST
5058.0,92.7448,1.8646,2.2267,0.43857,0,Non-SST
5058.5,90.2889,1.9112,2.2579,0.43413,0,Non-SST
5059.0,88.5193,1.9577,2.289,0.4297,0,Non-SST
5059.5,86.7496,2.0043,2.3201,0.42526,0,Non-SST
5060.0,84.9799,1.9865,2.2984,0.41618,0,Non-SST
5060.5,83.2103,1.9687,2.2768,0.4071,0,Non-SST
5061.0,85.5698,1.951,2.2551,0.39802,0,Non-SST
5061.5,87.9294,1.9332,2.2334,0.38894,0,Non-SST
5062.0,90.2889,1.9332,2.2379,0.41181,0,Non-SST
5062.5,89.691,1.9332,2.2423,0.43467,0,Non-SST
5063.0,89.0931,1.9332,2.2468,0.45754,0,Non-SST
5063.5,88.4952,1.8836,2.2501,0.47374,0,Non-SST
5064.0,87.8973,1.8339,2.2534,0.48994,0,Non-SST
5064.5,86.7255,1.7843,2.2568,0.50615,0,Non-SST
5065.0,85.5538,1.7347,2.2601,0.52235,0,Non-SST
5065.5,84.382,1.778,2.2584,0.49265,0,Non-SST
5066.0,83.2103,1.8213,2.2568,0.46296,0,Non-SST
5066.5,81.6907,1.8646,2.2551,0.43327,0,Non-SST
5067.0,80.1712,1.8481,2.2534,0.44278,0,Non-SST
5067.5,78.6517,1.8315,2.2534,0.4523,0,Non-SST
5068.0,78.0939,1.815,2.2534,0.46182,0,Non-SST
5068.5,77.5361,1.7985,2.2534,0.47133,0,Non-SST
5069.0,76.9783,1.8205,2.2501,0.4645,0,Non-SST
5069.5,76.4205,1.8426,2.2468,0.45767,0,Non-SST
5070.0,78.6838,1.8646,2.2434,0.45084,0,Non-SST
5070.5,80.947,1.8646,2.2401,0.44401,0,Non-SST
5071.0,83.2103,1.8646,2.2067,0.42909,0,Non-SST
5071.5,86.1998,1.8646,2.1734,0.41416,0,Non-SST
5072.0,89.1894,1.8646,2.1401,0.39924,0,Non-SST
5072.5,92.179,1.918,2.1201,0.4605,0,Non-SST
5073.0,95.1685,1.9713,2.1001,0.52177,0,Non-SST
5073.5,102.1027,2.0247,2.0801,0.58304,0,Non-SST
5074.0,109.0369,2.078,2.0601,0.6443,0,Non-SST
5074.5,115.9711,1.9233,2.149,0.63928,0,Non-SST
5075.0,108.9526,1.7685,2.2379,0.63427,0,Non-SST
5075.5,101.9342,1.6138,2.3268,0.62925,0,Non-SST
5076.0,94.9157,1.5995,2.3151,0.57047,0,Non-SST
5076.5,87.8973,1.5852,2.3034,0.51169,0,Non-SST
5077.0,86.3349,1.5708,2.2918,0.45291,0,Non-SST
5077.5,84.7726,1.5565,2.2801,0.39413,0,Non-SST
5078.0,83.2103,1.5954,2.2979,0.43629,0,Non-SST
5078.5,82.0706,1.6343,2.3156,0.47846,0,Non-SST
5079.0,80.931,1.6731,2.3334,0.52062,0,Non-SST
5079.5,79.7913,1.6583,2.3334,0.49947,0,Non-SST
5080.0,78.6517,1.6435,2.3334,0.47832,0,Non-SST
5080.5,78.6517,1.6286,2.3334,0.45716,0,Non-SST
5081.0,78.6517,1.6138,2.3334,0.43601,0,Non-SST
5081.5,78.6517,1.5995,2.3134,0.44322,0,Non-SST
5082.0,77.5441,1.5852,2.2934,0.45044,0,Non-SST
5082.5,76.4366,1.5708,2.2734,0.45765,0,Non-SST
5083.0,75.3291,1.5565,2.2734,0.4667,0,Non-SST
5083.5,74.2215,1.5381,2.2734,0.47575,0,Non-SST
5084.0,73.4992,1.5197,2.2734,0.48481,0,Non-SST
5084.5,72.7769,1.5013,2.2734,0.49386,0,Non-SST
5085.0,72.0546,1.6646,2.2801,0.47727,0,Non-SST
5085.5,70.4775,1.8279,2.2868,0.46068,0,Non-SST
5086.0,68.9005,1.9912,2.2934,0.44409,0,Non-SST
5086.5,67.3234,2.1544,2.2951,0.44009,0,Non-SST
5087.0,65.7464,2.0358,2.2968,0.43608,0,Non-SST
5087.5,66.264,1.9171,2.2984,0.43207,0,Non-SST
5088.0,66.7817,1.7985,2.3001,0.42806,0,Non-SST
5088.5,67.2993,1.7242,2.2968,0.43822,0,Non-SST
5089.0,67.817,1.6499,2.2934,0.44837,0,Non-SST
5089.5,70.6849,1.5756,2.2901,0.45853,0,Non-SST
5090.0,73.5527,1.5013,2.2868,0.46869,0,Non-SST
5090.5,76.4205,1.5388,2.3068,0.46685,0,Non-SST
5091.0,76.9783,1.5763,2.3268,0.46502,0,Non-SST
5091.5,77.5361,1.6138,2.3468,0.46318,0,Non-SST
5092.0,78.0939,1.6286,2.3434,0.45909,0,Non-SST
5092.5,78.6517,1.6435,2.3401,0.45501,0,Non-SST
5093.0,75.741,1.6583,2.3368,0.45092,0,Non-SST
5093.5,72.8304,1.6731,2.3334,0.44684,0,Non-SST
5094.0,69.9197,1.6936,2.3512,0.43795,0,Non-SST
5094.5,69.3941,1.7141,2.369,0.42906,0,Non-SST
5095.0,68.8684,1.7347,2.3868,0.42018,0,Non-SST
5095.5,68.3427,1.7506,2.3801,0.41337,0,Non-SST
5096.0,67.817,1.7666,2.3734,0.40657,0,Non-SST
5096.5,68.8764,1.7825,2.3668,0.39976,0,Non-SST
5097.0,69.9358,1.7985,2.3601,0.39295,0,Non-SST
5097.5,70.9952,1.6994,2.3534,0.4341,0,Non-SST
5098.0,72.0546,1.6004,2.3468,0.44281,0,Non-SST
5098.5,72.7769,1.5013,2.3401,0.44282,0,Non-SST
5099.0,73.4992,1.5013,2.3334,0.42945,0,Non-SST
5099.5,74.2215,1.5013,2.3345,0.4268,0,Non-SST
5100.0,74.7713,1.5013,2.3356,0.43493,0,Non-SST
5100.5,75.321,1.5013,2.3368,0.43671,0,Non-SST
5101.0,75.8708,1.5197,2.3518,0.46155,0,Non-SST
5101.5,76.4205,1.5381,2.3668,0.47754,0,Non-SST
5102.0,75.6875,1.5565,2.3534,0.47941,0,Non-SST
5102.5,74.9545,1.5427,2.3256,0.4883,0,Non-SST
5103.0,74.2215,1.5289,2.3038,0.48268,0,Non-SST
5103.5,74.7713,1.5151,2.2971,0.466,0,Non-SST
5104.0,75.321,1.5013,2.3032,0.42815,0,Non-SST
5104.5,75.8708,1.5013,2.3232,0.44554,0,Non-SST
5105.0,76.4205,1.5013,2.3277,0.46326,0,Non-SST
5105.5,76.054,1.5013,2.3223,0.48182,0,Non-SST
5106.0,75.6875,1.5013,2.3245,0.50038,0,Non-SST
5106.5,75.321,1.5197,2.3201,0.51895,0,Non-SST
5107.0,74.2322,1.5381,2.3179,0.50497,0,Non-SST
5107.5,73.1434,1.5565,2.3156,0.48552,0,Non-SST
5108.0,72.0546,1.5708,2.3134,0.50757,0,Non-SST
5108.5,73.5099,1.5852,2.3234,0.52962,0,Non-SST
5109.0,74.9652,1.5995,2.3334,0.55168,0,Non-SST
5109.5,76.4205,1.6138,2.3468,0.50093,0,Non-SST
5110.0,76.9783,1.5947,2.3601,0.45019,0,Non-SST
5110.5,77.5361,1.5756,2.3579,0.39944,0,Non-SST
5111.0,78.0939,1.5565,2.3556,0.43021,0,Non-SST
5111.5,78.6517,1.5565,2.3534,0.46098,0,Non-SST
5112.0,78.6517,1.5565,2.3445,0.49175,0,Non-SST
5112.5,78.6517,1.5565,2.3356,0.52252,0,Non-SST
5113.0,78.6517,1.5565,2.3268,0.50848,0,Non-SST
5113.5,78.6517,1.5565,2.3101,0.49444,0,Non-SST
5114.0,79.4061,1.5852,2.2934,0.48041,0,Non-SST
5114.5,80.1605,1.6138,2.2984,0.48041,0,Non-SST
5115.0,80.9149,1.5947,2.3034,0.46342,0,Non-SST
5115.5,82.0706,1.5756,2.3084,0.44642,0,Non-SST
5116.0,83.2263,1.5565,2.3134,0.42943,0,Non-SST
5116.5,84.382,1.5756,2.3242,0.41243,0,Non-SST
5117.0,85.5377,1.5947,2.3349,0.43869,0,Non-SST
5117.5,83.9968,1.6138,2.3456,0.46496,0,Non-SST
5118.0,82.4559,1.644,2.3456,0.49122,0,Non-SST
5118.5,80.9149,1.6742,2.3543,0.47828,0,Non-SST
5119.0,80.9149,1.7044,2.3629,0.46534,0,Non-SST
5119.5,80.9149,1.7347,2.3715,0.4524,0,Non-SST
5120.0,80.9149,1.6763,2.3801,0.44703,0,Non-SST
5120.5,80.9149,1.618,2.3556,0.44165,0,Non-SST
5121.0,82.0706,1.5596,2.3312,0.43628,0,Non-SST
5121.5,83.2263,1.5013,2.3068,0.4309,0,Non-SST
5122.0,84.382,1.5013,2.3084,0.44178,0,Non-SST
5122.5,85.5377,1.5013,2.3101,0.45266,0,Non-SST
5123.0,86.3242,1.5013,2.3118,0.46354,0,Non-SST
5123.5,87.1108,1.5013,2.3134,0.47442,0,Non-SST
5124.0,87.8973,1.5388,2.3068,0.46349,0,Non-SST
5124.5,90.3371,1.5763,2.3001,0.45255,0,Non-SST
5125.0,92.7769,1.6138,2.2934,0.44162,0,Non-SST
5125.5,95.2167,1.5995,2.2868,0.46962,0,Non-SST
5126.0,97.6565,1.5852,2.2179,0.49762,0,Non-SST
5126.5,113.3922,1.5708,2.149,0.52562,0,Non-SST
5127.0,129.1279,1.5565,2.0801,0.55362,0,Non-SST
5127.5,144.8636,1.5565,2.0634,0.57331,0,Non-SST
5128.0,144.1051,1.5565,2.0467,0.593,0,Non-SST
5128.5,143.3467,1.5565,2.0301,0.61269,0,Non-SST
5129.0,142.5883,1.6869,2.0134,0.58234,0,Non-SST
5129.5,141.8299,1.8173,2.089,0.55199,0,Non-SST
5130.0,128.9446,1.9476,2.1645,0.52164,0,Non-SST
5130.5,116.0594,2.078,2.2401,0.49129,0,Non-SST
5131.0,103.1742,1.9636,2.2534,0.48091,0,Non-SST
5131.5,90.2889,1.8491,2.2668,0.47052,0,Non-SST
5132.0,92.7448,1.7347,2.2801,0.46014,0,Non-SST
5132.5,95.2006,1.7672,2.2934,0.44976,0,Non-SST
5133.0,97.6565,1.7996,2.2823,0.43046,0,Non-SST
5133.5,95.8146,1.8321,2.2712,0.41117,0,Non-SST
5134.0,93.9727,1.8646,2.2601,0.39187,0,Non-SST
5134.5,92.1308,1.9112,2.2618,0.38557,0,Non-SST
5135.0,90.2889,1.9577,2.2634,0.37926,0,Non-SST
5135.5,91.9155,2.0043,2.2651,0.37296,0,Non-SST
5136.0,93.542,1.9694,2.2668,0.36666,0,Non-SST
5136.5,95.1685,1.9345,2.2601,0.38899,0,Non-SST
5137.0,99.0209,1.8995,2.2534,0.41132,0,Non-SST
5137.5,102.8732,1.8646,2.2468,0.43365,0,Non-SST
5138.0,106.7255,1.8321,2.2484,0.43499,0,Non-SST
5138.5,110.5778,1.7996,2.2501,0.43633,0,Non-SST
5139.0,112.3756,1.7672,2.2517,0.43767,0,Non-SST
5139.5,114.1733,1.7347,2.2534,0.43901,0,Non-SST
5140.0,115.9711,1.7347,2.1979,0.45178,0,Non-SST
5140.5,118.0538,1.7347,2.1423,0.46454,0,Non-SST
5141.0,120.1364,1.7347,2.0868,0.47731,0,Non-SST
5141.5,122.2191,1.6763,2.1334,0.495,0,Non-SST
5142.0,124.3018,1.618,2.1801,0.51269,0,Non-SST
5142.5,128.1541,1.5596,2.2267,0.53039,0,Non-SST
5143.0,132.0064,1.5013,2.2734,0.54808,0,Non-SST
5143.5,135.8587,1.5013,2.2801,0.53491,0,Non-SST
5144.0,135.1244,1.5013,2.2868,0.52173,0,Non-SST
5144.5,134.39,1.5013,2.2934,0.50856,0,Non-SST
5145.0,133.6557,1.5921,2.2918,0.48327,0,Non-SST
5145.5,132.9213,1.683,2.2901,0.45798,0,Non-SST
5146.0,147.603,1.7738,2.2884,0.43268,0,Non-SST
5146.5,162.2846,1.8646,2.2868,0.40739,0,Non-SST
5147.0,176.9663,2.0437,2.3318,0.35249,0,Non-SST
5147.5,160.3692,2.2227,2.3768,0.29758,0,Non-SST
5148.0,143.7721,2.4018,2.4218,0.24268,0,Non-SST
5148.5,127.175,2.5809,2.4668,0.23558,0,Non-SST
5149.0,110.5778,2.6793,2.4245,0.22849,0,Non-SST
5149.5,103.1621,2.7778,2.3823,0.2214,0,Non-SST
5150.0,95.7464,2.8762,2.3401,0.2143,0,Non-SST
5150.5,88.3307,2.9301,2.2851,0.20313,0,Non-SST
5151.0,80.9149,2.984,2.2301,0.19196,1,Gas
5151.5,70.1284,3.0378,2.1751,0.1808,1,Gas
5152.0,59.3419,3.0917,2.1201,0.16963,1,Gas
5152.5,48.5554,3.0917,2.1156,0.16265,1,Gas
5153.0,48.118,3.0917,2.1112,0.15568,1,Gas
5153.5,47.6806,3.0917,2.1068,0.1487,1,Gas
5154.0,47.2432,3.0643,2.1084,0.15289,1,Gas
5154.5,46.8058,3.0368,2.1101,0.15707,1,Gas
5155.0,46.2333,3.0094,2.1117,0.16126,1,Gas
5155.5,45.6608,2.982,2.1134,0.16544,1,Gas
5156.0,45.0883,3.0565,2.0951,0.17177,1,Gas
5156.5,44.2536,3.1309,2.0768,0.17809,1,Gas
5157.0,43.4189,3.2054,2.0584,0.18441,1,Gas
5157.5,42.5843,3.2054,2.0401,0.19082,1,Gas
5158.0,41.7496,3.2054,2.0356,0.19722,1,Gas
5158.5,41.3443,3.2054,2.0312,0.20362,1,Gas
5159.0,40.939,3.2054,2.0267,0.21003,1,Gas
5159.5,40.5337,3.2054,2.0267,0.19106,1,Gas
5160.0,40.1284,3.2054,2.0267,0.17208,1,Gas
5160.5,37.5869,3.2054,2.0267,0.15311,1,Gas
5161.0,35.0455,3.0976,2.0267,0.13414,1,Gas
5161.5,32.504,2.9898,2.0779,0.14739,1,Gas
5162.0,35.2287,2.882,2.129,0.16063,1,Gas
5162.5,37.9534,2.7742,2.1801,0.17388,0,Non-SST
5163.0,40.6782,2.594,2.1867,0.19894,1,Gas
5163.5,43.4029,2.4139,2.1934,0.224,5,WTR
5164.0,46.3189,2.2337,2.2001,0.24906,5,WTR
5164.5,49.2349,2.5061,2.2067,0.27412,5,WTR
5165.0,52.1509,2.7785,2.1534,0.25492,1,Gas
5165.5,51.252,3.0509,2.1001,0.23573,1,Gas
5166.0,50.3531,3.3233,2.0467,0.21653,1,Gas
5166.5,49.4543,3.1614,2.1001,0.22755,1,Gas
5167.0,48.5554,2.9995,2.1534,0.23856,1,Gas
5167.5,49.7539,2.8377,2.2067,0.24957,1,Gas
5168.0,50.9524,2.6758,2.2601,0.26058,5,WTR
5168.5,52.1509,2.8916,2.209,0.25391,1,Gas
5169.0,49.9639,3.1075,2.1579,0.24724,1,Gas
5169.5,47.7769,3.3233,2.1068,0.24057,1,Gas
5170.0,45.5899,3.3855,2.1151,0.2292,1,Gas
5170.5,43.4029,3.4478,2.1234,0.21783,1,Gas
5171.0,42.8518,3.51,2.1318,0.20646,1,Gas
5171.5,42.3007,3.5722,2.1401,0.19509,1,Gas
5172.0,41.7496,3.8079,2.1201,0.20009,1,Gas
5172.5,43.0136,4.0436,2.1001,0.20509,1,Gas
5173.0,44.2777,4.2793,2.0801,0.21009,1,Gas
5173.5,45.5417,4.0403,2.1101,0.22782,1,Gas
5174.0,46.8058,3.8013,2.1401,0.24555,1,Gas
5174.5,48.5875,3.5623,2.1701,0.26328,1,Gas
5175.0,50.3692,3.3233,2.2001,0.28101,5,WTR
5175.5,52.1509,3.4184,2.0934,0.27949,1,Gas
5176.0,47.6043,3.5135,1.9867,0.27797,1,Gas
5176.5,43.0578,3.6086,1.8801,0.27645,1,Gas
5177.0,38.5112,3.7036,1.8567,0.25772,1,Gas
5177.5,33.9647,3.7961,1.8334,0.23899,1,Gas
5178.0,29.9679,3.8886,1.8101,0.22026,1,Gas
5178.5,25.9711,3.9811,1.7867,0.20153,1,Gas
5179.0,21.9743,3.5648,1.9117,0.21351,1,Gas
5179.5,28.1822,3.1484,2.0367,0.2255,1,Gas
5180.0,34.39,2.7321,2.1618,0.23749,5,WTR
5180.5,40.5979,2.3158,2.2868,0.24947,5,WTR
5181.0,46.8058,2.262,2.2979,0.2646,5,WTR
5181.5,50.4655,2.2082,2.309,0.27973,5,WTR
5182.0,54.1252,2.1544,2.3201,0.29486,5,WTR
5182.5,57.7849,2.1353,2.3151,0.3043,5,WTR
5183.0,56.8298,2.1162,2.3101,0.31375,5,WTR
5183.5,55.8748,2.0971,2.3051,0.3232,5,WTR
5184.0,55.8748,2.078,2.3001,0.33264,5,WTR
5184.5,56.3523,2.0297,2.3001,0.3216,5,WTR
5185.0,56.8298,1.9815,2.3001,0.31056,5,WTR
5185.5,58.756,1.9332,2.3001,0.29952,5,WTR
5186.0,54.0032,1.839,2.2418,0.3072,5,WTR
5186.5,52.1509,1.7449,2.1834,0.31489,5,WTR
5187.0,47.6806,1.6507,2.1251,0.32257,5,WTR
5187.5,38.5393,1.5565,2.0668,0.33026,5,WTR
5188.0,32.504,1.6159,2.1218,0.32374,5,WTR
5188.5,35.4575,1.6753,2.1767,0.31723,5,WTR
5189.0,41.6372,1.7347,2.2318,0.31072,5,WTR
5189.5,47.817,1.8646,2.2868,0.30421,5,WTR
5190.0,53.9968,2.0043,2.2979,0.3129,5,WTR
5190.5,53.9968,2.0412,2.309,0.32159,5,WTR
5191.0,53.9968,2.078,2.3201,0.33028,5,WTR
5191.5,55.8909,2.078,2.3284,0.3333,5,WTR
5192.0,57.7849,2.078,2.3368,0.33632,5,WTR
5192.5,56.5222,2.1544,2.3451,0.33934,5,WTR
5193.0,55.2595,2.1035,2.3534,0.34236,5,WTR
5193.5,53.9968,2.078,2.3534,0.3448,5,WTR
5194.0,55.2595,2.078,2.3534,0.34724,0,Non-SST
5194.5,56.5222,2.078,2.3534,0.34968,5,WTR
5195.0,57.7849,2.078,2.3668,0.34304,0,Non-SST
5195.5,59.0904,2.078,2.3801,0.33641,0,Non-SST
5196.0,60.3959,2.078,2.3934,0.32977,0,Non-SST
5196.5,61.7014,2.078,2.4068,0.32313,0,Non-SST
5197.0,61.2079,2.0412,2.3868,0.32313,0,Non-SST
5197.5,60.7143,2.0043,2.3668,0.34193,0,Non-SST
5198.0,60.2207,1.9345,2.3468,0.36072,0,Non-SST
5198.5,59.7271,1.8646,2.3451,0.37952,0,Non-SST
5199.0,61.7336,1.781,2.3434,0.42087,0,Non-SST
5199.5,63.74,1.6974,2.3418,0.46222,0,Non-SST
5200.0,65.7464,1.6138,2.3401,0.50357,0,Non-SST
5200.5,67.817,1.5763,2.3234,0.50574,0,Non-SST
5201.0,69.2295,1.5388,2.3068,0.50791,0,Non-SST
5201.5,70.6421,1.5013,2.3168,0.51008,0,Non-SST
5202.0,72.0546,1.5013,2.3268,0.51226,0,Non-SST
5202.5,72.0546,1.5013,2.3134,0.49741,0,Non-SST
5203.0,72.0546,1.5013,2.3001,0.48257,0,Non-SST
5203.5,72.0546,1.5791,2.2868,0.46772,0,Non-SST
5204.0,72.0546,1.6569,2.2734,0.45288,0,Non-SST
5204.5,69.9519,1.7347,2.3045,0.46395,0,Non-SST
5205.0,67.8491,1.7044,2.3356,0.47502,0,Non-SST
5205.5,65.7464,1.6742,2.3668,0.48608,0,Non-SST
5206.0,68.9727,1.644,2.3568,0.48785,0,Non-SST
5206.5,72.199,1.6138,2.3468,0.48962,0,Non-SST
5207.0,75.4254,1.5565,2.3368,0.49139,0,Non-SST
5207.5,78.6517,1.5204,2.3268,0.49316,0,Non-SST
5208.0,77.0024,1.4842,2.3245,0.52584,0,Non-SST
5208.5,75.3531,1.4481,2.3223,0.53546,0,Non-SST
5209.0,73.7039,1.4352,2.3201,0.54099,0,Non-SST
5209.5,72.0546,1.4224,2.3268,0.54653,0,Non-SST
5210.0,74.2536,1.4095,2.3334,0.55206,0,Non-SST
5210.5,76.4527,1.3967,2.3401,0.53487,0,Non-SST
5211.0,78.6517,1.4138,2.3468,0.51769,0,Non-SST
5211.5,77.5441,1.4309,2.349,0.5005,0,Non-SST
5212.0,76.4366,1.4481,2.3734,0.48331,0,Non-SST
5212.5,75.3291,1.5033,2.4068,0.48332,0,Non-SST
5213.0,74.2215,1.5585,2.4401,0.48332,0,Non-SST
5213.5,74.9545,1.6138,2.4734,0.48332,0,Non-SST
5214.0,75.6875,1.6138,2.4368,0.47562,0,Non-SST
5214.5,76.4205,1.6138,2.4001,0.46792,0,Non-SST
5215.0,75.8708,1.6138,2.3634,0.46022,0,Non-SST
5215.5,75.321,1.6138,2.3268,0.45252,0,Non-SST
5216.0,74.7713,1.5995,2.3218,0.44482,0,Non-SST
5216.5,74.2215,1.5852,2.3168,0.44214,0,Non-SST
5217.0,74.2215,1.5708,2.3118,0.43945,0,Non-SST
5217.5,74.2215,1.5565,2.3068,0.43677,0,Non-SST
5218.0,74.2215,1.7558,2.3334,0.43478,0,Non-SST
5218.5,72.1027,1.9551,2.3601,0.43278,0,Non-SST
5219.0,69.9839,2.1544,2.3868,0.43078,0,Non-SST
5219.5,67.8652,2.005,2.4134,0.42879,0,Non-SST
5220.0,65.7464,1.8555,2.5423,0.3796,0,Non-SST
5220.5,60.1605,1.706,2.6712,0.33042,0,Non-SST
5221.0,54.5746,1.5565,2.8001,0.28123,0,Non-SST
5221.5,48.9888,1.9296,2.7234,0.28643,0,Non-SST
5222.0,43.4029,2.3027,2.6468,0.29163,0,Non-SST
5222.5,45.7143,2.6758,2.5701,0.29683,0,Non-SST
5223.0,48.0257,2.7683,2.4934,0.30204,0,Non-SST
5223.5,50.3371,2.8608,2.4912,0.30438,0,Non-SST
5224.0,49.0249,2.9533,2.489,0.30673,0,Non-SST
5224.5,47.7127,3.0458,2.4868,0.30907,0,Non-SST
5225.0,46.4005,3.1383,2.4501,0.31382,0,Non-SST
5225.5,45.0883,3.2308,2.4134,0.31856,0,Non-SST
5226.0,49.9679,3.3233,2.3768,0.32331,0,Non-SST
5226.5,54.8475,3.2654,2.3401,0.32806,0,Non-SST
5227.0,59.7271,3.2075,2.3356,0.32806,0,Non-SST
5227.5,64.4583,3.1496,2.3312,0.32806,0,Non-SST
5228.0,69.1894,3.0917,2.3268,0.32807,0,Non-SST
5228.5,73.9205,2.8977,2.3201,0.33169,0,Non-SST
5229.0,78.6517,2.7038,2.3134,0.33531,0,Non-SST
5229.5,84.9866,2.5098,2.3068,0.33893,0,Non-SST
5230.0,91.3216,2.3158,2.3001,0.34255,0,Non-SST
5230.5,97.6565,2.2884,2.249,0.35159,0,Non-SST
5231.0,104.3178,2.2611,2.1979,0.36062,0,Non-SST
5231.5,110.9791,2.2337,2.1467,0.36966,0,Non-SST
5232.0,117.6404,2.3205,2.0801,0.39531,0,Non-SST
5232.5,124.3018,2.4073,2.0134,0.42097,0,Non-SST
5233.0,134.2536,2.4941,1.9467,0.44662,0,Non-SST
5233.5,144.2054,2.5809,1.8801,0.47228,0,Non-SST
5234.0,154.1573,2.6125,1.9184,0.49604,0,Non-SST
5234.5,146.6934,2.6441,1.9567,0.5198,0,Non-SST
5235.0,139.2295,2.6758,1.9951,0.54355,0,Non-SST
5235.5,131.7656,2.5858,2.0334,0.56731,0,Non-SST
5236.0,124.3018,2.4958,2.1267,0.50902,0,Non-SST
5236.5,114.5907,2.4058,2.2201,0.45072,0,Non-SST
5237.0,104.8796,2.3158,2.3134,0.39243,0,Non-SST
5237.5,95.1685,2.3371,2.2818,0.37397,0,Non-SST
5238.0,89.3901,2.3584,2.2501,0.35551,0,Non-SST
5238.5,83.6116,2.3797,2.2184,0.33705,0,Non-SST
5239.0,77.8331,2.401,2.1867,0.31859,5,WTR
5239.5,72.0546,1.9755,2.2512,0.32579,5,WTR
5240.0,74.2697,1.55,2.3156,0.33298,0,Non-SST
5240.5,76.4847,1.1245,2.3801,0.34018,0,Non-SST
5241.0,78.6998,1.1245,2.3618,0.35972,0,Non-SST
5241.5,80.9149,1.1245,2.3434,0.37927,0,Non-SST
5242.0,76.549,1.1245,2.3251,0.39882,0,Non-SST
5242.5,72.183,1.1245,2.3068,0.41836,0,Non-SST
5243.0,67.817,1.3279,2.2601,0.40466,0,Non-SST
5243.5,61.3002,1.5313,2.2134,0.39095,5,WTR
5244.0,54.7833,1.7347,2.1667,0.37725,5,WTR
5244.5,48.2664,1.9233,2.1201,0.32701,5,WTR
5245.0,41.7496,2.112,2.1467,0.27678,5,WTR
5245.5,41.7496,2.3006,2.1734,0.22655,5,WTR
5246.0,41.7496,2.4893,2.2001,0.17632,1,Gas
5246.5,41.7496,2.4041,2.2418,0.20546,5,WTR
5247.0,47.2392,2.3189,2.2834,0.23459,5,WTR
5247.5,52.7287,2.2337,2.3251,0.26373,5,WTR
5248.0,58.2183,2.1414,2.3668,0.29287,5,WTR
5248.5,63.7079,2.0491,2.3645,0.30704,0,Non-SST
5249.0,62.381,1.9569,2.3623,0.32121,0,Non-SST
5249.5,61.054,1.8646,2.3601,0.33539,0,Non-SST
5250.0,59.7271,1.9876,2.3118,0.33479,5,WTR
5250.5,58.764,2.1107,2.2634,0.33419,5,WTR
5251.0,57.801,2.2337,2.2151,0.33359,5,WTR
5251.5,56.8379,2.3442,2.1667,0.33299,5,WTR
5252.0,55.8748,2.4547,2.1401,0.30601,5,WTR
5252.5,52.7568,2.5653,2.1134,0.27902,5,WTR
5253.0,49.6388,2.6758,2.0868,0.25204,1,Gas
5253.5,46.5209,2.7779,2.1017,0.24218,1,Gas
5254.0,43.4029,2.8799,2.1168,0.23232,1,Gas
5254.5,42.8518,2.982,2.1318,0.22246,1,Gas
5255.0,42.3007,3.0379,2.1467,0.2126,1,Gas
5255.5,41.7496,3.0937,2.1245,0.21549,1,Gas
5256.0,41.7496,3.1495,2.1023,0.21838,1,Gas
5256.5,41.7496,3.2054,2.0801,0.22127,1,Gas
5257.0,41.7496,3.2054,2.0934,0.21216,1,Gas
5257.5,41.7496,3.2054,2.1068,0.20305,1,Gas
5258.0,41.2092,3.2054,2.1201,0.19394,1,Gas
5258.5,40.6688,3.2054,2.1334,0.18483,1,Gas
5259.0,40.1284,3.2447,2.1379,0.19194,1,Gas
5259.5,39.7311,3.284,2.1423,0.19906,1,Gas
5260.0,39.3339,3.3233,2.1467,0.20617,1,Gas
5260.5,38.9366,3.4524,2.0868,0.19034,1,Gas
5261.0,38.5393,3.5816,2.0267,0.17451,1,Gas
5261.5,39.069,3.7107,1.9667,0.15868,1,Gas
5262.0,39.5987,3.8398,1.9067,0.14285,1,Gas
5262.5,40.1284,3.7944,1.9267,0.14215,1,Gas
5263.0,38.9607,3.749,1.9467,0.14146,1,Gas
5263.5,37.7929,3.7036,1.9667,0.14077,1,Gas
5264.0,36.6252,3.4,1.9867,0.1502,1,Gas
5264.5,35.4575,3.0965,2.0134,0.15964,1,Gas
5265.0,34.473,2.7929,2.0401,0.16908,1,Gas
5265.5,33.4885,2.4893,2.0668,0.17851,1,Gas
5266.0,32.504,2.2378,2.0968,0.22263,1,Gas
5266.5,36.0794,1.9862,2.1267,0.26674,5,WTR
5267.0,39.6549,1.7347,2.1567,0.31086,5,WTR
5267.5,43.2303,1.7672,2.1867,0.35497,5,WTR
5268.0,46.8058,1.7996,2.1579,0.3429,5,WTR
5268.5,45.1204,1.8321,2.129,0.33082,5,WTR
5269.0,43.435,1.8646,2.1001,0.31874,5,WTR
5269.5,41.7496,1.8818,2.0751,0.30943,5,WTR
5270.0,39.4382,1.8989,2.0501,0.30011,5,WTR
5270.5,37.1268,1.916,2.0251,0.29079,5,WTR
5271.0,34.8154,1.9332,2.0001,0.28147,5,WTR
5271.5,32.504,1.9103,2.0551,0.26361,5,WTR
5272.0,32.504,1.8875,2.1101,0.24574,5,WTR
5272.5,32.504,1.8646,2.1651,0.22787,5,WTR
5273.0,32.504,1.8321,2.2201,0.23062,5,WTR
5273.5,32.504,1.7996,2.169,0.23336,5,WTR
5274.0,28.9941,1.7672,2.1179,0.23611,5,WTR
5274.5,25.4842,1.7347,2.0668,0.23885,5,WTR
5275.0,21.9743,1.6944,2.0634,0.24837,5,WTR
5275.5,23.5594,1.6541,2.0601,0.25789,5,WTR
5276.0,25.1445,1.6138,2.0567,0.26741,5,WTR
5276.5,26.7295,1.5995,2.0534,0.27693,5,WTR
5277.0,28.3146,1.5852,2.049,0.29168,5,WTR
5277.5,26.6025,1.5708,2.0445,0.30642,5,WTR
5278.0,24.8903,1.5565,2.0401,0.32116,5,WTR
5278.5,23.1782,1.4708,2.0434,0.31762,5,WTR
5279.0,21.24,1.3851,2.0467,0.31408,5,WTR
5279.5,19.3018,1.2994,2.0501,0.31054,5,WTR
5280.0,17.3636,1.2994,2.0534,0.307,5,WTR
5280.5,15.4254,1.2994,2.069,0.30312,5,WTR
5281.0,19.2436,1.2994,2.0845,0.29923,5,WTR
5281.5,23.0618,1.2994,2.1001,0.29535,5,WTR
5282.0,26.88,1.4445,2.1418,0.3054,5,WTR
5282.5,30.6982,1.5896,2.1834,0.31546,5,WTR
5283.0,36.5229,1.7347,2.2251,0.32551,5,WTR
5283.5,42.3475,1.7672,2.2668,0.33557,5,WTR
5284.0,48.1721,1.7996,2.2245,0.32684,5,WTR
5284.5,53.9968,1.8321,2.1823,0.31811,5,WTR
5285.0,50.4655,1.8646,2.1401,0.30938,5,WTR
5285.5,46.9342,1.8875,2.1667,0.30626,5,WTR
5286.0,43.4029,1.9103,2.1934,0.30314,5,WTR
5286.5,44.2536,1.9332,2.2201,0.30002,5,WTR
5287.0,45.1043,1.916,2.2468,0.30592,5,WTR
5287.5,45.9551,1.8989,2.2579,0.31181,5,WTR
5288.0,46.8058,1.8818,2.269,0.31771,5,WTR
5288.5,49.2028,1.8646,2.2801,0.3236,5,WTR
5289.0,51.5998,1.8989,2.3045,0.3341,5,WTR
5289.5,53.9968,1.9332,2.329,0.3446,5,WTR
5290.0,56.9342,1.8989,2.3534,0.35509,0,Non-SST
5290.5,59.8716,1.8646,2.3451,0.35695,0,Non-SST
5291.0,62.809,1.8167,2.3368,0.35881,0,Non-SST
5291.5,65.7464,1.7689,2.3284,0.36066,0,Non-SST
5292.0,66.4419,1.721,2.3201,0.36252,0,Non-SST
5292.5,67.1375,1.6731,2.3401,0.37853,0,Non-SST
5293.0,67.8331,1.6885,2.3601,0.39454,0,Non-SST
5293.5,69.9197,1.7039,2.3801,0.41055,0,Non-SST
5294.0,67.8331,1.7193,2.4001,0.42656,0,Non-SST
5294.5,65.7464,1.7347,2.369,0.42568,0,Non-SST
5295.0,65.7464,1.6753,2.3379,0.42481,0,Non-SST
5295.5,65.7464,1.6159,2.3068,0.42393,0,Non-SST
5296.0,65.7464,1.5565,2.3234,0.42994,0,Non-SST
5296.5,67.8652,1.5294,2.3401,0.43596,0,Non-SST
5297.0,69.9839,1.5023,2.3568,0.44198,0,Non-SST
5297.5,72.1027,1.4752,2.3734,0.44799,0,Non-SST
5298.0,74.2215,1.4481,2.3756,0.46276,0,Non-SST
5298.5,76.4527,1.4658,2.3779,0.47752,0,Non-SST
5299.0,78.6838,1.4836,2.3801,0.49229,0,Non-SST
5299.5,80.9149,1.5013,2.3668,0.47653,0,Non-SST
5300.0,76.1116,1.5289,2.3534,0.46077,0,Non-SST
5300.5,71.3082,1.5565,2.3401,0.44501,0,Non-SST
5301.0,66.5048,1.617,2.3268,0.42925,0,Non-SST
5301.5,61.7014,1.6775,2.3468,0.41625,0,Non-SST
5302.0,62.7127,1.738,2.3668,0.40324,0,Non-SST
5302.5,63.7239,1.7985,2.3868,0.39023,0,Non-SST
5303.0,64.7352,1.7772,2.3684,0.4095,0,Non-SST
5303.5,65.7464,1.7559,2.3501,0.42877,0,Non-SST
5304.0,67.1375,1.7347,2.3318,0.44803,0,Non-SST
5304.5,68.5286,1.7044,2.3134,0.43615,0,Non-SST
5305.0,69.9197,1.6742,2.3134,0.42427,0,Non-SST
5305.5,70.4535,1.644,2.3601,0.41239,0,Non-SST
5306.0,70.9872,1.6138,2.3934,0.40051,0,Non-SST
5306.5,71.5209,1.5724,2.3651,0.41307,0,Non-SST
5307.0,72.0546,1.5309,2.3368,0.42564,0,Non-SST
5307.5,72.0546,1.4895,2.3084,0.4382,0,Non-SST
5308.0,72.0546,1.4481,2.2801,0.45077,0,Non-SST
5308.5,72.0546,1.4658,2.2979,0.45532,0,Non-SST
5309.0,72.0546,1.4836,2.3156,0.45988,0,Non-SST
5309.5,72.0546,1.5013,2.3334,0.46444,0,Non-SST
5310.0,72.0546,1.488,2.3351,0.46651,0,Non-SST
5310.5,72.0546,1.4747,2.3368,0.46859,0,Non-SST
5311.0,72.5963,1.4614,2.3384,0.47067,0,Non-SST
5311.5,73.138,1.4481,2.3401,0.47274,0,Non-SST
5312.0,73.6798,1.4309,2.3318,0.47553,0,Non-SST
5312.5,74.2215,1.4138,2.3234,0.47832,0,Non-SST
5313.0,74.2215,1.3967,2.3151,0.48111,0,Non-SST
5313.5,74.2215,1.4971,2.3068,0.47833,0,Non-SST
5314.0,74.2215,1.5976,2.309,0.47555,0,Non-SST
5314.5,73.6798,1.698,2.3112,0.47277,0,Non-SST
5315.0,73.138,1.7985,2.3134,0.46999,0,Non-SST
5315.5,72.5963,1.815,2.3318,0.45071,0,Non-SST
5316.0,72.0546,1.8315,2.3501,0.43143,0,Non-SST
5316.5,73.5099,1.8481,2.3684,0.41215,0,Non-SST
5317.0,74.9652,1.8646,2.3868,0.39287,0,Non-SST
5317.5,76.4205,1.781,2.3823,0.38948,0,Non-SST
5318.0,78.6998,1.6974,2.3779,0.38609,0,Non-SST
5318.5,80.9791,1.6138,2.3734,0.3827,0,Non-SST
5319.0,83.2584,1.5995,2.1884,0.40522,0,Non-SST
5319.5,85.5377,1.5852,2.0034,0.42775,0,Non-SST
5320.0,84.7619,1.5708,1.8184,0.45027,0,Non-SST
5320.5,83.9861,1.5565,1.6334,0.4728,0,Non-SST
5321.0,83.2103,1.838,1.6089,0.573,0,Non-SST
5321.5,83.2103,2.1195,1.5845,0.67321,0,Non-SST
5322.0,83.2103,2.401,1.5601,0.77342,0,Non-SST
5322.5,83.2103,2.3203,1.7567,0.7504,0,Non-SST
5323.0,83.2103,2.2395,1.9534,0.72738,0,Non-SST
5323.5,83.9861,2.1588,2.1501,0.70436,0,Non-SST
5324.0,84.7619,2.078,2.3468,0.68134,0,Non-SST
5324.5,85.5377,2.0081,2.3351,0.59136,0,Non-SST
5325.0,83.2584,1.9382,2.3234,0.50138,0,Non-SST
5325.5,80.9791,1.8684,2.3118,0.4114,0,Non-SST
5326.0,78.6998,1.7985,2.3001,0.32141,0,Non-SST
5326.5,76.4205,1.6994,2.2979,0.36008,0,Non-SST
5327.0,75.8708,1.6004,2.2957,0.39874,0,Non-SST
5327.5,75.321,1.5013,2.2934,0.4374,0,Non-SST
5328.0,74.7713,1.5294,2.3234,0.43211,0,Non-SST
5328.5,74.2215,1.5575,2.3534,0.42682,0,Non-SST
5329.0,70.717,1.5857,2.3834,0.42153,0,Non-SST
5329.5,67.2124,1.6138,2.4134,0.41623,0,Non-SST
5330.0,63.7079,1.6336,2.4045,0.36837,0,Non-SST
5330.5,68.0096,1.6533,2.3956,0.32051,0,Non-SST
5331.0,72.3114,1.6731,2.3868,0.27265,0,Non-SST
5331.5,76.6132,1.6169,2.3684,0.3262,0,Non-SST
5332.0,80.9149,1.5606,2.3501,0.37975,0,Non-SST
5332.5,79.4168,1.5043,2.3318,0.4333,0,Non-SST
5333.0,77.9187,1.4481,2.3134,0.48685,0,Non-SST
5333.5,76.4205,1.5436,2.3468,0.47128,0,Non-SST
5334.0,72.2472,1.6391,2.3801,0.4557,0,Non-SST
5334.5,68.0738,1.7347,2.4134,0.44013,0,Non-SST
5335.0,63.9005,1.7843,2.4134,0.43026,0,Non-SST
5335.5,59.7271,1.8339,2.4134,0.4204,0,Non-SST
5336.0,59.7271,1.8836,2.4134,0.41054,0,Non-SST
5336.5,59.7271,1.9332,2.4134,0.40068,0,Non-SST
5337.0,59.7271,1.9569,2.4023,0.41116,0,Non-SST
5337.5,59.7271,1.9806,2.3912,0.42165,0,Non-SST
5338.0,59.7271,2.0043,2.3801,0.43213,0,Non-SST
5338.5,59.7271,2.1256,2.4184,0.42171,0,Non-SST
5339.0,59.7271,2.2468,2.4568,0.41129,0,Non-SST
5339.5,60.7223,2.3681,2.4951,0.40087,0,Non-SST
5340.0,61.7175,2.4893,2.5334,0.39044,0,Non-SST
5340.5,62.7127,2.4599,2.4868,0.37306,0,Non-SST
5341.0,63.7079,2.4304,2.4401,0.35568,0,Non-SST
5341.5,62.381,2.401,2.3934,0.33829,0,Non-SST
5342.0,61.054,2.3394,2.3918,0.3488,0,Non-SST
5342.5,59.7271,2.2777,2.3901,0.3593,0,Non-SST
5343.0,61.7496,2.2161,2.3884,0.36981,0,Non-SST
5343.5,63.7721,2.1544,2.3868,0.38031,0,Non-SST
5344.0,65.7945,1.9912,2.3684,0.39057,0,Non-SST
5344.5,67.817,1.8279,2.3501,0.40084,0,Non-SST
5345.0,69.9518,1.6646,2.3318,0.4111,0,Non-SST
5345.5,72.0867,1.5013,2.3134,0.41306,0,Non-SST
5346.0,74.2215,1.4664,2.3445,0.41503,0,Non-SST
5346.5,74.7713,1.4316,2.3756,0.41699,0,Non-SST
5347.0,75.321,1.3967,2.4068,0.41896,0,Non-SST
5347.5,75.8708,1.4095,2.3918,0.44908,0,Non-SST
5348.0,76.4205,1.4224,2.3768,0.47919,0,Non-SST
5348.5,76.4205,1.4352,2.3618,0.50931,0,Non-SST
5349.0,76.4205,1.4481,2.3468,0.50162,0,Non-SST
5349.5,76.4205,1.3985,2.3668,0.49393,0,Non-SST
5350.0,74.7953,1.3489,2.3868,0.48624,0,Non-SST
5350.5,73.1701,1.2994,2.4068,0.47855,0,Non-SST
5351.0,71.5449,1.3365,2.3984,0.48206,0,Non-SST
5351.5,69.9197,1.3737,2.3901,0.48558,0,Non-SST
5352.0,69.9197,1.4109,2.3818,0.4891,0,Non-SST
5352.5,69.9197,1.4481,2.3734,0.49262,0,Non-SST
5353.0,69.9197,1.4614,2.3601,0.48331,0,Non-SST
5353.5,70.4535,1.4747,2.3468,0.47401,0,Non-SST
5354.0,70.9872,1.488,2.3334,0.46471,0,Non-SST
5354.5,71.5209,1.5013,2.3518,0.46062,0,Non-SST
5355.0,72.0546,1.5013,2.3701,0.45652,0,Non-SST
5355.5,73.1461,1.5013,2.3884,0.45243,0,Non-SST
5356.0,74.2376,1.5013,2.4068,0.44834,0,Non-SST
5356.5,75.329,1.4751,2.3918,0.45564,0,Non-SST
5357.0,76.4205,1.449,2.3768,0.46295,0,Non-SST
5357.5,77.1643,1.4228,2.3618,0.47025,0,Non-SST
5358.0,77.908,1.3967,2.3468,0.46887,0,Non-SST
5358.5,78.6517,1.4691,2.3401,0.46749,0,Non-SST
5359.0,75.943,1.5414,2.3334,0.46612,0,Non-SST
5359.5,73.2343,1.6138,2.3268,0.46474,0,Non-SST
5360.0,70.5257,1.5724,2.3301,0.45332,0,Non-SST
5360.5,67.817,1.5309,2.3334,0.44189,0,Non-SST
5361.0,72.183,1.4895,2.3368,0.43047,0,Non-SST
5361.5,76.549,1.4481,2.3401,0.41904,0,Non-SST
5362.0,80.9149,1.6335,2.3468,0.41992,0,Non-SST
5362.5,79.7913,1.8189,2.3534,0.4208,0,Non-SST
5363.0,78.6677,2.0043,2.3601,0.42168,0,Non-SST
5363.5,77.5441,2.0043,2.3301,0.39489,0,Non-SST
5364.0,76.4205,2.0043,2.3001,0.3681,0,Non-SST
5364.5,77.5441,2.0043,2.2701,0.3413,0,Non-SST
5365.0,78.6677,2.0043,2.2401,0.31451,5,WTR
5365.5,79.7913,2.0807,2.2312,0.33733,5,WTR
5366.0,80.9149,2.1572,2.2223,0.36015,0,Non-SST
5366.5,80.9149,2.2337,2.2134,0.38297,0,Non-SST
5367.0,80.9149,2.2542,2.2468,0.37063,0,Non-SST
5367.5,80.9149,2.2747,2.2801,0.35829,0,Non-SST
5368.0,76.1116,2.2953,2.3134,0.34595,0,Non-SST
5368.5,71.3082,2.3158,2.3468,0.33361,0,Non-SST
5369.0,66.5048,2.2884,2.3312,0.31109,0,Non-SST
5369.5,61.7014,2.2611,2.3156,0.28858,5,WTR
5370.0,58.7881,2.2337,2.3001,0.26606,5,WTR
5370.5,55.8748,2.1763,2.3134,0.27583,5,WTR
5371.0,58.8604,2.119,2.3268,0.2856,5,WTR
5371.5,61.8459,2.0616,2.3401,0.29537,5,WTR
5372.0,64.8315,2.0043,2.3534,0.30514,0,Non-SST
5372.5,67.817,1.8786,2.3534,0.31786,0,Non-SST
5373.0,72.9481,1.7528,2.3534,0.33059,0,Non-SST
5373.5,78.0792,1.6271,2.3534,0.34332,0,Non-SST
5374.0,83.2103,1.5013,2.3651,0.35643,0,Non-SST
5374.5,83.2103,1.4499,2.3768,0.36954,0,Non-SST
5375.0,83.2103,1.3985,2.3884,0.38265,0,Non-SST
5375.5,83.2103,1.3471,2.4001,0.39576,0,Non-SST
5376.0,83.2103,1.4763,2.3968,0.40619,0,Non-SST
5376.5,80.4213,1.6055,2.3934,0.41662,0,Non-SST
5377.0,77.6324,1.7347,2.3901,0.42705,0,Non-SST
5377.5,74.8435,1.7506,2.3868,0.40795,0,Non-SST
5378.0,72.0546,1.7666,2.3712,0.38886,0,Non-SST
5378.5,70.6421,1.7825,2.3556,0.36976,0,Non-SST
5379.0,69.2295,1.7985,2.3401,0.35067,0,Non-SST
5379.5,67.817,1.7369,2.3634,0.38339,0,Non-SST
5380.0,68.3427,1.6753,2.3868,0.4161,0,Non-SST
5380.5,68.8684,1.6138,2.4101,0.44882,0,Non-SST
5381.0,69.3941,1.6286,2.4334,0.48153,0,Non-SST
5381.5,69.9197,1.6435,2.3979,0.45296,0,Non-SST
5382.0,69.2188,1.6583,2.3623,0.42438,0,Non-SST
5382.5,68.5179,1.6731,2.3268,0.39581,0,Non-SST
5383.0,67.817,1.5332,2.3401,0.39581,0,Non-SST
5383.5,68.3427,1.3932,2.3534,0.40624,0,Non-SST
5384.0,68.8684,1.2533,2.3668,0.41666,0,Non-SST
5384.5,69.3941,1.3019,2.3801,0.42709,0,Non-SST
5385.0,69.9197,1.3506,2.3801,0.43514,0,Non-SST
5385.5,69.6932,1.3994,2.3801,0.44319,0,Non-SST
5386.0,69.4667,1.4481,2.3801,0.45123,0,Non-SST
5386.5,69.2402,1.7373,2.4568,0.45949,0,Non-SST
5387.0,63.5438,2.0266,2.5334,0.46774,0,Non-SST
5387.5,57.8473,2.3158,2.4734,0.47599,0,Non-SST
5388.0,52.1509,2.1551,2.4134,0.42696,0,Non-SST
5388.5,56.5931,1.9945,2.369,0.37794,0,Non-SST
5389.0,61.0353,1.8338,2.3245,0.32892,0,Non-SST
5389.5,65.4775,1.6731,2.2801,0.35749,0,Non-SST
5390.0,69.9197,1.6302,2.2918,0.39649,0,Non-SST
5390.5,68.8764,1.5872,2.3034,0.39649,0,Non-SST
5391.0,67.8331,1.5443,2.3151,0.39972,0,Non-SST
5391.5,66.7897,1.5013,2.3268,0.40295,0,Non-SST
5392.0,65.7464,1.5013,2.3268,0.40618,0,Non-SST
5392.5,68.4149,1.5013,2.3268,0.4114,0,Non-SST
5393.0,71.0835,1.5013,2.3084,0.41663,0,Non-SST
5393.5,73.752,1.5565,2.3051,0.42186,0,Non-SST
5394.0,76.4205,1.5852,2.3051,0.42187,0,Non-SST
5394.5,74.9652,1.6138,2.319,0.41662,0,Non-SST
5395.0,73.5099,1.66,2.3329,0.43781,0,Non-SST
5395.5,72.0546,1.7061,2.3468,0.42814,0,Non-SST
5396.0,72.5963,1.7523,2.3393,0.41847,0,Non-SST
5396.5,73.138,1.7985,2.3318,0.4088,0,Non-SST
5397.0,73.6798,1.8205,2.3243,0.40815,0,Non-SST
5397.5,74.2215,1.8426,2.3168,0.40751,0,Non-SST
5398.0,72.0867,1.8646,2.3418,0.40686,0,Non-SST
5398.5,69.9518,1.9987,2.3668,0.40621,0,Non-SST
5399.0,67.817,2.1328,2.349,0.37335,0,Non-SST
5399.5,63.447,2.2669,2.3312,0.34049,0,Non-SST
5400.0,59.077,2.401,2.3134,0.30763,5,WTR
5400.5,54.7071,2.446,2.3034,0.2928,5,WTR
5401.0,50.3371,2.4909,2.2934,0.27797,5,WTR
5401.5,51.557,2.5359,2.2834,0.26314,5,WTR
5402.0,52.7769,2.5809,2.2734,0.24831,5,WTR
5402.5,53.9968,2.5359,2.2779,0.24887,5,WTR
5403.0,55.923,2.4909,2.2823,0.24943,5,WTR
5403.5,57.8491,2.446,2.2868,0.24999,5,WTR
5404.0,59.7753,2.401,2.2984,0.25055,5,WTR
5404.5,61.7014,2.3188,2.3101,0.25653,5,WTR
5405.0,62.3703,2.2366,2.3218,0.26252,5,WTR
5405.5,63.0391,2.1544,2.3334,0.2685,5,WTR
5406.0,63.7079,2.1353,2.3318,0.27538,5,WTR
5406.5,64.2175,2.1162,2.3301,0.28225,5,WTR
5407.0,64.7271,2.0971,2.3284,0.28913,5,WTR
5407.5,65.2368,2.078,2.3268,0.296,5,WTR
5408.0,65.7464,2.1035,2.3423,0.29292,5,WTR
5408.5,64.7352,2.129,2.3579,0.28985,5,WTR
5409.0,63.7239,2.1544,2.3734,0.28677,0,Non-SST
5409.5,62.7127,2.1742,2.3701,0.29083,0,Non-SST
5410.0,61.7014,2.1941,2.3668,0.29489,0,Non-SST
5410.5,62.3703,2.2139,2.3634,0.29895,0,Non-SST
5411.0,63.0391,2.2337,2.3601,0.30301,0,Non-SST
5411.5,63.7079,2.2337,2.3534,0.29837,0,Non-SST
5412.0,63.2062,2.2337,2.3468,0.29373,5,WTR
5412.5,62.7047,2.2337,2.3401,0.28909,5,WTR
5413.0,62.203,2.1414,2.3434,0.29968,5,WTR
5413.5,61.7014,2.0491,2.3468,0.31027,0,Non-SST
5414.0,68.1059,1.9569,2.3501,0.32087,0,Non-SST
5414.5,74.5104,1.8646,2.3534,0.33146,0,Non-SST
5415.0,80.9149,1.8426,2.3651,0.35017,0,Non-SST
5415.5,83.2584,1.8205,2.3768,0.36889,0,Non-SST
5416.0,85.6019,1.7985,2.3884,0.38761,0,Non-SST
5416.5,87.9454,1.9278,2.4001,0.40632,0,Non-SST
5417.0,90.2889,2.0571,2.229,0.4046,0,Non-SST
5417.5,91.5088,2.1865,2.0579,0.40288,0,Non-SST
5418.0,92.7287,2.3158,1.8867,0.40116,0,Non-SST
5418.5,93.9486,2.1654,1.9751,0.43046,0,Non-SST
5419.0,95.1685,2.015,2.0634,0.45976,0,Non-SST
5419.5,95.1685,1.8646,2.1518,0.48906,0,Non-SST
5420.0,95.1685,1.8321,2.2401,0.51836,0,Non-SST
5420.5,95.1685,1.7996,2.2445,0.48889,0,Non-SST
5421.0,92.7608,1.7672,2.249,0.45943,0,Non-SST
5421.5,90.3531,1.7347,2.2534,0.42997,0,Non-SST
5422.0,87.9454,1.9013,2.2301,0.39766,0,Non-SST
5422.5,85.5377,2.0678,2.2067,0.36536,0,Non-SST
5423.0,78.9406,2.2344,2.1834,0.33305,5,WTR
5423.5,72.3435,2.401,2.1601,0.30074,5,WTR
5424.0,65.7464,2.5254,2.1601,0.28852,5,WTR
5424.5,60.1605,2.6498,2.1601,0.27631,5,WTR
5425.0,54.5746,2.7742,2.1601,0.26409,5,WTR
5425.5,48.9888,2.7742,2.1784,0.24181,1,Gas
5426.0,43.4029,2.7742,2.1967,0.21954,1,Gas
5426.5,42.8518,2.7742,2.2151,0.19726,1,Gas
5427.0,42.3007,2.7742,2.2334,0.17498,0,Non-SST
5427.5,41.7496,2.6498,2.2823,0.19213,5,WTR
5428.0,46.7376,2.5254,2.3312,0.20928,5,WTR
5428.5,51.7255,2.401,2.3801,0.22643,5,WTR
5429.0,56.7135,2.3592,2.3718,0.22644,5,WTR
5429.5,61.7014,2.3173,2.3634,0.25278,5,WTR
5430.0,59.1332,2.2755,2.3551,0.27911,5,WTR
5430.5,56.565,2.2337,2.3468,0.30545,5,WTR
5431.0,53.9968,2.3189,2.3145,0.29243,5,WTR
5431.5,51.3483,2.4041,2.2823,0.27941,5,WTR
5432.0,48.6998,2.4893,2.2501,0.26638,5,WTR
5432.5,46.0514,2.5359,2.2501,0.26865,5,WTR
5433.0,43.4029,2.5826,2.2356,0.27092,5,WTR
5433.5,43.9647,2.6292,2.2212,0.27318,5,WTR
5434.0,44.5265,2.6758,2.2067,0.25616,3,Oil
5434.5,45.0883,2.6521,2.2112,0.23913,5,WTR
5435.0,47.3154,2.6283,2.2156,0.22211,1,Gas
5435.5,49.5425,2.6046,2.2201,0.23716,5,WTR
5436.0,51.7697,2.5809,2.2001,0.25222,1,Gas
5436.5,53.9968,2.5209,2.1801,0.26727,5,WTR
5437.0,54.6228,2.4609,2.1601,0.28233,5,WTR
5437.5,55.2488,2.401,2.1579,0.30441,5,WTR
5438.0,55.8748,2.3592,2.1556,0.32648,5,WTR
5438.5,57.8331,2.3173,2.1534,0.34856,5,WTR
5439.0,59.7913,2.2755,2.2101,0.34735,5,WTR
5439.5,61.7496,2.2337,2.2668,0.34613,5,WTR
5440.0,63.7079,2.0673,2.3234,0.34491,0,Non-SST
5440.5,64.2175,1.901,2.3801,0.3437,0,Non-SST
5441.0,64.7271,1.7347,2.3579,0.37427,0,Non-SST
5441.5,65.2368,1.6502,2.3356,0.40485,0,Non-SST
5442.0,65.7464,1.5657,2.3134,0.43543,0,Non-SST
5442.5,69.3044,1.4812,2.3234,0.45129,0,Non-SST
5443.0,72.8625,1.3967,2.3334,0.46716,0,Non-SST
5443.5,76.4205,1.3341,2.3434,0.48303,0,Non-SST
5444.0,76.4205,1.2714,2.3534,0.49889,0,Non-SST
5444.5,76.4205,1.2088,2.3401,0.497,0,Non-SST
5445.0,76.4205,1.2314,2.3268,0.49511,0,Non-SST
5445.5,76.4205,1.2541,2.3134,0.49322,0,Non-SST
5446.0,74.9652,1.2767,2.3218,0.49518,0,Non-SST
5446.5,73.5099,1.2994,2.3301,0.49714,0,Non-SST
5447.0,72.0546,1.4042,2.3384,0.4991,0,Non-SST
5447.5,68.9727,1.509,2.3468,0.50106,0,Non-SST
5448.0,65.8908,1.6138,2.3601,0.4644,0,Non-SST
5448.5,62.809,1.6138,2.3734,0.42774,0,Non-SST
5449.0,59.7271,1.6138,2.3868,0.39108,0,Non-SST
5449.5,61.2319,1.6138,2.3818,0.39887,0,Non-SST
5450.0,62.7368,1.6138,2.3768,0.40665,0,Non-SST
5450.5,64.2416,1.5249,2.3718,0.41443,0,Non-SST
5451.0,65.7464,1.436,2.3668,0.42222,0,Non-SST
5451.5,67.1375,1.3471,2.3734,0.43231,0,Non-SST
5452.0,68.5286,1.4286,2.3801,0.4424,0,Non-SST
5452.5,69.9197,1.5101,2.3868,0.45249,0,Non-SST
5453.0,67.3716,1.5916,2.3934,0.46258,0,Non-SST
5453.5,64.8234,1.6731,2.349,0.42624,0,Non-SST
5454.0,62.2753,2.0742,2.3045,0.3899,0,Non-SST
5454.5,59.7271,2.4752,2.2601,0.35356,5,WTR
5455.0,53.7346,2.8762,2.2468,0.34869,5,WTR
5455.5,47.7421,3.1171,2.2334,0.34383,5,WTR
5456.0,41.7496,3.358,2.2201,0.33897,5,WTR
5456.5,40.1766,3.5989,2.2067,0.33411,5,WTR
5457.0,38.6035,3.8398,2.209,0.33091,5,WTR
5457.5,37.0305,3.5989,2.2112,0.32772,5,WTR
5458.0,35.4575,3.358,2.2134,0.32452,5,WTR
5458.5,38.1059,3.1171,2.2334,0.32512,5,WTR
5459.0,40.7544,2.8762,2.2534,0.32572,5,WTR
5459.5,43.4029,2.8094,2.2734,0.32632,5,WTR
5460.0,44.2536,2.7426,2.2934,0.32692,0,Non-SST
5460.5,45.1043,2.6758,2.3184,0.33746,0,Non-SST
5461.0,45.9551,2.5858,2.3434,0.34799,0,Non-SST
5461.5,46.8058,2.4958,2.3684,0.35853,0,Non-SST
5462.0,50.4655,2.4058,2.3934,0.36101,0,Non-SST
5462.5,54.1252,2.3158,2.3645,0.36349,0,Non-SST
5463.0,57.7849,2.2366,2.3356,0.36598,5,WTR
5463.5,58.764,2.1573,2.3068,0.36846,5,WTR
5464.0,59.7432,2.078,2.3201,0.35989,0,Non-SST
5464.5,60.7223,2.1169,2.3334,0.35131,0,Non-SST
5465.0,61.7014,2.1558,2.3468,0.34273,0,Non-SST
5465.5,60.3959,2.1948,2.3601,0.33416,0,Non-SST
5466.0,59.0904,2.2337,2.3334,0.33416,5,WTR
5466.5,57.7849,2.2976,2.3068,0.33416,5,WTR
5467.0,54.4001,2.3615,2.2801,0.33417,5,WTR
5467.5,51.0153,2.4254,2.2768,0.3294,5,WTR
5468.0,47.6304,2.4893,2.2734,0.32463,5,WTR
5468.5,44.2456,2.4893,2.2701,0.31985,5,WTR
5469.0,43.9647,2.4893,2.2668,0.31508,5,WTR
5469.5,43.6838,2.4893,2.289,0.33372,0,Non-SST
5470.0,43.4029,2.4672,2.3112,0.35236,0,Non-SST
5470.5,44.2536,2.4451,2.3334,0.371,0,Non-SST
5471.0,45.1043,2.4231,2.3468,0.35644,0,Non-SST
5471.5,45.9551,2.401,2.3601,0.34187,0,Non-SST
5472.0,46.8058,2.3188,2.3734,0.32731,0,Non-SST
5472.5,49.8288,2.2366,2.3868,0.31274,0,Non-SST
5473.0,52.8518,2.1544,2.4134,0.31275,0,Non-SST
5473.5,55.8748,2.0654,2.4401,0.31275,0,Non-SST
5474.0,59.7913,1.9764,2.4668,0.31275,0,Non-SST
5474.5,63.7079,1.8875,2.4568,0.32483,0,Non-SST
5475.0,63.7239,1.7985,2.4468,0.33692,0,Non-SST
5475.5,65.7705,1.7347,2.4368,0.349,0,Non-SST
5476.0,67.817,1.7039,2.4268,0.36108,0,Non-SST
5476.5,69.9518,1.6731,2.3934,0.36191,0,Non-SST
5477.0,72.0867,1.6533,2.3601,0.36274,0,Non-SST
5477.5,74.2215,1.6336,2.3268,0.36357,0,Non-SST
5478.0,72.6244,1.6138,2.3368,0.37566,0,Non-SST
5478.5,71.0273,1.6138,2.3468,0.38774,0,Non-SST
5479.0,69.4302,1.6138,2.3568,0.39983,0,Non-SST
5479.5,67.8331,1.6138,2.3668,0.41191,0,Non-SST
5480.0,67.817,1.6138,2.3784,0.41717,0,Non-SST
5480.5,74.2215,1.7392,2.3901,0.42243,0,Non-SST
5481.0,71.0915,1.8646,2.4018,0.42769,0,Non-SST
5481.5,67.9615,1.988,2.4134,0.3943,0,Non-SST
5482.0,64.8315,2.1113,2.3845,0.3609,0,Non-SST
5482.5,61.7014,2.2346,2.3556,0.3275,0,Non-SST
5483.0,63.0498,2.1824,2.3268,0.2941,5,WTR
5483.5,64.3981,2.1302,2.3518,0.31024,0,Non-SST
5484.0,65.7464,2.078,2.3768,0.32638,0,Non-SST
5484.5,65.7464,2.0971,2.4018,0.34253,0,Non-SST
5485.0,65.7464,2.1162,2.4268,0.35867,0,Non-SST
5485.5,65.7464,2.1353,2.3956,0.35888,0,Non-SST
5486.0,65.7464,2.1544,2.3645,0.35908,0,Non-SST
5486.5,65.7464,2.078,2.3334,0.35929,0,Non-SST
5487.0,65.7464,2.078,2.3451,0.3593,0,Non-SST
5487.5,65.7464,2.078,2.3568,0.36288,0,Non-SST
5488.0,65.7464,2.078,2.3684,0.36646,0,Non-SST
5488.5,68.5714,2.078,2.3801,0.37004,0,Non-SST
5489.0,71.3965,2.0081,2.3851,0.37362,0,Non-SST
5489.5,74.2215,1.9382,2.3901,0.38191,0,Non-SST
5490.0,74.2215,1.8684,2.3951,0.3902,0,Non-SST
5490.5,74.2215,1.7985,2.4001,0.39849,0,Non-SST
5491.0,74.2215,1.8205,2.4001,0.40678,0,Non-SST
5491.5,74.2215,1.8426,2.3823,0.4042,0,Non-SST
5492.0,73.4992,1.8646,2.3645,0.40162,0,Non-SST
5492.5,72.7769,1.8818,2.3468,0.39904,0,Non-SST
5493.0,72.0546,1.8989,2.3484,0.38712,0,Non-SST
5493.5,70.4775,1.916,2.3501,0.37519,0,Non-SST
5494.0,68.9005,1.9332,2.3518,0.36327,0,Non-SST
5494.5,67.3234,2.0083,2.3534,0.35134,0,Non-SST
5495.0,65.7464,2.0834,2.3379,0.33763,0,Non-SST
5495.5,64.3981,2.1586,2.3223,0.32392,0,Non-SST
5496.0,63.0498,2.2337,2.3068,0.31021,5,WTR
5496.5,61.7014,2.2139,2.2851,0.2965,5,WTR
5497.0,58.8604,2.1941,2.2634,0.29265,5,WTR
5497.5,56.0193,2.1742,2.2418,0.28881,5,WTR
5498.0,53.1782,2.1544,2.2201,0.28496,5,WTR
5498.5,50.3371,2.1544,2.2367,0.28554,5,WTR
5499.0,50.7905,2.1544,2.2534,0.28611,5,WTR
5499.5,51.244,2.1544,2.2701,0.28669,5,WTR
5500.0,51.6974,2.1544,2.2868,0.28727,5,WTR
5500.5,52.1509,2.1544,2.2979,0.2827,5,WTR
5501.0,50.3692,2.1544,2.309,0.27813,5,WTR
5501.5,48.5875,2.1544,2.3201,0.27356,5,WTR
5502.0,46.8058,2.1544,2.3218,0.28876,5,WTR
5502.5,48.6035,2.1544,2.3234,0.30397,5,WTR
5503.0,50.4013,2.1544,2.3251,0.31918,5,WTR
5503.5,52.199,2.1544,2.3268,0.33438,5,WTR
5504.0,53.9968,2.1544,2.3245,0.32566,5,WTR
5504.5,53.9968,2.1544,2.3223,0.31694,5,WTR
5505.0,53.9968,2.1544,2.3201,0.30822,5,WTR
5505.5,53.9968,2.1544,2.3418,0.30764,5,WTR
5506.0,54.4663,2.1544,2.3634,0.30706,5,WTR
5506.5,54.9358,2.1544,2.3851,0.30647,0,Non-SST
5507.0,55.4053,2.261,2.4068,0.30589,0,Non-SST
5507.5,55.8748,2.3677,2.3779,0.3122,0,Non-SST
5508.0,52.3435,2.4743,2.349,0.31851,0,Non-SST
5508.5,48.8122,2.5809,2.3201,0.32482,0,Non-SST
5509.0,45.2809,2.6793,2.4401,0.34926,0,Non-SST
5509.5,41.7496,2.7778,2.5601,0.37371,0,Non-SST
5510.0,40.1605,2.8762,2.6801,0.39815,0,Non-SST
5510.5,38.5714,3.8681,2.8001,0.4226,0,Non-SST
5511.0,36.9823,4.86,2.8018,0.36879,0,Non-SST
5511.5,32.3756,5.8519,2.8035,0.31498,0,Non-SST
5512.0,27.7689,6.8438,2.8051,0.26117,0,Non-SST
5512.5,23.1621,6.0928,2.8068,0.20736,0,Non-SST
5513.0,18.5554,5.3418,2.6979,0.24021,0,Non-SST
5513.5,28.5473,4.5908,2.589,0.27307,0,Non-SST
5514.0,38.5393,3.8398,2.4801,0.30593,0,Non-SST
5514.5,46.2681,3.0255,2.4518,0.33118,0,Non-SST
5515.0,53.9968,2.2111,2.4234,0.35644,0,Non-SST
5515.5,62.2151,1.3967,2.3951,0.38169,0,Non-SST
5516.0,70.4334,1.3967,2.3668,0.40694,0,Non-SST
5516.5,78.6517,1.3967,2.3556,0.43024,0,Non-SST
5517.0,74.2857,1.3967,2.3445,0.45354,0,Non-SST
5517.5,69.9197,1.3967,2.3334,0.47684,0,Non-SST
5518.0,73.5848,1.3802,2.3451,0.4727,0,Non-SST
5518.5,77.2499,1.3636,2.3568,0.46856,0,Non-SST
5519.0,80.9149,1.3471,2.3684,0.46442,0,Non-SST
5519.5,80.9149,1.3595,2.3801,0.46028,0,Non-SST
5520.0,80.9149,1.3719,2.3645,0.46674,0,Non-SST
5520.5,80.9149,1.3843,2.349,0.4732,0,Non-SST
5521.0,80.9149,1.3967,2.3334,0.47966,0,Non-SST
5521.5,79.2416,1.3471,2.3484,0.47966,0,Non-SST
5522.0,77.5682,1.3471,2.3634,0.47967,0,Non-SST
5522.5,75.8949,1.3471,2.3784,0.47967,0,Non-SST
5523.0,74.2215,1.3471,2.3934,0.47967,0,Non-SST
5523.5,74.9545,1.3471,2.3779,0.46959,0,Non-SST
5524.0,75.6875,1.3471,2.3623,0.4595,0,Non-SST
5524.5,76.4205,1.3312,2.3468,0.44942,0,Non-SST
5525.0,76.4205,1.3153,2.3484,0.46632,0,Non-SST
5525.5,76.4205,1.2994,2.3501,0.48323,0,Non-SST
5526.0,76.4205,1.2994,2.3518,0.50013,0,Non-SST
5526.5,76.4205,1.2994,2.3534,0.51704,0,Non-SST
5527.0,77.1643,1.2994,2.3379,0.50459,0,Non-SST
5527.5,77.908,1.378,2.3223,0.49215,0,Non-SST
5528.0,78.6517,1.4566,2.3068,0.47971,0,Non-SST
5528.5,78.0939,1.5352,2.3301,0.45768,0,Non-SST
5529.0,77.5361,1.6138,2.3534,0.43565,0,Non-SST
5529.5,76.9783,1.744,2.3768,0.41362,0,Non-SST
5530.0,76.4205,1.8741,2.4001,0.39159,0,Non-SST
5530.5,77.1643,2.0043,2.2468,0.4412,0,Non-SST
5531.0,77.908,1.9369,2.0934,0.49081,0,Non-SST
5531.5,78.6517,1.8695,1.9401,0.54042,0,Non-SST
5532.0,81.561,1.8021,1.7867,0.58548,0,Non-SST
5532.5,84.4703,1.7347,1.8756,0.63053,0,Non-SST
5533.0,87.3796,1.7506,1.9645,0.67558,0,Non-SST
5533.5,90.2889,1.7666,2.0534,0.72063,0,Non-SST
5534.0,86.4098,1.7825,2.1334,0.66536,0,Non-SST
5534.5,82.5308,1.7985,2.2134,0.61008,0,Non-SST
5535.0,78.6517,1.7178,2.2934,0.5548,0,Non-SST
5535.5,75.943,1.6372,2.3734,0.49952,0,Non-SST
5536.0,73.2343,1.5565,2.389,0.46017,0,Non-SST
5536.5,70.5257,1.5042,2.4045,0.42082,0,Non-SST
5537.0,67.817,1.4518,2.4201,0.38147,0,Non-SST
5537.5,70.6849,1.3995,2.3951,0.39246,0,Non-SST
5538.0,73.5527,1.3471,2.3701,0.40345,0,Non-SST
5538.5,76.4205,1.301,2.3451,0.41444,0,Non-SST
5539.0,77.5441,1.2549,2.3201,0.42543,0,Non-SST
5539.5,78.6677,1.2088,2.3284,0.43801,0,Non-SST
5540.0,79.7913,1.1877,2.3368,0.45059,0,Non-SST
5540.5,80.9149,1.1667,2.3451,0.46317,0,Non-SST
5541.0,80.9149,1.1456,2.3534,0.48387,0,Non-SST
5541.5,80.9149,1.1245,2.3645,0.50458,0,Non-SST
5542.0,80.9149,1.1802,2.3756,0.52529,0,Non-SST
5542.5,78.1661,1.2358,2.3868,0.546,0,Non-SST
5543.0,75.4173,1.2915,2.3368,0.51454,0,Non-SST
5543.5,72.6685,1.3471,2.2868,0.48309,0,Non-SST
5544.0,69.9197,1.4763,2.2367,0.45164,0,Non-SST
5544.5,70.9952,1.6055,2.1867,0.42019,0,Non-SST
5545.0,72.0706,1.7347,2.2312,0.44728,0,Non-SST
5545.5,73.1461,1.8205,2.2756,0.47438,0,Non-SST
5546.0,74.2215,1.9063,2.3201,0.50147,0,Non-SST
5546.5,71.3965,1.9922,2.3301,0.45618,0,Non-SST
5547.0,68.5714,2.078,2.3401,0.41088,0,Non-SST
5547.5,65.7464,2.078,2.3501,0.36559,0,Non-SST
5548.0,62.3475,2.078,2.3601,0.32029,0,Non-SST
5548.5,58.9486,2.078,2.329,0.30103,5,WTR
5549.0,55.5498,2.0247,2.2979,0.28178,5,WTR
5549.5,52.1509,1.9713,2.2668,0.26252,5,WTR
5550.0,54.6763,1.918,2.2951,0.27935,5,WTR
5550.5,57.2017,1.8646,2.3234,0.29619,5,WTR
5551.0,59.7271,1.7258,2.3518,0.31303,0,Non-SST
5551.5,63.9005,1.5869,2.3801,0.32986,0,Non-SST
5552.0,68.0738,1.4481,2.3623,0.36175,0,Non-SST
5552.5,72.2472,1.3775,2.3445,0.39363,0,Non-SST
5553.0,76.4205,1.307,2.3268,0.42552,0,Non-SST
5553.5,75.8708,1.2364,2.3368,0.42355,0,Non-SST
5554.0,75.321,1.1659,2.3468,0.42158,0,Non-SST
5554.5,74.7713,1.195,2.3568,0.4196,0,Non-SST
5555.0,74.2215,1.2241,2.3668,0.41763,0,Non-SST
5555.5,74.2215,1.2533,2.3534,0.42027,0,Non-SST
5556.0,74.2215,1.2648,2.3401,0.42291,0,Non-SST
5556.5,74.2215,1.2763,2.3268,0.42554,0,Non-SST
5557.0,76.4687,1.2878,2.3151,0.44978,0,Non-SST
5557.5,78.7159,1.2994,2.3034,0.47401,0,Non-SST
5558.0,80.9631,1.3153,2.2918,0.49825,0,Non-SST
5558.5,83.2103,1.3312,2.2801,0.52249,0,Non-SST
5559.0,83.2103,1.3471,2.2818,0.53662,0,Non-SST
5559.5,83.2103,1.3724,2.2834,0.55075,0,Non-SST
5560.0,83.2103,1.3976,2.2851,0.56487,0,Non-SST
5560.5,84.9799,1.4228,2.2868,0.53675,0,Non-SST
5561.0,86.7496,1.4481,2.289,0.50863,0,Non-SST
5561.5,88.5193,1.4481,2.2912,0.48051,0,Non-SST
5562.0,90.2889,1.4481,2.2934,0.45238,0,Non-SST
5562.5,91.9155,1.4481,2.2084,0.46597,0,Non-SST
5563.0,93.542,1.4481,2.1234,0.47955,0,Non-SST
5563.5,95.1685,1.4842,2.0384,0.49314,0,Non-SST
5564.0,99.0209,1.5204,1.9534,0.50672,0,Non-SST
5564.5,102.8732,1.5565,1.9534,0.55045,0,Non-SST
5565.0,106.7255,1.5708,1.9534,0.59417,0,Non-SST
5565.5,110.5778,1.5852,1.9534,0.6379,0,Non-SST
5566.0,114.2161,1.5995,1.9634,0.63157,0,Non-SST
5566.5,117.8545,1.6138,1.9734,0.62524,0,Non-SST
5567.0,121.4928,1.6753,1.9834,0.61891,0,Non-SST
5567.5,117.4478,1.7369,1.9934,0.61259,0,Non-SST
5568.0,113.4029,1.7985,2.0868,0.6119,0,Non-SST
5568.5,109.3579,1.6622,2.1801,0.61121,0,Non-SST
5569.0,105.313,1.5259,2.2734,0.61053,0,Non-SST
5569.5,101.9315,1.3896,2.2784,0.5663,0,Non-SST
5570.0,98.55,1.2533,2.2834,0.52207,0,Non-SST
5570.5,95.1685,1.2767,2.2884,0.47784,0,Non-SST
5571.0,100.0923,1.3002,2.2934,0.4336,0,Non-SST
5571.5,105.0161,1.3237,2.2318,0.45857,0,Non-SST
5572.0,109.9398,1.3471,2.1701,0.48353,0,Non-SST
5572.5,111.5991,1.3985,2.1084,0.50849,0,Non-SST
5573.0,113.2584,1.4499,2.0467,0.53452,0,Non-SST
5573.5,117.4478,1.5013,2.0134,0.56056,0,Non-SST
5574.0,121.6372,1.5756,1.9801,0.58659,0,Non-SST
5574.5,125.8266,1.6499,1.9467,0.61262,0,Non-SST
5575.0,130.0161,1.7242,1.9634,0.60506,0,Non-SST
5575.5,126.2493,1.7985,1.9801,0.59751,0,Non-SST
5576.0,122.4826,1.8671,1.9967,0.58995,0,Non-SST
5576.5,118.7159,1.9357,2.0134,0.58239,0,Non-SST
5577.0,120.1124,2.0043,2.1134,0.55392,0,Non-SST
5577.5,121.5088,1.8524,2.2134,0.52545,0,Non-SST
5578.0,122.9053,1.7005,2.3134,0.49697,0,Non-SST
5578.5,124.3018,1.5486,2.2784,0.48048,0,Non-SST
5579.0,122.9053,1.3967,2.2434,0.46399,0,Non-SST
5579.5,121.5088,1.2088,2.2084,0.4475,0,Non-SST
5580.0,120.1124,1.5504,2.1734,0.431,0,Non-SST
5580.5,118.7159,1.8921,2.2534,0.48287,0,Non-SST
5581.0,104.6174,2.2337,2.3334,0.52259,0,Non-SST
5581.5,90.519,2.4482,2.4134,0.46569,0,Non-SST
5582.0,76.4205,2.6627,2.3693,0.40879,0,Non-SST
5582.5,66.9502,2.8772,2.3251,0.35189,0,Non-SST
5583.0,57.4799,3.0917,2.2809,0.30573,5,WTR
5583.5,48.0096,3.2096,2.2367,0.25958,3,Oil
5584.0,38.5393,3.3276,2.2018,0.21343,5,WTR
5584.5,38.5393,3.4455,2.1667,0.16728,1,Gas
5585.0,38.5393,3.3571,2.1623,0.16307,1,Gas
5585.5,38.5393,3.2686,2.1579,0.15886,1,Gas
5586.0,38.9366,3.1802,2.1534,0.16893,1,Gas
5586.5,39.3339,3.0917,2.1767,0.17901,1,Gas
5587.0,39.7311,2.964,2.2001,0.18908,1,Gas
5587.5,40.1284,2.8363,2.2234,0.19915,5,WTR
5588.0,42.3542,2.7086,2.2468,0.204,5,WTR
5588.5,44.58,2.5809,2.2534,0.20886,5,WTR
5589.0,46.8058,2.4941,2.2601,0.21371,5,WTR
5589.5,48.6035,2.4073,2.2851,0.21857,5,WTR
5590.0,50.4013,2.3205,2.3101,0.23859,5,WTR
5590.5,52.199,2.2337,2.3351,0.2586,5,WTR
5591.0,53.9968,2.1818,2.3601,0.27862,5,WTR
5591.5,52.183,2.1299,2.3284,0.27579,5,WTR
5592.0,50.3692,2.078,2.2968,0.27295,5,WTR
5592.5,48.5554,2.0596,2.2651,0.27011,5,WTR
5593.0,49.4543,2.0412,2.2334,0.26728,5,WTR
5593.5,50.3531,2.0227,2.2534,0.27031,5,WTR
5594.0,51.252,2.0043,2.2734,0.27333,5,WTR
5594.5,52.1509,1.9144,2.2934,0.27636,5,WTR
5595.0,53.5594,1.8245,2.3134,0.28861,5,WTR
5595.5,54.9679,1.7347,2.3268,0.30086,5,WTR
5596.0,56.3764,1.7506,2.3401,0.3131,0,Non-SST
5596.5,57.7849,1.7666,2.3534,0.32535,0,Non-SST
5597.0,57.7849,1.7825,2.3468,0.32377,0,Non-SST
5597.5,57.7849,1.7985,2.3401,0.32218,0,Non-SST
5598.0,57.7849,1.7985,2.3334,0.32059,5,WTR
5598.5,59.2656,1.7985,2.3268,0.31882,5,WTR
5599.0,60.7464,1.7985,2.329,0.31705,0,Non-SST
5599.5,62.2271,1.8321,2.3312,0.31527,0,Non-SST
5600.0,63.7079,1.8658,2.3334,0.3135,0,Non-SST
5600.5,60.4708,1.8995,2.3318,0.30999,0,Non-SST
5601.0,57.2338,1.9332,2.3301,0.30647,5,WTR
5601.5,53.9968,1.9569,2.3284,0.30296,5,WTR
5602.0,54.9438,1.9806,2.3268,0.29944,5,WTR
5602.5,55.8909,2.0043,2.3468,0.29867,5,WTR
5603.0,56.8379,1.9215,2.3668,0.2979,5,WTR
5603.5,57.7849,1.8387,2.3868,0.29713,0,Non-SST
5604.0,59.7753,1.7559,2.3801,0.31643,0,Non-SST
5604.5,61.7657,1.6731,2.3734,0.33574,0,Non-SST
5605.0,63.756,1.581,2.3668,0.35505,0,Non-SST
5605.5,65.7464,1.4888,2.3601,0.37436,0,Non-SST
5606.0,65.7464,1.3967,2.3779,0.38803,0,Non-SST
5606.5,65.7464,1.3723,2.3956,0.40169,0,Non-SST
5607.0,65.7464,1.348,2.4134,0.41536,0,Non-SST
5607.5,67.3234,1.3237,2.3934,0.41866,0,Non-SST
5608.0,68.9005,1.2994,2.3734,0.42195,0,Non-SST
5608.5,70.4775,1.2878,2.3534,0.42525,0,Non-SST
5609.0,72.0546,1.2763,2.3334,0.42854,0,Non-SST
5609.5,71.343,1.2648,2.3312,0.45525,0,Non-SST
5610.0,70.6314,1.2533,2.329,0.48195,0,Non-SST
5610.5,69.9197,1.2686,2.3268,0.50866,0,Non-SST
5611.0,69.9197,1.284,2.3334,0.49536,0,Non-SST
5611.5,69.9197,1.2994,2.3401,0.48206,0,Non-SST
5612.0,69.9197,1.2767,2.3468,0.46876,0,Non-SST
5612.5,69.9197,1.2541,2.3534,0.45545,0,Non-SST
5613.0,69.9197,1.2314,2.3401,0.47552,0,Non-SST
5613.5,69.9197,1.2088,2.3268,0.49559,0,Non-SST
5614.0,69.9197,1.1807,2.3134,0.51566,0,Non-SST
5614.5,69.9197,1.1526,2.3268,0.51035,0,Non-SST
5615.0,69.9197,1.1245,2.3401,0.50504,0,Non-SST
5615.5,69.9197,1.1456,2.3534,0.49972,0,Non-SST
5616.0,69.9197,1.1667,2.3668,0.49441,0,Non-SST
5616.5,71.3537,1.1877,2.3551,0.4773,0,Non-SST
5617.0,72.7876,1.2088,2.3434,0.46018,0,Non-SST
5617.5,74.2215,1.2088,2.3318,0.44307,0,Non-SST
5618.0,72.6204,1.2088,2.3201,0.42596,0,Non-SST
5618.5,71.0193,1.2088,2.3134,0.45066,0,Non-SST
5619.0,69.4181,1.2957,2.3068,0.47537,0,Non-SST
5619.5,67.817,1.3827,2.3001,0.50007,0,Non-SST
5620.0,65.1204,1.4696,2.3101,0.47246,0,Non-SST
5620.5,62.4238,1.5565,2.3201,0.44486,0,Non-SST
5621.0,59.7271,1.6685,2.3301,0.41725,0,Non-SST
5621.5,61.2319,1.7804,2.3401,0.38964,0,Non-SST
5622.0,62.7368,1.8923,2.3379,0.39134,0,Non-SST
5622.5,64.2416,2.0043,2.3356,0.39305,0,Non-SST
5623.0,65.7464,1.7693,2.3334,0.39476,0,Non-SST
5623.5,69.5385,1.5343,2.3251,0.40724,0,Non-SST
5624.0,73.3307,1.2994,2.3168,0.41973,0,Non-SST
5624.5,77.1228,1.2557,2.3084,0.43221,0,Non-SST
5625.0,80.9149,1.2119,2.3001,0.4447,0,Non-SST
5625.5,83.2424,1.1682,2.2884,0.44832,0,Non-SST
5626.0,85.5698,1.1245,2.2768,0.45193,0,Non-SST
5626.5,87.8973,1.1526,2.2651,0.45555,0,Non-SST
5627.0,89.1011,1.1807,2.2534,0.45624,0,Non-SST
5627.5,90.305,1.2088,2.2356,0.45693,0,Non-SST
5628.0,91.5088,1.2314,2.2179,0.45761,0,Non-SST
5628.5,92.7127,1.2541,2.2001,0.4583,0,Non-SST
5629.0,90.321,1.2767,2.2134,0.48582,0,Non-SST
5629.5,87.9294,1.2994,2.2267,0.51335,0,Non-SST
5630.0,85.5377,1.3851,2.2401,0.54087,0,Non-SST
5630.5,81.1075,1.4708,2.2534,0.51349,0,Non-SST
5631.0,76.6774,1.5565,2.2556,0.48612,0,Non-SST
5631.5,72.2472,1.6685,2.2579,0.45874,0,Non-SST
5632.0,67.817,1.7804,2.2601,0.43136,0,Non-SST
5632.5,66.7897,1.8923,2.2568,0.3961,0,Non-SST
5633.0,65.7624,2.0043,2.2534,0.36084,5,WTR
5633.5,64.7352,2.0289,2.2501,0.32558,5,WTR
5634.0,63.7079,2.0534,2.2468,0.31448,5,WTR
5634.5,61.7335,2.078,2.2845,0.30338,5,WTR
5635.0,59.7592,2.078,2.3223,0.29228,5,WTR
5635.5,57.7849,2.078,2.3601,0.28117,5,WTR
5636.0,57.7849,2.078,2.3601,0.27439,5,WTR
5636.5,57.7849,2.078,2.3601,0.26761,5,WTR
5637.0,57.7849,1.9431,2.3601,0.26083,5,WTR
5637.5,57.7849,1.8081,2.3601,0.25405,5,WTR
5638.0,60.4387,1.6731,2.3645,0.28111,0,Non-SST
5638.5,63.0926,1.5916,2.369,0.30816,0,Non-SST
5639.0,65.7464,1.5101,2.3734,0.33522,0,Non-SST
5639.5,67.3234,1.4286,2.3718,0.35013,0,Non-SST
5640.0,68.9005,1.3471,2.3701,0.36505,0,Non-SST
5640.5,70.4775,1.3724,2.3684,0.37996,0,Non-SST
5641.0,72.0546,1.3976,2.3668,0.39488,0,Non-SST
5641.5,71.343,1.4228,2.3668,0.40884,0,Non-SST
5642.0,70.6314,1.4481,2.3668,0.4228,0,Non-SST
5642.5,69.9197,1.4658,2.3668,0.43677,0,Non-SST
5643.0,69.9197,1.4836,2.3568,0.44631,0,Non-SST
5643.5,69.9197,1.5013,2.3468,0.45586,0,Non-SST
5644.0,69.9197,1.488,2.3368,0.46541,0,Non-SST
5644.5,69.9197,1.4747,2.3268,0.47495,0,Non-SST
5645.0,65.8748,1.4614,2.3356,0.47403,0,Non-SST
5645.5,61.8298,1.4481,2.3445,0.47311,0,Non-SST
5646.0,57.7849,1.5436,2.3534,0.47219,0,Non-SST
5646.5,57.3074,1.6391,2.3468,0.44655,0,Non-SST
5647.0,56.8298,1.7347,2.3401,0.42091,0,Non-SST
5647.5,56.3523,1.7347,2.3334,0.39527,0,Non-SST
5648.0,55.8748,1.7347,2.3268,0.36963,0,Non-SST
5648.5,58.4858,1.7347,2.349,0.35899,0,Non-SST
5649.0,61.0968,1.7347,2.3712,0.34834,0,Non-SST
5649.5,63.7079,1.6901,2.3934,0.3377,0,Non-SST
5650.0,62.7127,1.6456,2.3918,0.34259,0,Non-SST
5650.5,61.7175,1.6011,2.3901,0.34747,0,Non-SST
5651.0,60.7223,1.5565,2.3884,0.35236,0,Non-SST
5651.5,59.7271,1.5565,2.3868,0.35725,0,Non-SST
5652.0,61.054,1.5565,2.3845,0.34833,0,Non-SST
5652.5,62.381,1.5565,2.3823,0.33941,0,Non-SST
5653.0,63.7079,1.6011,2.3801,0.33049,0,Non-SST
5653.5,60.8186,1.6456,2.3718,0.3447,0,Non-SST
5654.0,57.9294,1.6901,2.3634,0.3589,0,Non-SST
5654.5,55.0401,1.7347,2.3551,0.37311,0,Non-SST
5655.0,52.1509,1.7559,2.3468,0.38732,0,Non-SST
5655.5,54.5385,1.7772,2.3623,0.36679,0,Non-SST
5656.0,56.9262,1.7985,2.3779,0.34626,0,Non-SST
5656.5,59.3138,1.7109,2.3934,0.32573,0,Non-SST
5657.0,61.7014,1.6233,2.3851,0.34049,0,Non-SST
5657.5,65.1525,1.5357,2.3768,0.35526,0,Non-SST
5658.0,68.6035,1.4481,2.3684,0.37003,0,Non-SST
5658.5,72.0546,1.3985,2.3601,0.3848,0,Non-SST
5659.0,72.0546,1.3489,2.3645,0.41396,0,Non-SST
5659.5,72.0546,1.2994,2.369,0.44313,0,Non-SST
5660.0,72.0546,1.3113,2.3734,0.47229,0,Non-SST
5660.5,72.0546,1.3232,2.3484,0.46954,0,Non-SST
5661.0,72.7769,1.3352,2.3234,0.46678,0,Non-SST
5661.5,73.4992,1.3471,2.2984,0.46403,0,Non-SST
5662.0,74.2215,1.3636,2.2734,0.46127,0,Non-SST
5662.5,71.0915,1.3802,2.3001,0.43327,0,Non-SST
5663.0,67.9615,1.3967,2.3268,0.40526,0,Non-SST
5663.5,64.8315,1.4971,2.3534,0.37725,0,Non-SST
5664.0,61.7014,1.5976,2.3801,0.368,0,Non-SST
5664.5,60.7223,1.698,2.3801,0.35874,0,Non-SST
5665.0,59.7432,1.7985,2.3801,0.34948,0,Non-SST
5665.5,58.764,1.9709,2.3801,0.34022,0,Non-SST
5666.0,57.7849,2.1434,2.3751,0.33188,0,Non-SST
5666.5,56.8298,2.3158,2.3701,0.32354,0,Non-SST
5667.0,55.8748,2.3371,2.3651,0.3152,0,Non-SST
5667.5,53.435,2.3584,2.3601,0.30686,0,Non-SST
5668.0,50.9952,2.3797,2.3334,0.29836,5,WTR
5668.5,48.5554,2.401,2.3068,0.28987,5,WTR
5669.0,48.2638,2.401,2.2801,0.28137,5,WTR
5669.5,47.9722,2.401,2.2968,0.27403,5,WTR
5670.0,47.6806,2.401,2.3134,0.26669,5,WTR
5670.5,47.389,2.3797,2.3301,0.25936,5,WTR
5671.0,47.0974,2.3584,2.3468,0.25202,5,WTR
5671.5,46.8058,2.3371,2.3623,0.26029,5,WTR
5672.0,48.1421,2.3158,2.3779,0.26856,5,WTR
5672.5,49.4783,2.2337,2.3934,0.27683,0,Non-SST
5673.0,50.8146,2.1599,2.3784,0.27493,5,WTR
5673.5,52.1509,2.0861,2.3634,0.27304,5,WTR
5674.0,55.3344,2.0122,2.3484,0.28445,5,WTR
5674.5,58.5179,1.9384,2.3334,0.29587,5,WTR
5675.0,61.7014,1.8646,2.3268,0.30729,0,Non-SST
5675.5,62.203,1.7435,2.3201,0.3187,0,Non-SST
5676.0,62.7047,1.6224,2.3134,0.35021,0,Non-SST
5676.5,63.2062,1.5013,2.3068,0.38172,0,Non-SST
5677.0,63.7079,1.5872,2.3234,0.41323,0,Non-SST
5677.5,66.4901,1.6731,2.3401,0.43152,0,Non-SST
5678.0,69.2723,1.536,2.3268,0.44981,0,Non-SST
5678.5,72.0546,1.3988,2.3134,0.4681,0,Non-SST
5679.0,71.5209,1.2617,2.3001,0.4864,0,Non-SST
5679.5,70.9872,1.1245,2.2979,0.46728,0,Non-SST
5680.0,70.4535,1.1349,2.2957,0.44816,0,Non-SST
5680.5,69.9197,1.1452,2.2934,0.42904,0,Non-SST
5681.0,68.3668,1.1556,2.3218,0.42904,0,Non-SST
5681.5,66.8138,1.1659,2.3501,0.42905,0,Non-SST
5682.0,65.2608,1.1456,2.3784,0.42905,0,Non-SST
5682.5,63.7079,1.1253,2.4068,0.42906,0,Non-SST
5683.0,67.2124,1.105,2.3734,0.43922,0,Non-SST
5683.5,70.717,1.0847,2.3401,0.44938,0,Non-SST
5684.0,74.2215,1.126,2.3068,0.45954,0,Non-SST
5684.5,74.7713,1.1674,2.3054,0.4697,0,Non-SST
5685.0,75.321,1.2088,2.3041,0.46422,0,Non-SST
5685.5,75.8708,1.1778,2.3028,0.45874,0,Non-SST
5686.0,76.4205,1.1467,2.3014,0.45325,0,Non-SST
5686.5,77.1643,1.1157,2.3001,0.45806,0,Non-SST
5687.0,77.908,1.0847,2.3134,0.46287,0,Non-SST
5687.5,78.6517,1.098,2.3268,0.46768,0,Non-SST
5688.0,77.0024,1.1113,2.3401,0.47249,0,Non-SST
5688.5,75.3531,1.1245,2.3401,0.46769,0,Non-SST
5689.0,73.7039,1.1567,2.3401,0.46289,0,Non-SST
5689.5,72.0546,1.1889,2.3401,0.45809,0,Non-SST
5690.0,71.5209,1.2211,2.3401,0.45328,0,Non-SST
5690.5,70.9872,1.2533,2.3312,0.46342,0,Non-SST
5691.0,70.4535,1.3359,2.3223,0.47355,0,Non-SST
5691.5,69.9197,1.4186,2.3134,0.48368,0,Non-SST
5692.0,66.5222,1.5013,2.3318,0.44786,0,Non-SST
5692.5,63.1247,1.7049,2.3501,0.41204,0,Non-SST
5693.0,59.7271,1.9086,2.3684,0.37622,0,Non-SST
5693.5,56.4968,2.1122,2.3868,0.34041,0,Non-SST
5694.0,53.2664,2.3158,2.3823,0.32231,0,Non-SST
5694.5,50.0361,2.3158,2.3779,0.30422,0,Non-SST
5695.0,46.8058,2.3158,2.3734,0.28612,5,WTR
5695.5,47.389,2.3158,2.3751,0.27708,5,WTR
5696.0,47.9722,2.2953,2.3768,0.26803,5,WTR
5696.5,48.5554,2.2747,2.3784,0.25898,5,WTR
5697.0,49.9157,2.2542,2.3801,0.24994,5,WTR
5697.5,51.2761,2.2337,2.3734,0.24113,5,WTR
5698.0,52.6364,2.1763,2.3668,0.23232,5,WTR
5698.5,53.9968,2.119,2.3601,0.22352,5,WTR
5699.0,55.2595,2.0616,2.3551,0.24795,5,WTR
5699.5,56.5222,2.0043,2.3501,0.27238,5,WTR
5700.0,57.7849,2.0543,2.3451,0.29681,5,WTR
5700.5,57.3074,2.1044,2.3401,0.32124,0,Non-SST
5701.0,56.8298,2.1544,2.3445,0.30196,5,WTR
5701.5,56.3523,2.1353,2.349,0.28268,5,WTR
5702.0,55.8748,2.1162,2.3534,0.26341,5,WTR
5702.5,56.5115,2.0971,2.3651,0.27025,5,WTR
5703.0,57.1482,2.078,2.3768,0.2771,5,WTR
5703.5,57.7849,1.9431,2.3884,0.28394,5,WTR
5704.0,61.3523,1.8081,2.4001,0.29079,0,Non-SST
5704.5,64.9197,1.6731,2.3984,0.31142,0,Non-SST
5705.0,68.4872,1.5682,2.3968,0.33205,0,Non-SST
5705.5,72.0546,1.4632,2.3951,0.35268,0,Non-SST
5706.0,70.6421,1.3582,2.3934,0.35515,0,Non-SST
5706.5,69.2295,1.2533,2.3756,0.35762,0,Non-SST
5707.0,67.817,1.2533,2.3579,0.36009,0,Non-SST
5707.5,66.7897,1.2533,2.3401,0.36256,0,Non-SST
5708.0,65.7624,1.2533,2.3334,0.3799,0,Non-SST
5708.5,64.7352,1.2533,2.3268,0.39723,0,Non-SST
5709.0,63.7079,1.2104,2.3201,0.41457,0,Non-SST
5709.5,66.4901,1.1674,2.3134,0.4319,0,Non-SST
5710.0,69.2723,1.1245,2.3068,0.46233,0,Non-SST
5710.5,72.0546,1.0957,2.3001,0.49276,0,Non-SST
5711.0,72.5963,1.0668,2.2934,0.52318,0,Non-SST
5711.5,73.138,1.0379,2.3101,0.50986,0,Non-SST
5712.0,73.6798,1.0091,2.3268,0.49655,0,Non-SST
5712.5,74.2215,1.0091,2.3434,0.48323,0,Non-SST
5713.0,73.1461,1.0091,2.3601,0.46991,0,Non-SST
5713.5,72.0706,1.0091,2.3401,0.47176,0,Non-SST
5714.0,70.9952,1.0091,2.3201,0.47361,0,Non-SST
5714.5,69.9197,1.0091,2.3001,0.47547,0,Non-SST
5715.0,71.3537,1.0091,2.2801,0.48345,0,Non-SST
5715.5,72.7876,1.0091,2.2912,0.49143,0,Non-SST
5716.0,74.2215,1.0214,2.3023,0.49942,0,Non-SST
5716.5,74.7713,1.0338,2.3134,0.5074,0,Non-SST
5717.0,75.321,1.0462,2.3118,0.48852,0,Non-SST
5717.5,75.8708,1.0558,2.3101,0.46965,0,Non-SST
5718.0,76.4205,1.0654,2.3084,0.45077,0,Non-SST
5718.5,74.2536,1.075,2.3068,0.45488,0,Non-SST
5719.0,72.0867,1.0847,2.3201,0.45898,0,Non-SST
5719.5,69.9197,1.1409,2.3334,0.46309,0,Non-SST
5720.0,67.8652,1.1971,2.3468,0.4672,0,Non-SST
5720.5,65.8106,1.2533,2.3501,0.44862,0,Non-SST
5721.0,63.756,1.2648,2.3534,0.43003,0,Non-SST
5721.5,61.7014,1.2763,2.3568,0.41145,0,Non-SST
5722.0,61.7014,1.2878,2.3601,0.39287,0,Non-SST
5722.5,61.7014,1.2994,2.3534,0.40326,0,Non-SST
5723.0,61.7014,1.3153,2.3468,0.41366,0,Non-SST
5723.5,60.2448,1.3312,2.3401,0.42405,0,Non-SST
5724.0,58.7881,1.3471,2.3634,0.4112,0,Non-SST
5724.5,57.3315,1.5114,2.3868,0.39835,0,Non-SST
5725.0,55.8748,1.6757,2.4101,0.3855,0,Non-SST
5725.5,54.9438,1.84,2.4334,0.37265,0,Non-SST
5726.0,54.0128,2.0043,2.4001,0.37182,0,Non-SST
5726.5,53.0819,1.9577,2.3668,0.37099,0,Non-SST
5727.0,52.1509,1.9112,2.3334,0.37016,5,WTR
5727.5,50.3692,1.8646,2.3501,0.35857,5,WTR
5728.0,48.5875,1.9371,2.3668,0.34698,0,Non-SST
5728.5,46.8058,2.0095,2.3834,0.33539,0,Non-SST
5729.0,45.5417,2.082,2.4001,0.3238,0,Non-SST
5729.5,44.2777,2.1544,2.3579,0.32064,5,WTR
5730.0,43.0136,2.2966,2.3156,0.31748,5,WTR
5730.5,41.7496,2.4387,2.2734,0.31432,5,WTR
5731.0,40.6795,2.5809,2.3034,0.29058,5,WTR
5731.5,39.6094,2.558,2.3334,0.26684,5,WTR
5732.0,38.5393,2.5351,2.3634,0.2431,0,Non-SST
5732.5,39.3419,2.5122,2.3934,0.21936,0,Non-SST
5733.0,40.1445,2.4893,2.3845,0.223,0,Non-SST
5733.5,40.947,2.4893,2.3756,0.22664,0,Non-SST
5734.0,41.7496,2.4893,2.3668,0.23028,0,Non-SST
5734.5,43.435,2.4893,2.3601,0.23414,5,WTR
5735.0,45.1204,2.4893,2.3534,0.238,5,WTR
5735.5,46.8058,2.4041,2.3468,0.24186,5,WTR
5736.0,43.9687,2.3189,2.3401,0.24572,5,WTR
5736.5,41.1316,2.2337,2.3151,0.24684,5,WTR
5737.0,38.2945,2.1586,2.2901,0.24795,5,WTR
5737.5,35.4575,2.0834,2.2651,0.24907,5,WTR
5738.0,35.4575,2.0083,2.2401,0.25018,5,WTR
5738.5,35.4575,1.9332,2.2712,0.25317,5,WTR
5739.0,35.4575,1.8267,2.3023,0.25615,5,WTR
5739.5,33.3387,1.7203,2.3334,0.25913,5,WTR
5740.0,31.2199,1.6138,2.2868,0.26423,5,WTR
5740.5,29.1011,1.5995,2.2401,0.26933,5,WTR
5741.0,26.9823,1.5852,2.1934,0.27443,5,WTR
5741.5,26.9823,1.5708,2.1467,0.27953,5,WTR
5742.0,26.9823,1.5565,2.1579,0.32512,5,WTR
5742.5,26.9823,1.6372,2.169,0.37071,5,WTR
5743.0,26.6573,1.7178,2.1801,0.4163,5,WTR
5743.5,26.3323,1.7985,2.1967,0.41922,5,WTR
5744.0,26.0072,1.8321,2.2134,0.42213,5,WTR
5744.5,25.6822,1.8658,2.2301,0.42505,5,WTR
5745.0,27.9561,1.8995,2.2468,0.42796,5,WTR
5745.5,30.2301,1.9332,2.2401,0.42708,5,WTR
5746.0,32.504,2.0069,2.2334,0.4262,5,WTR
5746.5,30.7986,2.0807,2.2267,0.42533,5,WTR
5747.0,29.0931,2.1544,2.2584,0.42205,5,WTR
5747.5,27.3876,2.3888,2.2901,0.41877,0,Non-SST
5748.0,25.6822,2.6231,2.3218,0.4155,0,Non-SST
5748.5,26.1156,2.8574,2.3534,0.41222,0,Non-SST
5749.0,26.549,3.0917,2.3884,0.37307,0,Non-SST
5749.5,26.9823,3.437,2.4234,0.33392,0,Non-SST
5750.0,26.0313,3.7822,2.4584,0.29476,0,Non-SST
5750.5,25.0803,4.1275,2.4934,0.25561,0,Non-SST
5751.0,24.1292,4.2456,2.4734,0.24456,0,Non-SST
5751.5,23.1782,4.3637,2.4534,0.23351,0,Non-SST
5752.0,24.0128,4.4818,2.4334,0.22246,0,Non-SST
5752.5,24.8475,4.5999,2.4318,0.22029,0,Non-SST
5753.0,25.6822,4.8781,2.4301,0.21811,0,Non-SST
5753.5,24.1774,5.1564,2.4284,0.21594,0,Non-SST
5754.0,22.6726,5.4347,2.4268,0.21377,0,Non-SST
5754.5,21.1677,5.713,2.4334,0.19808,0,Non-SST
5755.0,19.6629,5.5803,2.4401,0.18238,0,Non-SST
5755.5,19.6629,5.4475,2.4468,0.16669,0,Non-SST
5756.0,19.6629,5.3148,2.4034,0.2033,0,Non-SST
5756.5,19.6629,4.912,2.3601,0.23991,0,Non-SST
5757.0,19.1172,4.5092,2.3168,0.27651,0,Non-SST
5757.5,18.5714,4.1064,2.2734,0.31312,0,Non-SST
5758.0,18.0257,3.7036,2.349,0.28146,0,Non-SST
5758.5,17.4799,4.1778,2.4245,0.2498,0,Non-SST
5759.0,19.679,4.6521,2.5001,0.21814,0,Non-SST
5759.5,19.6736,5.1263,2.4951,0.20741,0,Non-SST
5760.0,19.6683,5.1734,2.4901,0.19667,0,Non-SST
5760.5,19.6629,5.2206,2.4851,0.18594,0,Non-SST
5761.0,18.5714,5.2677,2.4801,0.1752,0,Non-SST
5761.5,17.4799,5.3148,2.5157,0.17946,0,Non-SST
5762.0,18.2076,5.38,2.5512,0.18373,0,Non-SST
5762.5,18.9353,5.4452,2.5868,0.18799,0,Non-SST
5763.0,19.6629,5.5103,2.5751,0.18427,0,Non-SST
5763.5,22.8732,5.2026,2.5634,0.18054,0,Non-SST
5764.0,26.0835,4.8948,2.5518,0.17682,0,Non-SST
5764.5,29.2937,4.587,2.5401,0.1731,0,Non-SST
5765.0,32.504,4.2793,2.5201,0.18415,0,Non-SST
5765.5,32.0278,4.0949,2.5001,0.19521,0,Non-SST
5766.0,31.5516,3.9105,2.4801,0.20626,0,Non-SST
5766.5,31.0754,3.8398,2.4851,0.21113,0,Non-SST
5767.0,32.5522,3.5858,2.4901,0.21601,0,Non-SST
5767.5,34.0289,3.3318,2.4951,0.24919,0,Non-SST
5768.0,35.5056,3.0778,2.5001,0.28238,0,Non-SST
5768.5,36.9823,2.8238,2.4887,0.31556,0,Non-SST
5769.0,37.3716,2.5698,2.4773,0.3283,0,Non-SST
5769.5,37.7608,2.3158,2.4659,0.34104,0,Non-SST
5770.0,38.1501,2.5379,2.4545,0.35379,0,Non-SST
5770.5,38.5393,2.7599,2.4545,0.36653,0,Non-SST
5771.0,36.5275,2.982,2.432,0.34329,0,Non-SST
5771.5,34.5158,2.8588,2.4094,0.32005,0,Non-SST
5772.0,32.504,2.7357,2.3868,0.29681,0,Non-SST
5772.5,33.2424,2.6125,2.3818,0.30591,0,Non-SST
5773.0,33.9807,2.4893,2.3768,0.315,0,Non-SST
5773.5,34.7191,2.3815,2.3718,0.3241,0,Non-SST
5774.0,35.4575,2.2737,2.3668,0.3332,0,Non-SST
5774.5,36.4847,2.1659,2.3468,0.34229,0,Non-SST
5775.0,37.512,2.0581,2.3268,0.35139,5,WTR
5775.5,38.5393,1.9503,2.3068,0.36048,5,WTR
5776.0,41.4888,1.8425,2.305,0.36958,5,WTR
5776.5,44.4382,1.7347,2.3033,0.37867,5,WTR
5777.0,47.3876,1.7672,2.3015,0.38777,5,WTR
5777.5,50.3371,1.7996,2.2997,0.39686,5,WTR
5778.0,51.252,1.8321,2.298,0.40596,5,WTR
5778.5,52.1669,1.8646,2.2962,0.41506,5,WTR
5779.0,53.0819,1.7086,2.2945,0.42415,5,WTR
5779.5,53.9968,1.5527,2.2927,0.43325,5,WTR
5780.0,58.6035,1.3967,2.291,0.44234,0,Non-SST
5780.5,63.2103,1.3187,2.2892,0.45144,0,Non-SST
5781.0,67.817,1.2407,2.2875,0.46053,0,Non-SST
5781.5,68.3427,1.1627,2.2857,0.46538,0,Non-SST
5782.0,68.8684,1.0847,2.284,0.47022,0,Non-SST
5782.5,69.3941,1.0475,2.2822,0.47506,0,Non-SST
5783.0,69.9197,1.0104,2.2804,0.4799,0,Non-SST
5783.5,70.6314,0.9733,2.2787,0.48271,0,Non-SST
5784.0,71.343,0.9733,2.2769,0.48552,0,Non-SST
5784.5,72.0546,0.9733,2.2752,0.48834,0,Non-SST
5785.0,72.0546,0.9733,2.2734,0.49115,0,Non-SST
5785.5,72.0546,0.9733,2.2912,0.4946,0,Non-SST
5786.0,72.0546,0.9646,2.309,0.49806,0,Non-SST
5786.5,72.0546,0.956,2.3268,0.50151,0,Non-SST
5787.0,72.7769,0.9474,2.3151,0.51356,0,Non-SST
5787.5,73.4992,0.9388,2.3034,0.5256,0,Non-SST
5788.0,74.2215,0.9622,2.2918,0.53765,0,Non-SST
5788.5,72.1027,0.9856,2.2801,0.54969,0,Non-SST
5789.0,69.9839,1.0091,2.2957,0.50922,0,Non-SST
5789.5,67.8652,1.0816,2.3112,0.46876,0,Non-SST
5790.0,65.7464,1.1542,2.3268,0.42829,0,Non-SST
5790.5,66.4366,1.2268,2.3168,0.43982,0,Non-SST
5791.0,67.1268,1.2994,2.3068,0.45134,0,Non-SST
5791.5,67.817,1.2278,2.2968,0.46287,0,Non-SST
5792.0,67.817,1.1562,2.2868,0.4744,0,Non-SST
5792.5,67.817,1.0847,2.3023,0.49221,0,Non-SST
5793.0,67.817,1.0946,2.3179,0.51002,0,Non-SST
5793.5,67.817,1.1046,2.3334,0.52783,0,Non-SST
5794.0,68.5179,1.1146,2.3318,0.50628,0,Non-SST
5794.5,69.2188,1.1245,2.3301,0.48474,0,Non-SST
5795.0,69.9197,1.105,2.3284,0.4632,0,Non-SST
5795.5,68.8764,1.0854,2.3268,0.44166,0,Non-SST
5796.0,67.8331,1.0658,2.3201,0.46103,0,Non-SST
5796.5,66.7897,1.0462,2.3134,0.48039,0,Non-SST
5797.0,65.7464,1.0723,2.3068,0.49975,0,Non-SST
5797.5,66.7897,1.0984,2.2934,0.49342,0,Non-SST
5798.0,67.8331,1.1245,2.2801,0.4871,0,Non-SST
5798.5,68.8764,1.105,2.2668,0.48078,0,Non-SST
5799.0,69.9197,1.0854,2.2534,0.47445,0,Non-SST
5799.5,69.9197,1.0658,2.3018,0.46761,0,Non-SST
5800.0,69.9197,1.0462,2.3501,0.46077,0,Non-SST
5800.5,69.9197,1.0861,2.3984,0.45393,0,Non-SST
5801.0,68.8764,1.126,2.4468,0.44709,0,Non-SST
5801.5,67.8331,1.1659,2.4112,0.46755,0,Non-SST
5802.0,66.7897,1.2112,2.3756,0.48802,0,Non-SST
5802.5,65.7464,1.2565,2.3401,0.50848,0,Non-SST
5803.0,67.1375,1.3018,2.3334,0.48846,0,Non-SST
5803.5,68.5286,1.3471,2.3268,0.46844,0,Non-SST
5804.0,69.9197,1.2596,2.3201,0.44842,0,Non-SST
5804.5,70.4535,1.1722,2.3134,0.42839,0,Non-SST
5805.0,70.9872,1.0847,2.3134,0.44377,0,Non-SST
5805.5,71.5209,1.075,2.3134,0.45914,0,Non-SST
5806.0,72.0546,1.0654,2.3134,0.47451,0,Non-SST
5806.5,71.343,1.0558,2.3001,0.46834,0,Non-SST
5807.0,70.6314,1.0462,2.2868,0.46218,0,Non-SST
5807.5,69.9197,1.0338,2.2734,0.45601,0,Non-SST
5808.0,70.4535,1.0214,2.2601,0.44985,0,Non-SST
5808.5,70.9872,1.0091,2.2651,0.45993,0,Non-SST
5809.0,71.5209,1.0091,2.2701,0.47002,0,Non-SST
5809.5,72.0546,1.0091,2.2751,0.4801,0,Non-SST
5810.0,70.4775,1.0091,2.2801,0.47527,0,Non-SST
5810.5,68.9005,1.0091,2.3001,0.47043,0,Non-SST
5811.0,67.3234,1.0613,2.3201,0.4656,0,Non-SST
5811.5,65.7464,1.1136,2.3401,0.46076,0,Non-SST
5812.0,67.1375,1.1659,2.3234,0.46077,0,Non-SST
5812.5,68.5286,1.1178,2.3068,0.46077,0,Non-SST
5813.0,69.9197,1.0696,2.2901,0.46078,0,Non-SST
5813.5,69.9197,1.0214,2.2734,0.46078,0,Non-SST
5814.0,69.9197,0.9733,2.2801,0.45625,0,Non-SST
5814.5,69.9197,0.9733,2.2868,0.45172,0,Non-SST
5815.0,69.9197,0.9733,2.2934,0.4472,0,Non-SST
5815.5,69.9197,0.9733,2.2901,0.46167,0,Non-SST
5816.0,69.9197,0.9822,2.2868,0.47614,0,Non-SST
5816.5,69.9197,0.9912,2.2834,0.49062,0,Non-SST
5817.0,70.4535,1.0001,2.2801,0.50509,0,Non-SST
5817.5,70.9872,1.0091,2.2868,0.50509,0,Non-SST
5818.0,71.5209,1.028,2.2934,0.5051,0,Non-SST
5818.5,72.0546,1.0469,2.3001,0.5051,0,Non-SST
5819.0,72.7769,1.0658,2.3268,0.49472,0,Non-SST
5819.5,73.4992,1.0847,2.3534,0.48434,0,Non-SST
5820.0,74.2215,1.1409,2.3801,0.47396,0,Non-SST
5820.5,72.6204,1.1971,2.4068,0.46357,0,Non-SST
5821.0,71.0193,1.2533,2.3934,0.46634,0,Non-SST
5821.5,69.4181,1.2314,2.3801,0.4691,0,Non-SST
5822.0,67.817,1.2096,2.3668,0.47186,0,Non-SST
5822.5,69.9518,1.1877,2.3434,0.46169,0,Non-SST
5823.0,72.0867,1.1659,2.3201,0.45152,0,Non-SST
5823.5,74.2215,1.0902,2.2968,0.44136,0,Non-SST
5824.0,76.4687,1.0145,2.2734,0.43119,0,Non-SST
5824.5,78.7159,0.9388,2.2823,0.44476,0,Non-SST
5825.0,80.9631,0.9656,2.2912,0.45832,0,Non-SST
5825.5,83.2103,0.9925,2.3001,0.47189,0,Non-SST
5826.0,76.7095,1.0193,2.3251,0.46845,0,Non-SST
5826.5,70.2087,1.0462,2.3501,0.46502,0,Non-SST
5827.0,63.7079,1.1466,2.3751,0.46159,0,Non-SST
5827.5,63.7079,1.2471,2.4001,0.45815,0,Non-SST
5828.0,63.7079,1.3476,2.3845,0.46926,0,Non-SST
5828.5,63.7079,1.4481,2.369,0.48038,0,Non-SST
5829.0,63.7079,1.3985,2.3534,0.49149,0,Non-SST
5829.5,63.7465,1.3489,2.3451,0.46987,0,Non-SST
5830.0,63.7852,1.2994,2.3368,0.44826,0,Non-SST
5830.5,63.8238,1.3237,2.3284,0.42664,0,Non-SST
5831.0,65.3796,1.348,2.3201,0.40502,0,Non-SST
5831.5,66.9354,1.3723,2.3623,0.42275,0,Non-SST
5832.0,68.4912,1.3967,2.4045,0.44047,0,Non-SST
5832.5,70.047,1.3802,2.4468,0.45819,0,Non-SST
5833.0,70.047,1.3636,2.4151,0.46582,0,Non-SST
5833.5,70.047,1.3471,2.3834,0.47345,0,Non-SST
5834.0,70.047,1.2719,2.3518,0.48108,0,Non-SST
5834.5,70.047,1.1967,2.3201,0.48871,0,Non-SST
5835.0,70.7599,1.1214,2.3334,0.48801,0,Non-SST
5835.5,71.4728,1.0462,2.3468,0.48731,0,Non-SST
5836.0,72.1857,1.0338,2.3601,0.48661,0,Non-SST
5836.5,71.1244,1.0214,2.3734,0.48591,0,Non-SST
5837.0,70.0631,1.0091,2.389,0.49234,0,Non-SST
5837.5,69.0017,1.106,2.4045,0.49877,0,Non-SST
5838.0,67.9404,1.2029,2.4201,0.50519,0,Non-SST
5838.5,66.5682,1.2998,2.4051,0.47065,0,Non-SST
5839.0,65.196,1.3967,2.3901,0.4361,0,Non-SST
5839.5,63.8238,1.5093,2.3751,0.40156,0,Non-SST
5840.0,61.862,1.622,2.3601,0.36702,0,Non-SST
5840.5,59.9002,1.7347,2.369,0.33533,0,Non-SST
5841.0,57.9383,1.7843,2.3779,0.30365,0,Non-SST
5841.5,55.9765,1.8339,2.3868,0.27197,5,WTR
5842.0,55.9765,1.8836,2.4001,0.27197,5,WTR
5842.5,55.9765,1.9332,2.4134,0.27198,5,WTR
5843.0,55.9765,1.9103,2.4268,0.27198,5,WTR
5843.5,55.9765,1.8875,2.4401,0.28041,0,Non-SST
5844.0,54.7329,1.8646,2.4051,0.28885,5,WTR
5844.5,53.4894,1.9569,2.3701,0.29728,5,WTR
5845.0,52.2458,2.0491,2.3351,0.27471,5,WTR
5845.5,50.4769,2.1414,2.3001,0.25215,5,WTR
5846.0,48.7081,2.2337,2.3034,0.22958,5,WTR
5846.5,46.9392,2.2337,2.3068,0.22522,5,WTR
5847.0,45.1703,2.2337,2.2668,0.22086,5,WTR
5847.5,42.9834,2.2337,2.2267,0.2165,5,WTR
5848.0,40.7964,2.2337,2.1867,0.21214,5,WTR
5848.5,38.6095,2.2337,2.2051,0.2116,5,WTR
5849.0,41.118,2.2337,2.2234,0.21106,5,WTR
5849.5,43.6266,2.2337,2.2418,0.21052,5,WTR
5850.0,46.1352,2.2139,2.2601,0.20998,5,WTR
5850.5,48.6437,2.1941,2.3001,0.22765,5,WTR
5851.0,48.9412,2.1742,2.3401,0.24531,5,WTR
5851.5,49.2387,2.1544,2.3801,0.26298,5,WTR
5852.0,52.2458,2.1544,2.3451,0.27508,5,WTR
5852.5,54.0951,2.1544,2.3101,0.28718,5,WTR
5853.0,50.2237,2.1544,2.2751,0.29929,5,WTR
5853.5,46.3523,2.1948,2.2401,0.31139,5,WTR
5854.0,42.4809,2.2351,2.2356,0.30671,5,WTR
5854.5,38.6095,2.2755,2.2312,0.30203,5,WTR
5855.0,36.7401,2.3158,2.2267,0.29735,5,WTR
5855.5,34.8707,2.4358,2.2367,0.29619,5,WTR
5856.0,33.0014,2.5558,2.2468,0.29504,5,WTR
5856.5,31.132,2.6758,2.2568,0.29388,5,WTR
5857.0,31.132,2.6758,2.2668,0.29272,5,WTR
5857.5,31.132,2.6758,2.2401,0.31259,5,WTR
5858.0,31.132,2.6758,2.2134,0.33245,5,WTR
5858.5,31.6091,2.6758,2.1867,0.35231,5,WTR
5859.0,32.0861,2.9086,2.1601,0.35232,5,WTR
5859.5,32.5632,3.1414,2.2756,0.34551,0,Non-SST
5860.0,30.537,3.3742,2.3912,0.33869,0,Non-SST
5860.5,28.5109,3.607,2.5068,0.33188,0,Non-SST
5861.0,26.4847,3.8398,2.4807,0.32507,0,Non-SST
5861.5,24.4586,3.5905,2.4545,0.31826,0,Non-SST
5862.0,22.5021,3.3411,2.4284,0.31145,0,Non-SST
5862.5,20.5456,3.0917,2.4023,0.28566,0,Non-SST
5863.0,18.5891,2.8772,2.3786,0.25987,0,Non-SST
5863.5,21.0334,2.6627,2.3549,0.23408,0,Non-SST
5864.0,23.4776,2.4482,2.3312,0.28881,0,Non-SST
5864.5,25.9219,2.2337,2.3075,0.34354,5,WTR
5865.0,28.3661,2.0673,2.2838,0.39827,5,WTR
5865.5,29.0576,1.901,2.2601,0.453,5,WTR
5866.0,29.7491,1.7347,2.2501,0.4494,5,WTR
5866.5,30.4405,1.7141,2.2401,0.4458,5,WTR
5867.0,31.132,1.6936,2.2301,0.4422,5,WTR
5867.5,30.1069,1.6731,2.2201,0.43276,5,WTR
5868.0,29.0817,1.6885,2.2356,0.42332,5,WTR
5868.5,28.0566,1.7039,2.2512,0.41388,5,WTR
5869.0,27.0315,1.7193,2.2668,0.40444,5,WTR
5869.5,29.8616,1.7347,2.2701,0.39501,5,WTR
5870.0,32.6918,1.7193,2.2734,0.43121,5,WTR
5870.5,35.522,1.7039,2.2768,0.46742,5,WTR
5871.0,35.9039,1.6885,2.2801,0.50363,5,WTR
5871.5,36.2858,1.6731,2.3168,0.47298,5,WTR
5872.0,36.6677,1.721,2.3534,0.44234,5,WTR
5872.5,37.0496,1.7689,2.3901,0.41169,5,WTR
5873.0,42.2598,1.8167,2.4268,0.38104,0,Non-SST
5873.5,47.4699,1.8646,2.4001,0.38105,0,Non-SST
5874.0,52.68,1.646,2.3734,0.37885,0,Non-SST
5874.5,57.8901,1.4274,2.3468,0.37665,0,Non-SST
5875.0,58.5387,1.2088,2.3568,0.37446,5,WTR
5875.5,59.1872,1.2558,2.3668,0.37226,5,WTR
5876.0,59.8358,1.3027,2.3768,0.38502,0,Non-SST
5876.5,59.8358,1.3497,2.3868,0.39779,0,Non-SST
5877.0,59.8358,1.3967,2.3868,0.41055,0,Non-SST
5877.5,59.8358,1.6238,2.3868,0.38055,0,Non-SST
5878.0,59.8358,1.8509,2.3868,0.35055,0,Non-SST
5878.5,59.1872,2.078,2.3868,0.32055,0,Non-SST
5879.0,58.5387,2.0596,2.3868,0.29055,5,WTR
5879.5,57.8901,2.0412,2.3756,0.28067,5,WTR
5880.0,55.5785,2.0227,2.3645,0.27079,5,WTR
5880.5,53.2669,2.0043,2.3534,0.26091,5,WTR
5881.0,50.9553,1.9865,2.3534,0.26659,5,WTR
5881.5,48.6437,1.9687,2.3534,0.27228,5,WTR
5882.0,51.7259,1.951,2.3534,0.27797,5,WTR
5882.5,54.808,1.9332,2.3534,0.28366,5,WTR
5883.0,57.8901,1.9569,2.3668,0.27608,5,WTR
5883.5,56.9413,1.9806,2.3801,0.26851,5,WTR
5884.0,55.9926,2.0043,2.3934,0.26093,5,WTR
5884.5,55.0438,2.0227,2.3884,0.25813,5,WTR
5885.0,54.0951,2.0412,2.3834,0.25533,5,WTR
5885.5,53.4786,2.0596,2.3784,0.25253,5,WTR
5886.0,52.8622,2.078,2.3734,0.24974,5,WTR
5886.5,52.2458,2.1035,2.3579,0.24164,5,WTR
5887.0,54.6378,2.129,2.3423,0.23354,5,WTR
5887.5,57.0298,2.1544,2.3268,0.22544,5,WTR
5888.0,59.4217,2.1353,2.3251,0.23376,5,WTR
5888.5,61.8137,2.1162,2.3234,0.24208,5,WTR
5889.0,59.2408,2.0971,2.3218,0.2504,5,WTR
5889.5,56.6679,2.078,2.3201,0.25871,5,WTR
5890.0,54.0951,2.0596,2.3234,0.25351,5,WTR
5890.5,54.5654,2.0412,2.3268,0.2483,5,WTR
5891.0,55.0358,2.0227,2.3301,0.24309,5,WTR
5891.5,55.5061,2.0043,2.3334,0.25211,5,WTR
5892.0,55.9765,1.9357,2.3468,0.26112,5,WTR
5892.5,61.1223,1.8671,2.3601,0.27013,5,WTR
5893.0,66.2681,1.7985,2.3734,0.27914,0,Non-SST
5893.5,71.4138,1.815,2.3634,0.28202,0,Non-SST
5894.0,76.5596,1.8315,2.3534,0.2849,0,Non-SST
5894.5,79.6042,1.8481,2.3434,0.28778,0,Non-SST
5895.0,82.6488,1.8646,2.3334,0.29066,0,Non-SST
5895.5,85.6934,1.781,2.2445,0.36929,0,Non-SST
5896.0,95.402,1.6974,2.1556,0.44792,0,Non-SST
5896.5,105.1107,1.6138,2.0668,0.52655,0,Non-SST
5897.0,114.8193,1.6138,2.0384,0.52085,0,Non-SST
5897.5,124.528,1.6138,2.0101,0.51515,0,Non-SST
5898.0,115.6301,1.6138,1.9817,0.50946,0,Non-SST
5898.5,106.7322,1.6138,1.9534,0.50376,0,Non-SST
5899.0,97.8342,1.509,1.9967,0.56967,0,Non-SST
5899.5,104.5077,1.4042,2.0401,0.63559,0,Non-SST
5900.0,111.1811,1.2994,2.0834,0.7015,0,Non-SST
5900.5,117.8546,1.3365,2.1267,0.66509,0,Non-SST
5901.0,124.528,1.3737,2.2223,0.62869,0,Non-SST
5901.5,109.3519,1.4109,2.3179,0.59228,0,Non-SST
5902.0,94.1759,1.4481,2.4134,0.55588,0,Non-SST
5902.5,78.9999,1.4842,2.4201,0.50081,0,Non-SST
5903.0,63.8238,1.5204,2.4268,0.44574,0,Non-SST
5903.5,59.9645,1.5565,2.4334,0.39066,0,Non-SST
5904.0,56.1051,1.5708,2.4401,0.33559,0,Non-SST
5904.5,52.2458,1.5852,2.4201,0.3364,0,Non-SST
5905.0,54.7758,1.5995,2.4001,0.33721,0,Non-SST
5905.5,57.3058,1.6138,2.3801,0.33802,0,Non-SST
5906.0,59.8358,1.5947,2.3784,0.35042,0,Non-SST
5906.5,58.871,1.5756,2.3768,0.36282,0,Non-SST
5907.0,57.9062,1.5565,2.3751,0.37523,0,Non-SST
5907.5,56.9413,1.5427,2.3734,0.38763,0,Non-SST
5908.0,55.9765,1.5289,2.3601,0.3851,0,Non-SST
5908.5,55.9765,1.5151,2.3468,0.38257,5,WTR
5909.0,55.9765,1.5013,2.3334,0.38004,5,WTR
5909.5,55.9765,1.4664,2.3418,0.39035,5,WTR
5910.0,55.9765,1.4316,2.3501,0.40066,0,Non-SST
5910.5,57.9222,1.3967,2.3584,0.41096,0,Non-SST
5911.0,59.868,1.3843,2.3668,0.42127,0,Non-SST
5911.5,61.8137,1.3719,2.3868,0.41092,0,Non-SST
5912.0,61.8137,1.3595,2.4068,0.40056,0,Non-SST
5912.5,61.8137,1.3471,2.4268,0.39021,0,Non-SST
5913.0,61.8137,1.3636,2.4168,0.39277,0,Non-SST
5913.5,61.8137,1.3802,2.4068,0.39534,0,Non-SST
5914.0,59.2408,1.3967,2.3968,0.3979,0,Non-SST
5914.5,56.6679,1.567,2.3868,0.39984,0,Non-SST
5915.0,54.0951,1.7373,2.389,0.40177,0,Non-SST
5915.5,49.8337,1.9077,2.3912,0.40371,0,Non-SST
5916.0,45.5724,2.078,2.3934,0.40565,0,Non-SST
5916.5,41.311,2.1375,2.3834,0.38876,0,Non-SST
5917.0,37.0496,2.1969,2.3734,0.37188,0,Non-SST
5917.5,36.5404,2.2564,2.3634,0.35499,5,WTR
5918.0,36.0312,2.3158,2.3534,0.33811,0,Non-SST
5918.5,35.522,2.2366,2.369,0.32235,0,Non-SST
5919.0,38.8024,2.1573,2.3845,0.30658,0,Non-SST
5919.5,42.0829,2.078,2.4001,0.29082,5,WTR
5920.0,45.3633,2.0971,2.3934,0.2806,5,WTR
5920.5,48.6437,2.1162,2.3868,0.27039,5,WTR
5921.0,46.371,2.1353,2.3801,0.26017,5,WTR
5921.5,44.0983,2.1544,2.3734,0.24996,5,WTR
5922.0,41.8256,2.2366,2.329,0.26436,5,WTR
5922.5,40.2497,2.3188,2.2845,0.27876,5,WTR
5923.0,38.6738,2.401,2.2401,0.29316,5,WTR
5923.5,37.0979,2.284,2.2451,0.30562,5,WTR
5924.0,35.522,2.1671,2.2501,0.31808,5,WTR
5924.5,37.6232,2.0501,2.2551,0.33055,5,WTR
5925.0,39.7244,1.9332,2.2601,0.34301,5,WTR
5925.5,41.8256,1.8836,2.249,0.36048,5,WTR
5926.0,40.2497,1.8339,2.2379,0.37795,5,WTR
5926.5,38.6738,1.7843,2.2267,0.39543,5,WTR
5927.0,37.0979,1.7347,2.2218,0.39671,5,WTR
5927.5,35.522,1.7347,2.2167,0.398,5,WTR
5928.0,31.9441,1.7347,2.2118,0.39929,5,WTR
5928.5,28.3661,1.7347,2.2067,0.40058,5,WTR
5929.0,28.0325,1.7506,2.229,0.41822,5,WTR
5929.5,27.6988,1.7666,2.2512,0.43586,5,WTR
5930.0,27.3651,1.7825,2.2734,0.4535,5,WTR
5930.5,27.0315,1.7985,2.2584,0.43771,5,WTR
5931.0,27.4764,1.7567,2.2434,0.42193,5,WTR
5931.5,27.9212,1.7149,2.2284,0.40614,5,WTR
5932.0,28.3661,1.6731,2.2134,0.39036,5,WTR
5932.5,28.3661,1.7045,2.2334,0.39378,5,WTR
5933.0,28.3661,1.7358,2.2534,0.3972,5,WTR
5933.5,28.3661,1.7671,2.2734,0.40062,5,WTR
5934.0,28.3661,1.7985,2.2934,0.40517,5,WTR
5934.5,29.7652,1.7567,2.3112,0.40972,5,WTR
5935.0,31.1642,1.7149,2.329,0.41428,5,WTR
5935.5,32.5632,1.6731,2.3468,0.41883,5,WTR
5936.0,31.8556,1.8032,2.3484,0.41045,5,WTR
5936.5,31.1481,1.9332,2.3501,0.40207,5,WTR
5937.0,30.4405,1.951,2.3518,0.39369,5,WTR
5937.5,29.733,1.9687,2.3534,0.38531,5,WTR
5938.0,29.2774,1.9865,2.2801,0.39649,5,WTR
5938.5,28.8218,2.0043,2.2067,0.40767,5,WTR
5939.0,28.3661,2.0043,2.1334,0.41885,5,WTR
5939.5,29.4154,2.0043,2.2534,0.42618,5,WTR
5940.0,30.4646,2.0043,2.3734,0.43351,5,WTR
5940.5,31.5139,2.0043,2.4934,0.44083,0,Non-SST
5941.0,32.5632,2.0543,2.6134,0.44816,0,Non-SST
5941.5,31.5139,2.1044,2.4801,0.43148,0,Non-SST
5942.0,30.4646,2.1544,2.3468,0.41479,5,WTR
5942.5,29.4154,2.0654,2.2134,0.39811,5,WTR
5943.0,28.3661,1.9764,2.2517,0.4161,5,WTR
5943.5,30.2583,1.8875,2.2901,0.43408,5,WTR
5944.0,32.1504,1.7985,2.3284,0.45207,5,WTR
5944.5,34.0426,1.7567,2.3668,0.47005,5,WTR
5945.0,38.8121,1.7149,2.3568,0.43763,5,WTR
5945.5,43.5816,1.6731,2.3468,0.4052,5,WTR
5946.0,48.3511,1.526,2.3368,0.37277,5,WTR
5946.5,53.1206,1.3789,2.3268,0.38695,5,WTR
5947.0,57.8901,1.2318,2.3245,0.40112,5,WTR
5947.5,62.9153,1.0847,2.3223,0.4153,5,WTR
5948.0,67.9404,1.0595,2.3201,0.42947,0,Non-SST
5948.5,67.9404,1.0343,2.3251,0.41593,0,Non-SST
5949.0,67.9404,1.0091,2.3301,0.40239,5,WTR
5949.5,67.9404,0.9915,2.3351,0.38885,5,WTR
5950.0,69.0017,0.9739,2.3401,0.37531,5,WTR
5950.5,70.0631,0.9563,2.3245,0.41764,0,Non-SST
5951.0,71.1244,0.9388,2.309,0.45997,0,Non-SST
5951.5,72.1857,0.9388,2.2934,0.5023,0,Non-SST
5952.0,70.0791,0.9925,2.3034,0.5036,0,Non-SST
5952.5,67.9726,1.0462,2.3134,0.48473,0,Non-SST
5953.0,65.866,1.0694,2.3234,0.48474,0,Non-SST
5953.5,65.866,1.0926,2.3334,0.48809,0,Non-SST
5954.0,65.866,1.1159,2.3468,0.49145,0,Non-SST
5954.5,65.866,1.1391,2.3601,0.49481,0,Non-SST
5955.0,65.866,1.1623,2.3734,0.49817,0,Non-SST
5955.5,65.3555,1.1856,2.3784,0.48773,0,Non-SST
5956.0,64.8449,1.2088,2.3834,0.4773,0,Non-SST
5956.5,64.3344,1.3249,2.4051,0.46686,0,Non-SST
5957.0,63.8238,1.441,2.4268,0.45643,0,Non-SST
5957.5,65.196,1.557,2.4112,0.42571,0,Non-SST
5958.0,66.5682,1.6731,2.3956,0.395,0,Non-SST
5958.5,67.9404,1.7598,2.3801,0.36428,0,Non-SST
5959.0,66.9032,1.8465,2.3809,0.33357,0,Non-SST
5959.5,65.866,1.9332,2.3818,0.32173,0,Non-SST
5960.0,63.2074,1.951,2.3826,0.3099,0,Non-SST
5960.5,60.5487,1.9687,2.3834,0.29806,0,Non-SST
5961.0,57.8901,1.9865,2.3776,0.29114,5,WTR
5961.5,58.3765,2.0043,2.3718,0.28423,5,WTR
5962.0,58.8629,2.0543,2.3659,0.27731,5,WTR
5962.5,59.3494,2.1044,2.3601,0.27732,5,WTR
5963.0,59.8358,2.1544,2.3556,0.29343,5,WTR
5963.5,58.4006,2.1353,2.3512,0.30509,5,WTR
5964.0,56.9655,2.1162,2.3468,0.29929,5,WTR
5964.5,55.5303,2.0971,2.3279,0.2935,5,WTR
5965.0,54.0951,2.078,2.309,0.28771,5,WTR
5965.5,54.0951,2.078,2.2901,0.28191,5,WTR
5966.0,54.0951,2.0418,2.2901,0.2766,5,WTR
5966.5,54.0951,2.0056,2.3168,0.27129,5,WTR
5967.0,51.0277,1.9694,2.3268,0.26598,5,WTR
5967.5,47.9603,1.9332,2.3501,0.27054,5,WTR
5968.0,44.8929,1.867,2.3734,0.27511,5,WTR
5968.5,41.8256,1.8008,2.3968,0.27967,5,WTR
5969.0,49.1583,1.7347,2.4201,0.28423,0,Non-SST
5969.5,56.4911,1.5722,2.4001,0.31548,0,Non-SST
5970.0,63.8238,1.4097,2.3801,0.34673,0,Non-SST
5970.5,65.9143,1.2472,2.3601,0.37797,0,Non-SST
5971.0,68.0048,1.0847,2.3401,0.41701,0,Non-SST
5971.5,70.0952,1.105,2.3823,0.45605,0,Non-SST
5972.0,72.1857,1.1253,2.4245,0.49509,0,Non-SST
5972.5,69.3984,1.1456,2.4668,0.53413,0,Non-SST
5973.0,66.6111,1.1659,2.4268,0.50669,0,Non-SST
5973.5,63.8238,1.1136,2.3868,0.47926,0,Non-SST
5974.0,67.0078,1.0613,2.3468,0.45182,0,Non-SST
5974.5,70.1917,1.0091,2.3068,0.42439,0,Non-SST
5975.0,73.3757,1.0816,2.3156,0.43786,0,Non-SST
5975.5,76.5596,1.1542,2.3245,0.45133,0,Non-SST
5976.0,70.985,1.2268,2.3334,0.46479,0,Non-SST
5976.5,65.4104,1.2994,2.3434,0.4431,0,Non-SST
5977.0,59.8358,1.4239,2.3534,0.42141,0,Non-SST
5977.5,58.871,1.5485,2.3634,0.39972,0,Non-SST
5978.0,57.9062,1.6731,2.3734,0.37803,0,Non-SST
5978.5,56.9413,1.604,2.3734,0.37553,0,Non-SST
5979.0,55.9765,1.5349,2.3734,0.37302,0,Non-SST
5979.5,58.5923,1.4658,2.3734,0.37052,0,Non-SST
5980.0,61.208,1.3967,2.3734,0.38334,0,Non-SST
5980.5,63.8238,1.3286,2.3734,0.39616,0,Non-SST
5981.0,65.3796,1.2606,2.3734,0.40899,0,Non-SST
5981.5,66.9354,1.1926,2.3734,0.42181,0,Non-SST
5982.0,68.4912,1.1245,2.3468,0.42446,0,Non-SST
5982.5,70.047,1.1526,2.3201,0.4271,0,Non-SST
5983.0,70.047,1.1807,2.2934,0.42975,0,Non-SST
5983.5,70.047,1.2088,2.2918,0.42,0,Non-SST
5984.0,70.047,1.2088,2.2901,0.41025,0,Non-SST
5984.5,70.047,1.2088,2.2884,0.4005,0,Non-SST
5985.0,70.047,1.2088,2.2868,0.39075,0,Non-SST
5985.5,70.047,1.2088,2.2957,0.40732,0,Non-SST
5986.0,70.047,1.1303,2.3045,0.42388,0,Non-SST
5986.5,72.8008,1.0518,2.3134,0.44044,0,Non-SST
5987.0,75.5546,0.9733,2.3184,0.45725,0,Non-SST
5987.5,78.3084,0.9563,2.3234,0.47405,0,Non-SST
5988.0,81.0622,0.9394,2.3284,0.49086,0,Non-SST
5988.5,80.3064,0.9224,2.3334,0.50766,0,Non-SST
5989.0,79.5506,0.9054,2.3418,0.49697,0,Non-SST
5989.5,78.7948,0.9524,2.3501,0.48628,0,Non-SST
5990.0,77.6853,0.9993,2.3584,0.4756,0,Non-SST
5990.5,76.5757,1.0462,2.3668,0.46491,0,Non-SST
5991.0,75.4662,1.0462,2.3423,0.45588,0,Non-SST
5991.5,74.3566,1.0462,2.3179,0.44684,0,Non-SST
5992.0,75.836,1.0462,2.2934,0.43781,0,Non-SST
5992.5,77.3154,1.0462,2.3151,0.43983,0,Non-SST
5993.0,78.7948,1.059,2.3368,0.44184,0,Non-SST
5993.5,75.5626,1.0718,2.3584,0.44386,0,Non-SST
5994.0,72.3304,1.0847,2.3801,0.44588,0,Non-SST
5994.5,69.0982,1.2026,2.3601,0.41748,0,Non-SST
5995.0,65.866,1.3206,2.3401,0.38909,0,Non-SST
5995.5,63.2074,1.4386,2.3201,0.36069,0,Non-SST
5996.0,60.5487,1.5565,2.3301,0.34278,0,Non-SST
5996.5,57.8901,1.6592,2.3401,0.32486,0,Non-SST
5997.0,56.6251,1.7619,2.3501,0.30695,0,Non-SST
5997.5,55.3601,1.8646,2.3601,0.28904,5,WTR
5998.0,54.0951,1.8019,2.3268,0.29682,5,WTR
5998.5,53.6328,1.7392,2.2934,0.30461,5,WTR
5999.0,53.1704,1.6765,2.2601,0.31239,5,WTR
5999.5,52.7081,1.6138,2.2267,0.32386,5,WTR
6000.0,52.2458,1.4507,2.2756,0.33532,5,WTR
6000.5,56.6961,1.2876,2.3245,0.34679,5,WTR
6001.0,61.1464,1.1245,2.3734,0.35826,0,Non-SST
6001.5,65.5967,1.1349,2.3734,0.39476,0,Non-SST
6002.0,70.047,1.1452,2.3734,0.43126,0,Non-SST
6002.5,68.6533,1.1556,2.3734,0.46776,0,Non-SST
6003.0,67.2597,1.1659,2.3651,0.44664,0,Non-SST
6003.5,65.866,1.2104,2.3568,0.42552,0,Non-SST
6004.0,68.5394,1.2549,2.3484,0.4044,0,Non-SST
6004.5,71.2128,1.2994,2.3401,0.38328,0,Non-SST
6005.0,73.8862,1.2557,2.3268,0.39531,0,Non-SST
6005.5,76.5596,1.2119,2.3134,0.40734,0,Non-SST
6006.0,76.5596,1.1682,2.3001,0.41937,0,Non-SST
6006.5,76.5596,1.1245,2.2868,0.42942,0,Non-SST
6007.0,76.5596,1.1113,2.3179,0.43947,0,Non-SST
6007.5,76.5596,1.098,2.349,0.44952,0,Non-SST
6008.0,74.3887,1.0847,2.3801,0.45957,0,Non-SST
6008.5,72.2179,1.0658,2.3601,0.45753,0,Non-SST
6009.0,70.047,1.0469,2.3401,0.45549,0,Non-SST
6009.5,70.5817,1.028,2.3201,0.45345,0,Non-SST
6010.0,71.1163,1.0091,2.3001,0.45142,0,Non-SST
6010.5,71.651,0.9971,2.3223,0.44515,0,Non-SST
6011.0,72.1857,0.9852,2.3445,0.43889,0,Non-SST
6011.5,72.1857,0.9733,2.3668,0.43263,0,Non-SST
6012.0,72.1857,0.9733,2.3601,0.44143,0,Non-SST
6012.5,72.1857,0.9733,2.3534,0.45024,0,Non-SST
6013.0,71.651,0.9733,2.3468,0.45904,0,Non-SST
6013.5,71.1164,0.9733,2.3401,0.46785,0,Non-SST
6014.0,70.5817,0.9822,2.3356,0.4642,0,Non-SST
6014.5,70.047,0.9912,2.3312,0.46055,0,Non-SST
6015.0,70.7599,1.0001,2.3268,0.45689,0,Non-SST
6015.5,71.4728,1.0091,2.3301,0.45284,0,Non-SST
6016.0,72.1857,0.9971,2.3334,0.44879,0,Non-SST
6016.5,73.2792,0.9852,2.3368,0.44474,0,Non-SST
6017.0,74.3727,0.9733,2.3401,0.44069,0,Non-SST
6017.5,75.4661,0.9733,2.3356,0.44884,0,Non-SST
6018.0,76.5596,0.9733,2.3312,0.45699,0,Non-SST
6018.5,74.3887,0.9733,2.3268,0.46514,0,Non-SST
6019.0,72.2179,0.9733,2.3184,0.46377,0,Non-SST
6019.5,70.047,0.9733,2.3101,0.4624,0,Non-SST
6020.0,72.2339,0.9733,2.3018,0.46104,0,Non-SST
6020.5,74.4209,0.9733,2.2934,0.45967,0,Non-SST
6021.0,76.6079,0.9563,2.2979,0.46519,0,Non-SST
6021.5,78.7948,0.9394,2.3023,0.47071,0,Non-SST
6022.0,79.5506,0.9224,2.3068,0.47623,0,Non-SST
6022.5,80.3064,0.9054,2.3168,0.48587,0,Non-SST
6023.0,81.0622,0.9054,2.3268,0.49552,0,Non-SST
6023.5,80.4954,0.9054,2.3368,0.50516,0,Non-SST
6024.0,79.9285,0.9054,2.3468,0.51481,0,Non-SST
6024.5,79.3617,0.9054,2.3384,0.51134,0,Non-SST
6025.0,78.7948,0.9054,2.3301,0.50787,0,Non-SST
6025.5,78.0498,0.9054,2.3218,0.50439,0,Non-SST
6026.0,77.3047,0.9054,2.3134,0.49529,0,Non-SST
6026.5,76.5596,0.8974,2.3379,0.48618,0,Non-SST
6027.0,76.5596,0.8894,2.3623,0.47707,0,Non-SST
6027.5,76.5596,0.8814,2.3868,0.46796,0,Non-SST
6028.0,76.5596,0.8733,2.3784,0.48242,0,Non-SST
6028.5,76.5596,0.8951,2.3701,0.49688,0,Non-SST
6029.0,74.9315,0.9169,2.3618,0.51134,0,Non-SST
6029.5,73.3033,0.9388,2.3534,0.46225,0,Non-SST
6030.0,71.6751,1.2236,2.3468,0.41316,0,Non-SST
6030.5,70.047,1.5084,2.3401,0.36407,0,Non-SST
6031.0,58.5387,1.7932,2.3334,0.31498,5,WTR
6031.5,47.0303,2.078,2.4134,0.31029,0,Non-SST
6032.0,35.522,2.5338,2.4934,0.30561,0,Non-SST
6032.5,33.733,2.9897,2.5734,0.30092,0,Non-SST
6033.0,31.9441,3.4455,2.6534,0.29623,0,Non-SST
6033.5,30.1551,3.1036,2.549,0.26569,0,Non-SST
6034.0,28.3661,2.7618,2.4445,0.23514,0,Non-SST
6034.5,30.7514,2.4199,2.3401,0.20459,5,WTR
6035.0,33.1367,2.078,2.3368,0.21893,5,WTR
6035.5,35.522,1.9848,2.3334,0.23326,5,WTR
6036.0,38.8051,1.8916,2.3301,0.24759,5,WTR
6036.5,42.0882,1.7985,2.3268,0.26192,5,WTR
6037.0,45.3713,1.7242,2.3268,0.27415,5,WTR
6037.5,48.6545,1.6499,2.3268,0.28637,5,WTR
6038.0,57.8901,1.5756,2.3268,0.2986,5,WTR
6038.5,61.8781,1.5013,2.3268,0.3243,0,Non-SST
6039.0,65.866,1.3372,2.3268,0.35001,0,Non-SST
6039.5,68.5394,1.1731,2.3268,0.37572,0,Non-SST
6040.0,71.2128,1.0091,2.3268,0.40143,0,Non-SST
6040.5,73.8862,1.0091,2.3718,0.43463,0,Non-SST
6041.0,76.5596,1.0091,2.4168,0.46784,0,Non-SST
6041.5,76.5596,1.0091,2.4618,0.50104,0,Non-SST
6042.0,76.5596,1.0091,2.5068,0.4755,0,Non-SST
6042.5,70.047,1.0905,2.4423,0.44996,0,Non-SST
6043.0,70.4747,1.1719,2.3779,0.42442,0,Non-SST
6043.5,70.9025,1.2533,2.3134,0.39888,0,Non-SST
6044.0,71.3302,1.2241,2.3284,0.39067,0,Non-SST
6044.5,71.758,1.195,2.3434,0.38245,0,Non-SST
6045.0,72.1857,1.1659,2.3584,0.37424,0,Non-SST
6045.5,69.3984,1.2112,2.3734,0.36602,0,Non-SST
6046.0,66.6111,1.2565,2.349,0.3798,0,Non-SST
6046.5,63.8238,1.3018,2.3245,0.39378,0,Non-SST
6047.0,71.3093,1.3471,2.3001,0.41764,0,Non-SST
6047.5,78.7948,1.3533,2.3068,0.44151,0,Non-SST
6048.0,76.5596,1.3595,2.3134,0.46538,0,Non-SST
6048.5,75.1016,1.3657,2.3201,0.44685,0,Non-SST
6049.0,73.6437,1.3719,2.3268,0.42831,0,Non-SST
6049.5,72.1857,1.4043,2.3534,0.40978,0,Non-SST
6050.0,68.7284,1.4366,2.3801,0.39125,0,Non-SST
6050.5,65.2711,1.469,2.369,0.38203,0,Non-SST
6051.0,61.8137,1.5013,2.3579,0.37281,0,Non-SST
6051.5,61.8137,1.488,2.3468,0.36358,0,Non-SST
6052.0,61.8137,1.4747,2.3534,0.36546,0,Non-SST
6052.5,61.8137,1.4614,2.3601,0.36733,0,Non-SST
6053.0,61.8137,1.4481,2.3668,0.3692,0,Non-SST
6053.5,62.8268,1.4144,2.3734,0.37107,0,Non-SST
6054.0,63.8399,1.3808,2.3445,0.38906,0,Non-SST
6054.5,64.853,1.3471,2.3156,0.40704,0,Non-SST
6055.0,65.866,1.3471,2.2868,0.42502,0,Non-SST
6055.5,66.5575,1.3002,2.3018,0.42371,0,Non-SST
6056.0,67.249,1.2533,2.3168,0.4224,0,Non-SST
6056.5,67.9404,1.2384,2.3318,0.42109,0,Non-SST
6057.0,68.4671,1.2236,2.3468,0.41977,0,Non-SST
6057.5,68.9937,1.2088,2.3312,0.4233,0,Non-SST
6058.0,69.5203,1.1877,2.3156,0.42682,0,Non-SST
6058.5,70.047,1.1667,2.3001,0.43035,0,Non-SST
6059.0,71.4835,1.1456,2.3068,0.44259,0,Non-SST
6059.5,72.9201,1.1245,2.3134,0.45484,0,Non-SST
6060.0,74.3566,1.0741,2.3201,0.46708,0,Non-SST
6060.5,74.3566,1.0237,2.3268,0.47933,0,Non-SST
6061.0,74.3566,0.9733,2.3268,0.48307,0,Non-SST
6061.5,74.3566,0.9646,2.3268,0.48682,0,Non-SST
6062.0,74.3566,0.956,2.3268,0.49056,0,Non-SST
6062.5,75.4662,0.9474,2.3351,0.49127,0,Non-SST
6063.0,76.5757,0.9388,2.3434,0.49198,0,Non-SST
6063.5,77.6853,1.0007,2.3518,0.49269,0,Non-SST
6064.0,78.7948,1.0626,2.3601,0.49341,0,Non-SST
6064.5,68.7445,1.1245,2.3645,0.4428,0,Non-SST
6065.0,58.6941,1.293,2.369,0.3922,0,Non-SST
6065.5,48.6437,1.4615,2.3734,0.3416,5,WTR
6066.0,48.2056,1.63,2.3901,0.31892,5,WTR
6066.5,47.7674,1.7985,2.4068,0.29625,0,Non-SST
6067.0,47.3292,1.6645,2.4234,0.27358,5,WTR
6067.5,46.891,1.5306,2.4401,0.25091,5,WTR
6068.0,54.6096,1.3967,2.4045,0.2844,5,WTR
6068.5,62.3283,1.3843,2.369,0.31789,0,Non-SST
6069.0,70.047,1.3719,2.3334,0.35138,0,Non-SST
6069.5,70.047,1.3595,2.3301,0.35948,0,Non-SST
6070.0,70.047,1.3471,2.3268,0.36758,0,Non-SST
6070.5,70.047,1.3125,2.3234,0.37568,0,Non-SST
6071.0,70.047,1.278,2.3201,0.38379,0,Non-SST
6071.5,72.9629,1.2434,2.3168,0.39281,0,Non-SST
6072.0,75.8789,1.2088,2.3134,0.40184,0,Non-SST
6072.5,78.7948,1.1807,2.3101,0.41087,0,Non-SST
6073.0,76.6079,1.1526,2.3068,0.4199,0,Non-SST
6073.5,74.4209,1.1245,2.3423,0.3906,0,Non-SST
6074.0,72.234,1.293,2.3779,0.3613,0,Non-SST
6074.5,70.047,1.4615,2.4134,0.33199,0,Non-SST
6075.0,64.1133,1.63,2.4001,0.31624,0,Non-SST
6075.5,58.1795,1.7985,2.3868,0.30049,0,Non-SST
6076.0,52.2458,1.7985,2.3734,0.28473,5,WTR
6076.5,54.1433,1.7985,2.3601,0.26898,5,WTR
6077.0,56.0408,1.7985,2.3734,0.27662,5,WTR
6077.5,57.9383,1.6856,2.3868,0.28426,5,WTR
6078.0,59.8358,1.5728,2.4001,0.29191,0,Non-SST
6078.5,59.8358,1.46,2.3918,0.30496,0,Non-SST
6079.0,59.8358,1.3471,2.3834,0.31802,0,Non-SST
6079.5,59.8358,1.3018,2.3751,0.33108,0,Non-SST
6080.0,62.9233,1.2565,2.3668,0.34413,0,Non-SST
6080.5,66.0108,1.2112,2.3584,0.36506,0,Non-SST
6081.0,69.0982,1.1659,2.3501,0.38599,0,Non-SST
6081.5,72.1857,1.1136,2.3418,0.40692,0,Non-SST
6082.0,70.0791,1.0613,2.3334,0.42092,0,Non-SST
6082.5,67.9726,1.0091,2.309,0.43492,0,Non-SST
6083.0,65.866,1.1188,2.2845,0.44892,0,Non-SST
6083.5,59.8559,1.2286,2.2601,0.46293,0,Non-SST
6084.0,53.8458,1.3383,2.2517,0.44764,5,WTR
6084.5,47.8357,1.4481,2.2434,0.43235,5,WTR
6085.0,41.8256,1.6335,2.2351,0.41707,5,WTR
6085.5,39.7244,1.8189,2.2267,0.40178,5,WTR
6086.0,37.6232,2.0043,2.249,0.38997,5,WTR
6086.5,35.522,2.1722,2.2712,0.37815,5,WTR
6087.0,34.7823,2.34,2.2934,0.36634,5,WTR
6087.5,34.0426,2.5079,2.2934,0.35898,0,Non-SST
6088.0,33.3029,2.6758,2.2934,0.35163,0,Non-SST
6088.5,32.5632,2.6136,2.2934,0.34428,0,Non-SST
6089.0,32.5632,2.5515,2.2934,0.33692,0,Non-SST
6089.5,32.5632,2.4893,2.3179,0.35007,0,Non-SST
6090.0,32.5632,2.4459,2.3423,0.36322,0,Non-SST
6090.5,32.5632,2.4026,2.3668,0.37637,0,Non-SST
6091.0,39.7405,2.3592,2.3584,0.35182,5,WTR
6091.5,46.9178,2.3158,2.3501,0.32728,5,WTR
6092.0,54.0951,2.0094,2.3418,0.30274,5,WTR
6092.5,56.5272,1.7031,2.3334,0.2782,5,WTR
6093.0,58.9594,1.3967,2.3512,0.30266,0,Non-SST
6093.5,61.3916,1.3286,2.369,0.32711,0,Non-SST
6094.0,63.8238,1.2606,2.3868,0.35157,0,Non-SST
6094.5,64.5045,1.1926,2.3901,0.3603,0,Non-SST
6095.0,65.1853,1.1245,2.3934,0.36904,0,Non-SST
6095.5,65.866,1.1383,2.3968,0.37778,0,Non-SST
6096.0,63.8721,1.1521,2.4001,0.38651,0,Non-SST
6096.5,61.8781,1.1659,2.3756,0.38231,0,Non-SST
6097.0,59.8841,1.1877,2.3512,0.37811,0,Non-SST
6097.5,57.8901,1.2096,2.3268,0.37391,5,WTR
6098.0,57.8901,1.2314,2.3434,0.37142,5,WTR
6098.5,57.8901,1.2533,2.3601,0.36892,0,Non-SST
6099.0,57.8901,1.3359,2.3768,0.36643,0,Non-SST
6099.5,57.8901,1.4186,2.3934,0.36395,0,Non-SST
6100.0,57.8901,1.5013,2.3934,0.36148,0,Non-SST
6100.5,57.8901,1.4175,2.3934,0.35901,0,Non-SST
6101.0,57.8901,1.3336,2.3934,0.35654,0,Non-SST
6101.5,60.9293,1.2498,2.3801,0.36982,0,Non-SST
6102.0,63.9685,1.1659,2.3668,0.38311,0,Non-SST
6102.5,67.0078,1.0791,2.3534,0.3964,0,Non-SST
6103.0,70.047,0.9923,2.3401,0.40969,0,Non-SST
6103.5,71.4835,0.9054,2.349,0.42026,0,Non-SST
6104.0,72.9201,0.8974,2.3579,0.43082,0,Non-SST
6104.5,74.3566,0.8894,2.3668,0.44139,0,Non-SST
6105.0,73.8139,0.8814,2.3551,0.46073,0,Non-SST
6105.5,73.2712,0.8733,2.3434,0.48007,0,Non-SST
6106.0,72.7284,0.8733,2.3318,0.49941,0,Non-SST
6106.5,72.1857,0.8733,2.3201,0.51875,0,Non-SST
6107.0,73.6437,0.8733,2.3379,0.4993,0,Non-SST
6107.5,75.1016,0.8733,2.3556,0.47984,0,Non-SST
6108.0,76.5596,0.9438,2.3734,0.46039,0,Non-SST
6108.5,72.3787,1.0142,2.3618,0.45166,0,Non-SST
6109.0,68.1977,1.0847,2.3501,0.44293,0,Non-SST
6109.5,64.0168,1.2026,2.3384,0.43419,0,Non-SST
6110.0,59.8358,1.3206,2.3268,0.42546,0,Non-SST
6110.5,53.8324,1.4386,2.3423,0.40665,0,Non-SST
6111.0,47.829,1.5565,2.3579,0.38783,5,WTR
6111.5,41.8256,1.5565,2.3734,0.36901,5,WTR
6112.0,43.9764,1.5565,2.3618,0.36715,5,WTR
6112.5,46.1271,1.5565,2.3501,0.36529,5,WTR
6113.0,48.2779,1.6011,2.3384,0.36343,5,WTR
6113.5,50.4287,1.6456,2.3268,0.36157,5,WTR
6114.0,49.8337,1.6901,2.3268,0.33613,5,WTR
6114.5,49.2387,1.7347,2.3268,0.31068,5,WTR
6115.0,48.6437,1.7506,2.3268,0.28524,5,WTR
6115.5,49.5443,1.7666,2.3318,0.28124,5,WTR
6116.0,50.4448,1.7825,2.3368,0.27725,5,WTR
6116.5,51.3453,1.7985,2.3418,0.27325,5,WTR
6117.0,52.2458,1.7369,2.3468,0.26925,5,WTR
6117.5,53.4894,1.6753,2.3379,0.28235,5,WTR
6118.0,54.7329,1.6138,2.329,0.29544,5,WTR
6118.5,55.9765,1.5724,2.3201,0.30853,5,WTR
6119.0,56.4549,1.5309,2.3284,0.31448,5,WTR
6119.5,56.9333,1.4895,2.3368,0.32043,5,WTR
6120.0,57.4117,1.4481,2.3451,0.32638,5,WTR
6120.5,57.8901,1.4481,2.3534,0.33233,0,Non-SST
6121.0,60.5487,1.4481,2.3445,0.32994,0,Non-SST
6121.5,63.2074,1.4481,2.3356,0.32754,0,Non-SST
6122.0,65.866,1.4614,2.3268,0.32515,0,Non-SST
6122.5,64.853,1.4747,2.3234,0.33489,0,Non-SST
6123.0,63.8399,1.488,2.3201,0.34464,0,Non-SST
6123.5,62.8268,1.5013,2.3168,0.35439,0,Non-SST
6124.0,61.8137,1.4664,2.3134,0.36413,0,Non-SST
6124.5,63.8721,1.4316,2.309,0.35921,0,Non-SST
6125.0,65.9304,1.3967,2.3045,0.35428,0,Non-SST
6125.5,67.9887,1.4095,2.3001,0.34935,0,Non-SST
6126.0,70.047,1.4224,2.3118,0.34997,0,Non-SST
6126.5,67.9726,1.4352,2.3234,0.35059,0,Non-SST
6127.0,65.8982,1.4481,2.3351,0.3512,0,Non-SST
6127.5,63.8238,1.4481,2.3468,0.35182,0,Non-SST
6128.0,64.853,1.4481,2.3468,0.34534,0,Non-SST
6128.5,65.8821,1.4481,2.3468,0.33887,0,Non-SST
6129.0,66.9113,1.4352,2.3468,0.33239,0,Non-SST
6129.5,67.9404,1.4224,2.3468,0.33787,0,Non-SST
6130.0,66.5718,1.4095,2.3468,0.34335,0,Non-SST
6130.5,65.2032,1.3967,2.3468,0.34882,0,Non-SST
6131.0,63.8345,1.3802,2.3468,0.3543,0,Non-SST
6131.5,62.8241,1.3636,2.3384,0.35023,0,Non-SST
6132.0,61.8137,1.3471,2.3301,0.34616,0,Non-SST
6132.5,62.8268,1.3352,2.3218,0.34209,0,Non-SST
6133.0,63.8399,1.3232,2.3134,0.34949,0,Non-SST
6133.5,64.853,1.3113,2.3179,0.35689,0,Non-SST
6134.0,65.866,1.2994,2.3223,0.36429,0,Non-SST
6134.5,65.866,1.2692,2.3268,0.37169,0,Non-SST
6135.0,65.866,1.239,2.3451,0.36982,0,Non-SST
6135.5,65.866,1.2088,2.3634,0.36796,0,Non-SST
6136.0,67.2597,1.1877,2.3818,0.36609,0,Non-SST
6136.5,68.6533,1.1667,2.4001,0.36423,0,Non-SST
6137.0,70.047,1.1456,2.3823,0.3862,0,Non-SST
6137.5,69.2108,1.1245,2.3645,0.40866,0,Non-SST
6138.0,68.3746,1.1245,2.3468,0.41084,0,Non-SST
6138.5,67.5384,1.1245,2.3501,0.41301,0,Non-SST
6139.0,66.7022,1.1245,2.3534,0.41519,0,Non-SST
6139.5,65.866,1.1245,2.3568,0.41981,0,Non-SST
6140.0,67.2597,1.1245,2.3601,0.42443,0,Non-SST
6140.5,68.6533,1.1146,2.3579,0.42905,0,Non-SST
6141.0,70.047,1.1046,2.3556,0.43367,0,Non-SST
6141.5,71.4835,1.0946,2.3393,0.44438,0,Non-SST
6142.0,72.9201,1.0847,2.3231,0.45521,0,Non-SST
6142.5,74.3566,1.0847,2.3068,0.45117,0,Non-SST
6143.0,72.7526,1.0847,2.3068,0.44712,0,Non-SST
6143.5,71.1485,1.0847,2.3068,0.44308,0,Non-SST
6144.0,69.5445,1.0847,2.3068,0.43903,0,Non-SST
6144.5,67.9404,1.0847,2.3068,0.4242,0,Non-SST
6145.0,68.4671,1.0847,2.3234,0.40937,0,Non-SST
6145.5,68.9937,1.0847,2.3401,0.39455,0,Non-SST
6146.0,69.5203,1.036,2.3434,0.43616,0,Non-SST
6146.5,70.047,0.9874,2.3468,0.47777,0,Non-SST
6147.0,70.7599,0.9388,2.3501,0.51938,0,Non-SST
6147.5,71.4728,1.0174,2.3534,0.56099,0,Non-SST
6148.0,72.1857,1.096,2.3601,0.50297,0,Non-SST
6148.5,65.862,1.1746,2.3668,0.44494,0,Non-SST
6149.0,59.5383,1.2533,2.3734,0.38692,0,Non-SST
6149.5,53.2146,1.3291,2.3784,0.3844,0,Non-SST
6150.0,46.891,1.4049,2.3834,0.38188,5,WTR
6150.5,48.0702,1.4807,2.3884,0.37935,5,WTR
6151.0,49.2495,1.5565,2.3934,0.37683,0,Non-SST
6151.5,50.4287,1.5204,2.3934,0.37433,0,Non-SST
6152.0,55.3333,1.4842,2.3934,0.37183,0,Non-SST
6152.5,60.2378,1.4481,2.3934,0.36933,0,Non-SST
6153.0,65.1424,1.4228,2.3868,0.37247,0,Non-SST
6153.5,70.047,1.3976,2.3801,0.37561,0,Non-SST
6154.0,68.6533,1.3724,2.3734,0.37876,0,Non-SST
6154.5,67.2597,1.3471,2.3668,0.3819,0,Non-SST
6155.0,65.866,1.301,2.3468,0.38022,0,Non-SST
6155.5,65.866,1.2549,2.3268,0.37855,0,Non-SST
6156.0,65.866,1.2088,2.3068,0.37687,0,Non-SST
6156.5,65.866,1.2199,2.2868,0.3775,0,Non-SST
6157.0,65.866,1.231,2.3045,0.37813,0,Non-SST
6157.5,67.2597,1.2421,2.3223,0.37877,0,Non-SST
6158.0,68.6533,1.2533,2.3401,0.3794,0,Non-SST
6158.5,70.047,1.2384,2.3484,0.37972,0,Non-SST
6159.0,69.0017,1.2236,2.3568,0.38004,0,Non-SST
6159.5,67.9565,1.2088,2.3651,0.38036,0,Non-SST
6160.0,66.9113,1.2088,2.3734,0.38068,0,Non-SST
6160.5,65.866,1.2088,2.3712,0.38068,0,Non-SST
6161.0,66.5575,1.2088,2.369,0.38449,0,Non-SST
6161.5,67.249,1.2088,2.3668,0.38831,0,Non-SST
6162.0,67.9404,1.1877,2.3526,0.39212,0,Non-SST
6162.5,69.0017,1.1667,2.3384,0.3964,0,Non-SST
6163.0,70.0631,1.1456,2.3243,0.40069,0,Non-SST
6163.5,71.1244,1.1245,2.3101,0.40498,0,Non-SST
6164.0,72.1857,1.1113,2.3101,0.4155,0,Non-SST
6164.5,71.651,1.098,2.3223,0.42601,0,Non-SST
6165.0,71.1163,1.0847,2.3345,0.43653,0,Non-SST
6165.5,70.5817,1.0847,2.3468,0.43322,0,Non-SST
6166.0,70.047,1.0847,2.3401,0.4299,0,Non-SST
6166.5,70.7599,1.0847,2.3334,0.42659,0,Non-SST
6167.0,71.4728,1.0847,2.3268,0.42328,0,Non-SST
6167.5,72.1857,1.0847,2.3312,0.42153,0,Non-SST
6168.0,72.1857,1.0847,2.3356,0.41979,0,Non-SST
6168.5,72.1857,1.0847,2.3401,0.41804,0,Non-SST
6169.0,72.1857,1.0847,2.3651,0.41673,0,Non-SST
6169.5,72.1857,1.0847,2.3901,0.41543,0,Non-SST
6170.0,72.1857,1.0847,2.4151,0.41413,0,Non-SST
6170.5,72.1857,1.0847,2.4401,0.41283,0,Non-SST
6171.0,72.1857,1.0847,2.4068,0.41809,0,Non-SST
6171.5,72.7284,1.0847,2.3734,0.42335,0,Non-SST
6172.0,73.2712,1.0847,2.3401,0.42861,0,Non-SST
6172.5,73.8139,1.0946,2.3384,0.42143,0,Non-SST
6173.0,74.3566,1.1046,2.3368,0.41425,0,Non-SST
6173.5,72.9201,1.1146,2.3351,0.40708,0,Non-SST
6174.0,71.4835,1.1245,2.3334,0.3999,0,Non-SST
6174.5,70.047,1.1245,2.3418,0.41792,0,Non-SST
6175.0,71.6751,1.1245,2.3501,0.43593,0,Non-SST
6175.5,73.3033,1.1245,2.3584,0.45395,0,Non-SST
6176.0,74.9315,1.1146,2.3668,0.47196,0,Non-SST
6176.5,76.5596,1.1046,2.3512,0.46738,0,Non-SST
6177.0,76.5596,1.0946,2.3356,0.46281,0,Non-SST
6177.5,76.5596,1.0847,2.3201,0.45823,0,Non-SST
6178.0,76.5596,1.0475,2.3151,0.46515,0,Non-SST
6178.5,76.5596,1.0104,2.3101,0.47208,0,Non-SST
6179.0,76.5596,0.9733,2.3051,0.479,0,Non-SST
6179.5,76.5596,0.9563,2.3001,0.48593,0,Non-SST
6180.0,76.5596,0.9394,2.3134,0.485,0,Non-SST
6180.5,76.5596,0.9224,2.3268,0.48407,0,Non-SST
6181.0,76.5596,0.9054,2.3401,0.48314,0,Non-SST
6181.5,76.5596,1.0367,2.3451,0.47019,0,Non-SST
6182.0,68.455,1.1681,2.3501,0.45724,0,Non-SST
6182.5,60.3504,1.2994,2.3551,0.44429,0,Non-SST
6183.0,52.2458,1.3498,2.3601,0.43135,0,Non-SST
6183.5,50.9071,1.4003,2.3601,0.41075,5,WTR
6184.0,49.5684,1.4508,2.3601,0.39016,5,WTR
6184.5,48.2297,1.5013,2.3601,0.36957,5,WTR
6185.0,46.891,1.4508,2.3551,0.37782,5,WTR
6185.5,51.6347,1.4003,2.3501,0.38607,5,WTR
6186.0,56.3785,1.3498,2.3451,0.39433,0,Non-SST
6186.5,61.1223,1.2994,2.3401,0.40258,0,Non-SST
6187.0,65.866,1.1907,2.3268,0.40517,0,Non-SST
6187.5,66.5575,1.082,2.3134,0.40777,0,Non-SST
6188.0,67.249,0.9733,2.3001,0.41036,0,Non-SST
6188.5,67.9404,0.9618,2.2868,0.42718,0,Non-SST
6189.0,67.9404,0.9503,2.3223,0.444,0,Non-SST
6189.5,67.9404,0.9388,2.3579,0.46081,0,Non-SST
6190.0,67.9404,0.9388,2.3934,0.47763,0,Non-SST
6190.5,67.9404,0.9388,2.3801,0.47211,0,Non-SST
6191.0,71.5586,0.9388,2.3668,0.4666,0,Non-SST
6191.5,75.1767,0.9388,2.3534,0.46108,0,Non-SST
6192.0,78.7948,0.9066,2.3401,0.46177,0,Non-SST
6192.5,77.6853,0.8745,2.3312,0.46246,0,Non-SST
6193.0,76.5757,0.8424,2.3223,0.46315,0,Non-SST
6193.5,75.4662,0.8501,2.3134,0.46384,0,Non-SST
6194.0,74.3566,0.8578,2.3284,0.46939,0,Non-SST
6194.5,75.4662,0.8656,2.3434,0.47495,0,Non-SST
6195.0,76.5757,0.8733,2.3584,0.48051,0,Non-SST
6195.5,77.6853,0.8342,2.3734,0.48606,0,Non-SST
6196.0,78.7948,0.795,2.3468,0.48513,0,Non-SST
6196.5,78.7948,0.7558,2.3201,0.4842,0,Non-SST
6197.0,78.7948,0.7558,2.2934,0.48327,0,Non-SST
6197.5,78.7948,0.7558,2.3151,0.47498,0,Non-SST
6198.0,77.1426,0.7558,2.3368,0.46669,0,Non-SST
6198.5,75.4903,0.7558,2.3584,0.4584,0,Non-SST
6199.0,73.838,0.7847,2.3801,0.46046,0,Non-SST
6199.5,72.1857,0.8135,2.3712,0.46252,0,Non-SST
6200.0,72.9093,0.8424,2.3623,0.46458,0,Non-SST
6200.5,73.633,0.9685,2.3534,0.46664,0,Non-SST
6201.0,74.3566,1.0947,2.3434,0.42434,0,Non-SST
6201.5,68.3746,1.2209,2.3334,0.38204,0,Non-SST
6202.0,62.3927,1.3471,2.3234,0.33973,0,Non-SST
6202.5,56.4107,1.444,2.3134,0.29743,5,WTR
6203.0,50.4287,1.5409,2.2934,0.27925,5,WTR
6203.5,45.4598,1.6378,2.2734,0.26108,5,WTR
6204.0,40.4909,1.7347,2.2534,0.2429,5,WTR
6204.5,35.522,1.6753,2.2517,0.24794,5,WTR
6205.0,37.0979,1.6159,2.2501,0.25299,5,WTR
6205.5,38.6738,1.5565,2.2484,0.25803,5,WTR
6206.0,40.2497,1.5427,2.2468,0.26307,5,WTR
6206.5,41.8256,1.5289,2.2579,0.25933,5,WTR
6207.0,44.0983,1.5151,2.269,0.25559,5,WTR
6207.5,46.371,1.5013,2.2801,0.25184,5,WTR
6208.0,48.6437,1.5586,2.2968,0.25241,5,WTR
6208.5,49.5443,1.6159,2.3134,0.25297,5,WTR
6209.0,50.4448,1.6731,2.3301,0.25353,5,WTR
6209.5,51.3453,1.6583,2.3468,0.2541,5,WTR
6210.0,52.2458,1.6435,2.3534,0.25785,5,WTR
6210.5,52.2458,1.6286,2.3601,0.26161,5,WTR
6211.0,52.2458,1.6138,2.3668,0.26536,5,WTR
6211.5,52.2458,1.5414,2.3718,0.27515,5,WTR
6212.0,54.1433,1.4691,2.3768,0.28494,5,WTR
6212.5,56.0408,1.3967,2.3818,0.29472,0,Non-SST
6213.0,57.9383,1.3497,2.3868,0.30451,0,Non-SST
6213.5,59.8358,1.3027,2.3801,0.31401,0,Non-SST
6214.0,61.8459,1.2558,2.3734,0.32352,0,Non-SST
6214.5,63.856,1.2088,2.3668,0.33302,0,Non-SST
6215.0,65.866,1.1422,2.3501,0.34918,0,Non-SST
6215.5,66.3846,1.0756,2.3334,0.36534,0,Non-SST
6216.0,66.9032,1.0091,2.3168,0.3815,0,Non-SST
6216.5,67.4218,1.028,2.3001,0.39766,0,Non-SST
6217.0,67.9404,1.0469,2.3318,0.40987,0,Non-SST
6217.5,69.3555,1.0658,2.3634,0.42208,0,Non-SST
6218.0,70.7706,1.0847,2.3951,0.43429,0,Non-SST
6218.5,72.1857,1.0568,2.4268,0.41693,0,Non-SST
6219.0,71.651,1.029,2.4001,0.39957,0,Non-SST
6219.5,71.1163,1.0011,2.3734,0.38222,0,Non-SST
6220.0,70.5817,0.9733,2.3468,0.36486,0,Non-SST
6220.5,70.047,0.9618,2.3351,0.37839,0,Non-SST
6221.0,70.047,0.9503,2.3234,0.39191,0,Non-SST
6221.5,70.047,0.9388,2.3118,0.40544,0,Non-SST
6222.0,70.047,0.9474,2.3001,0.41001,0,Non-SST
6222.5,70.047,0.956,2.329,0.41459,0,Non-SST
6223.0,70.7599,0.9646,2.3579,0.41916,0,Non-SST
6223.5,71.4728,0.9733,2.3868,0.42373,0,Non-SST
6224.0,72.1857,0.9618,2.3868,0.42286,0,Non-SST
6224.5,71.1163,0.9503,2.3868,0.42199,0,Non-SST
6225.0,70.047,0.9388,2.3868,0.42111,0,Non-SST
6225.5,72.2179,0.9304,2.3868,0.43532,0,Non-SST
6226.0,74.3887,0.9221,2.3868,0.44953,0,Non-SST
6226.5,76.5596,0.9138,2.3868,0.46373,0,Non-SST
6227.0,70.2239,0.9054,2.3868,0.47794,0,Non-SST
6227.5,63.8881,1.0066,2.3868,0.44951,0,Non-SST
6228.0,63.8753,1.1077,2.3868,0.42107,0,Non-SST
6228.5,63.8624,1.2088,2.3868,0.39264,0,Non-SST
6229.0,63.8495,1.1853,2.3868,0.38465,0,Non-SST
6229.5,63.8367,1.1618,2.3868,0.37666,0,Non-SST
6230.0,63.8238,1.1383,2.3868,0.36867,0,Non-SST
6230.5,68.0691,1.123,2.3868,0.36867,0,Non-SST
6231.0,72.3143,1.1076,2.3779,0.36743,0,Non-SST
6231.5,76.5596,1.0923,2.369,0.36619,0,Non-SST
6232.0,78.2601,1.0769,2.3601,0.36495,0,Non-SST
6232.5,79.9607,1.0615,2.2945,0.3662,0,Non-SST
6233.0,81.6612,1.0462,2.229,0.36745,0,Non-SST
6233.5,83.3617,1.0861,2.1634,0.3687,5,WTR
6234.0,85.7256,1.126,2.1634,0.36995,0,Non-SST
6234.5,88.0894,1.1659,2.1845,0.47661,0,Non-SST
6235.0,90.4532,1.1659,2.2056,0.5577,0,Non-SST
6235.5,86.9798,1.1659,2.2267,0.54377,0,Non-SST
6236.0,83.5064,1.1659,2.2668,0.52985,0,Non-SST
6236.5,80.033,1.1877,2.3068,0.51592,0,Non-SST
6237.0,76.5596,1.2096,2.3468,0.43045,0,Non-SST
6237.5,75.1016,1.2314,2.3868,0.34287,0,Non-SST
6238.0,73.6437,1.2533,2.4001,0.35779,0,Non-SST
6238.5,72.1857,1.2686,2.4134,0.3727,0,Non-SST
6239.0,70.6058,1.284,2.3801,0.38762,0,Non-SST
6239.5,69.0259,1.2994,2.3468,0.38342,0,Non-SST
6240.0,67.446,1.2767,2.3134,0.37921,0,Non-SST
6240.5,65.866,1.2541,2.3268,0.375,0,Non-SST
6241.0,65.866,1.2314,2.3401,0.37251,0,Non-SST
6241.5,65.866,1.2088,2.3379,0.37002,0,Non-SST
6242.0,65.866,1.2088,2.3356,0.36752,0,Non-SST
6242.5,65.866,1.2088,2.3334,0.36503,0,Non-SST
6243.0,65.866,1.2088,2.3351,0.36379,0,Non-SST
6243.5,65.866,1.1778,2.3368,0.36256,0,Non-SST
6244.0,65.866,1.1467,2.3384,0.36132,0,Non-SST
6244.5,65.866,1.1157,2.3401,0.36009,0,Non-SST
6245.0,65.866,1.0847,2.3379,0.37787,0,Non-SST
6245.5,65.866,1.0847,2.3356,0.39565,0,Non-SST
6246.0,71.2128,1.0847,2.3334,0.41342,0,Non-SST
6246.5,76.5596,1.0847,2.3368,0.41605,0,Non-SST
6247.0,73.3033,1.0847,2.3401,0.41867,0,Non-SST
6247.5,70.047,1.0847,2.3434,0.42129,0,Non-SST
6248.0,70.5817,1.0847,2.3468,0.4362,0,Non-SST
6248.5,71.1163,1.0847,2.3468,0.45111,0,Non-SST
6249.0,71.651,1.0847,2.3468,0.46601,0,Non-SST
6249.5,72.1857,1.0847,2.3468,0.48092,0,Non-SST
6250.0,72.9093,1.0847,2.3368,0.46904,0,Non-SST
6250.5,73.633,1.0847,2.3268,0.45716,0,Non-SST
6251.0,74.3566,1.0718,2.3168,0.44527,0,Non-SST
6251.5,72.234,1.059,2.3068,0.45073,0,Non-SST
6252.0,70.1113,1.0462,2.3134,0.45618,0,Non-SST
6252.5,67.9887,1.0462,2.3201,0.46163,0,Non-SST
6253.0,65.866,1.0462,2.3268,0.46708,0,Non-SST
6253.5,68.6962,1.0654,2.3184,0.46571,0,Non-SST
6254.0,71.5264,1.0847,2.3101,0.46434,0,Non-SST
6254.5,74.3566,1.0475,2.3018,0.46297,0,Non-SST
6255.0,73.2792,1.0104,2.2934,0.46161,0,Non-SST
6255.5,72.2018,0.9733,2.309,0.469,0,Non-SST
6256.0,71.1244,0.9563,2.3245,0.47639,0,Non-SST
6256.5,70.047,0.9394,2.3401,0.48378,0,Non-SST
6257.0,71.4835,0.9224,2.3368,0.47893,0,Non-SST
6257.5,72.9201,0.9054,2.3334,0.47408,0,Non-SST
6258.0,74.3566,0.94,2.3301,0.46923,0,Non-SST
6258.5,74.9074,0.9745,2.3268,0.46438,0,Non-SST
6259.0,75.4581,1.0091,2.3401,0.47461,0,Non-SST
6259.5,76.0089,1.0001,2.3534,0.48484,0,Non-SST
6260.0,76.5596,0.9912,2.3668,0.49507,0,Non-SST
6260.5,75.1016,0.9822,2.3551,0.49017,0,Non-SST
6261.0,73.6437,0.9733,2.3434,0.48526,0,Non-SST
6261.5,72.1857,0.9733,2.3318,0.48036,0,Non-SST
6262.0,73.2792,0.9733,2.3201,0.47545,0,Non-SST
6262.5,74.3727,0.9733,2.3384,0.45998,0,Non-SST
6263.0,75.4661,0.9733,2.3568,0.44451,0,Non-SST
6263.5,76.5596,1.0237,2.3751,0.42904,0,Non-SST
6264.0,72.3143,1.0741,2.3934,0.41357,0,Non-SST
6264.5,68.0691,1.1245,2.3734,0.39662,0,Non-SST
6265.0,63.8238,1.0957,2.3534,0.37967,0,Non-SST
6265.5,65.3796,1.0668,2.3334,0.36272,0,Non-SST
6266.0,66.9354,1.0379,2.3584,0.38071,0,Non-SST
6266.5,68.4912,1.0091,2.3834,0.39871,0,Non-SST
6267.0,70.047,0.9745,2.4084,0.4167,0,Non-SST
6267.5,71.4835,0.94,2.4334,0.43469,0,Non-SST
6268.0,72.9201,0.9054,2.409,0.42679,0,Non-SST
6268.5,74.3566,0.9503,2.3845,0.4189,0,Non-SST
6269.0,68.8289,0.9951,2.3601,0.411,0,Non-SST
6269.5,63.3012,1.0399,2.3734,0.39894,0,Non-SST
6270.0,57.7735,1.0847,2.3868,0.38688,0,Non-SST
6270.5,52.2458,1.261,2.4001,0.37482,0,Non-SST
6271.0,51.7915,1.4374,2.4134,0.36276,0,Non-SST
6271.5,51.3372,1.6138,2.429,0.34821,0,Non-SST
6272.0,50.883,1.5352,2.4445,0.33365,0,Non-SST
6272.5,50.4287,1.4566,2.4601,0.3191,0,Non-SST
6273.0,54.2237,1.378,2.4368,0.32633,0,Non-SST
6273.5,58.0187,1.2994,2.4134,0.33356,0,Non-SST
6274.0,61.8137,1.284,2.3901,0.34079,0,Non-SST
6274.5,62.3163,1.2686,2.3668,0.34802,0,Non-SST
6275.0,62.8188,1.2533,2.3845,0.3319,0,Non-SST
6275.5,63.3213,1.4232,2.4023,0.31577,0,Non-SST
6276.0,63.8238,1.5932,2.4201,0.29965,0,Non-SST
6276.5,51.5597,1.7632,2.3968,0.29965,5,WTR
6277.0,39.2956,1.9332,2.3734,0.30199,0,Non-SST
6277.5,27.0315,2.3966,2.3501,0.32086,0,Non-SST
6278.0,23.4254,2.8599,2.3268,0.33765,0,Non-SST
6278.5,19.8193,3.3233,2.335,0.35473,0,Non-SST
6279.0,16.2132,3.3855,2.3432,0.31258,0,Non-SST
6279.5,12.6072,3.4478,2.3514,0.27204,0,Non-SST
6280.0,12.6072,3.51,2.3514,0.23399,0,Non-SST
6280.5,12.6072,3.5722,2.3801,0.19697,0,Non-SST
6281.0,12.6072,3.7085,2.4268,0.1766,0,Non-SST
6281.5,13.572,3.8448,2.1601,0.15637,5,WTR
6282.0,14.5368,3.9811,1.8934,0.18298,1,Gas
6282.5,15.5017,4.2674,1.8234,0.2096,1,Gas
6283.0,16.4665,4.5537,1.7534,0.23622,1,Gas
6283.5,15.4856,4.84,1.8956,0.35846,5,WTR
6284.0,14.5047,5.1263,2.0379,0.49738,5,WTR
6284.5,13.5238,5.6179,2.1801,0.35355,5,WTR
6285.0,14.2594,6.1094,2.2668,0.22743,0,Non-SST
6285.5,14.9951,6.601,2.3534,0.20131,0,Non-SST
6286.0,15.7308,6.143,2.4301,0.17556,0,Non-SST
6286.5,16.4665,5.685,2.5068,0.16421,0,Non-SST
6287.0,17.9245,5.227,2.3901,0.15286,0,Non-SST
6287.5,19.3825,4.769,2.2734,0.14151,0,Non-SST
6288.0,20.8404,4.5064,2.3568,0.17771,0,Non-SST
6288.5,20.555,4.2437,2.4401,0.21434,0,Non-SST
6289.0,20.2696,3.9811,2.3701,0.20783,0,Non-SST
6289.5,19.9841,3.631,2.3001,0.20026,0,Non-SST
6290.0,19.6987,3.281,2.2823,0.20026,5,WTR
6290.5,19.9841,2.9309,2.2645,0.22966,5,WTR
6291.0,20.2696,2.5809,2.2468,0.26081,5,WTR
6291.5,20.555,2.6125,2.3234,0.25295,0,Non-SST
6292.0,20.8404,2.6441,2.4001,0.24514,0,Non-SST
6292.5,20.09,2.6758,2.3534,0.25184,0,Non-SST
6293.0,19.3396,2.7259,2.3068,0.23629,0,Non-SST
6293.5,18.5891,2.776,2.3001,0.23702,0,Non-SST
6294.0,18.8665,2.8261,2.2934,0.22456,0,Non-SST
6294.5,19.1439,2.8762,2.3101,0.22968,0,Non-SST
6295.0,19.4213,3.066,2.3701,0.23189,0,Non-SST
6295.5,19.6987,3.2558,2.3701,0.24295,0,Non-SST
6296.0,18.2836,3.4455,2.3968,0.20895,0,Non-SST
6296.5,16.8685,3.415,2.3401,0.17562,0,Non-SST
6297.0,15.4534,3.3844,2.3512,0.18311,5,WTR
6297.5,17.3952,3.3538,2.3645,0.19062,0,Non-SST
6298.0,19.3369,3.3233,2.3968,0.196,0,Non-SST
6298.5,21.2786,3.3538,2.4112,0.20139,0,Non-SST
6299.0,23.2204,3.3844,2.4256,0.19493,0,Non-SST
6299.5,21.3175,3.415,2.4401,0.18848,0,Non-SST
6300.0,19.4146,3.4455,2.4134,0.20248,0,Non-SST
6300.5,17.5117,3.7234,2.3968,0.21659,0,Non-SST
6301.0,18.6374,4.0014,2.3968,0.21115,0,Non-SST
6301.5,19.763,4.2793,2.4334,0.20574,0,Non-SST
6302.0,20.8887,4.4456,2.4601,0.20034,0,Non-SST
6302.5,22.0143,4.6119,2.4434,0.19495,0,Non-SST
6303.0,24.1316,4.7782,2.4268,0.17994,0,Non-SST
6303.5,26.2489,4.9444,2.4634,0.165,0,Non-SST
6304.0,28.3661,4.9444,2.5001,0.1682,0,Non-SST
6304.5,28.3661,4.9444,2.5668,0.1714,0,Non-SST
6305.0,28.3661,4.9444,2.6334,0.14479,0,Non-SST
6305.5,28.3661,4.6342,2.5668,0.11812,0,Non-SST
6306.0,28.3661,4.324,2.5001,0.12775,0,Non-SST
6306.5,28.3661,4.0138,2.5201,0.13735,0,Non-SST
6307.0,28.3661,3.7036,2.5401,0.13735,0,Non-SST
6307.5,28.3661,3.4467,2.5034,0.13736,0,Non-SST
6308.0,26.2489,3.1897,2.4668,0.13736,0,Non-SST
6308.5,24.1316,2.9327,2.4868,0.16017,0,Non-SST
6309.0,22.0143,2.6758,2.5068,0.18298,0,Non-SST
6309.5,20.6274,2.7086,2.3801,0.20579,0,Non-SST
6310.0,19.2404,2.7414,2.2534,0.21673,5,WTR
6310.5,17.8535,2.7742,2.2757,0.22767,5,WTR
6311.0,16.4665,2.703,2.2979,0.23861,0,Non-SST
6311.5,16.9972,2.6318,2.3201,0.22979,0,Non-SST
6312.0,17.5278,2.5605,2.3312,0.22103,0,Non-SST
6312.5,18.0585,2.4893,2.3423,0.22763,0,Non-SST
6313.0,18.5891,2.8503,2.3534,0.23424,0,Non-SST
6313.5,16.5952,3.2113,2.3312,0.24085,0,Non-SST
6314.0,14.6012,3.5722,2.309,0.22773,0,Non-SST
6314.5,12.6072,3.3402,2.2868,0.21461,0,Non-SST
6315.0,38.6095,3.1082,2.3801,0.2015,5,WTR
6315.5,41.8256,2.8762,2.4734,0.19862,0,Non-SST
6316.0,41.8256,3.066,2.5201,0.19575,0,Non-SST
6316.5,41.8256,3.2558,2.5668,0.19288,0,Non-SST
6317.0,41.8256,3.4455,2.6134,0.19074,0,Non-SST
6317.5,41.8256,3.616,2.6312,0.18859,0,Non-SST
6318.0,41.8256,3.7865,2.649,0.18645,0,Non-SST
6318.5,38.8024,3.957,2.6668,0.21453,0,Non-SST
6319.0,35.7793,4.1275,2.6357,0.2431,0,Non-SST
6319.5,32.7561,3.6764,2.6045,0.21426,0,Non-SST
6320.0,29.733,3.2253,2.5734,0.18542,0,Non-SST
6320.5,31.1481,2.7742,2.5512,0.15658,0,Non-SST
6321.0,32.5632,2.5474,2.529,0.18765,0,Non-SST
6321.5,42.4045,2.3206,2.5068,0.21873,0,Non-SST
6322.0,52.2458,2.0938,2.3934,0.2498,5,WTR
6322.5,63.3012,1.8671,2.2801,0.27499,5,WTR
6323.0,74.3566,1.7623,2.1667,0.30018,5,WTR
6323.5,73.2792,1.6576,2.2568,0.32537,5,WTR
6324.0,72.2018,1.5528,2.3468,0.32537,0,Non-SST
6324.5,71.1244,1.4481,2.3623,0.30702,0,Non-SST
6325.0,70.047,1.3985,2.3779,0.29302,0,Non-SST
6325.5,62.9126,1.3489,2.3934,0.31764,0,Non-SST
6326.0,55.7782,1.2994,2.3679,0.34286,0,Non-SST
6326.5,48.6437,1.3318,2.3423,0.31884,5,WTR
6327.0,48.2056,1.3642,2.3168,0.29536,5,WTR
6327.5,47.7674,1.3967,2.3168,0.27922,5,WTR
6328.0,47.3292,1.449,2.3434,0.26331,5,WTR
6328.5,46.891,1.5013,2.3668,0.25881,5,WTR
6329.0,49.2923,1.5013,2.3901,0.25432,5,WTR
6329.5,51.6937,1.5013,2.4134,0.25657,5,WTR
6330.0,54.0951,1.5013,2.4168,0.25882,5,WTR
6330.5,56.5272,1.4186,2.4201,0.26107,5,WTR
6331.0,58.9594,1.3359,2.4179,0.27696,0,Non-SST
6331.5,61.3916,1.2533,2.4156,0.29307,0,Non-SST
6332.0,63.8238,1.1599,2.4134,0.32245,0,Non-SST
6332.5,65.196,1.0666,2.4368,0.35268,0,Non-SST
6333.0,66.5682,0.9733,2.4601,0.34291,0,Non-SST
6333.5,67.9404,0.9483,2.4334,0.33324,0,Non-SST
6334.0,67.9404,0.9233,2.4068,0.33928,0,Non-SST
6334.5,67.9404,0.8983,2.4101,0.34536,0,Non-SST
6335.0,67.9404,0.8733,2.4134,0.37629,0,Non-SST
6335.5,67.9404,0.9309,2.4201,0.40822,0,Non-SST
6336.0,69.3555,0.9886,2.4268,0.39234,0,Non-SST
6336.5,70.7706,1.0462,2.4701,0.37714,0,Non-SST
6337.0,72.1857,1.0193,2.5134,0.3474,0,Non-SST
6337.5,71.1244,0.9925,2.4668,0.31852,0,Non-SST
6338.0,70.0631,0.9656,2.4201,0.34986,0,Non-SST
6338.5,69.0017,0.9388,2.4301,0.38219,0,Non-SST
6339.0,67.9404,1.2702,2.4401,0.36318,0,Non-SST
6339.5,60.924,1.6017,2.4623,0.34416,0,Non-SST
6340.0,53.9075,1.9332,2.4845,0.32514,0,Non-SST
6340.5,46.891,2.0289,2.5068,0.31341,0,Non-SST
6341.0,46.0387,2.1245,2.4901,0.30168,0,Non-SST
6341.5,45.1864,2.2202,2.4668,0.28995,0,Non-SST
6342.0,44.3341,2.3158,2.4668,0.27734,0,Non-SST
6342.5,43.4819,2.3442,2.4557,0.26488,0,Non-SST
6343.0,40.8286,2.3726,2.4445,0.26413,5,WTR
6343.5,38.1753,2.401,2.4334,0.26339,5,WTR
6344.0,35.522,2.8326,2.529,0.26264,0,Non-SST
6344.5,33.3994,3.2643,2.6246,0.23865,0,Non-SST
6345.0,31.2767,3.6959,2.7201,0.21465,0,Non-SST
6345.5,29.1541,4.1275,2.6646,0.19066,0,Non-SST
6346.0,27.0315,4.1275,2.609,0.18573,0,Non-SST
6346.5,27.3651,4.1275,2.5534,0.18079,0,Non-SST
6347.0,27.6988,4.1275,2.5401,0.17586,0,Non-SST
6347.5,28.0325,3.8147,2.5268,0.16609,0,Non-SST
6348.0,28.3661,3.5019,2.5134,0.15632,0,Non-SST
6348.5,33.4047,3.189,2.4834,0.14654,0,Non-SST
6349.0,38.4433,2.8762,2.4534,0.16695,0,Non-SST
6349.5,43.4819,2.6894,2.449,0.18736,0,Non-SST
6350.0,41.8738,2.5026,2.4445,0.20777,5,WTR
6350.5,40.2658,2.3158,2.4401,0.23162,5,WTR
6351.0,38.6577,2.7687,2.4868,0.25595,0,Non-SST
6351.5,37.0496,3.2217,2.5334,0.24494,0,Non-SST
6352.0,33.5923,3.6746,2.5801,0.23392,0,Non-SST
6352.5,30.135,4.1275,2.5557,0.22291,0,Non-SST
6353.0,26.6777,4.4604,2.5312,0.19538,0,Non-SST
6353.5,23.2204,4.7934,2.5068,0.16785,0,Non-SST
6354.0,22.8183,5.1263,2.4912,0.14031,0,Non-SST
6354.5,22.4163,5.6186,2.4757,0.1564,0,Non-SST
6355.0,22.0143,6.1109,2.4601,0.17249,0,Non-SST
6355.5,24.2937,6.6032,2.4423,0.18858,0,Non-SST
6356.0,26.5732,7.0955,2.4245,0.17111,0,Non-SST
6356.5,28.8526,6.8526,2.4068,0.15363,0,Non-SST
6357.0,31.132,6.6097,2.4268,0.13616,0,Non-SST
6357.5,30.21,6.3668,2.4468,0.15293,0,Non-SST
6358.0,29.2881,5.9674,2.4645,0.1697,0,Non-SST
6358.5,28.3661,5.5679,2.4823,0.18648,0,Non-SST
6359.0,27.0797,5.1685,2.5001,0.19359,0,Non-SST
6359.5,25.7932,4.769,2.449,0.20071,0,Non-SST
6360.0,24.5068,4.6087,2.3979,0.20782,0,Non-SST
6360.5,23.2204,4.4483,2.3468,0.20711,0,Non-SST
6361.0,20.3017,4.2879,2.3668,0.20639,0,Non-SST
6361.5,19.4454,4.1275,2.3868,0.20568,0,Non-SST
6362.0,18.5891,4.0316,2.4068,0.20247,0,Non-SST
6362.5,23.4776,3.9357,2.4557,0.19926,0,Non-SST
6363.0,28.3661,3.8398,2.5045,0.20934,0,Non-SST
6363.5,25.7932,3.7107,2.5534,0.21942,0,Non-SST
6364.0,23.2204,3.5816,2.4912,0.2295,0,Non-SST
6364.5,22.0304,3.4524,2.429,0.19927,0,Non-SST
6365.0,20.8404,3.3233,2.3668,0.16963,0,Non-SST
6365.5,21.6337,3.3233,2.3734,0.19843,0,Non-SST
6366.0,22.427,3.3233,2.3801,0.22723,0,Non-SST
6366.5,23.2204,3.3233,2.349,0.25603,0,Non-SST
6367.0,20.3661,3.7289,2.3179,0.24574,0,Non-SST
6367.5,17.5117,4.1345,2.2868,0.23545,0,Non-SST
6368.0,18.6052,4.5401,2.3512,0.22516,0,Non-SST
6368.5,19.6987,4.9457,2.4156,0.20386,0,Non-SST
6369.0,24.7159,4.9444,2.4801,0.18256,0,Non-SST
6369.5,29.733,4.8568,2.5401,0.16126,0,Non-SST
6370.0,34.1712,4.769,2.6001,0.15847,0,Non-SST
6370.5,38.6095,5.241,2.5668,0.15568,0,Non-SST
6371.0,37.5803,5.713,2.5334,0.1529,0,Non-SST
6371.5,36.5512,6.0399,2.5001,0.14456,0,Non-SST
6372.0,35.522,6.3668,2.469,0.13623,0,Non-SST
6372.5,33.327,6.6053,2.4379,0.12789,0,Non-SST
6373.0,31.132,6.8438,2.4068,0.16861,0,Non-SST
6373.5,24.8606,6.8438,2.389,0.21004,0,Non-SST
6374.0,18.5891,6.8438,2.3712,0.21654,0,Non-SST
6374.5,19.1439,7.521,2.3534,0.22305,0,Non-SST
6375.0,19.6987,8.1983,2.409,0.22956,0,Non-SST
6375.5,23.2204,8.8355,2.4645,0.21311,0,Non-SST
6376.0,23.6331,9.4726,2.5201,0.19666,0,Non-SST
6376.5,24.0458,9.4726,2.4934,0.18021,0,Non-SST
6377.0,24.4586,9.4726,2.4668,0.18375,0,Non-SST
6377.5,27.0315,9.4726,2.4401,0.18728,0,Non-SST
6378.0,25.753,8.8355,2.4268,0.19081,0,Non-SST
6378.5,24.4746,8.1983,2.4134,0.19939,0,Non-SST
6379.0,23.2445,7.1696,2.4001,0.20796,0,Non-SST
6379.5,22.0143,6.141,2.3634,0.21654,0,Non-SST
6380.0,20.8404,5.061,2.3268,0.22528,0,Non-SST
6380.5,20.09,3.9811,2.2823,0.23403,0,Non-SST
6381.0,19.3396,3.6128,2.2379,0.24277,5,WTR
6381.5,18.5891,3.2445,2.1934,0.24609,5,WTR
6382.0,20.9048,2.8762,2.1534,0.24943,5,WTR
6382.5,23.2204,3.3233,2.1134,0.26224,5,WTR
6383.0,17.5117,4.3191,2.0734,0.27506,5,WTR
6383.5,20.9851,5.3148,2.1623,0.28787,5,WTR
6384.0,24.4586,5.8408,2.2512,0.28104,5,WTR
6384.5,29.9903,6.3668,2.3401,0.2742,5,WTR
6385.0,35.522,5.7971,2.309,0.26736,5,WTR
6385.5,31.9441,5.2274,2.2779,0.25697,5,WTR
6386.0,28.3661,4.4655,2.2468,0.24658,5,WTR
6386.5,25.1902,3.7036,2.2668,0.23619,5,WTR
6387.0,22.0143,3.2054,2.2868,0.24508,5,WTR
6387.5,20.8565,3.0408,2.3068,0.25398,0,Non-SST
6388.0,19.6987,2.8762,2.3201,0.26287,0,Non-SST
6388.5,18.6052,2.776,2.3334,0.25471,0,Non-SST
6389.0,17.5117,2.6758,2.3201,0.24656,0,Non-SST
6389.5,18.6052,2.776,2.3068,0.23841,0,Non-SST
6390.0,19.6987,2.8762,2.2934,0.23292,0,Non-SST
6390.5,20.2696,2.984,2.2801,0.22745,0,Non-SST
6391.0,20.8404,3.0917,2.2668,0.22312,5,WTR
6391.5,20.4599,2.984,2.2534,0.21878,5,WTR
6392.0,20.0793,2.8762,2.2912,0.21444,0,Non-SST
6392.5,19.6987,2.6828,2.329,0.23436,0,Non-SST
6393.0,20.0793,2.4893,2.3668,0.25428,0,Non-SST
6393.5,20.4599,2.1544,2.3334,0.2742,0,Non-SST
6394.0,20.8404,2.1941,2.3001,0.27725,0,Non-SST
6394.5,19.7148,2.2337,2.2668,0.28029,5,WTR
6395.0,18.5891,2.3173,2.2979,0.28334,0,Non-SST
6395.5,17.5439,2.401,2.329,0.26182,0,Non-SST
6396.0,16.4987,2.5876,2.3601,0.2403,0,Non-SST
6396.5,15.4534,2.7742,2.3501,0.21879,0,Non-SST
6397.0,18.0424,2.88,2.3401,0.21735,0,Non-SST
6397.5,20.6314,2.9859,2.3645,0.21591,0,Non-SST
6398.0,23.2204,3.0917,2.389,0.21447,0,Non-SST
6398.5,22.8183,3.1486,2.4134,0.20168,0,Non-SST
6399.0,22.4163,3.2054,2.4445,0.18889,0,Non-SST
6399.5,22.0143,3.3277,2.4757,0.1761,0,Non-SST
6400.0,22.6173,3.45,2.5068,0.18561,0,Non-SST
6400.5,23.2204,3.5722,2.4934,0.19517,0,Non-SST
6401.0,24.9356,3.5722,2.4801,0.18322,0,Non-SST
6401.5,26.6509,3.5722,2.4668,0.17126,0,Non-SST
6402.0,28.3661,3.8604,2.509,0.1593,0,Non-SST
6402.5,27.4871,4.1485,2.5512,0.14887,0,Non-SST
6403.0,26.608,4.4367,2.5934,0.13844,0,Non-SST
6403.5,25.7289,4.3336,2.5645,0.12801,0,Non-SST
6404.0,26.608,4.2306,2.5357,0.13427,0,Non-SST
6404.5,27.4871,4.1275,2.5068,0.14052,0,Non-SST
6405.0,28.3661,4.1275,2.4534,0.14678,0,Non-SST
6405.5,25.477,4.1275,2.4001,0.14608,0,Non-SST
6406.0,22.5879,4.1275,2.3023,0.14539,0,Non-SST
6406.5,19.6987,3.9837,2.2045,0.1447,5,WTR
6407.0,18.2836,3.8398,2.1068,0.15027,1,Gas
6407.5,16.8685,4.2687,2.2156,0.15585,5,WTR
6408.0,15.4534,4.6975,2.3245,0.16142,5,WTR
6408.5,15.968,5.1263,2.4334,0.19415,0,Non-SST
6409.0,16.4826,5.0072,2.4423,0.22755,0,Non-SST
6409.5,22.0143,4.8881,2.4512,0.20806,0,Non-SST
6410.0,20.3017,4.769,2.4601,0.18884,0,Non-SST
6410.5,18.5891,5.0161,2.4957,0.15411,0,Non-SST
6411.0,19.7148,5.2632,2.5312,0.1197,0,Non-SST
6411.5,20.8404,5.5103,2.5668,0.12665,0,Non-SST
6412.0,24.6033,5.6479,2.5801,0.1336,0,Non-SST
6412.5,28.3661,5.7855,2.5934,0.14055,0,Non-SST
6413.0,26.6509,5.9231,2.5968,0.11553,0,Non-SST
6413.5,24.9356,6.4009,2.6001,0.09034,0,Non-SST
6414.0,23.2204,6.8787,2.589,0.09245,0,Non-SST
6414.5,23.2204,7.3564,2.5779,0.09456,0,Non-SST
6415.0,23.2204,7.1001,2.5668,0.09667,0,Non-SST
6415.5,20.3661,6.8438,2.5368,0.10052,0,Non-SST
6416.0,17.5117,6.601,2.5068,0.10437,0,Non-SST
6416.5,25.0375,5.4401,2.5157,0.10823,0,Non-SST
6417.0,32.5632,4.2793,2.5245,0.11903,0,Non-SST
6417.5,28.5109,5.4401,2.5334,0.12911,0,Non-SST
6418.0,24.4586,6.601,2.5534,0.1239,0,Non-SST
6418.5,23.2364,6.4476,2.5734,0.10719,0,Non-SST
6419.0,22.0143,6.2943,2.5745,0.11762,0,Non-SST
6419.5,25.1902,6.141,2.5757,0.12806,0,Non-SST
6420.0,28.3661,5.6336,2.5768,0.1385,0,Non-SST
6420.5,27.6742,5.1263,2.5401,0.13224,0,Non-SST
6421.0,26.9823,7.1315,2.4968,0.12599,0,Non-SST
6421.5,24.9224,9.1366,2.4823,0.11974,0,Non-SST
6422.0,22.8625,7.7517,2.4679,0.13505,0,Non-SST
6422.5,20.8026,6.3668,2.4534,0.15037,0,Non-SST
6423.0,20.8026,6.0399,2.5834,0.16568,0,Non-SST
6423.5,20.8026,5.713,2.7134,0.14339,0,Non-SST
6424.0,21.9904,5.1845,2.6801,0.1211,0,Non-SST
6424.5,23.1782,4.656,2.6468,0.09881,0,Non-SST
6425.0,25.7464,4.1275,2.6134,0.10231,0,Non-SST
6425.5,28.3146,4.0543,2.5684,0.10581,0,Non-SST
6426.0,32.7929,3.9811,2.5234,0.10931,0,Non-SST
6426.5,37.2713,2.9927,2.4784,0.14513,0,Non-SST
6427.0,41.7496,2.0043,2.4334,0.18095,0,Non-SST
6427.5,41.2092,2.0043,2.4768,0.21677,0,Non-SST
6428.0,40.6688,2.0043,2.5201,0.22113,0,Non-SST
6428.5,40.1284,3.0659,2.5534,0.22548,0,Non-SST
6429.0,37.5869,4.1275,2.5868,0.22983,0,Non-SST
6429.5,35.0455,4.7212,2.6201,0.17834,0,Non-SST
6430.0,32.504,5.3148,2.5934,0.12811,0,Non-SST
6430.5,29.3954,5.5139,2.5668,0.12881,0,Non-SST
6431.0,26.2868,5.713,2.5401,0.12951,0,Non-SST
6431.5,23.1782,5.713,2.5445,0.1302,0,Non-SST
6432.0,22.0064,5.713,2.549,0.13229,0,Non-SST
6432.5,20.8347,5.5803,2.5534,0.13438,0,Non-SST
6433.0,19.6629,5.4475,2.5601,0.13646,0,Non-SST
6433.5,23.9888,5.3148,2.5668,0.13542,0,Non-SST
6434.0,28.3146,5.0765,2.5734,0.13438,0,Non-SST
6434.5,33.344,4.8382,2.5268,0.14553,0,Non-SST
6435.0,38.3735,4.5999,2.4801,0.15669,0,Non-SST
6435.5,43.4029,4.8382,2.4334,0.16784,0,Non-SST
6436.0,39.2937,5.0765,2.5334,0.15391,0,Non-SST
6436.5,35.1846,5.3148,2.6334,0.13998,0,Non-SST
6437.0,31.0754,4.6117,2.6379,0.12605,0,Non-SST
6437.5,34.0931,3.9086,2.6423,0.14069,0,Non-SST
6438.0,37.1107,3.2054,2.6468,0.15532,0,Non-SST
6438.5,40.1284,3.7851,2.5834,0.16995,0,Non-SST
6439.0,36.1905,4.3648,2.5201,0.1588,0,Non-SST
6439.5,32.2525,4.9444,2.5023,0.14765,0,Non-SST
6440.0,28.3146,4.0749,2.4845,0.13649,0,Non-SST
6440.5,30.6956,3.2054,2.4668,0.15046,0,Non-SST
6441.0,33.0765,3.1309,2.489,0.16443,0,Non-SST
6441.5,35.4575,3.0565,2.5112,0.1784,0,Non-SST
6442.0,33.9807,2.982,2.5334,0.17489,0,Non-SST
6442.5,32.504,3.315,2.5245,0.17138,0,Non-SST
6443.0,28.2236,3.6481,2.5157,0.16787,0,Non-SST
6443.5,23.9433,3.9811,2.5068,0.16158,0,Non-SST
6444.0,19.6629,3.7225,2.4712,0.1553,0,Non-SST
6444.5,18.5875,3.464,2.4357,0.16866,0,Non-SST
6445.0,17.512,3.2054,2.4001,0.18202,0,Non-SST
6445.5,16.4366,3.4169,2.4068,0.19539,0,Non-SST
6446.0,18.2825,3.6284,2.4134,0.19149,0,Non-SST
6446.5,20.1284,3.8398,2.4201,0.1876,0,Non-SST
6447.0,21.9743,3.7084,2.4134,0.18371,0,Non-SST
6447.5,23.2103,3.577,2.4068,0.18371,0,Non-SST
6448.0,24.4462,3.4455,2.4368,0.17526,0,Non-SST
6448.5,25.6822,3.5089,2.4668,0.18266,0,Non-SST
6449.0,25.6822,3.5722,2.4968,0.18619,0,Non-SST
6449.5,25.6822,3.6614,2.5268,0.19221,0,Non-SST
6450.0,26.5597,3.7506,2.5534,0.17422,0,Non-SST
6450.5,27.4371,3.8398,2.5368,0.15533,0,Non-SST
6451.0,28.3146,3.3897,2.5368,0.15637,0,Non-SST
6451.5,34.4783,2.9395,2.5034,0.15742,0,Non-SST
6452.0,40.6421,2.4893,2.5301,0.17653,0,Non-SST
6452.5,46.8058,2.4893,2.5223,0.19563,0,Non-SST
6453.0,45.947,2.4893,2.5268,0.21474,0,Non-SST
6453.5,45.0883,2.4893,2.4968,0.21366,0,Non-SST
6454.0,45.6608,2.4893,2.4868,0.21258,0,Non-SST
6454.5,46.2333,2.4893,2.4801,0.2213,0,Non-SST
6455.0,46.8058,2.4893,2.4734,0.23002,0,Non-SST
6455.5,43.023,2.7357,2.5157,0.23874,0,Non-SST
6456.0,39.2402,2.982,2.5579,0.21584,0,Non-SST
6456.5,35.4575,3.0186,2.6001,0.19294,0,Non-SST
6457.0,35.4575,3.0551,2.5434,0.17004,0,Non-SST
6457.5,35.4575,3.0917,2.4868,0.17215,0,Non-SST
6458.0,35.4575,3.0551,2.5023,0.17425,0,Non-SST
6458.5,33.0765,3.0186,2.5179,0.17636,0,Non-SST
6459.0,30.6956,2.982,2.5334,0.18415,0,Non-SST
6459.5,28.3146,2.7062,2.4957,0.19194,0,Non-SST
6460.0,31.7228,2.4303,2.4579,0.19973,0,Non-SST
6460.5,35.1311,2.1544,2.4201,0.22127,5,WTR
6461.0,38.5393,2.0438,2.4379,0.24318,5,WTR
6461.5,40.1605,1.9332,2.4557,0.25289,0,Non-SST
6462.0,41.7817,2.0069,2.4734,0.26259,0,Non-SST
6462.5,43.4029,2.0807,2.4779,0.2723,0,Non-SST
6463.0,42.8518,2.1544,2.4823,0.26334,0,Non-SST
6463.5,42.3007,1.8249,2.4868,0.25437,0,Non-SST
6464.0,41.7496,1.4954,2.4623,0.24541,0,Non-SST
6464.5,51.7255,1.1659,2.4379,0.26748,0,Non-SST
6465.0,61.7014,1.1388,2.4134,0.28955,0,Non-SST
6465.5,63.0498,1.1118,2.3934,0.31161,0,Non-SST
6466.0,64.3981,1.0847,2.3734,0.33436,0,Non-SST
6466.5,65.7464,1.1562,2.3534,0.35712,0,Non-SST
6467.0,61.8298,1.2278,2.3334,0.37987,0,Non-SST
6467.5,57.9133,1.2994,2.3134,0.3636,0,Non-SST
6468.0,53.9968,1.3851,2.309,0.3476,5,WTR
6468.5,49.374,1.4708,2.3045,0.36602,5,WTR
6469.0,44.7512,1.5565,2.3001,0.38444,5,WTR
6469.5,40.1284,1.5954,2.3179,0.40287,5,WTR
6470.0,38.5714,1.6343,2.3356,0.36469,0,Non-SST
6470.5,37.0145,1.6731,2.3534,0.32652,0,Non-SST
6471.0,35.4575,1.5872,2.3368,0.28835,5,WTR
6471.5,38.1059,1.5013,2.3201,0.27258,5,WTR
6472.0,40.7544,1.5197,2.3068,0.2568,5,WTR
6472.5,43.4029,1.5381,2.2934,0.24103,5,WTR
6473.0,44.2456,1.5565,2.2801,0.23993,5,WTR
6473.5,45.0883,1.5756,2.3156,0.23883,5,WTR
6474.0,46.244,1.5947,2.3512,0.23737,5,WTR
6474.5,47.3997,1.6138,2.3868,0.23591,5,WTR
6475.0,48.5554,1.6336,2.3868,0.23444,5,WTR
6475.5,49.7539,1.6533,2.3868,0.22719,5,WTR
6476.0,50.9524,1.6731,2.3868,0.21994,5,WTR
6476.5,52.1509,1.6936,2.3823,0.21269,5,WTR
6477.0,52.1509,1.7141,2.3779,0.22289,5,WTR
6477.5,52.1509,1.7347,2.3734,0.23308,5,WTR
6478.0,52.1509,1.7141,2.369,0.24327,5,WTR
6478.5,52.7662,1.6936,2.3645,0.24698,5,WTR
6479.0,53.3815,1.6731,2.3601,0.25068,5,WTR
6479.5,53.9968,1.6731,2.3734,0.25439,5,WTR
6480.0,54.6228,1.6731,2.3868,0.25439,5,WTR
6480.5,55.2488,1.6731,2.4068,0.25439,5,WTR
6481.0,55.8748,1.6731,2.4268,0.25439,5,WTR
6481.5,54.9358,1.6731,2.4468,0.2455,0,Non-SST
6482.0,53.9968,1.6533,2.4112,0.23668,5,WTR
6482.5,50.4655,1.6336,2.3756,0.23668,5,WTR
6483.0,46.9342,1.6138,2.3401,0.23668,5,WTR
6483.5,43.4029,1.6336,2.3334,0.23668,5,WTR
6484.0,44.5372,1.6533,2.3268,0.23159,5,WTR
6484.5,45.6715,1.6731,2.3201,0.22649,5,WTR
6485.0,46.8058,1.7149,2.329,0.22139,5,WTR
6485.5,47.9829,1.7567,2.3379,0.23018,5,WTR
6486.0,49.16,1.7985,2.3468,0.23896,5,WTR
6486.5,50.3371,1.7772,2.349,0.24774,5,WTR
6487.0,49.7432,1.7559,2.3512,0.2448,5,WTR
6487.5,49.1493,1.7347,2.3534,0.24185,5,WTR
6488.0,48.5554,1.7347,2.3834,0.23891,5,WTR
6488.5,47.9722,1.7347,2.4134,0.2338,5,WTR
6489.0,47.389,1.7141,2.3845,0.2287,5,WTR
6489.5,46.8058,1.6936,2.3556,0.22359,5,WTR
6490.0,47.6806,1.6731,2.3268,0.22795,5,WTR
6490.5,48.5554,1.6343,2.3312,0.23233,5,WTR
6491.0,46.8379,1.5954,2.3356,0.24194,5,WTR
6491.5,45.1204,1.5565,2.3401,0.25156,5,WTR
6492.0,43.4029,1.5381,2.3601,0.26117,5,WTR
6492.5,45.7143,1.5197,2.3801,0.25449,5,WTR
6493.0,48.0257,1.5013,2.4001,0.24782,5,WTR
6493.5,50.3371,1.4664,2.3934,0.24114,5,WTR
6494.0,54.061,1.4316,2.3868,0.25846,5,WTR
6494.5,57.7849,1.3967,2.3801,0.27578,5,WTR
6495.0,60.7464,1.3642,2.3712,0.2931,0,Non-SST
6495.5,63.7079,1.3318,2.3623,0.2962,0,Non-SST
6496.0,61.7335,1.2994,2.3534,0.2993,0,Non-SST
6496.5,59.7592,1.2763,2.3701,0.3024,0,Non-SST
6497.0,57.7849,1.2533,2.3868,0.31509,0,Non-SST
6497.5,61.7657,1.1719,2.3979,0.32778,0,Non-SST
6498.0,65.7464,1.0905,2.409,0.34048,0,Non-SST
6498.5,65.7464,1.0091,2.4201,0.34619,0,Non-SST
6499.0,65.7464,1.0343,2.4112,0.3519,0,Non-SST
6499.5,65.7464,1.0595,2.4023,0.35761,0,Non-SST
6500.0,65.7464,1.0847,2.3934,0.35926,0,Non-SST
6500.5,65.7464,1.0595,2.3756,0.36091,0,Non-SST
6501.0,65.7464,1.0343,2.3579,0.36256,0,Non-SST
6501.5,68.9085,1.0091,2.3401,0.37755,0,Non-SST
6502.0,72.0706,0.9912,2.3356,0.39278,0,Non-SST
6502.5,72.0546,0.9733,2.3312,0.4023,0,Non-SST
6503.0,69.9197,0.9733,2.3268,0.41182,0,Non-SST
6503.5,70.6314,0.9733,2.3379,0.42133,0,Non-SST
6504.0,71.343,0.956,2.349,0.41097,0,Non-SST
6504.5,72.0546,0.9388,2.3601,0.40061,0,Non-SST
6505.0,73.5099,0.9276,2.3468,0.39025,0,Non-SST
6505.5,74.9652,0.9165,2.3334,0.39886,0,Non-SST
6506.0,76.4205,0.9054,2.3245,0.40748,0,Non-SST
6506.5,74.9652,0.9054,2.3156,0.4161,0,Non-SST
6507.0,73.5099,0.9054,2.3068,0.43313,0,Non-SST
6507.5,72.0546,0.9054,2.3268,0.45016,0,Non-SST
6508.0,71.343,0.9054,2.3468,0.46718,0,Non-SST
6508.5,70.6314,0.9054,2.3668,0.4841,0,Non-SST
6509.0,69.9197,0.9054,2.3868,0.50101,0,Non-SST
6509.5,67.8491,0.9054,2.4068,0.51793,0,Non-SST
6510.0,65.7785,0.9785,2.4268,0.49709,0,Non-SST
6510.5,63.7079,1.0515,2.409,0.46536,0,Non-SST
6511.0,63.0391,1.1245,2.3912,0.42843,0,Non-SST
6511.5,62.3703,1.1113,2.3734,0.39284,0,Non-SST
6512.0,61.7014,1.098,2.3645,0.41763,0,Non-SST
6512.5,61.7014,1.0847,2.3556,0.44242,0,Non-SST
6513.0,61.7014,1.0847,2.3468,0.46722,0,Non-SST
6513.5,61.7014,1.0847,2.3475,0.44414,0,Non-SST
6514.0,61.7014,1.0847,2.3482,0.42106,0,Non-SST
6514.5,61.7014,1.0475,2.349,0.39798,0,Non-SST
6515.0,63.74,1.0104,2.3345,0.40404,0,Non-SST
6515.5,65.7785,0.9733,2.3201,0.4101,0,Non-SST
6516.0,67.817,0.9852,2.3468,0.41616,0,Non-SST
6516.5,67.1268,0.9971,2.3734,0.43689,0,Non-SST
6517.0,66.4366,1.0091,2.3423,0.45762,0,Non-SST
6517.5,65.7464,0.9435,2.3112,0.47835,0,Non-SST
6518.0,67.8331,0.878,2.2801,0.46918,0,Non-SST
6518.5,69.9197,0.8125,2.2951,0.46001,0,Non-SST
6519.0,66.5222,0.8929,2.3101,0.45083,0,Non-SST
6519.5,63.1247,0.9733,2.3251,0.45816,0,Non-SST
6520.0,59.7271,1.2066,2.3401,0.46548,0,Non-SST
6520.5,53.7346,1.4398,2.3468,0.4728,0,Non-SST
6521.0,47.7421,1.6731,2.3534,0.42552,0,Non-SST
6521.5,41.7496,1.5041,2.3379,0.37824,5,WTR
6522.0,48.4002,1.335,2.3223,0.33096,5,WTR
6522.5,55.0508,1.1659,2.3068,0.35504,0,Non-SST
6523.0,61.7014,1.195,2.3223,0.37912,0,Non-SST
6523.5,59.7432,1.2241,2.3379,0.4032,0,Non-SST
6524.0,57.7849,1.2533,2.3534,0.4137,0,Non-SST
6524.5,55.9069,1.2686,2.3601,0.42421,0,Non-SST
6525.0,54.0289,1.284,2.3668,0.43472,0,Non-SST
6525.5,52.1509,1.2994,2.3734,0.40839,0,Non-SST
6526.0,49.7967,1.517,2.3823,0.38275,0,Non-SST
6526.5,47.4425,1.7347,2.3912,0.35062,0,Non-SST
6527.0,45.0883,1.901,2.4001,0.31849,0,Non-SST
6527.5,42.9053,2.0673,2.4845,0.28635,0,Non-SST
6528.0,40.7223,2.2337,2.569,0.25545,0,Non-SST
6528.5,38.5393,2.4139,2.6534,0.22455,0,Non-SST
6529.0,40.1605,2.594,2.5757,0.19365,0,Non-SST
6529.5,41.7817,2.7742,2.4979,0.20515,0,Non-SST
6530.0,43.4029,2.725,2.4201,0.21665,5,WTR
6530.5,41.7817,2.6758,2.5001,0.22816,0,Non-SST
6531.0,40.1605,2.8144,2.5801,0.22453,0,Non-SST
6531.5,38.5393,2.9531,2.6601,0.22091,0,Non-SST
6532.0,33.427,3.0917,2.5901,0.21729,0,Non-SST
6532.5,28.3146,2.8331,2.5201,0.21874,0,Non-SST
6533.0,32.504,2.5745,2.4734,0.22019,0,Non-SST
6533.5,33.9807,2.3158,2.4268,0.22164,5,WTR
6534.0,35.4575,2.1434,2.3801,0.25492,5,WTR
6534.5,48.5554,1.9709,2.3601,0.28819,5,WTR
6535.0,46.8058,1.7985,2.3401,0.32147,0,Non-SST
6535.5,44.2777,1.7369,2.3201,0.35044,0,Non-SST
6536.0,41.7496,1.6753,2.3334,0.38028,5,WTR
6536.5,44.2777,1.6138,2.3468,0.38155,5,WTR
6537.0,46.8058,1.4507,2.3601,0.38282,5,WTR
6537.5,53.1193,1.2876,2.3601,0.3803,0,Non-SST
6538.0,59.4328,1.1245,2.3601,0.37778,0,Non-SST
6538.5,65.7464,1.0984,2.3601,0.37526,0,Non-SST
6539.0,65.7464,1.0723,2.3968,0.36776,0,Non-SST
6539.5,65.7464,1.0462,2.4334,0.36031,0,Non-SST
6540.0,65.7464,1.0091,2.4134,0.38283,0,Non-SST
6540.5,67.1375,0.9733,2.3934,0.40589,0,Non-SST
6541.0,68.5286,0.9733,2.3734,0.41553,0,Non-SST
6541.5,69.9197,0.9733,2.4034,0.42518,0,Non-SST
6542.0,68.5286,1.0091,2.4334,0.43483,0,Non-SST
6542.5,67.1375,1.0469,2.4068,0.44153,0,Non-SST
6543.0,65.7464,1.0847,2.3801,0.44828,0,Non-SST
6543.5,64.3981,1.1253,2.3556,0.43484,0,Non-SST
6544.0,63.0498,1.1659,2.3312,0.42158,0,Non-SST
6544.5,61.7014,1.1659,2.3068,0.39688,0,Non-SST
6545.0,62.7047,1.1659,2.3434,0.37279,0,Non-SST
6545.5,63.7079,1.126,2.3801,0.38297,0,Non-SST
6546.0,65.0776,1.0861,2.3801,0.39315,0,Non-SST
6546.5,66.4473,1.0462,2.3801,0.40334,0,Non-SST
6547.0,67.817,0.9886,2.3768,0.4362,0,Non-SST
6547.5,74.366,0.9309,2.3734,0.4702,0,Non-SST
6548.0,80.9149,0.8733,2.3712,0.47576,0,Non-SST
6548.5,79.2416,0.853,2.369,0.48135,0,Non-SST
6549.0,77.5682,0.8328,2.3668,0.49125,0,Non-SST
6549.5,75.8949,0.8125,2.3534,0.50116,0,Non-SST
6550.0,74.2215,0.8029,2.3401,0.51107,0,Non-SST
6550.5,77.5682,0.7933,2.3434,0.51721,0,Non-SST
6551.0,80.9149,0.7836,2.3468,0.52342,0,Non-SST
6551.5,80.1605,0.7836,2.3268,0.53239,0,Non-SST
6552.0,79.4061,0.7836,2.3068,0.54151,0,Non-SST
6552.5,78.6517,0.7654,2.2957,0.51458,0,Non-SST
6553.0,78.6517,0.7472,2.2845,0.48138,0,Non-SST
6553.5,78.6517,0.729,2.2734,0.49599,0,Non-SST
6554.0,75.4254,0.7472,2.3334,0.5106,0,Non-SST
6554.5,72.199,0.7654,2.3934,0.52522,0,Non-SST
6555.0,68.9727,0.7836,2.4801,0.50935,0,Non-SST
6555.5,65.7464,0.9541,2.5668,0.48983,0,Non-SST
6556.0,58.9486,1.1245,2.4868,0.42827,0,Non-SST
6556.5,52.1509,1.0861,2.4068,0.37036,0,Non-SST
6557.0,53.3922,1.0476,2.3268,0.37663,5,WTR
6557.5,54.6335,1.0091,2.3634,0.38294,0,Non-SST
6558.0,55.8748,1.0343,2.4001,0.40295,0,Non-SST
6558.5,56.5115,1.0595,2.3901,0.42297,0,Non-SST
6559.0,57.1482,1.0847,2.3801,0.44298,0,Non-SST
6559.5,57.7849,1.0718,2.4034,0.44433,0,Non-SST
6560.0,57.7849,1.059,2.4268,0.44568,0,Non-SST
6560.5,57.7849,1.0462,2.409,0.41382,0,Non-SST
6561.0,57.7849,1.0097,2.3912,0.38296,0,Non-SST
6561.5,59.7592,0.9733,2.3734,0.41252,0,Non-SST
6562.0,61.7335,1.0518,2.3834,0.443,0,Non-SST
6562.5,63.7079,1.1303,2.3934,0.40976,0,Non-SST
6563.0,61.0968,1.2088,2.3968,0.37652,0,Non-SST
6563.5,58.4858,1.239,2.4001,0.34328,0,Non-SST
6564.0,55.8748,1.2692,2.4701,0.35183,0,Non-SST
6564.5,52.2151,1.2994,2.5401,0.36046,0,Non-SST
6565.0,48.5554,1.3153,2.4845,0.33482,0,Non-SST
6565.5,51.6319,1.3312,2.429,0.30982,0,Non-SST
6566.0,54.7084,1.3471,2.3734,0.31615,0,Non-SST
6566.5,57.7849,1.3808,2.4034,0.32249,0,Non-SST
6567.0,55.3023,1.4144,2.4334,0.32882,0,Non-SST
6567.5,52.8197,1.4481,2.4734,0.32523,0,Non-SST
6568.0,50.3371,1.4309,2.5134,0.32166,0,Non-SST
6568.5,54.794,1.4138,2.5112,0.32047,0,Non-SST
6569.0,59.2509,1.3967,2.509,0.31929,0,Non-SST
6569.5,63.7079,1.9617,2.5068,0.31574,0,Non-SST
6570.0,51.466,2.5267,2.5834,0.3122,0,Non-SST
6570.5,39.2242,3.0917,2.6601,0.25799,0,Non-SST
6571.0,26.9823,3.2075,2.5634,0.20377,0,Non-SST
6571.5,34.1734,3.3233,2.4668,0.14956,0,Non-SST
6572.0,41.3644,2.815,2.4434,0.16739,0,Non-SST
6572.5,48.5554,2.3067,2.4201,0.18535,5,WTR
6573.0,52.2151,1.7985,2.4668,0.22401,0,Non-SST
6573.5,55.8748,2.0287,2.5134,0.26385,0,Non-SST
6574.0,50.0963,2.259,2.5601,0.26536,0,Non-SST
6574.5,44.3178,2.4893,2.5001,0.26686,0,Non-SST
6575.0,38.5393,2.6183,2.4401,0.26837,0,Non-SST
6575.5,36.5275,2.7473,2.4668,0.26386,0,Non-SST
6576.0,34.5158,2.8762,2.4934,0.25937,0,Non-SST
6576.5,32.504,3.1082,2.5301,0.24267,0,Non-SST
6577.0,32.9909,3.3402,2.5668,0.22621,0,Non-SST
6577.5,33.4778,3.5722,2.5645,0.21643,0,Non-SST
6578.0,33.9647,3.4893,2.5623,0.20673,0,Non-SST
6578.5,34.4623,3.4063,2.5601,0.20888,0,Non-SST
6579.0,34.9599,3.3233,2.5368,0.21104,0,Non-SST
6579.5,35.4575,2.9063,2.5134,0.2132,0,Non-SST
6580.0,39.2402,2.4893,2.4401,0.23498,0,Non-SST
6580.5,43.023,2.3522,2.3668,0.25715,5,WTR
6581.0,46.8058,2.2151,2.4101,0.2878,0,Non-SST
6581.5,45.1043,2.078,2.4534,0.31936,0,Non-SST
6582.0,43.4029,2.4538,2.4668,0.31109,0,Non-SST
6582.5,41.2627,2.8296,2.4801,0.30288,0,Non-SST
6583.0,39.1225,3.2054,2.4934,0.27372,0,Non-SST
6583.5,36.9823,3.0957,2.4868,0.24455,0,Non-SST
6584.0,37.5013,2.9859,2.4801,0.21538,0,Non-SST
6584.5,38.0203,2.8762,2.4734,0.21755,0,Non-SST
6585.0,38.5393,2.8762,2.4668,0.21972,5,WTR
6585.5,41.2948,2.8762,2.4579,0.23172,0,Non-SST
6586.0,44.0503,2.8762,2.449,0.24383,0,Non-SST
6586.5,46.8058,2.9859,2.4401,0.23941,0,Non-SST
6587.0,44.0503,3.0957,2.4968,0.23501,0,Non-SST
6587.5,41.2948,3.2054,2.5534,0.22346,0,Non-SST
6588.0,38.5393,4.0749,2.5601,0.2119,0,Non-SST
6588.5,36.0514,4.9444,2.5668,0.20034,0,Non-SST
6589.0,33.5634,5.6614,2.629,0.18437,0,Non-SST
6589.5,31.0754,6.3784,2.6912,0.16852,0,Non-SST
6590.0,25.3692,7.0955,2.7534,0.1465,0,Non-SST
6590.5,19.6629,5.9648,2.7101,0.12455,0,Non-SST
6591.0,26.4486,4.8342,2.6668,0.13921,0,Non-SST
6591.5,33.2343,3.7036,2.5368,0.15387,0,Non-SST
6592.0,40.0201,3.007,2.4068,0.16854,0,Non-SST
6592.5,46.8058,2.3104,2.4101,0.21326,5,WTR
6593.0,58.3628,1.6138,2.4134,0.25946,5,WTR
6593.5,69.9197,1.5585,2.4268,0.27528,0,Non-SST
6594.0,66.5222,1.5033,2.4401,0.29133,0,Non-SST
6594.5,63.1247,1.4481,2.4534,0.2948,0,Non-SST
6595.0,59.7271,1.4842,2.4568,0.29829,0,Non-SST
6595.5,59.4088,1.5204,2.4601,0.29444,0,Non-SST
6596.0,59.0904,1.5565,2.4768,0.29058,0,Non-SST
6596.5,59.7271,1.6159,2.4934,0.28673,0,Non-SST
6597.0,58.756,1.6753,2.4668,0.28214,0,Non-SST
6597.5,57.7849,1.7347,2.4401,0.27758,0,Non-SST
6598.0,58.4323,1.6944,2.4534,0.24944,0,Non-SST
6598.5,59.0797,1.6541,2.4668,0.22196,0,Non-SST
6599.0,59.7271,1.6138,2.4801,0.23075,0,Non-SST
6599.5,59.0797,1.7061,2.4334,0.23954,0,Non-SST
6600.0,58.4323,1.7985,2.3868,0.24834,5,WTR
6600.5,57.7849,1.7985,2.4001,0.24612,5,WTR
6601.0,55.9069,1.7985,2.4134,0.24391,5,WTR
6601.5,54.0289,1.7985,2.3834,0.2417,5,WTR
6602.0,52.1509,1.7274,2.3534,0.23949,5,WTR
6602.5,50.9524,1.6563,2.3423,0.22852,5,WTR
6603.0,49.7539,1.5852,2.3312,0.21764,5,WTR
6603.5,48.5554,1.5432,2.3201,0.22707,5,WTR
6604.0,49.1493,1.5013,2.3368,0.23657,5,WTR
6604.5,49.7432,1.4499,2.3534,0.24688,5,WTR
6605.0,50.3371,1.3985,2.3801,0.25728,5,WTR
6605.5,60.1284,1.3471,2.4068,0.28219,0,Non-SST
6606.0,69.9197,1.2867,2.3934,0.3077,0,Non-SST
6606.5,69.9197,1.2263,2.3801,0.31005,0,Non-SST
6607.0,69.9197,1.1659,2.3856,0.31241,0,Non-SST
6607.5,69.9197,1.1521,2.3912,0.31477,0,Non-SST
6608.0,68.5286,1.1383,2.4223,0.35209,0,Non-SST
6608.5,67.1375,1.1245,2.4534,0.39087,0,Non-SST
6609.0,65.7464,1.1245,2.4557,0.37348,0,Non-SST
6609.5,67.8491,1.1245,2.4579,0.35609,0,Non-SST
6610.0,69.9519,1.1245,2.4601,0.3387,0,Non-SST
6610.5,72.0546,1.1113,2.4401,0.36073,0,Non-SST
6611.0,70.6421,1.098,2.4201,0.38326,0,Non-SST
6611.5,69.2295,1.0847,2.4245,0.37319,0,Non-SST
6612.0,67.817,1.169,2.429,0.36322,0,Non-SST
6612.5,69.9518,1.2533,2.4334,0.35264,0,Non-SST
6613.0,72.0867,1.1842,2.4368,0.34206,0,Non-SST
6613.5,74.2215,1.1152,2.4401,0.33149,0,Non-SST
6614.0,72.7876,1.0462,2.4501,0.34601,0,Non-SST
6614.5,71.3537,1.0104,2.4601,0.36075,0,Non-SST
6615.0,69.9197,0.9746,2.4579,0.38076,0,Non-SST
6615.5,72.8304,0.9388,2.4557,0.40118,0,Non-SST
6616.0,75.741,0.9622,2.4534,0.40638,0,Non-SST
6616.5,78.6517,0.9856,2.4701,0.41158,0,Non-SST
6617.0,77.908,1.0091,2.4868,0.41679,0,Non-SST
6617.5,77.1643,1.0343,2.4768,0.40896,0,Non-SST
6618.0,76.4205,1.0595,2.4668,0.40119,0,Non-SST
6618.5,75.6875,1.0847,2.4234,0.38712,0,Non-SST
6619.0,74.9545,1.0039,2.3801,0.37323,0,Non-SST
6619.5,74.2215,0.9231,2.3956,0.39572,0,Non-SST
6620.0,75.321,0.8424,2.4112,0.4182,0,Non-SST
6620.5,76.4205,0.8527,2.4268,0.44068,0,Non-SST
6621.0,76.4205,0.863,2.4434,0.45557,0,Non-SST
6621.5,76.4205,0.8733,2.4601,0.47069,0,Non-SST
6622.0,76.4205,0.8733,2.4223,0.46242,0,Non-SST
6622.5,74.2376,0.8733,2.3845,0.45422,0,Non-SST
6623.0,72.0546,0.8733,2.3468,0.43656,0,Non-SST
6623.5,72.0546,0.9709,2.4034,0.41889,0,Non-SST
6624.0,72.0546,1.0684,2.4601,0.40123,0,Non-SST
6624.5,65.8908,1.1659,2.4701,0.38715,0,Non-SST
6625.0,59.7271,1.335,2.4801,0.37327,0,Non-SST
6625.5,54.2857,1.5041,2.4334,0.32437,0,Non-SST
6626.0,48.8443,1.6731,2.3868,0.27773,5,WTR
6626.5,43.4029,1.5349,2.3912,0.26526,5,WTR
6627.0,52.5522,1.3967,2.3956,0.25293,5,WTR
6627.5,61.7014,1.3198,2.4001,0.28562,0,Non-SST
6628.0,65.8106,1.2428,2.3801,0.3183,0,Non-SST
6628.5,69.9197,1.1659,2.3601,0.35099,0,Non-SST
6629.0,61.9583,1.3899,2.3501,0.33038,0,Non-SST
6629.5,53.9968,1.6138,2.3401,0.31018,5,WTR
6630.0,57.9133,1.5575,2.2734,0.30013,5,WTR
6630.5,61.8298,1.5013,2.2067,0.29009,5,WTR
6631.0,65.7464,1.4499,2.1401,0.28004,5,WTR
6631.5,76.8218,1.3985,2.2701,0.31917,0,Non-SST
6632.0,87.8973,1.3471,2.4001,0.3583,0,Non-SST
6632.5,87.8973,1.278,2.3701,0.39742,0,Non-SST
6633.0,87.8973,1.2088,2.3401,0.39743,0,Non-SST
6633.5,86.3349,1.1667,2.3601,0.38975,0,Non-SST
6634.0,84.7726,1.1245,2.3801,0.41952,0,Non-SST
6634.5,83.2103,1.0861,2.4001,0.39103,0,Non-SST
6635.0,82.0626,1.0476,2.0034,0.36336,0,Non-SST
6635.5,80.9149,1.0091,2.0084,0.35762,0,Non-SST
6636.0,78.6677,0.9573,2.0134,0.35188,0,Non-SST
6636.5,76.4205,0.9054,2.4201,0.34615,0,Non-SST
6637.0,73.5527,0.9758,2.3868,0.37334,0,Non-SST
6637.5,70.6849,1.0462,2.3534,0.40132,0,Non-SST
6638.0,67.817,1.0854,2.349,0.36835,0,Non-SST
6638.5,67.817,1.1245,2.3445,0.33645,0,Non-SST
6639.0,67.817,1.0984,2.3401,0.36835,0,Non-SST
6639.5,68.8684,1.0723,2.3001,0.40133,0,Non-SST
6640.0,69.9197,1.0462,2.2601,0.42082,0,Non-SST
6640.5,67.8331,1.3597,2.3234,0.44031,0,Non-SST
6641.0,65.7464,1.6731,2.3868,0.4598,0,Non-SST
6641.5,64.3981,1.6731,2.3934,0.43013,0,Non-SST
6642.0,63.0498,1.6731,2.4001,0.40134,0,Non-SST
6642.5,61.7014,1.5872,2.3845,0.33406,0,Non-SST
6643.0,63.7239,1.5013,2.369,0.271,0,Non-SST
6643.5,65.7464,1.4038,2.3534,0.29688,0,Non-SST
6644.0,67.8331,1.3063,2.3768,0.32276,0,Non-SST
6644.5,69.9197,1.2088,2.4001,0.34863,0,Non-SST
6645.0,67.8331,1.278,2.3834,0.32568,0,Non-SST
6645.5,65.7464,1.3471,2.3668,0.30323,0,Non-SST
6646.0,63.74,1.3002,2.3601,0.29277,0,Non-SST
6646.5,61.7336,1.2533,2.3534,0.28242,0,Non-SST
6647.0,59.7271,1.1497,2.2979,0.28127,5,WTR
6647.5,51.565,1.0462,2.2423,0.28013,5,WTR
6648.0,43.4029,0.9993,2.1867,0.28014,5,WTR
6648.5,33.2905,0.9524,2.1467,0.28014,5,WTR
6649.0,23.1782,0.9054,2.1068,0.28014,5,WTR
6649.5,25.0803,0.9394,2.1168,0.28702,5,WTR
6650.0,26.9823,0.9733,2.1267,0.29395,5,WTR
6650.5,26.1263,0.9394,2.1401,0.2986,5,WTR
6651.0,25.2702,0.9054,2.1534,0.30327,5,WTR
6651.5,24.4141,1.0527,2.1667,0.28474,5,WTR
6652.0,35.61,1.1999,2.2868,0.26653,5,WTR
6652.5,46.8058,1.3471,2.4068,0.246,5,WTR
6653.0,41.1316,1.5409,2.4068,0.22547,5,WTR
6653.5,35.4575,1.7347,2.4068,0.20495,5,WTR
6654.0,42.0064,1.6456,2.4034,0.20388,5,WTR
6654.5,48.5554,1.5565,2.4001,0.20281,5,WTR
6655.0,54.2857,1.4518,2.4156,0.23207,5,WTR
6655.5,60.016,1.3471,2.4312,0.26204,0,Non-SST
6656.0,65.7464,1.3158,2.4468,0.29979,0,Non-SST
6656.5,66.7817,1.2845,2.4101,0.33897,0,Non-SST
6657.0,67.817,1.2533,2.3734,0.32321,0,Non-SST
6657.5,68.8684,1.169,2.3801,0.30745,0,Non-SST
6658.0,69.9197,1.0847,2.3868,0.29168,0,Non-SST
6658.5,71.3537,1.0469,2.4034,0.31861,0,Non-SST
6659.0,72.7876,1.0091,2.4201,0.34628,0,Non-SST
6659.5,74.2215,1.0091,2.4112,0.35117,0,Non-SST
6660.0,74.2215,1.0091,2.4023,0.35609,0,Non-SST
6660.5,74.2215,1.0091,2.3934,0.35939,0,Non-SST
6661.0,74.2215,1.0091,2.3834,0.36269,0,Non-SST
6661.5,74.2215,1.0091,2.3734,0.366,0,Non-SST
6662.0,68.9647,1.0875,2.4201,0.38484,0,Non-SST
6662.5,63.7079,1.1659,2.4668,0.40405,0,Non-SST
6663.0,65.0776,1.1659,2.4379,0.37475,0,Non-SST
6663.5,66.4473,1.1659,2.409,0.3463,0,Non-SST
6664.0,67.817,1.0902,2.3801,0.34875,0,Non-SST
6664.5,69.9358,1.0145,2.3868,0.3512,0,Non-SST
6665.0,72.0546,0.9388,2.3934,0.37492,0,Non-SST
6665.5,69.9358,0.9388,2.3768,0.39863,0,Non-SST
6666.0,67.817,0.9388,2.3601,0.42235,0,Non-SST
6666.5,69.9518,0.9388,2.3601,0.44502,0,Non-SST
6667.0,72.0867,0.9388,2.3601,0.46822,0,Non-SST
6667.5,74.2215,1.2476,2.3823,0.46547,0,Non-SST
6668.0,66.0032,1.5565,2.4045,0.46272,0,Non-SST
6668.5,57.7849,1.374,2.4268,0.42719,0,Non-SST
6669.0,66.0032,1.1916,2.4368,0.39167,0,Non-SST
6669.5,74.2215,1.0091,2.4468,0.35614,0,Non-SST
6670.0,72.0706,1.0668,2.4368,0.36979,0,Non-SST
6670.5,69.9197,1.1245,2.4268,0.38363,0,Non-SST
6671.0,74.3499,1.3988,2.3734,0.35369,0,Non-SST
6671.5,78.7801,1.6731,2.3201,0.32464,0,Non-SST
6672.0,83.2103,1.4195,2.2979,0.37732,0,Non-SST
6672.5,99.5907,1.1659,2.2757,0.43299,0,Non-SST
6673.0,115.9711,1.126,2.2534,0.46934,0,Non-SST
6673.5,114.6148,1.0861,2.2734,0.50569,0,Non-SST
6674.0,113.2584,1.0462,2.2934,0.54203,0,Non-SST
6674.5,102.9855,1.2737,2.2834,0.47659,0,Non-SST
6675.0,92.7127,1.5013,2.2734,0.39128,0,Non-SST
6675.5,91.9047,1.5575,2.3101,0.35741,0,Non-SST
6676.0,91.0968,1.6138,2.3468,0.32466,0,Non-SST
6676.5,90.2889,1.5947,2.3268,0.36112,0,Non-SST
6677.0,87.9133,1.5756,2.3068,0.39898,0,Non-SST
6677.5,85.5377,1.5565,2.2868,0.36403,0,Non-SST
6678.0,69.7673,1.6775,2.3134,0.32907,0,Non-SST
6678.5,53.9968,1.7985,2.3401,0.29411,5,WTR
6679.0,48.6998,1.7358,2.3034,0.25992,5,WTR
6679.5,43.4029,1.6731,2.2668,0.22673,5,WTR
6680.0,45.7143,1.5349,2.2979,0.241,5,WTR
6680.5,48.0257,1.3967,2.329,0.25545,5,WTR
6681.0,50.3371,1.3489,2.3601,0.25769,5,WTR
6681.5,51.244,1.3011,2.3668,0.25993,5,WTR
6682.0,52.1509,1.2533,2.3734,0.27444,5,WTR
6682.5,56.9262,1.4049,2.3901,0.28894,5,WTR
6683.0,61.7014,1.5565,2.4068,0.30345,0,Non-SST
6683.5,59.1332,1.6456,2.4101,0.28952,0,Non-SST
6684.0,56.565,1.7347,2.4134,0.27577,0,Non-SST
6684.5,53.9968,1.7347,2.4156,0.26332,5,WTR
6685.0,52.1669,1.7347,2.4179,0.25101,5,WTR
6685.5,50.3371,1.7347,2.4201,0.24658,5,WTR
6686.0,53.1059,1.7039,2.4334,0.24215,5,WTR
6686.5,55.8748,1.6731,2.4468,0.23773,5,WTR
6687.0,58.7881,1.5872,2.4401,0.25213,0,Non-SST
6687.5,61.7014,1.5013,2.4334,0.26672,0,Non-SST
6688.0,61.0433,1.449,2.4112,0.27693,0,Non-SST
6688.5,60.3852,1.3967,2.389,0.28724,0,Non-SST
6689.0,59.7271,1.2675,2.3668,0.29998,0,Non-SST
6689.5,67.8331,1.1383,2.3834,0.31288,0,Non-SST
6690.0,72.1937,1.0091,2.4001,0.32899,0,Non-SST
6690.5,76.5543,1.0091,2.3968,0.3451,0,Non-SST
6691.0,80.9149,1.0091,2.3934,0.36121,0,Non-SST
6691.5,77.5682,0.9912,2.3868,0.3787,0,Non-SST
6692.0,74.2215,0.9733,2.3801,0.39651,0,Non-SST
6692.5,74.2215,1.029,2.3712,0.39395,0,Non-SST
6693.0,74.2215,1.0847,2.3623,0.39139,0,Non-SST
6693.5,74.2215,1.0595,2.3534,0.45604,0,Non-SST
6694.0,76.4366,1.0343,2.4034,0.51516,0,Non-SST
6694.5,78.6517,1.0091,2.4534,0.47221,0,Non-SST
6695.0,72.199,1.3719,2.5101,0.42927,0,Non-SST
6695.5,65.7464,1.7347,2.5668,0.38632,0,Non-SST
6696.0,58.9486,1.7506,2.4834,0.30352,0,Non-SST
6696.5,52.1509,1.7666,2.4001,0.24385,5,WTR
6697.0,56.6827,1.6073,2.409,0.24552,5,WTR
6697.5,61.2146,1.4481,2.4179,0.25498,0,Non-SST
6698.0,65.7464,1.6233,2.4268,0.27813,0,Non-SST
6698.5,59.8716,1.7985,2.4368,0.30822,0,Non-SST
6699.0,53.9968,1.8315,2.4468,0.28401,5,WTR
6699.5,54.9358,1.8646,2.4468,0.2598,5,WTR
6700.0,55.8748,1.8008,2.4468,0.2356,5,WTR
6700.5,57.1589,1.737,2.4434,0.2367,5,WTR
6701.0,58.443,1.6731,2.4401,0.2378,0,Non-SST
6701.5,59.7271,1.5349,2.4368,0.25892,0,Non-SST
6702.0,63.7721,1.3967,2.4334,0.28158,0,Non-SST
6702.5,67.817,1.5306,2.4112,0.28158,0,Non-SST
6703.0,55.61,1.6645,2.389,0.25668,5,WTR
6703.5,43.4029,1.7985,2.3668,0.23123,5,WTR
6704.0,42.3114,1.8315,2.3668,0.22615,5,WTR
6704.5,41.2199,1.8646,2.3668,0.22107,5,WTR
6705.0,40.1284,1.8646,2.3801,0.21599,5,WTR
6705.5,42.6083,1.8646,2.3768,0.22141,5,WTR
6706.0,45.0883,1.8646,2.3768,0.22686,5,WTR
6706.5,41.8138,1.8646,2.4001,0.22469,5,WTR
6707.0,38.5393,1.8646,2.4234,0.22251,5,WTR
6707.5,43.6918,1.7392,2.4468,0.23564,5,WTR
6708.0,48.8443,1.6138,2.4701,0.2489,0,Non-SST
6708.5,53.9968,1.4805,2.4934,0.27184,0,Non-SST
6709.0,59.8716,1.3471,2.4701,0.29478,0,Non-SST
6709.5,65.7464,1.3312,2.4468,0.31772,0,Non-SST
6710.0,65.7464,1.3153,2.4168,0.31654,0,Non-SST
6710.5,65.7464,1.2994,2.3868,0.31536,0,Non-SST
6711.0,70.0481,1.1728,2.3845,0.3478,0,Non-SST
6711.5,74.3499,1.0462,2.3823,0.38135,0,Non-SST
6712.0,78.6517,1.1061,2.3801,0.35271,0,Non-SST
6712.5,75.3531,1.1659,2.3801,0.32487,0,Non-SST
6713.0,72.0546,1.335,2.3801,0.30105,0,Non-SST
6713.5,59.4302,1.5041,2.3868,0.27722,5,WTR
6714.0,46.8058,1.6731,2.3934,0.25339,5,WTR
6714.5,49.2028,1.7689,2.3968,0.24672,5,WTR
6715.0,51.5998,1.8646,2.4001,0.24008,5,WTR
6715.5,53.9968,1.8315,2.409,0.2434,5,WTR
6716.0,53.9968,1.7985,2.4179,0.24672,5,WTR
6716.5,53.9968,1.7666,2.4268,0.24599,5,WTR
6717.0,49.4685,1.7347,2.4034,0.24525,5,WTR
6717.5,44.9403,1.7559,2.3801,0.24452,5,WTR
6718.0,40.1989,1.7772,2.3501,0.23569,5,WTR
6718.5,35.4575,1.7985,2.3201,0.22693,5,WTR
6719.0,36.9984,1.7666,2.3223,0.2379,5,WTR
6719.5,38.5393,1.7347,2.3245,0.24896,5,WTR
6720.0,38.0203,1.6569,2.3268,0.25677,5,WTR
6720.5,37.5013,1.5791,2.2601,0.26464,5,WTR
6721.0,36.9823,1.5013,2.1934,0.2609,5,WTR
6721.5,36.2199,1.449,2.2768,0.25717,5,WTR
6722.0,35.4575,1.3967,2.3601,0.25343,5,WTR
6722.5,43.8042,1.4224,2.4201,0.27484,5,WTR
6723.0,52.1509,1.4481,2.4801,0.29668,0,Non-SST
6723.5,58.9486,1.3506,2.4557,0.32255,0,Non-SST
6724.0,65.7464,1.2533,2.4312,0.3491,0,Non-SST
6724.5,67.8491,1.2195,2.4068,0.35238,0,Non-SST
6725.0,69.9519,1.1858,2.4301,0.35566,0,Non-SST
6725.5,72.0546,1.1521,2.4534,0.35894,0,Non-SST
6726.0,70.9872,1.1184,2.4401,0.37263,0,Non-SST
6726.5,69.9197,1.0847,2.4268,0.38651,0,Non-SST
6727.0,67.8331,1.0469,2.4268,0.36391,0,Non-SST
6727.5,65.7464,1.0091,2.4268,0.34181,0,Non-SST
6728.0,67.1375,0.9912,2.4201,0.36143,0,Non-SST
6728.5,68.5286,0.9733,2.4134,0.38145,0,Non-SST
6729.0,69.9197,0.9507,2.4068,0.39787,0,Non-SST
6729.5,73.1701,0.9281,2.3801,0.41428,0,Non-SST
6730.0,76.4205,0.9054,2.3534,0.4307,0,Non-SST
6730.5,74.2376,0.9054,2.4101,0.42013,0,Non-SST
6731.0,72.0546,0.9054,2.4668,0.40967,0,Non-SST
6731.5,72.0546,0.9221,2.4312,0.41489,0,Non-SST
6732.0,72.0546,0.9388,2.3956,0.42014,0,Non-SST
6732.5,72.0546,0.9388,2.3601,0.41489,0,Non-SST
6733.0,70.9872,0.9388,2.3868,0.40968,0,Non-SST
6733.5,69.9197,0.9746,2.4134,0.4123,0,Non-SST
6734.0,70.9872,1.0104,2.4168,0.41491,0,Non-SST
6734.5,72.0546,1.0462,2.4201,0.41753,0,Non-SST
6735.0,70.9872,1.3597,2.4368,0.40321,0,Non-SST
6735.5,69.9197,1.6731,2.4534,0.3891,0,Non-SST
6736.0,65.8748,2.2237,2.4579,0.31196,0,Non-SST
6736.5,61.8298,2.7742,2.4623,0.24019,0,Non-SST
6737.0,57.7849,2.3892,2.4668,0.24463,0,Non-SST
6737.5,58.756,2.0043,2.4334,0.24908,5,WTR
6738.0,59.7271,1.8939,2.4001,0.25352,5,WTR
6738.5,57.801,1.7835,2.3634,0.26812,5,WTR
6739.0,55.8748,1.6731,2.3268,0.28293,5,WTR
6739.5,51.3403,1.7039,2.3512,0.28522,5,WTR
6740.0,46.8058,1.7347,2.3756,0.28753,5,WTR
6740.5,50.4655,1.6456,2.4001,0.28523,5,WTR
6741.0,54.1252,1.5565,2.3634,0.28294,5,WTR
6741.5,57.7849,1.4766,2.3268,0.29223,5,WTR
6742.0,57.7849,1.3967,2.3634,0.30153,0,Non-SST
6742.5,57.7849,1.4316,2.4001,0.31082,0,Non-SST
6743.0,57.7849,1.4664,2.4001,0.30847,0,Non-SST
6743.5,57.7849,1.5013,2.4001,0.30613,0,Non-SST
6744.0,57.7849,1.4747,2.3579,0.30145,5,WTR
6744.5,57.7849,1.4481,2.3156,0.2968,5,WTR
6745.0,53.5527,1.5309,2.2734,0.29564,5,WTR
6745.5,49.3205,1.6138,2.2468,0.29449,5,WTR
6746.0,45.0883,1.6138,2.2201,0.29333,5,WTR
6746.5,40.2729,1.6138,2.2701,0.29218,5,WTR
6747.0,35.4575,1.6138,2.3201,0.29103,5,WTR
6747.5,39.4302,1.5575,2.3134,0.28987,5,WTR
6748.0,43.4029,1.5013,2.3068,0.28527,5,WTR
6748.5,49.6388,1.449,2.3045,0.28527,5,WTR
6749.0,55.8748,1.3967,2.3023,0.27726,5,WTR
6749.5,57.817,1.2407,2.3001,0.27841,5,WTR
6750.0,59.7592,1.0847,2.3276,0.30284,0,Non-SST
6750.5,61.7014,1.1409,2.3551,0.32728,0,Non-SST
6751.0,62.7047,1.1971,2.3826,0.35171,0,Non-SST
6751.5,63.7079,1.2533,2.4101,0.37153,0,Non-SST
6752.0,65.7624,1.1497,2.4101,0.38793,0,Non-SST
6752.5,67.817,1.0462,2.4023,0.39517,0,Non-SST
6753.0,67.817,0.9758,2.3945,0.41502,0,Non-SST
6753.5,67.817,0.9054,2.3868,0.43085,0,Non-SST
6754.0,67.817,0.9165,2.3801,0.41275,0,Non-SST
6754.5,66.7817,0.9276,2.3734,0.39466,0,Non-SST
6755.0,65.7464,0.9388,2.3601,0.37657,0,Non-SST
6755.5,55.4173,1.096,2.0434,0.37532,5,WTR
6756.0,45.0883,1.2533,2.3045,0.37406,5,WTR
6756.5,42.6083,1.494,2.2834,0.33956,5,WTR
6757.0,40.1284,1.7347,2.5901,0.3062,0,Non-SST
6757.5,41.2199,1.7666,2.3534,0.28204,5,WTR
6758.0,42.3114,1.7985,2.4101,0.25787,5,WTR
6758.5,43.4029,1.7772,2.4668,0.2337,5,WTR
6759.0,46.87,1.7559,2.4401,0.23371,5,WTR
6759.5,50.3371,1.7347,2.4134,0.23371,5,WTR
6760.0,54.061,1.6456,2.4368,0.25475,5,WTR
6760.5,57.7849,1.5565,2.4601,0.27619,0,Non-SST
6761.0,62.5415,1.4518,2.4623,0.30506,0,Non-SST
6761.5,67.298,1.3471,2.4645,0.33475,0,Non-SST
6762.0,72.0546,1.4518,2.4668,0.34043,0,Non-SST
6762.5,68.9005,1.5565,2.4334,0.34611,0,Non-SST
6763.0,65.7464,1.5033,2.4001,0.35178,0,Non-SST
6763.5,68.9005,1.45,2.4001,0.35547,0,Non-SST
6764.0,72.0546,1.3967,2.4001,0.35917,0,Non-SST
6764.5,73.138,1.4766,2.4368,0.33357,0,Non-SST
6765.0,74.2215,1.5565,2.4734,0.3086,0,Non-SST
6765.5,72.7876,1.5852,2.4268,0.28882,0,Non-SST
6766.0,71.3537,1.6138,2.3801,0.2694,0,Non-SST
6766.5,69.9197,1.6742,2.3334,0.26715,0,Non-SST
6767.0,65.8106,1.7347,2.3401,0.26489,0,Non-SST
6767.5,61.7014,1.6944,2.3468,0.26264,5,WTR
6768.0,63.7239,1.6541,2.4101,0.28079,0,Non-SST
6768.5,65.7464,1.6138,2.4734,0.29926,0,Non-SST
6769.0,66.7817,1.6138,2.4512,0.3051,0,Non-SST
6769.5,67.817,1.6138,2.429,0.31097,0,Non-SST
6770.0,66.4473,1.6435,2.4068,0.30394,0,Non-SST
6770.5,65.0776,1.6731,2.4168,0.29695,0,Non-SST
6771.0,63.7079,1.6731,2.4268,0.29081,0,Non-SST
6771.5,64.7271,1.6731,2.4168,0.28467,0,Non-SST
6772.0,65.7464,1.6731,2.4068,0.27853,0,Non-SST
6772.5,62.7368,1.7039,2.3734,0.28426,0,Non-SST
6773.0,59.7271,1.7347,2.3401,0.29001,5,WTR
6773.5,57.801,1.7347,2.3245,0.29117,5,WTR
6774.0,55.8748,1.7347,2.309,0.29233,5,WTR
6774.5,59.1653,1.7039,2.2934,0.29465,5,WTR
6775.0,62.4558,1.6731,2.3368,0.29698,0,Non-SST
6775.5,65.7464,1.5645,2.3801,0.2993,0,Non-SST
6776.0,73.3307,1.4558,2.3668,0.32405,0,Non-SST
6776.5,80.9149,1.3471,2.3534,0.34941,0,Non-SST
6777.0,85.6019,1.278,2.3045,0.34697,0,Non-SST
6777.5,90.2889,1.2088,2.2556,0.34454,0,Non-SST
6778.0,103.13,1.3027,2.2067,0.42702,0,Non-SST
6778.5,115.9711,1.3967,2.0434,0.51027,0,Non-SST
6779.0,122.6003,1.45,1.8801,0.52162,0,Non-SST
6779.5,129.2295,1.5033,1.9967,0.53298,0,Non-SST
6780.0,135.8587,1.5565,2.1134,0.54433,0,Non-SST
6780.5,128.6758,1.4766,2.2568,0.53791,0,Non-SST
6781.0,121.4928,1.3967,2.4001,0.53156,0,Non-SST
6781.5,94.6549,1.6307,2.3912,0.43903,0,Non-SST
6782.0,67.817,1.8646,2.3823,0.33729,0,Non-SST
6782.5,65.7624,1.8989,2.3734,0.305,0,Non-SST
6783.0,65.7464,1.9332,2.3834,0.27272,0,Non-SST
6783.5,61.7657,2.0333,2.3934,0.24044,5,WTR
6784.0,57.7849,2.1335,2.3801,0.23164,5,WTR
6784.5,55.9069,2.2337,2.3668,0.2229,5,WTR
6785.0,54.0289,1.9534,2.3768,0.23824,5,WTR
6785.5,52.1509,1.6731,2.3868,0.25377,5,WTR
6786.0,58.9486,1.6148,2.3779,0.26951,5,WTR
6786.5,65.7464,1.5565,2.369,0.28548,0,Non-SST
6787.0,72.0706,1.3827,2.3601,0.29559,0,Non-SST
6787.5,78.9513,1.2088,2.3368,0.3057,0,Non-SST
6788.0,85.832,1.2088,2.3134,0.3158,0,Non-SST
6788.5,92.7127,1.2088,2.1934,0.36303,0,Non-SST
6789.0,91.5008,1.2088,2.0734,0.41264,0,Non-SST
6789.5,90.2889,1.3967,2.2167,0.44177,0,Non-SST
6790.0,81.1718,1.5657,2.3601,0.49281,0,Non-SST
6790.5,72.0546,1.7347,2.3356,0.49282,0,Non-SST
6791.0,60.305,1.7559,2.3112,0.39584,5,WTR
6791.5,48.5554,1.7772,2.2868,0.29012,5,WTR
6792.0,53.6062,1.7985,2.3301,0.29243,5,WTR
6792.5,58.657,1.7061,2.3734,0.29475,0,Non-SST
6793.0,63.7079,1.6138,2.3651,0.29591,0,Non-SST
6793.5,70.0642,1.5763,2.3818,0.29708,0,Non-SST
6794.0,76.4205,1.5388,2.3818,0.30254,0,Non-SST
6794.5,80.9791,1.5013,2.2001,0.30801,5,WTR
6795.0,85.5377,1.7985,1.9934,0.31348,0,Non-SST
6795.5,98.0578,1.7061,1.9867,0.4472,0,Non-SST
6796.0,110.5778,1.6138,1.9801,0.56124,0,Non-SST
6796.5,104.6228,1.6742,2.0445,0.58189,0,Non-SST
6797.0,98.6677,1.7347,2.109,0.60253,0,Non-SST
6797.5,92.7127,1.7141,2.1734,0.62318,0,Non-SST
6798.0,90.305,1.6936,2.2601,0.54349,0,Non-SST
6798.5,87.8973,1.6731,2.3468,0.45536,0,Non-SST
6799.0,75.8026,1.7039,2.3534,0.39205,0,Non-SST
6799.5,63.7079,1.7347,2.3601,0.33257,0,Non-SST
6800.0,59.7913,1.7347,2.3823,0.29944,0,Non-SST
6800.5,55.8748,1.7347,2.4045,0.26733,5,WTR
6801.0,55.2488,1.7347,2.4268,0.27036,5,WTR
6801.5,54.6228,1.7347,2.4301,0.27339,5,WTR
6802.0,53.9968,1.6944,2.4334,0.27641,5,WTR
6802.5,58.8523,1.6541,2.4234,0.26395,0,Non-SST
6803.0,63.7079,1.6138,2.4134,0.25163,0,Non-SST
6803.5,62.7047,1.5852,2.4045,0.25612,0,Non-SST
6804.0,61.7014,1.5565,2.3956,0.26061,0,Non-SST
6804.5,61.7014,1.5852,2.3868,0.26509,0,Non-SST
6805.0,61.7014,1.6138,2.4068,0.28329,0,Non-SST
6805.5,63.0498,1.5575,2.4268,0.3018,0,Non-SST
6806.0,64.3981,1.5013,2.3768,0.31855,0,Non-SST
6806.5,65.7464,1.4186,2.3268,0.3353,0,Non-SST
6807.0,71.0835,1.3359,2.349,0.35204,0,Non-SST
6807.5,76.4205,1.2533,2.3712,0.34397,0,Non-SST
6808.0,72.1188,1.3773,2.3934,0.33589,0,Non-SST
6808.5,67.817,1.5013,2.3668,0.32782,0,Non-SST
6809.0,60.8133,1.5575,2.3401,0.30393,0,Non-SST
6809.5,53.8095,1.6138,2.3468,0.28003,5,WTR
6810.0,46.8058,1.5947,2.3534,0.25614,5,WTR
6810.5,48.5714,1.5756,2.3601,0.26291,5,WTR
6811.0,50.3371,1.5565,2.3912,0.26969,5,WTR
6811.5,57.0225,1.4279,2.4223,0.27647,0,Non-SST
6812.0,63.7079,1.2994,2.4534,0.31332,0,Non-SST
6812.5,66.4901,1.192,2.4423,0.35018,0,Non-SST
6813.0,69.2723,1.0847,2.4312,0.38704,0,Non-SST
6813.5,72.0546,1.0847,2.4201,0.39086,0,Non-SST
6814.0,70.9872,1.0847,2.4357,0.3947,0,Non-SST
6814.5,69.9197,1.3226,2.4512,0.34703,0,Non-SST
6815.0,56.6613,1.5605,2.4668,0.29936,0,Non-SST
6815.5,43.4029,1.7985,2.4112,0.2517,5,WTR
6816.0,40.9711,1.7358,2.3556,0.2517,5,WTR
6816.5,38.5393,1.6731,2.3001,0.2517,5,WTR
6817.0,38.5393,1.6148,2.3245,0.25171,5,WTR
6817.5,38.5393,1.5565,2.349,0.2532,5,WTR
6818.0,38.5393,1.4766,2.3734,0.25469,5,WTR
6818.5,49.1332,1.3967,2.3668,0.25618,5,WTR
6819.0,59.7271,1.45,2.3601,0.28491,5,WTR
6819.5,61.7175,1.5033,2.3534,0.31363,0,Non-SST
6820.0,63.7079,1.5565,2.3934,0.34236,0,Non-SST
6820.5,60.7464,1.4766,2.4334,0.33754,0,Non-SST
6821.0,57.7849,1.3967,2.3979,0.33272,0,Non-SST
6821.5,56.5222,1.3967,2.3623,0.3279,0,Non-SST
6822.0,55.2595,1.3967,2.3268,0.316,5,WTR
6822.5,53.9968,1.3198,2.3556,0.30423,5,WTR
6823.0,61.9583,1.2428,2.3845,0.32349,0,Non-SST
6823.5,69.9197,1.1659,2.4134,0.34275,0,Non-SST
6824.0,74.2857,1.1253,2.4112,0.36201,0,Non-SST
6824.5,78.6517,1.0847,2.409,0.36533,0,Non-SST
6825.0,78.6517,1.0847,2.4068,0.36865,0,Non-SST
6825.5,78.6517,1.0847,2.389,0.37198,0,Non-SST
6826.0,79.4061,1.192,2.3712,0.36293,0,Non-SST
6826.5,80.1605,1.2994,2.3534,0.35388,0,Non-SST
6827.0,80.9149,1.4042,2.3268,0.34483,0,Non-SST
6827.5,76.4848,1.509,2.3001,0.33761,0,Non-SST
6828.0,72.0546,1.6138,2.2734,0.33038,5,WTR
6828.5,63.0257,1.7061,2.3201,0.32316,0,Non-SST
6829.0,53.9968,1.7985,2.3668,0.30915,0,Non-SST
6829.5,59.8716,1.6499,2.4023,0.29514,0,Non-SST
6830.0,65.7464,1.5013,2.4379,0.28114,0,Non-SST
6830.5,64.4195,1.5791,2.4734,0.28885,0,Non-SST
6831.0,63.0926,1.6569,2.4379,0.29657,0,Non-SST
6831.5,61.7657,1.7347,2.4023,0.30428,0,Non-SST
6832.0,60.4387,1.7666,2.3668,0.30118,0,Non-SST
6832.5,59.1118,1.7985,2.3956,0.29808,0,Non-SST
6833.0,57.7849,1.8658,2.4245,0.29498,0,Non-SST
6833.5,57.7849,1.9332,2.4534,0.26751,0,Non-SST
6834.0,57.7849,1.8989,2.4445,0.2407,5,WTR
6834.5,57.7849,1.8646,2.4357,0.24589,5,WTR
6835.0,61.7657,1.8426,2.4268,0.25108,0,Non-SST
6835.5,65.7464,1.8205,2.4068,0.25627,0,Non-SST
6836.0,62.7368,1.7985,2.3868,0.25182,5,WTR
6836.5,59.7271,1.7666,2.3668,0.24738,5,WTR
6837.0,56.862,1.7347,2.4001,0.24293,5,WTR
6837.5,53.9968,1.7039,2.4334,0.24589,5,WTR
6838.0,48.5554,1.6731,2.4445,0.24886,5,WTR
6838.5,55.8748,1.6388,2.4557,0.25182,0,Non-SST
6839.0,63.9647,1.6044,2.4668,0.26391,0,Non-SST
6839.5,72.0546,1.57,2.4534,0.27599,0,Non-SST
6840.0,68.9005,1.5357,2.4401,0.28808,0,Non-SST
6840.5,65.7464,1.5013,2.4268,0.29154,0,Non-SST
6841.0,67.8331,1.4481,2.4334,0.29502,0,Non-SST
6841.5,69.9197,1.4224,2.4401,0.29734,0,Non-SST
6842.0,69.9197,1.3967,2.4468,0.29967,0,Non-SST
6842.5,69.9197,1.325,2.4445,0.32562,0,Non-SST
6843.0,69.9197,1.2533,2.4423,0.35226,0,Non-SST
6843.5,70.9872,1.2096,2.4401,0.35472,0,Non-SST
6844.0,72.0546,1.1659,2.4323,0.35719,0,Non-SST
6844.5,73.138,1.1452,2.4245,0.35966,0,Non-SST
6845.0,74.2215,1.1245,2.4168,0.3757,0,Non-SST
6845.5,72.0706,1.1245,2.4168,0.39174,0,Non-SST
6846.0,69.9197,1.0847,2.4034,0.40779,0,Non-SST
6846.5,72.0867,1.0847,2.3801,0.41656,0,Non-SST
6847.0,74.2536,1.0847,2.3934,0.42534,0,Non-SST
6847.5,76.4205,1.0595,2.4068,0.43411,0,Non-SST
6848.0,74.2376,1.0343,2.4201,0.42362,0,Non-SST
6848.5,72.0546,1.0091,2.4245,0.41312,0,Non-SST
6849.0,68.9005,1.1781,2.429,0.40263,0,Non-SST
6849.5,65.7464,1.3471,2.4334,0.36092,0,Non-SST
6850.0,67.8491,1.2358,2.429,0.3209,0,Non-SST
6850.5,69.9519,1.1245,2.4245,0.33798,0,Non-SST
6851.0,72.0546,1.1667,2.4201,0.35506,0,Non-SST
6851.5,69.9358,1.2088,2.4334,0.37214,0,Non-SST
6852.0,67.817,1.2714,2.4468,0.36227,0,Non-SST
6852.5,66.7817,1.3341,2.4601,0.35241,0,Non-SST
6853.0,65.7464,1.3967,2.4068,0.34255,0,Non-SST
6853.5,67.8331,1.3027,2.3534,0.34013,0,Non-SST
6854.0,69.9197,1.2088,2.3668,0.33772,0,Non-SST
6854.5,72.8304,1.1667,2.3801,0.3353,0,Non-SST
6855.0,75.741,1.1245,2.3934,0.3501,0,Non-SST
6855.5,78.6517,1.1245,2.3912,0.3649,0,Non-SST
6856.0,77.5361,1.1245,2.389,0.3797,0,Non-SST
6856.5,76.4205,1.1245,2.3868,0.3952,0,Non-SST
6857.0,74.2376,1.1245,2.4045,0.4107,0,Non-SST
6857.5,72.0546,1.1245,2.4223,0.42621,0,Non-SST
6858.0,73.138,1.1245,2.4401,0.40269,0,Non-SST
6858.5,74.2215,1.1245,2.4201,0.37972,0,Non-SST
6859.0,72.7876,1.1452,2.4001,0.39171,0,Non-SST
6859.5,71.3537,1.1659,2.3801,0.4037,0,Non-SST
6860.0,69.9197,1.1659,2.409,0.4157,0,Non-SST
6860.5,66.8138,1.1659,2.4379,0.40036,0,Non-SST
6861.0,63.7079,1.1659,2.4668,0.38503,0,Non-SST
6861.5,57.9294,1.5851,2.5701,0.3697,0,Non-SST
6862.0,52.1509,2.0043,2.6734,0.33569,0,Non-SST
6862.5,58.9486,1.5445,2.6045,0.30168,0,Non-SST
6863.0,65.7464,1.0847,2.5357,0.26767,0,Non-SST
6863.5,68.5714,1.0654,2.4668,0.30503,0,Non-SST
6864.0,71.3965,1.0462,2.4468,0.34239,0,Non-SST
6864.5,74.2215,1.0338,2.4268,0.37975,0,Non-SST
6865.0,72.0706,1.0214,2.4068,0.37227,0,Non-SST
6865.5,69.9197,1.0091,2.4068,0.36479,0,Non-SST
6866.0,73.1701,1.0091,2.4068,0.35731,0,Non-SST
6866.5,76.4205,1.0091,2.4068,0.38103,0,Non-SST
6867.0,74.2536,1.0875,2.4223,0.40533,0,Non-SST
6867.5,72.0867,1.1659,2.4379,0.4019,0,Non-SST
6868.0,69.9197,1.0902,2.4534,0.39846,0,Non-SST
6868.5,73.1701,1.0145,2.4357,0.39503,0,Non-SST
6869.0,76.4205,0.9388,2.4179,0.38165,0,Non-SST
6869.5,77.5361,0.956,2.4001,0.36826,0,Non-SST
6870.0,78.6517,0.9733,2.409,0.35488,0,Non-SST
6870.5,77.5361,0.9394,2.4179,0.39403,0,Non-SST
6871.0,76.4205,0.9054,2.4268,0.43318,0,Non-SST
6871.5,74.9652,0.8739,2.429,0.47234,0,Non-SST
6872.0,73.5099,0.8424,2.4312,0.46054,0,Non-SST
6872.5,72.0546,0.8527,2.4334,0.44874,0,Non-SST
6873.0,72.0546,0.863,2.4101,0.43694,0,Non-SST
6873.5,72.0546,0.8733,2.3868,0.43874,0,Non-SST
6874.0,72.0546,0.9989,2.5068,0.44053,0,Non-SST
6874.5,72.0546,1.1245,2.6268,0.44232,0,Non-SST
6875.0,49.4783,2.9468,2.7468,0.2987,0,Non-SST
6875.5,40.1284,4.769,2.7468,0.17193,0,Non-SST
6876.0,32.504,4.2363,2.7468,0.153,0,Non-SST
6876.5,42.3274,3.7036,2.7468,0.13406,0,Non-SST
6877.0,52.1509,3.1372,2.629,0.11513,0,Non-SST
6877.5,54.6763,2.5707,2.5112,0.16676,0,Non-SST
6878.0,57.2017,2.0043,2.3934,0.21839,5,WTR
6878.5,59.7271,1.7528,2.3956,0.27001,0,Non-SST
6879.0,62.7368,1.5013,2.3979,0.30747,0,Non-SST
6879.5,65.7464,1.355,2.4001,0.34492,0,Non-SST
6880.0,68.9005,1.2088,2.3934,0.38237,0,Non-SST
6880.5,72.0546,1.1467,2.3868,0.38111,0,Non-SST
6881.0,73.5099,1.0847,2.3801,0.37985,0,Non-SST
6881.5,74.9652,1.0783,2.3968,0.38473,0,Non-SST
6882.0,76.4205,1.0718,2.4134,0.3896,0,Non-SST
6882.5,73.1701,1.0654,2.4268,0.39448,0,Non-SST
6883.0,69.9197,1.2311,2.4401,0.39448,0,Non-SST
6883.5,64.8234,1.3967,2.4534,0.39449,0,Non-SST
6884.0,59.7271,1.306,2.4401,0.40027,0,Non-SST
6884.5,64.5586,1.2153,2.4268,0.37627,0,Non-SST
6885.0,69.3901,1.1245,2.4245,0.35227,0,Non-SST
6885.5,74.2215,1.1889,2.4223,0.32827,0,Non-SST
6886.0,67.9615,1.2533,2.4201,0.35006,0,Non-SST
6886.5,61.7014,1.4049,2.4101,0.37235,0,Non-SST
6887.0,60.7143,1.5565,2.4034,0.33599,0,Non-SST
6887.5,59.7271,1.5381,2.4034,0.29964,0,Non-SST
6888.0,53.2664,1.5197,2.3823,0.26329,5,WTR
6888.5,46.8058,1.5013,2.3612,0.26726,5,WTR
6889.0,46.8058,1.4003,2.3401,0.27123,5,WTR
6889.5,46.8058,1.2994,2.3023,0.27521,5,WTR
6890.0,46.8058,1.2326,2.2645,0.27918,5,WTR
6890.5,44.58,1.1659,2.2267,0.28261,5,WTR
6891.0,42.3542,1.1388,2.1834,0.28606,5,WTR
6891.5,40.1284,1.1118,2.1401,0.28301,5,WTR
6892.0,39.5987,1.0847,2.1567,0.27996,5,WTR
6892.5,39.069,1.1253,2.1734,0.27691,5,WTR
6893.0,38.5393,1.1659,2.1901,0.28693,5,WTR
6893.5,40.1445,1.1253,2.2067,0.29696,5,WTR
6894.0,41.7496,1.0847,2.2968,0.30698,5,WTR
6894.5,40.1766,1.1253,2.3868,0.30465,5,WTR
6895.0,38.6035,1.1659,2.3379,0.30231,5,WTR
6895.5,37.0305,1.1521,2.289,0.29998,5,WTR
6896.0,35.4575,1.1383,2.2401,0.30231,5,WTR
6896.5,47.5923,1.1245,2.3023,0.30465,5,WTR
6897.0,59.7271,1.1245,2.3645,0.33569,0,Non-SST
6897.5,65.2916,1.1245,2.4268,0.36674,0,Non-SST
6898.0,70.8561,1.1245,2.3912,0.39778,0,Non-SST
6898.5,76.4205,1.0626,2.3556,0.42455,0,Non-SST
6899.0,81.0433,1.0007,2.3201,0.45132,0,Non-SST
6899.5,85.6661,0.9388,2.3379,0.47809,0,Non-SST
6900.0,90.2889,0.8967,2.3556,0.45738,0,Non-SST
6900.5,93.5848,0.8546,2.3734,0.43667,0,Non-SST
6901.0,96.8807,0.8125,2.3245,0.41595,0,Non-SST
6901.5,100.1766,1.0243,2.2756,0.43667,0,Non-SST
6902.0,110.1231,1.2362,2.2267,0.45739,0,Non-SST
6902.5,120.0696,1.4481,2.0701,0.47811,0,Non-SST
6903.0,130.0161,1.5023,1.9134,0.51839,0,Non-SST
6903.5,138.0631,1.5565,1.9534,0.55866,0,Non-SST
6904.0,146.1102,1.5204,1.9934,0.59894,0,Non-SST
6904.5,154.1573,1.4842,2.0334,0.59102,0,Non-SST
6905.0,140.6501,1.4481,2.0423,0.5831,0,Non-SST
6905.5,127.1428,1.3985,2.0512,0.57517,0,Non-SST
6906.0,116.4847,1.3489,2.0601,0.55605,0,Non-SST
6906.5,105.8266,1.2994,2.1379,0.53693,0,Non-SST
6907.0,95.1685,1.3318,2.2156,0.51781,0,Non-SST
6907.5,89.6629,1.3642,2.2934,0.5321,0,Non-SST
6908.0,84.1573,1.3967,2.3645,0.54673,0,Non-SST
6908.5,78.6517,1.3802,2.4357,0.46218,0,Non-SST
6909.0,76.4527,1.3636,2.5068,0.37764,0,Non-SST
6909.5,74.2536,1.3471,2.4757,0.29309,0,Non-SST
6910.0,72.0546,1.3808,2.4445,0.29002,0,Non-SST
6910.5,72.0546,1.4144,2.4134,0.28694,0,Non-SST
6911.0,72.0546,1.4481,2.4234,0.28387,0,Non-SST
6911.5,72.0546,1.4481,2.4334,0.30006,0,Non-SST
6912.0,70.6421,1.4481,2.4468,0.31651,0,Non-SST
6912.5,69.2295,1.4842,2.4601,0.3064,0,Non-SST
6913.0,67.817,1.5204,2.4734,0.29629,0,Non-SST
6913.5,62.801,1.5565,2.4223,0.28619,0,Non-SST
6914.0,57.7849,1.5756,2.3712,0.28927,0,Non-SST
6914.5,59.7592,1.5947,2.3201,0.29235,5,WTR
6915.0,61.7335,1.6138,2.329,0.29543,5,WTR
6915.5,63.7079,1.6336,2.3379,0.29466,0,Non-SST
6916.0,62.381,1.6533,2.3468,0.29389,0,Non-SST
6916.5,61.054,1.6731,2.3601,0.29312,0,Non-SST
6917.0,59.7271,1.6731,2.3734,0.30243,0,Non-SST
6917.5,57.817,1.6731,2.3645,0.31182,0,Non-SST
6918.0,55.9069,1.6731,2.3556,0.31025,5,WTR
6918.5,53.9968,1.5485,2.3468,0.30869,5,WTR
6919.0,49.9144,1.4239,2.3156,0.30712,5,WTR
6919.5,45.832,1.2994,2.2845,0.30016,5,WTR
6920.0,41.7496,1.192,2.2534,0.29319,5,WTR
6920.5,34.3874,1.0847,2.1967,0.28622,5,WTR
6921.0,27.0252,1.0595,2.1401,0.28931,5,WTR
6921.5,19.6629,1.0343,2.1179,0.29239,5,WTR
6922.0,16.5811,1.0091,2.0956,0.29547,5,WTR
6922.5,13.4992,0.9638,2.0734,0.2947,5,WTR
6923.0,12.3435,0.9186,2.0645,0.29393,5,WTR
6923.5,11.1878,0.8733,2.0556,0.29316,5,WTR
6924.0,10.0321,0.863,2.0467,0.30715,5,WTR
6924.5,9.7699,0.8527,2.0467,0.32133,5,WTR
6925.0,9.5078,0.8424,2.0467,0.31975,5,WTR
6925.5,9.2456,0.8424,2.0467,0.31817,5,WTR
6926.0,8.5233,0.8424,2.0601,0.31659,5,WTR
6926.5,7.801,0.8424,2.0734,0.30495,5,WTR
6927.0,7.0786,0.8324,2.0868,0.29331,5,WTR
6927.5,6.4205,0.8224,2.0734,0.28167,5,WTR
6928.0,7.3622,0.8125,2.0601,0.28321,5,WTR
6928.5,8.3039,0.8125,2.0467,0.28474,5,WTR
6929.0,9.2456,0.8125,2.0579,0.28627,5,WTR
6929.5,10.9149,0.8224,2.069,0.28935,5,WTR
6930.0,12.5843,0.8324,2.0801,0.29244,5,WTR
6930.5,13.2049,0.8424,2.0834,0.29552,5,WTR
6931.0,13.8256,0.8527,2.0868,0.28186,5,WTR
6931.5,14.4462,0.863,2.089,0.26821,5,WTR
6932.0,14.7726,0.8733,2.0912,0.25455,5,WTR
6932.5,15.099,0.9066,2.0934,0.25754,5,WTR
6933.0,15.4254,0.94,2.0845,0.26054,5,WTR
6933.5,14.7833,0.9733,2.0756,0.26353,5,WTR
6934.0,14.1412,0.956,2.0668,0.27387,5,WTR
6934.5,13.4992,0.9388,2.089,0.2842,5,WTR
6935.0,14.1412,0.9388,2.1112,0.29454,5,WTR
6935.5,14.7833,0.9388,2.1334,0.30487,5,WTR
6936.0,15.4254,1.0523,2.2401,0.29487,5,WTR
6936.5,27.0626,1.1659,2.3468,0.28487,5,WTR
6937.0,38.6998,1.2428,2.4534,0.27487,5,WTR
6937.5,50.3371,1.3198,2.4134,0.28332,5,WTR
6938.0,48.5714,1.3967,2.3734,0.29177,5,WTR
6938.5,46.8058,1.4138,2.3334,0.30022,5,WTR
6939.0,50.0361,1.4309,2.2934,0.3008,5,WTR
6939.5,53.2664,1.4481,2.3245,0.30139,5,WTR
6940.0,56.4968,1.4481,2.3556,0.30198,5,WTR
6940.5,59.7271,1.4481,2.3868,0.30256,0,Non-SST
6941.0,68.0738,1.4481,2.3918,0.29334,0,Non-SST
6941.5,76.4205,1.3985,2.3968,0.28412,0,Non-SST
6942.0,79.4596,1.3489,2.4018,0.2749,0,Non-SST
6942.5,82.4987,1.2994,2.4068,0.28413,0,Non-SST
6943.0,85.5377,1.2549,2.3912,0.29335,0,Non-SST
6943.5,83.9968,1.2104,2.3756,0.30258,0,Non-SST
6944.0,82.4559,1.1659,2.3601,0.31332,0,Non-SST
6944.5,80.9149,1.0581,2.329,0.32405,0,Non-SST
6945.0,89.9197,0.9502,2.2979,0.33479,0,Non-SST
6945.5,98.9246,0.8424,2.2668,0.34553,0,Non-SST
6946.0,107.9294,0.9635,2.2768,0.37527,0,Non-SST
6946.5,117.2392,1.0847,2.2868,0.40501,0,Non-SST
6947.0,126.549,1.098,2.2968,0.43475,0,Non-SST
6947.5,135.8587,1.1113,2.3068,0.39997,0,Non-SST
6948.0,116.7897,1.1245,2.3312,0.36519,0,Non-SST
6948.5,97.7207,1.1828,2.3556,0.3304,0,Non-SST
6949.0,78.6517,1.2411,2.3801,0.29562,0,Non-SST
6949.5,65.4013,1.2994,2.3534,0.27605,0,Non-SST
6950.0,52.1509,1.3667,2.3268,0.25647,5,WTR
6950.5,54.0289,1.434,2.3001,0.23689,5,WTR
6951.0,55.9069,1.5013,2.3084,0.2487,5,WTR
6951.5,57.7849,1.5388,2.3168,0.2605,5,WTR
6952.0,63.2638,1.5763,2.3251,0.2723,5,WTR
6952.5,68.7427,1.6138,2.3334,0.2841,0,Non-SST
6953.0,74.2215,1.509,2.3468,0.29657,0,Non-SST
6953.5,74.9545,1.4042,2.3601,0.30903,0,Non-SST
6954.0,75.6875,1.2994,2.3734,0.3215,0,Non-SST
6954.5,76.4205,1.2692,2.3918,0.32389,0,Non-SST
6955.0,75.6875,1.239,2.4101,0.32629,0,Non-SST
6955.5,74.9545,1.2088,2.4284,0.32868,0,Non-SST
6956.0,74.2215,1.355,2.4468,0.33107,0,Non-SST
6956.5,72.0867,1.5013,2.4401,0.3139,0,Non-SST
6957.0,69.9518,1.434,2.4334,0.29672,0,Non-SST
6957.5,67.817,1.3667,2.4268,0.27955,0,Non-SST
6958.0,69.9358,1.2994,2.4151,0.29434,0,Non-SST
6958.5,72.0546,1.2692,2.4034,0.30912,0,Non-SST
6959.0,71.343,1.239,2.3918,0.32391,0,Non-SST
6959.5,70.6314,1.2088,2.3801,0.33117,0,Non-SST
6960.0,69.9197,1.239,2.3734,0.33843,0,Non-SST
6960.5,72.0867,1.2692,2.3668,0.3457,0,Non-SST
6961.0,74.2536,1.2994,2.3601,0.35296,0,Non-SST
6961.5,76.4205,1.1791,2.3912,0.37937,0,Non-SST
6962.0,77.1643,1.0589,2.4223,0.40577,0,Non-SST
6962.5,77.908,0.9388,2.4534,0.43218,0,Non-SST
6963.0,78.6517,0.9622,2.4601,0.40333,0,Non-SST
6963.5,76.4527,0.9856,2.4668,0.37449,0,Non-SST
6964.0,74.2536,1.0091,2.4734,0.34564,0,Non-SST
6964.5,72.0546,2.3563,2.4801,0.31085,0,Non-SST
6965.0,65.42,3.7036,2.469,0.27606,0,Non-SST
6965.5,58.7854,3.1372,2.4579,0.24127,0,Non-SST
6966.0,52.1509,2.5707,2.4468,0.20648,5,WTR
6966.5,45.0883,2.0043,2.4284,0.21518,5,WTR
6967.0,45.6608,2.0289,2.4101,0.22388,5,WTR
6967.5,46.2333,2.0534,2.3918,0.23258,5,WTR
6968.0,46.8058,2.078,2.3734,0.23981,5,WTR
6968.5,54.061,1.868,2.389,0.24703,5,WTR
6969.0,55.8748,1.658,2.4045,0.25425,5,WTR
6969.5,61.7014,1.4481,2.4201,0.26148,0,Non-SST
6970.0,59.7592,1.4842,2.3845,0.28152,0,Non-SST
6970.5,57.817,1.5204,2.349,0.30156,5,WTR
6971.0,55.8748,1.5565,2.3134,0.3216,5,WTR
6971.5,57.817,1.5381,2.3318,0.29414,5,WTR
6972.0,59.7592,1.5197,2.3501,0.26668,5,WTR
6972.5,61.7014,1.5013,2.3684,0.23921,5,WTR
6973.0,64.4409,1.3773,2.3868,0.26584,0,Non-SST
6973.5,67.1803,1.2533,2.4068,0.29246,0,Non-SST
6974.0,69.9197,1.325,2.4268,0.31908,0,Non-SST
6974.5,63.9968,1.3967,2.4468,0.3457,0,Non-SST
6975.0,58.0738,1.5349,2.4384,0.32406,0,Non-SST
6975.5,52.1509,1.6731,2.4301,0.30243,0,Non-SST
6976.0,56.6827,1.5682,2.4218,0.28079,0,Non-SST
6976.5,61.2146,1.4632,2.4134,0.29985,0,Non-SST
6977.0,65.7464,1.3582,2.4201,0.31925,0,Non-SST
6977.5,69.3044,1.2533,2.4268,0.3336,0,Non-SST
6978.0,72.8625,1.2241,2.4334,0.34816,0,Non-SST
6978.5,76.4205,1.195,2.4234,0.35725,0,Non-SST
6979.0,73.1701,1.1659,2.4134,0.36633,0,Non-SST
6979.5,69.9197,1.1388,2.4034,0.37542,0,Non-SST
6980.0,68.5286,1.1118,2.4268,0.38552,0,Non-SST
6980.5,67.1375,1.0847,2.4601,0.39573,0,Non-SST
6981.0,65.7464,1.1562,2.4423,0.36553,0,Non-SST
6981.5,67.1375,1.2278,2.4245,0.33533,0,Non-SST
6982.0,68.5286,1.2994,2.4068,0.30513,0,Non-SST
6982.5,69.9197,1.2549,2.4234,0.31712,0,Non-SST
6983.0,73.5848,1.2104,2.4401,0.32912,0,Non-SST
6983.5,77.2499,1.1659,2.4534,0.34111,0,Non-SST
6984.0,80.9149,1.1388,2.4668,0.3531,0,Non-SST
6984.5,78.6838,1.1118,2.4701,0.37075,0,Non-SST
6985.0,76.4527,1.0847,2.4734,0.38841,0,Non-SST
6985.5,74.2215,1.029,2.4768,0.40607,0,Non-SST
6986.0,76.4527,0.9733,2.4801,0.40178,0,Non-SST
6986.5,78.6838,0.9618,2.4579,0.39749,0,Non-SST
6987.0,80.9149,0.9503,2.4357,0.3932,0,Non-SST
6987.5,78.6677,0.9388,2.4134,0.37533,0,Non-SST
6988.0,76.4205,1.0914,2.4134,0.35745,0,Non-SST
6988.5,74.2536,1.244,2.4134,0.33958,0,Non-SST
6989.0,72.0867,1.3967,2.4134,0.3217,0,Non-SST
6989.5,69.9197,1.4316,2.4218,0.30924,0,Non-SST
6990.0,71.3537,1.4664,2.4301,0.29678,0,Non-SST
6990.5,72.7876,1.5013,2.4384,0.28431,0,Non-SST
6991.0,74.2215,1.5197,2.4468,0.28146,0,Non-SST
6991.5,74.9545,1.5381,2.4645,0.27861,0,Non-SST
6992.0,75.6875,1.5565,2.4823,0.27576,0,Non-SST
6992.5,76.4205,1.5204,2.5001,0.2729,0,Non-SST
6993.0,75.6875,1.4842,2.4801,0.28289,0,Non-SST
6993.5,74.9545,1.4481,2.4601,0.29288,0,Non-SST
6994.0,74.2215,1.6563,2.4401,0.30286,0,Non-SST
6994.5,65.0482,1.8646,2.4168,0.28588,0,Non-SST
6995.0,55.8748,1.9612,2.3934,0.2689,5,WTR
6995.5,52.2793,2.0578,2.3701,0.25191,5,WTR
6996.0,48.6838,2.1544,2.3468,0.23493,5,WTR
6996.5,45.0883,2.0358,2.3401,0.23201,5,WTR
6997.0,51.2948,1.9171,2.3334,0.22909,5,WTR
6997.5,57.5013,1.7985,2.3268,0.22617,5,WTR
6998.0,63.7079,1.6817,2.3434,0.25267,0,Non-SST
6998.5,67.2124,1.5649,2.3601,0.27977,0,Non-SST
6999.0,70.717,1.4481,2.3768,0.28983,0,Non-SST
6999.5,74.2215,1.5033,2.3934,0.29988,0,Non-SST
7000.0,71.3965,1.5585,2.3956,0.30993,0,Non-SST
7000.5,68.5714,1.6138,2.3979,0.30218,0,Non-SST
7001.0,65.7464,1.5763,2.4001,0.29443,0,Non-SST
7001.5,66.7817,1.5388,2.3934,0.28667,0,Non-SST
7002.0,67.817,1.5013,2.3868,0.28821,0,Non-SST
7002.5,67.1268,1.4747,2.3823,0.28975,0,Non-SST
7003.0,66.4366,1.4481,2.3779,0.29129,0,Non-SST
7003.5,65.7464,1.5033,2.3734,0.28957,0,Non-SST
7004.0,65.7464,1.5585,2.3823,0.28784,0,Non-SST
7004.5,65.7464,1.6138,2.3912,0.28612,0,Non-SST
7005.0,65.7464,1.6974,2.4001,0.28439,0,Non-SST
7005.5,63.0926,1.781,2.3934,0.27235,0,Non-SST
7006.0,60.4387,1.8646,2.3868,0.2603,5,WTR
7006.5,57.7849,1.8426,2.3801,0.24825,5,WTR
7007.0,60.7464,1.8205,2.3918,0.26369,0,Non-SST
7007.5,63.7079,1.7985,2.4034,0.27912,0,Non-SST
7008.0,63.0391,1.7985,2.4151,0.29455,0,Non-SST
7008.5,62.3703,1.7985,2.4268,0.30998,0,Non-SST
7009.0,61.7014,1.8205,2.4134,0.29765,0,Non-SST
7009.5,59.7592,1.8426,2.4001,0.28533,0,Non-SST
7010.0,57.817,1.8646,2.3868,0.273,5,WTR
7010.5,55.8748,1.8426,2.3884,0.27149,5,WTR
7011.0,57.1589,1.8205,2.3901,0.26998,5,WTR
7011.5,58.443,1.7985,2.3918,0.26847,5,WTR
7012.0,59.7271,1.6817,2.3934,0.28241,0,Non-SST
7012.5,63.1247,1.5649,2.3979,0.29635,0,Non-SST
7013.0,66.5222,1.4481,2.4023,0.31029,0,Non-SST
7013.5,69.9197,1.3737,2.4068,0.32422,0,Non-SST
7014.0,74.3499,1.2994,2.3968,0.3533,0,Non-SST
7014.5,78.7801,1.2278,2.3868,0.38237,0,Non-SST
7015.0,83.2103,1.1562,2.3768,0.41145,0,Non-SST
7015.5,78.7159,1.0847,2.3668,0.42278,0,Non-SST
7016.0,74.2215,1.1562,2.3823,0.43412,0,Non-SST
7016.5,74.9545,1.2278,2.3979,0.44545,0,Non-SST
7017.0,75.6875,1.2994,2.4134,0.45679,0,Non-SST
7017.5,76.4205,1.3318,2.4023,0.43566,0,Non-SST
7018.0,73.752,1.3642,2.3912,0.41453,0,Non-SST
7018.5,71.0835,1.3967,2.3801,0.3934,0,Non-SST
7019.0,68.4149,1.5992,2.3934,0.3664,0,Non-SST
7019.5,65.7464,1.8018,2.4068,0.3394,0,Non-SST
7020.0,62.4558,2.0043,2.4201,0.3124,0,Non-SST
7020.5,59.1653,2.0807,2.4334,0.29142,0,Non-SST
7021.0,55.8748,2.1572,2.3912,0.27044,5,WTR
7021.5,54.9438,2.2337,2.349,0.24946,5,WTR
7022.0,54.0128,2.1941,2.3068,0.22848,5,WTR
7022.5,53.0819,2.1544,2.3179,0.22196,5,WTR
7023.0,52.1509,1.994,2.329,0.21544,5,WTR
7023.5,54.0289,1.8336,2.3401,0.20893,5,WTR
7024.0,55.9069,1.6731,2.3434,0.24503,5,WTR
7024.5,57.7849,1.4398,2.3468,0.28113,5,WTR
7025.0,69.4275,1.2066,2.3501,0.31724,0,Non-SST
7025.5,81.0701,0.9733,2.3534,0.35334,0,Non-SST
7026.0,92.7127,1.0791,2.3445,0.38333,0,Non-SST
7026.5,87.5482,1.185,2.3356,0.41331,0,Non-SST
7027.0,82.3836,1.2908,2.3268,0.4433,0,Non-SST
7027.5,77.2191,1.3967,2.3501,0.37684,0,Non-SST
7028.0,72.0546,1.5306,2.3734,0.31039,0,Non-SST
7028.5,69.2723,1.6645,2.3968,0.24393,0,Non-SST
7029.0,66.4901,1.7985,2.4201,0.24117,0,Non-SST
7029.5,63.7079,1.8499,2.4379,0.23842,0,Non-SST
7030.0,64.7352,1.9014,2.4557,0.23566,0,Non-SST
7030.5,65.7624,1.9528,2.4734,0.23291,0,Non-SST
7031.0,66.7897,2.0043,2.4768,0.24556,0,Non-SST
7031.5,67.817,1.9806,2.4801,0.2582,0,Non-SST
7032.0,68.5179,1.9569,2.4834,0.27085,0,Non-SST
7032.5,69.2188,1.9332,2.4868,0.26468,0,Non-SST
7033.0,69.9197,1.916,2.4623,0.25851,0,Non-SST
7033.5,73.2424,1.8989,2.4379,0.25234,0,Non-SST
7034.0,76.565,1.8818,2.4134,0.24618,0,Non-SST
7034.5,79.8876,1.8646,2.3918,0.27785,0,Non-SST
7035.0,83.2103,1.8213,2.3701,0.30952,0,Non-SST
7035.5,86.3777,1.778,2.3484,0.3412,0,Non-SST
7036.0,89.5452,1.7347,2.3268,0.32309,0,Non-SST
7036.5,92.7127,1.8021,2.3468,0.30498,0,Non-SST
7037.0,85.9711,1.8695,2.3668,0.28687,0,Non-SST
7037.5,79.2295,1.9369,2.3868,0.26903,0,Non-SST
7038.0,72.488,2.0043,2.4068,0.25118,0,Non-SST
7038.5,65.7464,1.8939,2.4268,0.23334,0,Non-SST
7039.0,65.7464,1.7835,2.4468,0.21549,0,Non-SST
7039.5,65.7464,1.6731,2.4218,0.24705,0,Non-SST
7040.0,65.7464,1.737,2.3968,0.27861,0,Non-SST
7040.5,66.4366,1.8008,2.3718,0.31016,0,Non-SST
7041.0,67.1268,1.8646,2.3468,0.29809,0,Non-SST
7041.5,67.817,1.8995,2.3512,0.28602,0,Non-SST
7042.0,64.473,1.9345,2.3556,0.27394,5,WTR
7042.5,61.1289,1.9694,2.3601,0.26187,5,WTR
7043.0,57.7849,2.0043,2.3845,0.25371,5,WTR
7043.5,58.2705,1.9577,2.409,0.24554,5,WTR
7044.0,58.756,1.9112,2.4334,0.23738,5,WTR
7044.5,59.2416,1.8646,2.4401,0.24577,0,Non-SST
7045.0,59.7271,1.8213,2.4468,0.25415,0,Non-SST
7045.5,62.4238,1.778,2.4534,0.26254,0,Non-SST
7046.0,65.1204,1.7347,2.4601,0.27092,0,Non-SST
7046.5,67.817,1.7506,2.4445,0.28167,0,Non-SST
7047.0,67.2993,1.7666,2.429,0.29242,0,Non-SST
7047.5,66.7817,1.7825,2.4134,0.30317,0,Non-SST
7048.0,66.264,1.7985,2.4168,0.29173,0,Non-SST
7048.5,65.7464,1.7369,2.4201,0.28029,0,Non-SST
7049.0,67.1375,1.6753,2.4234,0.26885,0,Non-SST
7049.5,68.5286,1.6138,2.4268,0.25741,0,Non-SST
7050.0,69.9197,1.5595,2.4134,0.2537,0,Non-SST
7050.5,70.9952,1.5052,2.4001,0.24998,0,Non-SST
7051.0,72.0706,1.451,2.3868,0.24627,0,Non-SST
7051.5,73.1461,1.3967,2.3834,0.24553,0,Non-SST
7052.0,74.2215,1.4888,2.3801,0.24479,0,Non-SST
7052.5,77.9936,1.581,2.3768,0.24406,0,Non-SST
7053.0,81.7656,1.6731,2.3734,0.26837,0,Non-SST
7053.5,85.5377,1.6885,2.3668,0.29268,0,Non-SST
7054.0,88.748,1.7039,2.3601,0.31699,0,Non-SST
7054.5,91.9583,1.7193,2.3534,0.34131,0,Non-SST
7055.0,95.1685,1.7347,2.3418,0.34293,0,Non-SST
7055.5,90.4815,2.0167,2.3301,0.34456,0,Non-SST
7056.0,85.7945,2.2988,2.3184,0.34618,0,Non-SST
7056.5,81.1075,2.5809,2.3068,0.32722,0,Non-SST
7057.0,76.4205,2.5503,2.289,0.30825,0,Non-SST
7057.5,74.2536,2.5198,2.2712,0.28929,0,Non-SST
7058.0,72.0867,2.4893,2.2534,0.2963,0,Non-SST
7058.5,69.9197,2.3681,2.3134,0.30332,0,Non-SST
7059.0,67.8491,2.2468,2.3734,0.31034,0,Non-SST
7059.5,65.7785,2.1256,2.4334,0.31736,0,Non-SST
7060.0,63.7079,2.0043,2.4301,0.2974,0,Non-SST
7060.5,62.71,2.0543,2.4268,0.27744,0,Non-SST
7061.0,61.7121,2.1044,2.4234,0.25748,0,Non-SST
7061.5,60.7143,2.1544,2.4201,0.25248,0,Non-SST
7062.0,55.8748,2.2082,2.4201,0.24748,5,WTR
7062.5,49.6388,2.262,2.4201,0.24248,5,WTR
7063.0,43.4029,2.3158,2.4201,0.23748,5,WTR
7063.5,47.7769,2.2953,2.3868,0.23309,5,WTR
7064.0,52.1509,2.2747,2.3534,0.22871,5,WTR
7064.5,50.3531,2.2542,2.3201,0.22433,5,WTR
7065.0,48.5554,2.2337,2.3118,0.22487,5,WTR
7065.5,51.6319,2.2073,2.3034,0.22542,5,WTR
7066.0,54.7084,2.1809,2.2951,0.22597,5,WTR
7066.5,57.7849,2.1544,2.2868,0.22652,5,WTR
7067.0,60.4387,2.161,2.3112,0.23985,5,WTR
7067.5,63.0926,2.1676,2.3356,0.25318,5,WTR
7068.0,65.7464,2.1742,2.3601,0.26652,0,Non-SST
7068.5,73.13,2.1809,2.3784,0.27559,0,Non-SST
7069.0,80.5136,2.0852,2.3968,0.28935,0,Non-SST
7069.5,87.8973,1.9897,2.4151,0.29847,0,Non-SST
7070.0,85.0281,1.8941,2.4334,0.30758,0,Non-SST
7070.5,82.1589,1.7985,2.4457,0.31669,0,Non-SST
7071.0,79.2897,1.7061,2.4579,0.32581,0,Non-SST
7071.5,76.4205,1.6138,2.4701,0.33492,0,Non-SST
7072.0,78.6838,1.4113,2.4701,0.34403,0,Non-SST
7072.5,80.947,1.2088,2.4634,0.35315,0,Non-SST
7073.0,83.2103,1.2314,2.4534,0.36226,0,Non-SST
7073.5,83.2103,1.2541,2.4534,0.36226,0,Non-SST
7074.0,83.2103,1.2767,2.4534,0.35464,0,Non-SST
7074.5,83.2103,1.2994,2.4534,0.34702,0,Non-SST
7075.0,83.2103,1.2994,2.4534,0.33939,0,Non-SST
7075.5,80.214,1.2994,2.4534,0.33177,0,Non-SST
7076.0,77.2178,1.2994,2.4534,0.32621,0,Non-SST
7076.5,74.2215,1.3237,2.4534,0.32065,0,Non-SST
7077.0,74.7713,1.348,2.4534,0.31509,0,Non-SST
7077.5,75.321,1.3723,2.4884,0.31391,0,Non-SST
7078.0,75.8708,1.3967,2.5234,0.31274,0,Non-SST
7078.5,76.4205,1.6757,2.5584,0.31156,0,Non-SST
7079.0,70.2087,1.9547,2.5934,0.31038,0,Non-SST
7079.5,63.9968,2.2337,2.5157,0.27882,0,Non-SST
7080.0,57.7849,2.2073,2.4379,0.24726,0,Non-SST
7080.5,59.0904,2.1809,2.3601,0.2157,5,WTR
7081.0,60.3959,2.1544,2.3701,0.22373,5,WTR
7081.5,61.7014,2.1353,2.3801,0.23176,5,WTR
7082.0,61.7014,2.1162,2.3901,0.23979,5,WTR
7082.5,61.7014,2.0971,2.4001,0.24592,5,WTR
7083.0,61.7014,2.078,2.429,0.25206,0,Non-SST
7083.5,61.7014,2.0297,2.4579,0.2582,0,Non-SST
7084.0,63.7079,1.9815,2.4868,0.26434,0,Non-SST
7084.5,62.381,1.9332,2.4901,0.26737,0,Non-SST
7085.0,61.054,1.839,2.4934,0.27039,0,Non-SST
7085.5,59.7271,1.7449,2.4968,0.27341,0,Non-SST
7086.0,64.4583,1.6507,2.5001,0.30513,0,Non-SST
7086.5,69.1894,1.5565,2.4712,0.33684,0,Non-SST
7087.0,73.9205,1.5756,2.4423,0.36856,0,Non-SST
7087.5,78.6517,1.5947,2.4134,0.34515,0,Non-SST
7088.0,76.4527,1.6138,2.4534,0.30691,0,Non-SST
7088.5,74.2536,1.6974,2.4934,0.30691,0,Non-SST
7089.0,72.0546,1.781,2.5334,0.27913,0,Non-SST
7089.5,69.4663,1.8646,2.4993,0.26663,0,Non-SST
7090.0,66.878,1.9112,2.4651,0.26363,0,Non-SST
7090.5,64.2897,1.9577,2.4309,0.26063,0,Non-SST
7091.0,61.7014,2.0043,2.3968,0.25764,5,WTR
7091.5,63.0498,2.0412,2.4156,0.2582,0,Non-SST
7092.0,64.3981,2.078,2.4268,0.25876,0,Non-SST
7092.5,65.7464,2.0971,2.4701,0.25933,0,Non-SST
7093.0,63.74,2.1162,2.4868,0.25989,0,Non-SST
7093.5,61.7336,2.1353,2.4968,0.25469,0,Non-SST
7094.0,59.7271,2.1544,2.5068,0.24948,0,Non-SST
7094.5,59.2416,2.1544,2.5168,0.24428,0,Non-SST
7095.0,58.756,2.1544,2.5268,0.23499,0,Non-SST
7095.5,58.2705,2.1544,2.4934,0.2257,0,Non-SST
7096.0,57.7849,2.1544,2.4601,0.21642,5,WTR
7096.5,62.5415,2.1544,2.4268,0.20713,5,WTR
7097.0,67.298,2.1544,2.4245,0.21219,5,WTR
7097.5,72.0546,2.3282,2.4223,0.21725,0,Non-SST
7098.0,70.6421,2.502,2.4201,0.22231,0,Non-SST
7098.5,69.2295,2.6758,2.4851,0.24027,0,Non-SST
7099.0,67.817,3.0767,2.5501,0.25823,0,Non-SST
7099.5,60.4976,3.4775,2.6151,0.27619,0,Non-SST
7100.0,53.1782,3.8784,2.6801,0.29415,0,Non-SST
7100.5,45.8587,4.2793,2.7001,0.26669,0,Non-SST
7101.0,38.5393,4.0436,2.7201,0.19854,0,Non-SST
7101.5,41.2948,3.8079,2.7401,0.19855,0,Non-SST
7102.0,44.0503,3.5722,2.6784,0.16238,0,Non-SST
7102.5,46.8058,3.3982,2.6168,0.16661,0,Non-SST
7103.0,49.5506,3.2242,2.5551,0.18085,0,Non-SST
7103.5,52.2953,3.0502,2.4934,0.19509,0,Non-SST
7104.0,55.0401,2.8762,2.4568,0.20932,5,WTR
7104.5,57.7849,2.9859,2.4201,0.20142,5,WTR
7105.0,56.5222,3.0957,2.5101,0.19928,0,Non-SST
7105.5,55.2595,3.2054,2.6001,0.19964,0,Non-SST
7106.0,53.9968,3.0976,2.5801,0.20718,0,Non-SST
7106.5,53.5353,2.9898,2.5601,0.1975,0,Non-SST
7107.0,53.0738,2.882,2.5301,0.19215,0,Non-SST
7107.5,52.6124,2.7742,2.4701,0.18361,5,WTR
7108.0,52.1509,2.7414,2.4401,0.1783,5,WTR
7108.5,50.9524,2.7086,2.4156,0.18043,5,WTR
7109.0,49.7539,2.6758,2.4034,0.18362,5,WTR
7109.5,48.5554,2.6292,2.3968,0.18362,5,WTR
7110.0,48.5554,2.5826,2.3434,0.18362,5,WTR
7110.5,48.5554,2.5359,2.3445,0.18363,5,WTR
7111.0,48.5554,2.4893,2.3245,0.18363,5,WTR
7111.5,49.4543,2.4893,2.3268,0.18719,5,WTR
7112.0,50.3531,2.4893,2.3734,0.19075,5,WTR
7112.5,51.252,2.4893,2.5001,0.19431,0,Non-SST
7113.0,52.1509,2.3777,2.5001,0.22839,0,Non-SST
7113.5,61.7389,2.2661,2.5068,0.26247,0,Non-SST
7114.0,71.3269,2.1544,2.5134,0.29655,0,Non-SST
7114.5,80.9149,2.2381,2.5201,0.27856,0,Non-SST
7115.0,76.1116,2.3219,2.5157,0.26057,0,Non-SST
7115.5,71.3082,2.4056,2.5112,0.24258,0,Non-SST
7116.0,66.5048,2.4893,2.5068,0.22459,0,Non-SST
7116.5,61.7014,2.5515,2.4768,0.25247,0,Non-SST
7117.0,63.0498,2.6136,2.4468,0.28036,0,Non-SST
7117.5,64.3981,2.6758,2.4168,0.30825,0,Non-SST
7118.0,65.7464,2.5842,2.3868,0.30187,0,Non-SST
7118.5,70.0481,2.4926,2.3979,0.29549,0,Non-SST
7119.0,74.3499,2.401,2.409,0.28911,0,Non-SST
7119.5,78.6517,2.3394,2.4201,0.28273,0,Non-SST
7120.0,77.0024,2.2777,2.4357,0.28427,0,Non-SST
7120.5,75.3531,2.2161,2.4512,0.2858,0,Non-SST
7121.0,73.7039,2.1544,2.4668,0.28734,0,Non-SST
7121.5,72.0546,2.0807,2.4601,0.27451,0,Non-SST
7122.0,73.5099,2.0069,2.4534,0.26169,0,Non-SST
7122.5,74.9652,1.9332,2.4468,0.24887,0,Non-SST
7123.0,76.4205,1.7991,2.4401,0.27269,0,Non-SST
7123.5,76.4205,1.6649,2.4423,0.29651,0,Non-SST
7124.0,76.4205,1.5308,2.4445,0.32033,0,Non-SST
7124.5,76.4205,1.3967,2.4468,0.34415,0,Non-SST
7125.0,76.4205,1.5306,2.4651,0.33456,0,Non-SST
7125.5,73.5527,1.6645,2.4834,0.32496,0,Non-SST
7126.0,70.6849,1.7985,2.5018,0.31537,0,Non-SST
7126.5,67.817,1.9073,2.5201,0.31478,0,Non-SST
7127.0,63.0016,2.0161,2.529,0.31419,0,Non-SST
7127.5,58.1862,2.1249,2.5379,0.31361,0,Non-SST
7128.0,53.3708,2.2337,2.5468,0.31302,0,Non-SST
7128.5,48.5554,2.4831,2.5223,0.30678,0,Non-SST
7129.0,45.2167,2.7326,2.4979,0.30055,0,Non-SST
7129.5,41.878,2.982,2.4734,0.29432,0,Non-SST
7130.0,38.5393,2.8155,2.4918,0.30376,0,Non-SST
7130.5,42.4719,2.6489,2.5101,0.31321,0,Non-SST
7131.0,46.4045,2.4824,2.5284,0.32265,0,Non-SST
7131.5,50.3371,2.3158,2.5468,0.3321,0,Non-SST
7132.0,56.3082,2.0094,2.529,0.31951,0,Non-SST
7132.5,62.2793,1.7031,2.5112,0.30692,0,Non-SST
7133.0,68.2504,1.3967,2.4934,0.29434,0,Non-SST
7133.5,74.2215,1.4138,2.5084,0.3242,0,Non-SST
7134.0,72.7876,1.4309,2.5234,0.35407,0,Non-SST
7134.5,71.3537,1.4481,2.5384,0.38393,0,Non-SST
7135.0,69.9197,1.6445,2.5534,0.36212,0,Non-SST
7135.5,64.6121,1.8409,2.4557,0.3403,0,Non-SST
7136.0,59.3044,2.0373,2.3579,0.31849,5,WTR
7136.5,53.9968,2.2337,2.2601,0.29668,5,WTR
7137.0,47.2432,2.2894,2.2684,0.2913,5,WTR
7137.5,40.4896,2.3452,2.2768,0.28592,5,WTR
7138.0,33.736,2.401,2.2851,0.28054,5,WTR
7138.5,26.9823,2.2451,2.2934,0.26332,5,WTR
7139.0,24.5425,2.0891,2.2512,0.2461,5,WTR
7139.5,22.1027,1.9332,2.209,0.22889,5,WTR
7140.0,19.6629,1.7747,2.1667,0.21167,5,WTR
7140.5,18.3587,1.6163,2.1579,0.22783,5,WTR
7141.0,17.0546,1.4578,2.149,0.24399,5,WTR
7141.5,15.7504,1.2994,2.1401,0.26015,5,WTR
7142.0,14.4462,1.2549,2.1334,0.2531,5,WTR
7142.5,14.4462,1.2104,2.1267,0.24605,5,WTR
7143.0,14.4462,1.1659,2.1201,0.239,5,WTR
7143.5,14.4462,1.1659,2.1134,0.239,5,WTR
7144.0,14.2095,1.1659,2.1312,0.22801,5,WTR
7144.5,13.9727,1.1659,2.149,0.23185,5,WTR
7145.0,13.736,1.1659,2.1667,0.22875,5,WTR
7145.5,13.4992,1.1802,2.1567,0.22729,5,WTR
7146.0,12.9,1.1945,2.1467,0.22474,5,WTR
7146.5,12.3007,1.2088,2.1367,0.21748,5,WTR
7147.0,11.7014,1.1778,2.1267,0.21387,5,WTR
7147.5,11.0875,1.1467,2.1356,0.21821,5,WTR
7148.0,10.4735,1.1157,2.1179,0.23572,5,WTR
7148.5,9.8596,1.0847,2.1179,0.23499,5,WTR
7149.0,9.2456,1.0718,2.1068,0.23426,5,WTR
7149.5,9.5078,1.059,2.1267,0.23352,5,WTR
7150.0,9.7699,1.0462,2.1434,0.24317,5,WTR
7150.5,10.0321,1.0462,2.1501,0.25281,5,WTR
7151.0,9.6469,1.0462,2.1434,0.26245,5,WTR
7151.5,9.2616,1.0462,2.1434,0.26133,5,WTR
7152.0,8.8764,1.0462,2.1312,0.26021,5,WTR
7152.5,8.4912,1.0723,2.119,0.25909,5,WTR
7153.0,8.8684,1.0984,2.1068,0.25797,5,WTR
7153.5,9.2456,1.1245,2.1134,0.25648,5,WTR
7154.0,9.6388,1.1113,2.1201,0.25499,5,WTR
7154.5,10.0321,1.098,2.1267,0.2535,5,WTR
7155.0,9.7699,1.0847,2.1234,0.24796,5,WTR
7155.5,9.5078,1.075,2.1201,0.24243,5,WTR
7156.0,9.2456,1.0654,2.1168,0.2369,5,WTR
7156.5,9.7368,1.0558,2.1134,0.23136,5,WTR
7157.0,10.2279,1.0462,2.1112,0.23283,5,WTR
7157.5,10.7191,1.0462,2.109,0.2343,5,WTR
7158.0,11.2103,1.0462,2.1068,0.23577,5,WTR
7158.5,11.7014,1.0462,2.1484,0.24169,5,WTR
7159.0,12.6003,1.5894,2.1901,0.24761,5,WTR
7159.5,13.4992,2.1326,2.2318,0.25352,5,WTR
7160.0,23.6236,2.6758,2.2734,0.26699,5,WTR
7160.5,33.748,3.0708,2.3668,0.28045,5,WTR
7161.0,43.8724,3.4658,2.4601,0.29391,0,Non-SST
7161.5,53.9968,3.7966,2.5534,0.29392,0,Non-SST
7162.0,57.2338,4.1275,2.5534,0.2861,0,Non-SST
7162.5,60.4708,3.9843,2.5534,0.27829,0,Non-SST
7163.0,63.7079,3.8411,2.5534,0.27048,0,Non-SST
7163.5,58.657,3.6979,2.5534,0.26266,0,Non-SST
7164.0,53.6062,3.5547,2.5934,0.25485,0,Non-SST
7164.5,48.5554,3.4116,2.5934,0.24704,0,Non-SST
7165.0,50.8628,3.2684,2.5934,0.23922,0,Non-SST
7165.5,53.1701,3.1252,2.5794,0.23141,0,Non-SST
7166.0,55.4775,2.982,2.5653,0.24719,0,Non-SST
7166.5,57.7849,2.5875,2.5512,0.26297,0,Non-SST
7167.0,67.0358,2.193,2.5371,0.27875,0,Non-SST
7167.5,76.2868,1.7985,2.5231,0.29453,0,Non-SST
7168.0,85.5377,1.815,2.509,0.32356,0,Non-SST
7168.5,85.5377,1.8315,2.4949,0.35259,0,Non-SST
7169.0,85.5377,1.8481,2.4808,0.38161,0,Non-SST
7169.5,85.5377,1.8646,2.4668,0.3663,0,Non-SST
7170.0,83.2584,1.9357,2.4823,0.35099,0,Non-SST
7170.5,80.9791,2.0069,2.4979,0.33568,0,Non-SST
7171.0,78.6998,2.078,2.5134,0.32037,0,Non-SST
7171.5,76.4205,2.0069,2.5157,0.30186,0,Non-SST
7172.0,75.321,1.9357,2.5179,0.28334,0,Non-SST
7172.5,74.2215,1.8646,2.5201,0.26482,0,Non-SST
7173.0,76.4366,1.8481,2.5168,0.28974,0,Non-SST
7173.5,78.6517,1.8315,2.5134,0.31467,0,Non-SST
7174.0,80.9149,1.815,2.5101,0.33959,0,Non-SST
7174.5,78.6838,1.7985,2.5068,0.33008,0,Non-SST
7175.0,76.4527,1.7369,2.4934,0.32057,0,Non-SST
7175.5,74.2215,1.6753,2.4801,0.31106,0,Non-SST
7176.0,73.4992,1.6138,2.4668,0.30156,0,Non-SST
7176.5,72.7769,1.5995,2.4934,0.31212,0,Non-SST
7177.0,72.0546,1.5852,2.5201,0.32279,0,Non-SST
7177.5,71.5209,1.5708,2.5468,0.3469,0,Non-SST
7178.0,70.9872,1.5565,2.5284,0.39823,0,Non-SST
7178.5,70.4535,1.5381,2.5101,0.37915,0,Non-SST
7179.0,69.9197,1.5197,2.4918,0.38294,0,Non-SST
7179.5,74.3499,1.5013,2.4734,0.35672,0,Non-SST
7180.0,78.7801,1.449,2.4634,0.37162,0,Non-SST
7180.5,83.2103,1.3967,2.4534,0.36914,0,Non-SST
7181.0,84.382,1.3471,2.4434,0.36665,0,Non-SST
7181.5,85.5538,1.3232,2.4468,0.36416,0,Non-SST
7182.0,86.7255,1.2994,2.4568,0.36168,0,Non-SST
7182.5,87.8973,1.284,2.4468,0.38743,0,Non-SST
7183.0,84.8154,1.2686,2.4401,0.41319,0,Non-SST
7183.5,81.7336,1.2533,2.4434,0.43894,0,Non-SST
7184.0,78.6517,1.2384,2.4468,0.431,0,Non-SST
7184.5,80.1712,1.2236,2.4823,0.42307,0,Non-SST
7185.0,81.6907,1.2088,2.5179,0.41513,0,Non-SST
7185.5,83.2103,1.1981,2.5534,0.40231,0,Non-SST
7186.0,80.931,1.1874,2.529,0.3895,0,Non-SST
7186.5,78.6517,1.1766,2.5045,0.37668,0,Non-SST
7187.0,80.9149,1.1659,2.4801,0.38112,0,Non-SST
7187.5,79.4168,1.1659,2.5045,0.38557,0,Non-SST
7188.0,77.9187,1.1659,2.529,0.39001,0,Non-SST
7188.5,76.4205,1.1659,2.5534,0.39445,0,Non-SST
7189.0,78.6677,1.1456,2.5301,0.39962,0,Non-SST
7189.5,80.9149,1.1253,2.5068,0.40478,0,Non-SST
7190.0,80.9149,1.105,2.4834,0.40994,0,Non-SST
7190.5,85.5377,1.0847,2.4601,0.41855,0,Non-SST
7191.0,85.5377,1.1562,2.4645,0.42716,0,Non-SST
7191.5,84.374,1.2278,2.469,0.43576,0,Non-SST
7192.0,83.2103,1.2994,2.4734,0.44437,0,Non-SST
7192.5,80.9149,1.3489,2.4823,0.40229,0,Non-SST
7193.0,69.9197,1.3985,2.4912,0.36021,0,Non-SST
7193.5,69.9197,1.4481,2.5001,0.31813,0,Non-SST
7194.0,69.9197,1.3967,2.5234,0.31227,0,Non-SST
7194.5,69.9197,1.5349,2.5468,0.30641,0,Non-SST
7195.0,72.0706,1.6731,2.5701,0.30055,0,Non-SST
7195.5,74.2215,1.6435,2.5934,0.29469,0,Non-SST
7196.0,72.0706,1.6138,2.5734,0.26928,0,Non-SST
7196.5,69.9197,1.809,2.5534,0.24387,0,Non-SST
7197.0,76.2319,2.0043,2.5334,0.21846,0,Non-SST
7197.5,82.5441,1.7985,2.5534,0.24161,0,Non-SST
7198.0,88.8563,1.3967,2.5734,0.26476,0,Non-SST
7198.5,95.1685,1.6138,2.5934,0.28792,0,Non-SST
7199.0,87.4639,1.7061,2.6134,0.31107,0,Non-SST
7199.5,79.7592,1.7985,2.5645,0.29872,0,Non-SST
7200.0,72.0546,1.9332,2.5157,0.28638,0,Non-SST
7200.5,79.7592,2.0043,2.4668,0.27404,0,Non-SST
7201.0,87.4639,1.9014,2.4751,0.28404,0,Non-SST
7201.5,95.1685,1.7985,2.4834,0.29404,0,Non-SST
7202.0,93.9486,1.6731,2.4918,0.30404,0,Non-SST
7202.5,92.7287,1.5349,2.5001,0.31116,0,Non-SST
7203.0,91.5088,1.3967,2.5112,0.31828,0,Non-SST
7203.5,90.2889,1.5306,2.5223,0.3254,0,Non-SST
7204.0,77.5762,1.6645,2.5334,0.33252,0,Non-SST
7204.5,64.8636,1.7985,2.5018,0.3207,0,Non-SST
7205.0,52.1509,2.458,2.4701,0.30888,0,Non-SST
7205.5,46.5329,3.1176,2.4384,0.29706,5,WTR
7206.0,40.9149,3.7771,2.4068,0.28413,0,Non-SST
7206.5,35.297,4.4367,2.4312,0.27119,0,Non-SST
7207.0,29.679,4.7946,2.4557,0.25826,0,Non-SST
7207.5,31.1075,5.1524,2.4801,0.24778,0,Non-SST
7208.0,32.5361,5.5103,2.469,0.2373,0,Non-SST
7208.5,33.9647,5.7244,2.4579,0.22683,0,Non-SST
7209.0,33.5995,5.9386,2.4468,0.21635,0,Non-SST
7209.5,33.2343,6.1527,2.4468,0.3126,0,Non-SST
7210.0,32.8692,6.3668,2.4468,0.40885,0,Non-SST
7210.5,32.504,5.4353,2.4468,0.50511,0,Non-SST
7211.0,33.4885,4.5038,2.4468,0.44622,0,Non-SST
7211.5,34.473,3.5722,2.309,0.38734,5,WTR
7212.0,35.4575,3.1453,2.1712,0.32845,5,WTR
7212.5,44.6068,2.7184,2.0334,0.26956,5,WTR
7213.0,53.756,2.2915,2.1045,0.38187,5,WTR
7213.5,62.9053,1.8646,2.1756,0.49419,5,WTR
7214.0,72.0546,1.9112,2.2468,0.6065,0,Non-SST
7214.5,61.4125,1.9577,2.2151,0.52001,0,Non-SST
7215.0,50.7705,2.0043,2.1834,0.43352,5,WTR
7215.5,40.1284,2.1365,2.1518,0.34704,5,WTR
7216.0,37.5869,2.2688,2.1201,0.26055,5,WTR
7216.5,35.0455,2.401,2.1667,0.30439,5,WTR
7217.0,32.504,2.401,2.2134,0.34823,5,WTR
7217.5,30.1726,2.401,2.2601,0.39207,5,WTR
7218.0,27.8411,2.401,2.2568,0.35081,5,WTR
7218.5,25.5096,2.401,2.2534,0.31118,5,WTR
7219.0,23.1782,2.2688,2.2501,0.33622,5,WTR
7219.5,23.5902,2.1365,2.2468,0.3619,5,WTR
7220.0,24.0021,2.0043,2.2756,0.34982,5,WTR
7220.5,24.4141,1.9865,2.3045,0.33773,0,Non-SST
7221.0,24.0021,1.9687,2.3334,0.32564,0,Non-SST
7221.5,23.5902,1.951,2.3601,0.31355,0,Non-SST
7222.0,23.1782,1.9332,2.3868,0.30347,0,Non-SST
7222.5,27.0185,1.8883,2.409,0.29339,0,Non-SST
7223.0,30.8587,1.8434,2.4312,0.2833,5,WTR
7223.5,34.699,1.7985,2.4534,0.28331,5,WTR
7224.0,38.5393,1.6019,2.4557,0.31003,5,WTR
7224.5,46.26,1.4053,2.4579,0.32306,5,WTR
7225.0,53.9807,1.2088,2.4601,0.32904,0,Non-SST
7225.5,61.7014,1.9385,2.5023,0.33505,0,Non-SST
7226.0,53.3547,2.6681,2.5445,0.30171,0,Non-SST
7226.5,45.008,3.3978,2.5868,0.26837,0,Non-SST
7227.0,36.6613,4.1275,2.5868,0.23503,0,Non-SST
7227.5,28.3146,3.9424,2.6901,0.23503,0,Non-SST
7228.0,30.8708,3.7573,2.7468,0.19973,0,Non-SST
7228.5,33.427,3.5722,2.6101,0.16444,0,Non-SST
7229.0,35.9831,4.16,2.4734,0.12914,0,Non-SST
7229.5,38.5393,4.7477,2.5212,0.1249,0,Non-SST
7230.0,34.7191,5.3354,2.569,0.12066,0,Non-SST
7230.5,23.1782,5.9231,2.6168,0.11642,0,Non-SST
7231.0,26.9823,5.8531,2.6168,0.11218,0,Non-SST
7231.5,23.1782,5.783,2.5779,0.11005,0,Non-SST
7232.0,23.1782,5.713,2.539,0.10792,0,Non-SST
7232.5,23.7962,4.7344,2.5001,0.12909,0,Non-SST
7233.0,24.4141,3.7557,2.4768,0.15027,0,Non-SST
7233.5,32.2713,2.7771,2.4534,0.17144,0,Non-SST
7234.0,40.1284,1.7985,2.4301,0.23286,5,WTR
7234.5,47.9882,1.6817,2.4068,0.29723,5,WTR
7235.0,55.848,1.5649,2.4134,0.29364,5,WTR
7235.5,63.7079,1.4481,2.4201,0.29005,0,Non-SST
7236.0,62.381,1.4309,2.4268,0.28647,0,Non-SST
7236.5,61.054,1.4138,2.4801,0.29422,0,Non-SST
7237.0,59.7271,1.3967,2.5334,0.30197,0,Non-SST
7237.5,62.4238,1.3967,2.4634,0.30972,0,Non-SST
7238.0,65.1204,1.3967,2.3934,0.30404,0,Non-SST
7238.5,67.817,1.3967,2.4001,0.29836,0,Non-SST
7239.0,69.9679,1.3967,2.4068,0.29269,0,Non-SST
7239.5,72.1188,1.3967,2.4134,0.28701,0,Non-SST
7240.0,74.2697,1.3967,2.4379,0.29476,0,Non-SST
7240.5,76.4205,1.3967,2.4623,0.30252,0,Non-SST
7241.0,74.2536,1.3719,2.4868,0.31027,0,Non-SST
7241.5,72.0867,1.3471,2.4868,0.29974,0,Non-SST
7242.0,69.9197,1.3471,2.4868,0.29742,0,Non-SST
7242.5,71.5449,1.3471,2.4868,0.29742,0,Non-SST
7243.0,73.1701,1.3471,2.4868,0.28818,0,Non-SST
7243.5,74.7953,1.3471,2.4934,0.26993,0,Non-SST
7244.0,76.4205,1.436,2.5001,0.27712,0,Non-SST
7244.5,75.6875,1.5249,2.5068,0.28016,0,Non-SST
7245.0,74.9545,1.6138,2.5034,0.32809,0,Non-SST
7245.5,74.2215,1.509,2.5001,0.36591,0,Non-SST
7246.0,86.7175,1.4042,2.4601,0.31383,0,Non-SST
7246.5,80.9149,1.2994,2.3834,0.2643,0,Non-SST
7247.0,83.8644,1.266,2.3912,0.32228,0,Non-SST
7247.5,86.8138,1.2326,2.3445,0.38025,0,Non-SST
7248.0,89.7632,1.1993,2.3434,0.43822,0,Non-SST
7248.5,92.7127,1.1659,2.3068,0.42338,0,Non-SST
7249.0,83.6838,1.4217,2.3334,0.40854,0,Non-SST
7249.5,74.6549,1.6774,2.3101,0.39369,0,Non-SST
7250.0,65.626,1.9332,2.2868,0.32572,5,WTR
7250.5,56.5971,1.9885,2.2868,0.26208,5,WTR
7251.0,47.5682,2.0438,2.2868,0.26547,5,WTR
7251.5,38.5393,2.0991,2.2868,0.26886,5,WTR
7252.0,39.069,2.1544,2.2957,0.27225,5,WTR
7252.5,39.5987,2.361,2.3045,0.27565,5,WTR
7253.0,40.1284,2.5676,2.3134,0.27113,5,WTR
7253.5,40.5337,2.7742,2.2934,0.26661,5,WTR
7254.0,40.939,2.8252,2.2734,0.26209,5,WTR
7254.5,41.3443,2.8762,2.2534,0.25148,5,WTR
7255.0,41.7496,2.7751,2.2401,0.24593,5,WTR
7255.5,41.2092,2.6739,2.2267,0.24593,5,WTR
7256.0,40.6688,2.5727,2.2134,0.25034,5,WTR
7256.5,40.1284,2.4716,2.2001,0.25476,5,WTR
7257.0,40.5337,2.3704,2.1867,0.25917,5,WTR
7257.5,40.939,2.2693,2.1734,0.26358,5,WTR
7258.0,41.3443,2.1681,2.1964,0.26799,5,WTR
7258.5,41.7496,2.0669,2.2194,0.27241,5,WTR
7259.0,47.0947,1.9658,2.2423,0.27682,5,WTR
7259.5,52.4398,1.8646,2.2513,0.27682,5,WTR
7260.0,57.7849,1.8321,2.2603,0.30101,5,WTR
7260.5,61.3523,1.7996,2.2692,0.31983,5,WTR
7261.0,64.9197,1.7672,2.2782,0.31746,5,WTR
7261.5,68.4872,1.7347,2.2871,0.3151,5,WTR
7262.0,72.0546,1.7141,2.2961,0.31274,0,Non-SST
7262.5,76.4205,1.6936,2.3051,0.32102,0,Non-SST
7263.0,73.1701,1.6731,2.3051,0.32938,0,Non-SST
7263.5,69.9197,1.644,2.3284,0.33299,0,Non-SST
7264.0,76.4205,1.6148,2.3601,0.3366,0,Non-SST
7264.5,78.6677,1.5857,2.3801,0.327,0,Non-SST
7265.0,80.9149,1.5565,2.4001,0.31748,0,Non-SST
7265.5,79.7833,1.5204,2.4201,0.29523,0,Non-SST
7266.0,78.6517,1.4842,2.4501,0.27344,0,Non-SST
7266.5,66.7576,1.4481,2.4801,0.30688,0,Non-SST
7267.0,54.8636,2.1561,2.4101,0.34146,0,Non-SST
7267.5,42.9695,2.8642,2.3401,0.32224,0,Non-SST
7268.0,31.0754,3.5722,2.4534,0.30572,0,Non-SST
7268.5,36.4125,3.4121,2.5668,0.3112,0,Non-SST
7269.0,41.7496,3.2519,2.5301,0.31513,0,Non-SST
7269.5,44.8114,3.0917,2.4934,0.30581,0,Non-SST
7270.0,47.8732,3.0368,2.4501,0.29649,0,Non-SST
7270.5,50.935,2.982,2.4068,0.28717,0,Non-SST
7271.0,53.9968,2.8762,2.4634,0.28718,0,Non-SST
7271.5,68.55,2.078,2.4901,0.28718,0,Non-SST
7272.0,83.1033,1.7126,2.4901,0.28718,0,Non-SST
7272.5,97.6565,1.3471,2.4434,0.29875,0,Non-SST
7273.0,99.5706,1.2596,2.4268,0.31044,0,Non-SST
7273.5,101.4847,1.1722,2.4301,0.32486,0,Non-SST
7274.0,103.3989,1.0847,2.4334,0.33929,0,Non-SST
7274.5,105.313,1.0847,2.4223,0.35371,0,Non-SST
7275.0,101.1129,1.0847,2.4112,0.34803,0,Non-SST
7275.5,96.9128,1.0847,2.4001,0.34235,0,Non-SST
7276.0,92.7127,1.0847,2.3912,0.33667,0,Non-SST
7276.5,91.5088,1.242,2.3823,0.31486,0,Non-SST
7277.0,90.305,1.3992,2.3734,0.29305,0,Non-SST
7277.5,89.1011,1.5565,2.3845,0.27124,0,Non-SST
7278.0,87.8973,1.4406,2.3956,0.28353,0,Non-SST
7278.5,92.8411,1.3247,2.4068,0.29583,0,Non-SST
7279.0,97.7849,1.2088,2.4134,0.30812,0,Non-SST
7279.5,102.7287,1.1681,2.4201,0.32662,0,Non-SST
7280.0,108.0578,1.1275,2.3312,0.34512,0,Non-SST
7280.5,113.3868,1.0868,2.2423,0.36362,0,Non-SST
7281.0,118.7159,1.0462,2.1534,0.40412,0,Non-SST
7281.5,118.0297,1.1004,2.1334,0.44463,0,Non-SST
7282.0,117.3435,1.1546,2.1134,0.48513,0,Non-SST
7282.5,116.6573,1.2088,2.0934,0.51104,0,Non-SST
7283.0,115.9711,1.1945,2.0845,0.53695,0,Non-SST
7283.5,109.8662,1.1802,2.0756,0.56287,0,Non-SST
7284.0,103.7614,1.1659,2.0668,0.57834,0,Non-SST
7284.5,97.6565,1.2236,2.0223,0.59423,0,Non-SST
7285.0,92.9053,1.2813,1.9778,0.5769,0,Non-SST
7285.5,88.1541,1.339,1.9334,0.55957,0,Non-SST
7286.0,83.4029,1.3967,2.109,0.54225,0,Non-SST
7286.5,78.6517,1.3642,2.2845,0.46015,0,Non-SST
7287.0,69.8181,1.3318,2.4601,0.35871,0,Non-SST
7287.5,60.9845,1.2994,2.3934,0.33915,0,Non-SST
7288.0,52.1509,1.1907,2.3268,0.32832,5,WTR
7288.5,56.6827,1.082,2.3623,0.28039,5,WTR
7289.0,61.2146,0.9733,2.3979,0.26003,0,Non-SST
7289.5,65.7464,0.9733,2.4334,0.28641,0,Non-SST
7290.0,65.7464,0.9733,2.4184,0.31279,0,Non-SST
7290.5,65.7464,0.9733,2.4034,0.33917,0,Non-SST
7291.0,65.7464,0.9733,2.3884,0.33436,0,Non-SST
7291.5,65.7464,0.9976,2.3884,0.32956,0,Non-SST
7292.0,63.74,1.0219,2.3768,0.32476,0,Non-SST
7292.5,61.7336,1.0462,2.3868,0.3115,0,Non-SST
7293.0,59.7271,1.011,2.389,0.29825,0,Non-SST
7293.5,59.7271,0.9758,2.3912,0.285,0,Non-SST
7294.0,59.7271,0.9406,2.3934,0.31962,0,Non-SST
7294.5,59.7271,0.9054,2.3801,0.35423,0,Non-SST
7295.0,59.7271,0.8745,2.3668,0.38885,5,WTR
7295.5,59.7271,0.8435,2.3534,0.37118,5,WTR
7296.0,59.7271,0.8125,2.3423,0.35383,5,WTR
7296.5,59.7271,0.8199,2.3312,0.36551,5,WTR
7297.0,62.809,0.8274,2.3201,0.37719,5,WTR
7297.5,65.8908,0.8349,2.3045,0.38886,5,WTR
7298.0,68.9727,0.8424,2.289,0.36513,5,WTR
7298.5,72.0546,0.8745,2.2734,0.3414,5,WTR
7299.0,64.8154,0.9066,2.2712,0.31766,5,WTR
7299.5,57.5762,0.9388,2.269,0.32324,5,WTR
7300.0,50.3371,1.0914,2.2668,0.32882,5,WTR
7300.5,46.4045,1.244,2.2601,0.33439,5,WTR
7301.0,42.4719,1.3967,2.2534,0.33681,5,WTR
7301.5,38.5393,1.3187,2.2468,0.33924,5,WTR
7302.0,39.6094,1.2407,2.2901,0.34166,5,WTR
7302.5,40.6795,1.1627,2.3334,0.33446,5,WTR
7303.0,41.7496,1.0847,2.3201,0.32726,5,WTR
7303.5,40.939,1.0847,2.3068,0.32006,5,WTR
7304.0,40.1284,1.0847,2.2934,0.31651,5,WTR
7304.5,41.2199,1.0847,2.3334,0.31297,5,WTR
7305.0,42.3114,1.1268,2.3734,0.2961,5,WTR
7305.5,43.4029,1.169,2.4134,0.27923,5,WTR
7306.0,42.9896,1.2111,2.3756,0.26236,5,WTR
7306.5,42.5762,1.2533,2.3379,0.25863,5,WTR
7307.0,42.1629,1.0458,2.3001,0.25491,5,WTR
7307.5,41.7496,0.8384,2.2668,0.25119,5,WTR
7308.0,41.7496,0.631,2.2334,0.29372,5,WTR
7308.5,41.7496,0.6235,2.2001,0.33626,5,WTR
7309.0,48.5554,0.616,2.209,0.37879,5,WTR
7309.5,53.1701,0.6086,2.2179,0.38473,5,WTR
7310.0,57.7849,0.5773,2.2267,0.39067,5,WTR
7310.5,55.9069,0.5461,2.2367,0.39661,5,WTR
7311.0,54.0289,0.5461,2.2468,0.39321,5,WTR
7311.5,52.1509,0.5461,2.2623,0.38981,5,WTR
7312.0,54.9679,0.5461,2.2779,0.3864,5,WTR
7312.5,57.7849,0.5461,2.2934,0.36629,5,WTR
7313.0,57.7849,0.5461,2.3001,0.34658,5,WTR
7313.5,58.2705,0.5461,2.3068,0.35817,5,WTR
7314.0,58.756,0.5461,2.3134,0.36976,5,WTR
7314.5,59.2416,0.5461,2.329,0.38135,5,WTR
7315.0,59.7271,0.5461,2.3445,0.37717,5,WTR
7315.5,61.054,0.5461,2.3601,0.37299,0,Non-SST
7316.0,62.381,0.5461,2.3445,0.3688,5,WTR
7316.5,63.7079,0.5461,2.329,0.3798,5,WTR
7317.0,63.0391,0.5396,2.3134,0.3908,5,WTR
7317.5,62.3703,0.5332,2.3223,0.4018,5,WTR
7318.0,61.7014,0.5267,2.3312,0.39331,5,WTR
7318.5,63.7239,0.5267,2.3401,0.38482,0,Non-SST
7319.0,65.7464,0.5267,2.3201,0.37633,0,Non-SST
7319.5,65.7863,0.5267,2.3001,0.38056,5,WTR
7320.0,65.8262,0.5267,2.3068,0.38478,5,WTR
7320.5,65.866,0.5267,2.3134,0.389,5,WTR
7321.0,65.1853,0.5267,2.3201,0.389,5,WTR
7321.5,64.5045,0.5267,2.3201,0.389,5,WTR
7322.0,63.8238,0.5267,2.3201,0.38901,5,WTR
7322.5,64.5045,0.5267,2.3201,0.41876,5,WTR
7323.0,65.1853,0.5267,2.3156,0.44946,5,WTR
7323.5,65.866,0.5332,2.3112,0.42426,5,WTR
7324.0,64.5153,0.5396,2.3068,0.39906,5,WTR
7324.5,63.1645,0.5461,2.2957,0.37385,5,WTR
7325.0,61.8137,0.4929,2.2845,0.41639,5,WTR
7325.5,63.1645,0.4397,2.2734,0.45893,5,WTR
7326.0,64.5153,0.5543,2.4223,0.50147,0,Non-SST
7326.5,65.866,0.669,2.5712,0.45766,0,Non-SST
7327.0,61.8781,0.7836,2.7201,0.41486,0,Non-SST
7327.5,57.8901,0.7327,2.5901,0.40967,0,Non-SST
7328.0,63.8238,0.6819,2.4601,0.40448,0,Non-SST
7328.5,69.0902,0.631,2.4401,0.39929,0,Non-SST
7329.0,74.3566,0.655,2.4201,0.40575,0,Non-SST
7329.5,72.1857,0.6791,2.4001,0.41226,0,Non-SST
7330.0,76.5596,0.7032,2.3979,0.41139,0,Non-SST
7330.5,76.5596,0.7118,2.3956,0.41053,0,Non-SST
7331.0,76.5596,0.7204,2.3934,0.40966,0,Non-SST
7331.5,77.3047,0.729,2.4234,0.41846,0,Non-SST
7332.0,78.0498,0.7472,2.4534,0.42726,0,Non-SST
7332.5,78.7948,0.7654,2.4512,0.43605,0,Non-SST
7333.0,79.9285,0.7836,2.449,0.41036,0,Non-SST
7333.5,81.0622,0.8445,2.4468,0.38467,0,Non-SST
7334.0,81.0622,0.9054,2.4579,0.35897,0,Non-SST
7334.5,81.0622,0.8306,2.469,0.38557,0,Non-SST
7335.0,81.0622,0.7558,2.4801,0.41216,0,Non-SST
7335.5,80.3064,0.7424,2.4801,0.43875,0,Non-SST
7336.0,79.5506,0.729,2.4801,0.40969,0,Non-SST
7336.5,78.7948,0.729,2.4868,0.38148,0,Non-SST
7337.0,76.6079,0.7032,2.4934,0.38915,0,Non-SST
7337.5,74.4209,0.729,2.5001,0.39683,0,Non-SST
7338.0,72.234,0.7568,2.4779,0.40451,0,Non-SST
7338.5,70.047,0.7847,2.4557,0.40023,0,Non-SST
7339.0,66.6433,0.8125,2.4334,0.39594,0,Non-SST
7339.5,63.2396,1.2428,2.4601,0.39166,0,Non-SST
7340.0,59.8358,1.6731,2.4868,0.30143,0,Non-SST
7340.5,46.4032,1.9452,2.5134,0.21842,0,Non-SST
7341.0,45.4294,2.2173,2.5268,0.20418,0,Non-SST
7341.5,44.4557,2.4893,2.5401,0.18993,0,Non-SST
7342.0,43.4819,2.2378,2.5045,0.17569,0,Non-SST
7342.5,50.1232,1.9862,2.469,0.20992,5,WTR
7343.0,56.7644,1.7347,2.4334,0.24416,5,WTR
7343.5,63.4057,1.8245,2.4557,0.27839,0,Non-SST
7344.0,70.047,1.9144,2.4779,0.28145,0,Non-SST
7344.5,67.9404,2.0043,2.5001,0.28451,0,Non-SST
7345.0,57.8901,2.8808,2.5579,0.28756,0,Non-SST
7345.5,46.706,3.7573,2.6157,0.23837,0,Non-SST
7346.0,35.522,4.6338,2.6734,0.18918,0,Non-SST
7346.5,30.6281,5.5103,2.5268,0.13999,0,Non-SST
7347.0,25.7343,5.7712,2.3801,0.15067,5,WTR
7347.5,20.8404,6.032,2.3712,0.16135,5,WTR
7348.0,20.8404,5.713,2.3623,0.17202,5,WTR
7348.5,20.8404,5.8398,2.3534,0.17202,5,WTR
7349.0,20.8404,5.9667,2.4068,0.17066,0,Non-SST
7349.5,20.8404,6.0936,2.4601,0.16929,0,Non-SST
7350.0,20.8404,6.2204,2.5134,0.16792,0,Non-SST
7350.5,25.7289,6.3473,2.3808,0.16655,5,WTR
7351.0,27.731,6.4741,2.2482,0.16519,1,Gas
7351.5,29.733,6.601,2.1156,0.20085,1,Gas
7352.0,31.1481,7.627,2.1156,0.23652,5,WTR
7352.5,32.5632,7.9075,2.1859,0.27219,5,WTR
7353.0,33.2948,8.7906,2.2561,0.27219,5,WTR
7353.5,34.0265,9.6736,2.3263,0.2618,5,WTR
7354.0,28.3661,10.5567,2.3965,0.25141,0,Non-SST
7354.5,24.0324,10.4319,2.4668,0.24102,0,Non-SST
7355.0,19.6987,10.3071,2.3784,0.23063,0,Non-SST
7355.5,25.4153,10.1822,2.2901,0.22025,5,WTR
7356.0,31.132,10.0016,2.2018,0.20986,5,WTR
7356.5,30.6657,9.821,2.1134,0.24828,5,WTR
7357.0,30.1993,9.6468,2.1058,0.2867,5,WTR
7357.5,29.733,9.4726,2.0982,0.32511,5,WTR
7358.0,27.9748,8.9862,2.0906,0.30805,5,WTR
7358.5,26.2167,8.4999,2.0829,0.29099,5,WTR
7359.0,24.4586,7.7977,2.0753,0.27392,5,WTR
7359.5,25.3162,7.0955,2.0677,0.36656,5,WTR
7360.0,26.1738,6.3029,2.0601,0.4592,0,Non-SST
7360.5,27.0315,5.5103,2.1534,0.55184,0,Non-SST
7361.0,24.5872,4.9444,2.2468,0.4904,0,Non-SST
7361.5,22.143,4.5999,2.3401,0.42896,0,Non-SST
7362.0,19.6987,4.4396,2.3368,0.36752,0,Non-SST
7362.5,19.3289,4.2793,2.3334,0.30607,0,Non-SST
7363.0,18.959,4.7572,2.4001,0.24463,0,Non-SST
7363.5,18.5891,5.2351,2.4668,0.18319,0,Non-SST
7364.0,18.5891,5.713,2.5334,0.18319,0,Non-SST
7364.5,18.5891,6.009,2.5462,0.16882,0,Non-SST
7365.0,20.1329,6.305,2.559,0.15444,0,Non-SST
7365.5,21.6766,6.601,2.5718,0.14007,0,Non-SST
7366.0,23.2204,7.3381,2.5845,0.11669,0,Non-SST
7366.5,23.2204,8.0753,2.5973,0.09331,0,Non-SST
7367.0,23.2204,8.8125,2.6101,0.06994,0,Non-SST
7367.5,23.2204,7.7793,2.6101,0.08492,0,Non-SST
7368.0,27.3209,6.7462,2.6023,0.0999,0,Non-SST
7368.5,31.4214,5.713,2.5945,0.11489,0,Non-SST
7369.0,35.522,4.6689,2.5868,0.13484,0,Non-SST
7369.5,42.3402,3.6249,2.5734,0.15476,0,Non-SST
7370.0,49.1583,2.5809,2.5601,0.17243,0,Non-SST
7370.5,55.9765,3.1423,2.5468,0.1901,0,Non-SST
7371.0,51.2595,3.7036,2.529,0.20777,0,Non-SST
7371.5,46.5425,3.1372,2.5112,0.20634,0,Non-SST
7372.0,41.8256,2.5707,2.4934,0.20491,5,WTR
7372.5,46.891,2.0043,2.4779,0.20348,5,WTR
7373.0,57.8901,1.8741,2.4623,0.24967,0,Non-SST
7373.5,63.8238,1.744,2.4468,0.29586,0,Non-SST
7374.0,60.5809,1.6138,2.4601,0.34206,0,Non-SST
7374.5,57.338,1.6753,2.4734,0.32936,0,Non-SST
7375.0,54.0951,1.7369,2.4868,0.31666,0,Non-SST
7375.5,50.5573,1.7985,2.5401,0.30396,0,Non-SST
7376.0,47.0196,2.1237,2.5934,0.27047,0,Non-SST
7376.5,43.4819,2.449,2.5934,0.23699,0,Non-SST
7377.0,41.8577,2.7742,2.5934,0.2035,0,Non-SST
7377.5,40.2336,2.7742,2.5934,0.19282,0,Non-SST
7378.0,38.6095,2.7742,2.5734,0.18219,0,Non-SST
7378.5,40.2175,2.7742,2.5534,0.19578,0,Non-SST
7379.0,41.8256,2.6318,2.5334,0.20937,0,Non-SST
7379.5,38.7381,2.4893,2.5823,0.22295,0,Non-SST
7380.0,35.6506,2.3158,2.6312,0.21433,0,Non-SST
7380.5,32.5632,2.6758,2.6801,0.20572,0,Non-SST
7381.0,29.8616,3.4016,2.6534,0.1971,0,Non-SST
7381.5,27.1601,4.1275,2.6268,0.17951,0,Non-SST
7382.0,24.4586,3.7104,2.6001,0.16192,0,Non-SST
7382.5,31.936,3.2933,2.5823,0.14432,0,Non-SST
7383.0,39.4135,2.8762,2.5645,0.17565,0,Non-SST
7383.5,46.891,2.6894,2.5468,0.20697,0,Non-SST
7384.0,48.6759,2.5026,2.5668,0.23829,0,Non-SST
7384.5,50.4608,2.3158,2.5868,0.24198,0,Non-SST
7385.0,52.2458,2.4958,2.5801,0.24566,0,Non-SST
7385.5,47.1804,2.6758,2.5734,0.24935,0,Non-SST
7386.0,42.115,3.2627,2.5668,0.21995,0,Non-SST
7386.5,37.0496,3.8497,2.6001,0.19054,0,Non-SST
7387.0,34.8064,4.4367,2.6334,0.16113,0,Non-SST
7387.5,32.5632,4.3842,2.6668,0.14363,0,Non-SST
7388.0,32.5632,4.3318,2.6112,0.12613,0,Non-SST
7388.5,32.5632,4.2793,2.5557,0.10863,0,Non-SST
7389.0,32.5632,3.5455,2.5001,0.15484,0,Non-SST
7389.5,35.1093,2.8118,2.549,0.20142,0,Non-SST
7390.0,37.6553,2.078,2.5979,0.2108,0,Non-SST
7390.5,40.2014,2.3441,2.6468,0.22017,0,Non-SST
7391.0,37.6553,2.6102,2.6157,0.22955,0,Non-SST
7391.5,35.1093,2.8762,2.5845,0.22665,0,Non-SST
7392.0,32.5632,2.3352,2.5534,0.22374,0,Non-SST
7392.5,39.7405,1.7943,2.5157,0.22084,0,Non-SST
7393.0,46.9178,1.2533,2.4779,0.26618,5,WTR
7393.5,54.0951,1.0478,2.4401,0.31151,5,WTR
7394.0,59.4124,0.8424,2.4368,0.35684,0,Non-SST
7394.5,64.7297,0.8324,2.4334,0.34713,0,Non-SST
7395.0,70.047,0.8224,2.4268,0.33742,0,Non-SST
7395.5,70.047,0.8125,2.4201,0.32771,0,Non-SST
7396.0,70.047,0.8029,2.4134,0.34323,0,Non-SST
7396.5,70.7599,0.7933,2.4068,0.35875,0,Non-SST
7397.0,71.4728,0.7836,2.4001,0.37427,0,Non-SST
7397.5,72.1857,0.7933,2.3934,0.38183,0,Non-SST
7398.0,72.9093,0.8029,2.4112,0.38945,0,Non-SST
7398.5,73.633,0.8125,2.429,0.39115,0,Non-SST
7399.0,74.3566,0.8125,2.4468,0.39286,0,Non-SST
7399.5,73.633,0.8125,2.4534,0.39457,0,Non-SST
7400.0,72.9093,0.8125,2.4601,0.39543,0,Non-SST
7400.5,72.1857,0.8125,2.4668,0.39628,0,Non-SST
7401.0,73.6437,0.8125,2.4768,0.39714,0,Non-SST
7401.5,75.1016,0.8125,2.4868,0.398,0,Non-SST
7402.0,76.5596,0.798,2.4868,0.39886,0,Non-SST
7402.5,75.1016,0.7836,2.4868,0.39972,0,Non-SST
7403.0,73.6437,0.7836,2.4868,0.41139,0,Non-SST
7403.5,72.1857,0.7836,2.4645,0.4232,0,Non-SST
7404.0,72.1857,0.7836,2.4423,0.42717,0,Non-SST
7404.5,72.1857,0.7744,2.4201,0.43115,0,Non-SST
7405.0,72.9093,0.7651,2.429,0.43649,0,Non-SST
7405.5,73.633,0.7558,2.4379,0.41794,0,Non-SST
7406.0,74.3566,0.7558,2.4468,0.41795,0,Non-SST
7406.5,74.3566,0.7558,2.4501,0.39975,0,Non-SST
7407.0,74.3566,0.7558,2.4534,0.40492,0,Non-SST
7407.5,74.3566,0.8283,2.4445,0.42175,0,Non-SST
7408.0,68.8678,0.9008,2.4357,0.43859,0,Non-SST
7408.5,63.3789,0.9733,2.4268,0.45543,0,Non-SST
7409.0,57.8901,0.9852,2.4301,0.42924,0,Non-SST
7409.5,57.8901,0.9971,2.5579,0.40305,0,Non-SST
7410.0,57.8901,1.0091,2.5579,0.37686,0,Non-SST
7410.5,57.8901,1.9955,2.7346,0.29449,0,Non-SST
7411.0,55.403,2.982,2.7868,0.21212,0,Non-SST
7411.5,52.9158,2.3767,2.6568,0.12976,0,Non-SST
7412.0,50.4287,1.7713,2.5268,0.1926,0,Non-SST
7412.5,61.8137,1.1659,2.4957,0.25544,0,Non-SST
7413.0,59.2408,1.2104,2.4645,0.31828,0,Non-SST
7413.5,56.6679,1.2549,2.4334,0.30359,0,Non-SST
7414.0,54.0951,1.2994,2.449,0.2889,5,WTR
7414.5,56.6679,1.2411,2.4645,0.27421,0,Non-SST
7415.0,59.2408,1.1828,2.4801,0.28187,0,Non-SST
7415.5,61.8137,1.1245,2.4268,0.28952,0,Non-SST
7416.0,72.9898,1.0626,2.3734,0.29718,0,Non-SST
7416.5,84.1657,1.0007,2.3201,0.35205,0,Non-SST
7417.0,95.3418,0.9388,2.3334,0.41017,0,Non-SST
7417.5,93.7122,0.9503,2.3468,0.41631,0,Non-SST
7418.0,92.0827,0.9618,2.3601,0.42244,0,Non-SST
7418.5,90.4532,0.9733,2.3645,0.42858,0,Non-SST
7419.0,86.5671,0.9394,2.369,0.39821,0,Non-SST
7419.5,82.681,0.9054,2.3734,0.36784,0,Non-SST
7420.0,78.7948,0.8445,2.3801,0.33747,0,Non-SST
7420.5,78.7948,0.7836,2.3868,0.3448,0,Non-SST
7421.0,78.7948,0.7836,2.3934,0.35213,0,Non-SST
7421.5,77.6772,0.7836,2.4101,0.35947,0,Non-SST
7422.0,76.5596,0.7836,2.4268,0.35701,0,Non-SST
7422.5,76.5596,0.7744,2.449,0.35455,0,Non-SST
7423.0,76.5596,0.7651,2.4712,0.35209,0,Non-SST
7423.5,76.5596,0.7558,2.4934,0.36374,0,Non-SST
7424.0,76.5596,0.7558,2.4779,0.3754,0,Non-SST
7424.5,76.5596,0.7558,2.4623,0.38706,0,Non-SST
7425.0,76.5596,0.7558,2.4468,0.3896,0,Non-SST
7425.5,76.5596,0.7651,2.4357,0.39216,0,Non-SST
7426.0,76.5596,0.7744,2.4245,0.39387,0,Non-SST
7426.5,76.5596,0.7836,2.4134,0.39558,0,Non-SST
7427.0,76.5596,0.798,2.4179,0.39729,0,Non-SST
7427.5,76.5596,0.8125,2.4223,0.39815,0,Non-SST
7428.0,76.5596,0.8328,2.4268,0.39901,0,Non-SST
7428.5,78.0605,0.853,2.4179,0.39988,0,Non-SST
7429.0,79.5613,0.8733,2.409,0.4221,0,Non-SST
7429.5,81.0622,0.8733,2.4001,0.44432,0,Non-SST
7430.0,81.0622,0.8733,2.409,0.46654,0,Non-SST
7430.5,81.0622,0.8951,2.4179,0.44091,0,Non-SST
7431.0,81.0622,0.9169,2.4268,0.41528,0,Non-SST
7431.5,78.8109,0.9388,2.4334,0.38964,0,Non-SST
7432.0,76.5596,1.1263,2.4401,0.38209,0,Non-SST
7432.5,78.827,1.3138,2.4134,0.37453,0,Non-SST
7433.0,81.0944,1.5013,2.3868,0.36697,0,Non-SST
7433.5,83.3617,1.4836,2.3601,0.30544,0,Non-SST
7434.0,81.0622,1.4658,2.3956,0.24737,0,Non-SST
7434.5,83.3617,1.4481,2.4312,0.27343,0,Non-SST
7435.0,86.9798,1.3402,2.4668,0.29948,0,Non-SST
7435.5,90.598,1.2324,2.4779,0.32554,0,Non-SST
7436.0,94.2161,1.1245,2.489,0.33936,0,Non-SST
7436.5,97.8342,1.1245,2.5001,0.35318,0,Non-SST
7437.0,89.0542,1.1245,2.4845,0.367,0,Non-SST
7437.5,80.2742,1.1245,2.469,0.34145,0,Non-SST
7438.0,71.4942,1.2606,2.4534,0.3159,0,Non-SST
7438.5,72.5073,1.3967,2.4645,0.29036,0,Non-SST
7439.0,73.5204,1.306,2.4757,0.29892,0,Non-SST
7439.5,74.5335,1.2153,2.4868,0.30749,0,Non-SST
7440.0,75.5465,1.1245,2.4634,0.31606,0,Non-SST
7440.5,76.5596,1.0918,2.4401,0.32892,0,Non-SST
7441.0,78.827,1.059,2.4512,0.34179,0,Non-SST
7441.5,81.0944,1.0672,2.4623,0.35465,0,Non-SST
7442.0,83.3617,1.0754,2.4734,0.3567,0,Non-SST
7442.5,83.3617,1.0836,2.4757,0.41773,0,Non-SST
7443.0,83.3617,1.0918,2.4779,0.41773,0,Non-SST
7443.5,83.3617,1.1,2.4801,0.3942,0,Non-SST
7444.0,78.2213,1.1082,2.469,0.37066,0,Non-SST
7444.5,73.0809,1.1164,2.4579,0.34713,0,Non-SST
7445.0,67.9404,1.1245,2.4468,0.3236,0,Non-SST
7445.5,66.9032,1.1245,2.4868,0.30006,0,Non-SST
7446.0,65.866,1.1115,2.5268,0.27653,0,Non-SST
7446.5,66.9193,1.0984,2.5668,0.25299,0,Non-SST
7447.0,67.9726,1.0854,2.5668,0.26833,0,Non-SST
7447.5,69.0259,1.0723,2.5923,0.26758,0,Non-SST
7448.0,70.0791,1.0592,2.6179,0.29093,0,Non-SST
7448.5,71.1324,1.0462,2.6434,0.31428,0,Non-SST
7449.0,72.1857,1.1801,2.669,0.33763,0,Non-SST
7449.5,66.9997,1.3141,2.6946,0.2824,0,Non-SST
7450.0,61.8137,1.4481,2.7201,0.22717,0,Non-SST
7450.5,58.6244,1.4481,2.5501,0.17193,0,Non-SST
7451.0,55.4351,1.4481,2.4168,0.2068,5,WTR
7451.5,52.2458,1.4481,2.4168,0.24167,5,WTR
7452.0,61.1464,1.3402,2.4201,0.27654,0,Non-SST
7452.5,70.047,1.2324,2.3868,0.31141,0,Non-SST
7453.0,71.4835,1.1245,2.4068,0.30596,0,Non-SST
7453.5,72.9201,1.2119,2.4268,0.30051,0,Non-SST
7454.0,74.3566,1.2994,2.4468,0.29506,0,Non-SST
7454.5,78.1355,1.2341,2.4751,0.30632,0,Non-SST
7455.0,81.9145,1.1689,2.5034,0.31757,0,Non-SST
7455.5,85.6934,1.1037,2.5318,0.32883,0,Non-SST
7456.0,83.3939,1.0385,2.5601,0.34008,0,Non-SST
7456.5,81.0944,0.9733,2.5384,0.34436,0,Non-SST
7457.0,78.7948,0.9507,2.5168,0.34864,0,Non-SST
7457.5,78.7948,0.9281,2.4951,0.35292,0,Non-SST
7458.0,78.7948,0.9054,2.4734,0.3572,0,Non-SST
7458.5,78.7948,1.2596,2.4623,0.29335,0,Non-SST
7459.0,65.3997,1.6138,2.4512,0.2295,0,Non-SST
7459.5,52.0046,1.5249,2.4401,0.16565,5,WTR
7460.0,38.6095,1.436,2.4268,0.19115,5,WTR
7460.5,45.4276,1.3471,2.4134,0.21665,5,WTR
7461.0,52.2458,1.4558,2.4001,0.24215,5,WTR
7461.5,49.3245,1.5645,2.3868,0.26765,5,WTR
7462.0,46.4032,1.6731,2.3645,0.2602,5,WTR
7462.5,43.4819,1.8336,2.3423,0.25275,5,WTR
7463.0,45.2025,1.994,2.3201,0.2453,5,WTR
7463.5,46.9231,2.1544,2.3184,0.23654,5,WTR
7464.0,48.6437,2.2082,2.3168,0.22778,5,WTR
7464.5,49.8444,2.262,2.3151,0.21901,5,WTR
7465.0,51.0451,2.3158,2.3134,0.22619,5,WTR
7465.5,52.2458,2.0094,2.3368,0.23337,5,WTR
7466.0,57.4773,1.7031,2.3601,0.24055,5,WTR
7466.5,62.7089,1.3967,2.4334,0.24773,0,Non-SST
7467.0,67.9404,1.348,2.4268,0.25491,0,Non-SST
7467.5,67.249,1.2994,2.4201,0.26208,0,Non-SST
7468.0,66.5575,1.3667,2.4134,0.26926,0,Non-SST
7468.5,65.866,1.434,2.4112,0.27644,0,Non-SST
7469.0,64.8449,1.5013,2.409,0.28362,0,Non-SST
7469.5,63.8238,1.4664,2.4068,0.28439,0,Non-SST
7470.0,64.5045,1.4316,2.4082,0.28515,0,Non-SST
7470.5,65.1853,1.3967,2.4097,0.28592,0,Non-SST
7471.0,65.866,1.2799,2.4112,0.30213,0,Non-SST
7471.5,67.9726,1.163,2.4127,0.3186,0,Non-SST
7472.0,70.0791,1.0462,2.4142,0.31333,0,Non-SST
7472.5,72.1857,1.1465,2.4156,0.30807,0,Non-SST
7473.0,68.7284,1.2468,2.4171,0.30281,0,Non-SST
7473.5,65.2711,1.3471,2.4186,0.30481,0,Non-SST
7474.0,61.8137,1.3636,2.4201,0.30682,0,Non-SST
7474.5,63.1645,1.3802,2.4201,0.31234,0,Non-SST
7475.0,64.5153,1.3967,2.4201,0.31786,0,Non-SST
7475.5,65.866,1.325,2.246,0.32337,5,WTR
7476.0,63.856,1.2533,2.0719,0.33175,5,WTR
7476.5,61.8459,1.2104,1.8979,0.3402,5,WTR
7477.0,59.8358,1.1674,2.0341,0.39821,5,WTR
7477.5,61.1652,1.1245,2.1467,0.45621,5,WTR
7478.0,62.4945,0.9927,2.2045,0.51422,5,WTR
7478.5,63.8238,0.8609,2.2623,0.46233,5,WTR
7479.0,64.8449,0.729,2.3201,0.41045,5,WTR
7479.5,65.866,0.7568,2.3768,0.35856,0,Non-SST
7480.0,60.7203,0.7847,2.4334,0.35856,0,Non-SST
7480.5,55.5745,0.8125,2.4112,0.31628,5,WTR
7481.0,50.4287,0.8125,2.389,0.28025,5,WTR
7481.5,56.9681,0.8125,2.3668,0.28025,5,WTR
7482.0,63.5076,0.8125,2.2445,0.30804,5,WTR
7482.5,70.047,0.8224,2.1223,0.33179,5,WTR
7483.0,67.9726,0.8324,2.0001,0.38739,5,WTR
7483.5,65.8982,0.8424,2.0734,0.41317,5,WTR
7484.0,63.8238,0.9231,2.2301,0.53572,5,WTR
7484.5,67.3347,1.0039,2.2045,0.50553,5,WTR
7485.0,70.8457,1.0847,2.2334,0.50553,5,WTR
7485.5,74.3566,1.0595,2.2334,0.4766,0,Non-SST
7486.0,74.3566,1.0343,2.4101,0.524,0,Non-SST
7486.5,74.3566,1.0091,2.4101,0.524,0,Non-SST
7487.0,74.3566,0.9739,2.4934,0.44371,0,Non-SST
7487.5,68.0852,0.9388,2.4801,0.35614,0,Non-SST
7488.0,61.8137,0.9503,2.4801,0.33382,0,Non-SST
7488.5,61.8137,0.9618,2.4201,0.32225,0,Non-SST
7489.0,61.8137,0.9733,2.3568,0.29293,5,WTR
7489.5,59.2408,1.0104,2.3579,0.29641,5,WTR
7490.0,56.6679,1.0475,2.3568,0.29641,5,WTR
7490.5,54.0951,1.0847,2.3934,0.28603,5,WTR
7491.0,58.3629,1.098,2.4134,0.28948,0,Non-SST
7491.5,62.6306,1.1113,2.4134,0.28948,0,Non-SST
7492.0,61.0504,1.1245,2.4368,0.29411,0,Non-SST
7492.5,59.4703,1.1828,2.4734,0.28374,0,Non-SST
7493.0,57.8901,1.2411,2.4579,0.27348,0,Non-SST
7493.5,59.198,1.2994,2.4501,0.26331,0,Non-SST
7494.0,60.5059,1.2411,2.4734,0.28146,0,Non-SST
7494.5,61.8137,1.1828,2.5001,0.29992,0,Non-SST
7495.0,63.856,1.1245,2.5001,0.31258,0,Non-SST
7495.5,65.8982,1.0668,2.4001,0.32523,0,Non-SST
7496.0,67.9404,1.0091,2.3201,0.33789,5,WTR
7496.5,72.25,0.9739,2.1634,0.3525,5,WTR
7497.0,76.5596,0.9388,2.0067,0.36734,0,Non-SST
7497.5,75.1016,0.9221,2.1223,0.45053,0,Non-SST
7498.0,73.6437,0.9054,2.2379,0.52494,0,Non-SST
7498.5,72.1857,0.906,2.3534,0.50299,0,Non-SST
7499.0,72.1857,0.9575,2.3934,0.46974,0,Non-SST
7499.5,72.1857,1.0091,2.4334,0.42419,0,Non-SST
7500.0,72.1857,1.0214,2.4301,0.37864,0,Non-SST
7500.5,68.7284,1.0338,2.4268,0.33309,0,Non-SST
7501.0,65.2711,1.0462,2.4112,0.32351,0,Non-SST
7501.5,61.8137,0.9993,2.3956,0.31403,0,Non-SST
7502.0,59.868,0.9524,2.3801,0.31639,5,WTR
7502.5,57.9222,0.9054,2.3534,0.31876,5,WTR
7503.0,55.9765,0.8306,2.3268,0.32195,5,WTR
7503.5,56.6143,0.7558,2.3101,0.32513,5,WTR
7504.0,57.2522,0.7469,2.2934,0.32831,5,WTR
7504.5,57.8901,0.738,2.3201,0.34157,5,WTR
7505.0,56.6251,0.729,2.3468,0.35501,5,WTR
7505.5,55.3601,0.7568,2.329,0.33071,5,WTR
7506.0,54.0951,0.7847,2.3112,0.30699,5,WTR
7506.5,54.0951,0.8125,2.2934,0.30349,5,WTR
7507.0,54.0951,0.8125,2.2568,0.29999,5,WTR
7507.5,54.0951,0.8125,2.2201,0.29613,5,WTR
7508.0,53.1704,0.8125,2.2468,0.29228,5,WTR
7508.5,52.2458,0.9446,2.2734,0.28842,5,WTR
7509.0,45.6849,1.0767,2.2167,0.25666,5,WTR
7509.5,39.1241,1.2088,2.1601,0.22575,5,WTR
7510.0,32.5632,1.3063,2.1845,0.23755,5,WTR
7510.5,31.6198,1.4038,2.209,0.24935,5,WTR
7511.0,30.6764,1.5013,2.2334,0.26115,5,WTR
7511.5,29.733,1.5586,2.1834,0.24936,5,WTR
7512.0,29.2774,1.6159,2.1334,0.23756,5,WTR
7512.5,28.8218,1.6731,2.1134,0.22577,5,WTR
7513.0,28.3661,1.737,2.0934,0.21784,5,WTR
7513.5,27.9212,1.8008,2.1179,0.20992,5,WTR
7514.0,27.4764,1.8646,2.1423,0.20199,5,WTR
7514.5,27.0315,1.8315,2.1667,0.21652,5,WTR
7515.0,27.4764,1.7985,2.169,0.23104,5,WTR
7515.5,27.9212,1.7985,2.1712,0.24556,5,WTR
7516.0,28.3661,1.7985,2.1734,0.24889,5,WTR
7516.5,27.0475,1.7985,2.1645,0.25223,5,WTR
7517.0,25.7289,1.8434,2.1556,0.25149,5,WTR
7517.5,24.8927,1.8883,2.1467,0.25075,5,WTR
7518.0,24.0565,1.9332,2.1601,0.25001,5,WTR
7518.5,23.2204,1.9103,2.1734,0.25826,5,WTR
7519.0,24.0565,1.8875,2.1867,0.2665,5,WTR
7519.5,24.8927,1.8646,2.2356,0.27475,5,WTR
7520.0,25.7289,1.8875,2.2845,0.24623,5,WTR
7520.5,25.7289,1.9103,2.3334,0.21772,5,WTR
7521.0,25.7289,1.9332,2.2756,0.1892,5,WTR
7521.5,25.7289,1.8465,2.2179,0.20432,5,WTR
7522.0,25.7289,1.7598,2.1601,0.21945,5,WTR
7522.5,25.7289,1.6731,2.1867,0.23457,5,WTR
7523.0,25.7289,1.7039,2.2134,0.24047,5,WTR
7523.5,26.1631,1.7347,2.2045,0.24637,5,WTR
7524.0,26.5973,1.8746,2.1956,0.25227,5,WTR
7524.5,27.0315,2.0145,2.1867,0.32126,5,WTR
7525.0,27.0315,2.1544,2.2534,0.3953,5,WTR
7525.5,27.0315,1.7381,2.3201,0.4681,0,Non-SST
7526.0,37.9662,1.3218,2.3868,0.5409,0,Non-SST
7526.5,48.901,0.9054,2.469,0.6137,0,Non-SST
7527.0,59.8358,1.0066,2.5512,0.51941,0,Non-SST
7527.5,61.8298,1.1077,2.6334,0.42512,0,Non-SST
7528.0,63.8238,1.2088,2.5912,0.33083,0,Non-SST
7528.5,66.9354,1.2088,2.549,0.32293,0,Non-SST
7529.0,70.047,1.2088,2.5068,0.31502,0,Non-SST
7529.5,70.9797,1.2088,2.4823,0.30712,0,Non-SST
7530.0,71.9123,1.3063,2.4579,0.31906,0,Non-SST
7530.5,72.845,1.4038,2.4334,0.33099,0,Non-SST
7531.0,73.7777,1.5013,2.2968,0.34293,0,Non-SST
7531.5,74.7104,1.8279,2.1601,0.40245,0,Non-SST
7532.0,75.643,2.1544,2.2512,0.46198,0,Non-SST
7532.5,76.5757,2.0358,2.3423,0.52151,0,Non-SST
7533.0,76.5677,1.9171,2.4334,0.44927,0,Non-SST
7533.5,76.5596,1.7985,2.4712,0.37704,0,Non-SST
7534.0,72.3143,1.8134,2.509,0.3048,0,Non-SST
7534.5,68.0691,1.8284,2.5468,0.28511,0,Non-SST
7535.0,63.8238,1.8434,2.5201,0.26577,0,Non-SST
7535.5,64.5045,1.7347,2.4934,0.28244,0,Non-SST
7536.0,65.1853,1.6391,2.4668,0.29937,0,Non-SST
7536.5,65.866,1.5436,2.4334,0.29976,0,Non-SST
7537.0,67.2597,1.4481,2.4001,0.30015,0,Non-SST
7537.5,68.6533,1.4812,2.3668,0.32952,0,Non-SST
7538.0,70.047,1.5143,2.3645,0.35889,0,Non-SST
7538.5,70.5817,1.5475,2.3623,0.38826,0,Non-SST
7539.0,71.1163,1.5806,2.3601,0.41763,0,Non-SST
7539.5,71.651,1.6138,2.2918,0.447,0,Non-SST
7540.0,72.1857,1.5565,2.2234,0.47637,0,Non-SST
7540.5,72.7284,1.5204,2.2918,0.50574,0,Non-SST
7541.0,73.2712,1.4842,2.3601,0.45761,0,Non-SST
7541.5,73.8139,1.4481,2.2901,0.4083,0,Non-SST
7542.0,74.3566,1.6098,2.2201,0.39976,0,Non-SST
7542.5,69.7616,1.7715,2.1501,0.39121,5,WTR
7543.0,65.1665,1.9332,2.0801,0.38267,5,WTR
7543.5,60.5715,1.9687,2.0101,0.48087,0,Non-SST
7544.0,55.9765,2.0043,1.9401,0.57906,0,Non-SST
7544.5,60.6667,1.7985,1.8701,0.67726,0,Non-SST
7545.0,65.3568,1.7242,2.1651,0.65541,0,Non-SST
7545.5,70.047,1.6499,2.4601,0.63356,0,Non-SST
7546.0,71.1244,1.5756,2.2968,0.61171,0,Non-SST
7546.5,72.2018,1.5013,2.1334,0.5599,0,Non-SST
7547.0,73.2792,1.3757,2.229,0.5081,0,Non-SST
7547.5,74.3566,1.2501,2.3245,0.45629,0,Non-SST
7548.0,74.7238,1.1245,2.4201,0.45492,0,Non-SST
7548.5,75.0909,1.2326,2.4423,0.45356,0,Non-SST
7549.0,75.4581,1.3405,2.4645,0.3925,0,Non-SST
7549.5,75.8253,1.4485,2.4868,0.33143,0,Non-SST
7550.0,76.1925,1.5565,2.4779,0.27037,0,Non-SST
7550.5,76.5596,1.5294,2.469,0.28344,0,Non-SST
7551.0,75.6848,1.5023,2.4601,0.29651,0,Non-SST
7551.5,74.8101,1.4752,2.469,0.30958,0,Non-SST
7552.0,73.9353,1.4481,2.4779,0.30338,0,Non-SST
7552.5,73.0605,1.665,2.4868,0.29717,0,Non-SST
7553.0,72.1857,1.8819,2.549,0.29096,0,Non-SST
7553.5,64.3384,2.0989,2.6112,0.27737,0,Non-SST
7554.0,56.4911,2.3158,2.6734,0.26378,0,Non-SST
7554.5,48.6437,2.4042,2.5701,0.25019,0,Non-SST
7555.0,46.9231,2.4925,2.4668,0.24946,5,WTR
7555.5,45.2025,2.5809,2.4423,0.24872,5,WTR
7556.0,43.4819,2.4513,2.4179,0.24798,5,WTR
7556.5,44.6182,2.3218,2.3934,0.26588,5,WTR
7557.0,45.7546,2.1923,2.3734,0.28408,5,WTR
7557.5,46.891,2.0627,2.3534,0.28485,5,WTR
7558.0,49.8551,1.9332,2.3334,0.28561,5,WTR
7558.5,45.1864,1.9103,2.3579,0.28638,5,WTR
7559.0,50.5815,1.8875,2.3823,0.28638,5,WTR
7559.5,55.9765,1.8646,2.4068,0.28639,0,Non-SST
7560.0,59.273,1.8426,2.4201,0.28639,0,Non-SST
7560.5,62.5695,1.8205,2.4334,0.29492,0,Non-SST
7561.0,65.866,1.7985,2.4468,0.30346,0,Non-SST
7561.5,60.1253,2.7887,2.089,0.31199,5,WTR
7562.0,54.3845,3.7789,1.7312,0.4662,0,Non-SST
7562.5,48.6437,4.769,1.3734,0.62041,0,Non-SST
7563.0,36.6316,7.101,1.3167,0.77462,0,Non-SST
7563.5,24.6194,9.433,1.26,0.75326,0,Non-SST
7564.0,12.6072,11.7649,1.2689,0.73191,0,Non-SST
7564.5,16.1529,11.3257,1.2778,0.71055,0,Non-SST
7565.0,19.6987,10.8866,1.2867,0.77598,0,Non-SST
7565.5,17.5117,10.4474,1.6312,0.84142,0,Non-SST
7566.0,25.7691,6.601,1.9756,0.90685,0,Non-SST
7566.5,34.0265,5.0933,2.3201,0.63827,0,Non-SST
7567.0,59.8358,3.5857,2.3201,0.41366,0,Non-SST
7567.5,64.9414,2.078,2.3201,0.39178,0,Non-SST
7568.0,70.047,1.9431,2.3201,0.36989,0,Non-SST
7568.5,76.5596,1.8081,2.3156,0.34801,0,Non-SST
7569.0,72.1857,1.6731,2.3112,0.33917,0,Non-SST
7569.5,69.0259,1.8336,2.3068,0.33034,0,Non-SST
7570.0,65.866,1.994,2.3356,0.32151,0,Non-SST
7570.5,55.9765,2.1544,2.3645,0.28679,5,WTR
7571.0,49.7292,2.2661,2.3934,0.25207,5,WTR
7571.5,43.4819,2.3777,2.4468,0.21735,5,WTR
7572.0,54.0951,2.4893,2.5001,0.23658,0,Non-SST
7572.5,59.9805,1.7347,2.3912,0.2558,5,WTR
7573.0,65.866,1.8339,2.2823,0.27503,5,WTR
7573.5,63.8238,1.9332,2.1734,0.24437,5,WTR
7574.0,43.4819,3.0917,2.2534,0.21372,5,WTR
7574.5,43.4819,3.0917,2.3334,0.18306,5,WTR
7575.0,43.4819,2.5124,2.4134,0.21524,5,WTR
7575.5,65.866,1.9332,2.4134,0.24742,0,Non-SST
7576.0,70.1113,1.5565,2.4134,0.2796,0,Non-SST
7576.5,74.3566,1.4766,2.4134,0.30405,0,Non-SST
7577.0,76.5596,1.3967,2.4534,0.3285,0,Non-SST
7577.5,77.6772,1.2994,2.4934,0.35296,0,Non-SST
7578.0,78.7948,1.2541,2.5334,0.34488,0,Non-SST
7578.5,75.1767,1.2088,2.5134,0.3368,0,Non-SST
7579.0,71.5586,1.2994,2.4934,0.32872,0,Non-SST
7579.5,67.9404,1.4481,2.4734,0.32161,0,Non-SST
7580.0,67.9404,1.5023,2.4557,0.3145,0,Non-SST
7580.5,67.9404,1.5565,2.4379,0.30739,0,Non-SST
7581.0,70.0631,1.5013,2.4201,0.30975,0,Non-SST
7581.5,72.1857,1.4481,2.4201,0.31211,0,Non-SST
7582.0,72.1857,1.4224,2.4201,0.31447,0,Non-SST
7582.5,72.1857,1.3967,2.4201,0.31683,0,Non-SST
7583.0,73.6437,1.3967,2.4118,0.32401,0,Non-SST
7583.5,75.1016,1.348,2.4034,0.33119,0,Non-SST
7584.0,76.5596,1.2994,2.3951,0.33837,0,Non-SST
7584.5,77.6772,1.2088,2.3868,0.34264,0,Non-SST
7585.0,78.7948,1.1945,2.4423,0.34692,0,Non-SST
7585.5,83.426,1.1802,2.4979,0.35119,0,Non-SST
7586.0,88.0572,1.1659,2.5534,0.35546,0,Non-SST
7586.5,76.9616,1.5153,2.509,0.33096,0,Non-SST
7587.0,65.866,1.8646,2.4645,0.30645,0,Non-SST
7587.5,63.2074,2.1328,2.4201,0.28195,0,Non-SST
7588.0,60.5487,2.401,2.4318,0.28081,0,Non-SST
7588.5,57.8901,2.2451,2.4434,0.27967,0,Non-SST
7589.0,66.1233,2.0891,2.4551,0.27853,0,Non-SST
7589.5,74.3566,1.9332,2.4668,0.27739,0,Non-SST
7590.0,70.1113,1.9687,2.4334,0.26617,0,Non-SST
7590.5,65.866,2.0043,2.4001,0.25494,0,Non-SST
7591.0,71.2128,1.8387,2.3668,0.24372,0,Non-SST
7591.5,76.5596,1.6731,2.4018,0.26341,0,Non-SST
7592.0,73.6866,1.7835,2.4368,0.28309,0,Non-SST
7592.5,70.8135,1.8939,2.4718,0.30278,0,Non-SST
7593.0,67.9404,2.0043,2.5068,0.29024,0,Non-SST
7593.5,65.8821,2.0412,2.4957,0.2777,0,Non-SST
7594.0,63.8238,2.078,2.4845,0.26516,0,Non-SST
7594.5,66.6111,1.9382,2.4734,0.25262,0,Non-SST
7595.0,69.3984,1.7985,2.4718,0.28042,0,Non-SST
7595.5,72.1857,1.7061,2.4701,0.30822,0,Non-SST
7596.0,70.7706,1.6138,2.4684,0.33602,0,Non-SST
7596.5,69.3555,1.6138,2.4668,0.32424,0,Non-SST
7597.0,67.9404,1.6138,2.4557,0.31246,0,Non-SST
7597.5,72.3143,1.6138,2.4445,0.30067,0,Non-SST
7598.0,76.6883,1.5852,2.4334,0.28889,0,Non-SST
7598.5,81.0622,1.5565,2.4568,0.29587,0,Non-SST
7599.0,76.6239,1.5289,2.4801,0.30286,0,Non-SST
7599.5,72.1857,1.5013,2.5034,0.30984,0,Non-SST
7600.0,73.6437,1.4747,2.5268,0.2998,0,Non-SST
7600.5,75.1016,1.4481,2.5068,0.28977,0,Non-SST
7601.0,76.5596,1.3985,2.4868,0.27973,0,Non-SST
7601.5,76.5596,1.3489,2.4668,0.29869,0,Non-SST
7602.0,76.5596,1.2994,2.4668,0.31764,0,Non-SST
7602.5,76.5596,1.284,2.4668,0.3366,0,Non-SST
7603.0,78.0605,1.2686,2.4668,0.35556,0,Non-SST
7603.5,79.5613,1.2533,2.4718,0.36135,0,Non-SST
7604.0,81.0622,1.2241,2.4768,0.36715,0,Non-SST
7604.5,81.8287,1.195,2.4818,,0,Non-SST
7605.0,82.5952,1.1659,2.4868,,0,Non-SST
7605.5,83.3617,1.1659,2.4868,,0,Non-SST
7606.0,83.3617,1.1659,2.4868,,0,Non-SST
7606.5,83.3617,1.1388,2.4868,,0,Non-SST
7607.0,83.3617,1.1118,2.4801,,0,Non-SST
7607.5,85.7095,1.0847,2.4734,,0,Non-SST
7608.0,88.0572,1.098,2.4668,,0,Non-SST
7608.5,85.7256,1.1113,,,0,Non-SST
7609.0,83.3939,1.1245,,,0,Non-SST
7609.5,81.0622,1.5795,,,0,Non-SST
7610.0,72.7003,2.0344,,,0,Non-SST
7610.5,64.3384,2.4893,,,0,Non-SST
7611.0,55.9765,2.5198,,,0,Non-SST
7611.5,59.273,2.5503,,,0,Non-SST
7612.0,62.5695,2.5809,,,0,Non-SST
7612.5,65.866,2.4651,,,0,Non-SST
7613.0,63.856,2.3494,,,0,Non-SST
7613.5,61.8459,2.2337,,,0,Non-SST
7614.0,59.8358,2.1558,,,0,Non-SST
7614.5,61.8459,2.078,,,0,Non-SST
7615.0,63.856,2.0297,,,0,Non-SST
7615.5,65.866,1.9815,,,0,Non-SST
7616.0,67.9565,1.9332,,,0,Non-SST
7616.5,70.047,1.9569,,,0,Non-SST
7617.0,69.3448,1.9806,,,0,Non-SST
7617.5,68.6426,2.0043,,,0,Non-SST
7618.0,67.9404,1.9357,,,0,Non-SST
7618.5,69.3555,1.8671,,,0,Non-SST
7619.0,70.7706,1.7985,,,0,Non-SST
7619.5,72.1857,1.7369,,,0,Non-SST
7620.0,72.1857,1.6753,,,0,Non-SST
7620.5,72.1857,1.6138,,,0,Non-SST
7621.0,72.1857,1.8204,,,0,Non-SST
7621.5,77.3047,2.027,,,0,Non-SST
7622.0,72.141,2.2337,,,0,Non-SST
7622.5,66.9774,2.3615,,,0,Non-SST
7623.0,61.8137,2.4893,,,0,Non-SST
7623.5,63.1886,2.4041,,,0,Non-SST
7624.0,64.5635,2.3189,,,0,Non-SST
7624.5,65.9384,2.2337,,,0,Non-SST
7625.0,67.3133,2.1107,,,0,Non-SST
7625.5,68.6882,1.9876,,,0,Non-SST
7626.0,70.0631,1.8646,,,0,Non-SST
7626.5,72.2286,1.6762,,,0,Non-SST
7627.0,74.3941,1.4878,,,0,Non-SST
7627.5,76.5596,1.2994,,,0,Non-SST
7628.0,79.6042,1.284,,,0,Non-SST
7628.5,82.6488,1.2686,,,0,Non-SST
7629.0,85.6934,1.2387,,,0,Non-SST
7629.5,85.6934,1.2088,,,0,Non-SST
7630.0,85.6934,1.3438,,,0,Non-SST
7630.5,85.6934,1.4788,,,0,Non-SST
7631.0,78.9396,1.6138,,,0,Non-SST
7631.5,72.1857,1.644,,,0,Non-SST
7632.0,73.6437,1.6742,,,0,Non-SST
7632.5,75.1016,1.7044,,,0,Non-SST
7633.0,76.5596,1.7347,,,0,Non-SST
7633.5,76.5596,1.9063,,,0,Non-SST
7634.0,76.5596,2.078,,,0,Non-SST
7634.5,76.5596,2.2456,,,0,Non-SST
7635.0,70.3364,2.4132,,,0,Non-SST
7635.5,64.1133,2.5809,,,0,Non-SST
7636.0,57.8901,2.3887,,,0,Non-SST
7636.5,49.4478,2.1965,,,0,Non-SST
7637.0,41.0055,2.0043,,,1,Gas
7637.5,32.5632,1.8695,,,5,WTR
7638.0,31.6198,1.7347,,,5,WTR
7638.5,30.6764,1.6753,,,1,Gas
7639.0,29.733,1.6159,,,1,Gas
7639.5,29.0496,1.5565,,,5,WTR
7640.0,28.3661,1.5565,,,5,WTR
7640.5,29.7652,1.5565,,,5,WTR
7641.0,31.1642,1.5565,,,5,WTR
7641.5,32.5632,1.5033,,,5,WTR
7642.0,28.275,1.45,,,5,WTR
7642.5,23.9869,1.3967,,,5,WTR
7643.0,19.6987,1.3967,,,5,WTR
7643.5,19.6987,1.3967,,,5,WTR
7644.0,19.6987,1.3967,,,5,WTR
7644.5,19.6987,1.3642,,,5,WTR
7645.0,19.3289,1.3318,,,5,WTR
7645.5,18.959,1.2994,,,5,WTR
7646.0,18.5891,1.4003,,,5,WTR
7646.5,20.1329,1.5013,,,5,WTR
7647.0,21.6766,1.5388,,,5,WTR
7647.5,23.2204,1.5763,,,5,WTR
7648.0,27.8918,1.6138,,,1,Gas
7648.5,32.5632,1.6336,,,5,WTR
7649.0,29.4489,1.6533,,,1,Gas
7649.5,26.3346,1.6731,,,1,Gas
7650.0,23.2204,1.5485,,,5,WTR
7650.5,20.6314,1.4239,,,5,WTR
7651.0,18.0424,1.2994,,,5,WTR
7651.5,15.4534,1.284,,,5,WTR
7652.0,15.4534,1.2686,,,5,WTR
7652.5,15.4534,1.2533,,,5,WTR
7653.0,15.4534,1.3011,,,5,WTR
7653.5,17.2491,1.3489,,,5,WTR
7654.0,19.0448,1.3967,,,5,WTR
7654.5,20.8404,1.5349,,,5,WTR
7655.0,22.4699,1.6731,,,5,WTR
7655.5,24.0994,1.6731,,,5,WTR
7656.0,25.7289,1.6731,,,1,Gas
7656.5,24.4746,1.6731,,,5,WTR
7657.0,23.2204,1.6159,,,5,WTR
7657.5,22.9188,1.5586,,,5,WTR
7658.0,22.6173,1.5013,,,5,WTR
7658.5,22.3158,1.4499,,,5,WTR
7659.0,22.0143,1.3985,,,5,WTR
7659.5,18.7339,1.3471,,,5,WTR
7660.0,15.4534,1.2867,,,5,WTR
7660.5,15.1265,1.2263,,,5,WTR
7661.0,14.7995,1.1659,,,5,WTR
7661.5,14.4725,1.1659,,,5,WTR
7662.0,14.1563,1.1659,,,5,WTR
7662.5,13.84,1.1659,,,5,WTR
7663.0,13.5238,1.1874,,,5,WTR
7663.5,14.2594,1.2088,,,5,WTR
7664.0,14.9951,1.2236,,,5,WTR
7664.5,15.7308,1.2384,,,5,WTR
7665.0,16.4665,1.2533,,,5,WTR
7665.5,17.5439,1.2686,,,5,WTR
7666.0,18.6213,1.284,,,5,WTR
7666.5,19.6987,1.2994,,,5,WTR
7667.0,20.5791,1.3153,,,5,WTR
7667.5,21.4595,1.3312,,,5,WTR
7668.0,22.3399,1.3471,,,5,WTR
7668.5,23.2204,1.4169,,,5,WTR
7669.0,27.3209,1.4867,,,5,WTR
7669.5,31.4214,1.5565,,,5,WTR
7670.0,35.522,1.5042,,,5,WTR
7670.5,31.2888,1.4518,,,5,WTR
7671.0,27.0556,1.3995,,,5,WTR
7671.5,22.8224,1.3471,,,5,WTR
7672.0,18.5891,1.3312,,,5,WTR
7672.5,18.23,1.3153,,,5,WTR
7673.0,17.8709,1.2994,,,5,WTR
7673.5,17.5117,1.3318,,,5,WTR
7674.0,19.0126,1.3642,,,5,WTR
7674.5,20.5135,1.3967,,,5,WTR
7675.0,22.0143,1.4228,,,5,WTR
7675.5,23.6023,1.449,,,5,WTR
7676.0,25.1902,1.4751,,,5,WTR
7676.5,26.7782,1.5013,,,5,WTR
7677.0,28.3661,1.5013,,,5,WTR
7677.5,27.0636,1.5013,,,5,WTR
7678.0,25.7611,1.5013,,,5,WTR
7678.5,24.4586,1.5151,,,5,WTR
7679.0,25.7611,1.5289,,,5,WTR
7679.5,27.0636,1.5427,,,5,WTR
7680.0,28.3661,1.5565,,,5,WTR
7680.5,27.0797,1.5204,,,5,WTR
7681.0,25.7932,1.4842,,,5,WTR
7681.5,24.5068,1.4481,,,5,WTR
7682.0,23.2204,1.4842,,,5,WTR
7682.5,23.6331,1.5204,,,5,WTR
7683.0,24.0458,1.5565,,,5,WTR
7683.5,24.4586,1.5427,,,5,WTR
7684.0,26.4847,1.5289,,,5,WTR
7684.5,28.5109,1.5151,,,5,WTR
7685.0,30.537,1.5013,,,5,WTR
7685.5,32.5632,1.5013,,,5,WTR
7686.0,30.7193,1.5013,,,5,WTR
7686.5,28.8754,1.5013,,,5,WTR
7687.0,27.0315,1.4751,,,5,WTR
7687.5,26.0787,1.449,,,5,WTR
7688.0,25.1259,1.4228,,,5,WTR
7688.5,24.1731,1.3967,,,5,WTR
7689.0,23.2204,1.3642,,,5,WTR
7689.5,20.9691,1.3318,,,5,WTR
7690.0,18.7178,1.2994,,,5,WTR
7690.5,16.4665,1.2767,,,5,WTR
7691.0,,1.2541,,,5,WTR
7691.5,,1.2314,,,5,WTR
7692.0,,1.2088,,,5,WTR
7692.5,,1.2088,,,5,WTR
7693.0,,1.2088,,,5,WTR
7693.5,,1.2088,,,5,WTR
7694.0,,1.1807,,,5,WTR
7694.5,,1.1526,,,5,WTR
7695.0,,1.1245,,,5,WTR
7695.5,,1.1349,,,5,WTR
7696.0,,1.1452,,,5,WTR
7696.5,,1.1556,,,5,WTR
7697.0,,1.1659,,,5,WTR
7697.5,,1.2263,,,5,WTR
7698.0,,1.2867,,,5,WTR
7698.5,,1.3471,,,5,WTR
