DEPTH,GR,RT,RHOB,NPHI,PREDICTION,LABEL
5130.0,81.5206,1.5003,2.4936,0.2324,0,Non-SST
5130.5,68.1301,1.461,2.5021,0.3275,0,Non-SST
5131.0,67.4349,1.4352,2.4588,0.3394,0,Non-SST
5131.5,66.7397,1.2943,2.4684,0.3355,0,Non-SST
5132.0,68.5472,1.2061,2.4655,0.325,0,Non-SST
5132.5,71.05,1.1913,2.4757,0.3328,0,Non-SST
5133.0,72.5447,1.1986,2.4556,0.3322,0,Non-SST
5133.5,72.9965,1.1929,2.4645,0.336,0,Non-SST
5134.0,74.2132,1.2679,2.4805,0.3322,0,Non-SST
5134.5,75.0822,1.2482,2.4531,0.3432,0,Non-SST
5135.0,74.1552,1.2554,2.4495,0.3444,0,Non-SST
5135.5,71.4903,1.2621,2.4184,0.3486,0,Non-SST
5136.0,71.0268,1.2758,2.4465,0.3555,0,Non-SST
5136.5,74.3869,1.1975,2.4673,0.3477,0,Non-SST
5137.0,75.0822,1.1975,2.467,0.3606,0,Non-SST
5137.5,70.9109,1.169,2.4541,0.356,0,Non-SST
5138.0,67.4349,1.2288,2.4433,0.3731,0,Non-SST
5138.5,63.9589,1.3544,2.4296,0.3633,0,Non-SST
5139.0,71.9537,1.1745,2.4467,0.3667,0,Non-SST
5139.5,75.7774,1.0984,2.4462,0.3894,0,Non-SST
5140.0,74.7346,1.0665,2.4634,0.4093,0,Non-SST
5140.5,75.4298,1.0276,2.4427,0.4127,0,Non-SST
5141.0,77.1678,1.0244,2.4443,0.406,0,Non-SST
5141.5,76.4726,0.9871,2.4254,0.4099,0,Non-SST
5142.0,76.4726,0.9519,2.447,0.4228,0,Non-SST
5142.5,76.8202,0.9618,2.4175,0.4242,0,Non-SST
5143.0,78.2106,0.9518,2.4308,0.4149,0,Non-SST
5143.5,84.815,0.9891,2.4375,0.4041,0,Non-SST
5144.0,82.7294,1.0079,2.471,0.3811,0,Non-SST
5144.5,80.6438,1.0401,2.5241,0.3331,0,Non-SST
5145.0,67.5218,1.2191,2.6337,0.2859,0,Non-SST
5145.5,49.5334,2.1167,2.702,0.2349,0,Non-SST
5146.0,38.6708,4.3777,2.709,0.2015,0,Non-SST
5146.5,42.9289,4.5797,2.649,0.1727,0,Non-SST
5147.0,58.7448,2.4657,2.574,0.1811,0,Non-SST
5147.5,73.518,1.3076,2.5047,0.2329,0,Non-SST
5148.0,78.9058,1.0551,2.4464,0.3377,0,Non-SST
5148.5,78.5582,1.037,2.4626,0.3889,0,Non-SST
5149.0,77.5154,1.0669,2.4621,0.4057,0,Non-SST
5149.5,77.1678,1.1258,2.4882,0.382,0,Non-SST
5150.0,75.4298,1.2804,2.5324,0.3516,0,Non-SST
5150.5,68.8253,1.2804,2.5878,0.3331,0,Non-SST
5151.0,57.8179,2.2146,2.7373,0.27,0,Non-SST
5151.5,49.2437,3.9765,2.6115,0.2183,0,Non-SST
5152.0,47.9112,3.8696,2.5548,0.1836,0,Non-SST
5152.5,48.8382,2.9022,2.4965,0.1857,0,Non-SST
5153.0,47.6216,2.4124,2.3815,0.2134,5,WTR
5153.5,46.0573,2.3683,2.3624,0.2395,5,WTR
5154.0,48.6644,2.193,2.3607,0.2502,5,WTR
5154.5,57.1806,1.8508,2.3934,0.264,5,WTR
5155.0,65.3493,1.5358,2.4238,0.2869,0,Non-SST
5155.5,68.9991,1.4543,2.492,0.3045,0,Non-SST
5156.0,70.7371,1.4188,2.4598,0.3139,0,Non-SST
5156.5,72.3013,1.4226,2.4751,0.327,0,Non-SST
5157.0,74.0394,1.3528,2.4742,0.3326,0,Non-SST
5157.5,75.0822,1.3626,2.4656,0.3329,0,Non-SST
5158.0,72.3013,1.3945,2.4604,0.3212,0,Non-SST
5158.5,68.1301,1.5968,2.4422,0.2975,0,Non-SST
5159.0,67.4349,1.7902,2.4597,0.2807,0,Non-SST
5159.5,65.3493,2.0663,2.4241,0.2433,5,WTR
5160.0,56.6592,2.2954,2.3656,0.2201,5,WTR
5160.5,46.9263,2.3853,2.236,0.1951,5,WTR
5161.0,41.3647,2.427,2.1989,0.1845,1,Gas
5161.5,37.5411,2.3948,2.2069,0.1745,5,WTR
5162.0,37.5411,2.3367,2.1926,0.176,5,WTR
5162.5,37.5411,2.2445,2.2212,0.1834,5,WTR
5163.0,36.1507,2.0948,2.2735,0.2023,5,WTR
5163.5,39.6267,1.9164,2.3606,0.2214,5,WTR
5164.0,49.012,1.7726,2.4174,0.2408,5,WTR
5164.5,59.0924,1.6826,2.435,0.2607,5,WTR
5165.0,64.3065,1.5722,2.4519,0.2748,0,Non-SST
5165.5,65.6969,1.5683,2.4564,0.2935,0,Non-SST
5166.0,66.7397,1.5459,2.4702,0.3037,0,Non-SST
5166.5,68.1301,1.4802,2.4589,0.3151,0,Non-SST
5167.0,70.5633,1.3506,2.4599,0.3253,0,Non-SST
5167.5,74.7346,1.287,2.4741,0.3376,0,Non-SST
5168.0,76.4726,1.287,2.4324,0.3601,0,Non-SST
5168.5,73.3441,1.3799,2.3414,0.3694,0,Non-SST
5169.0,69.5205,1.5361,2.2602,0.3716,0,Non-SST
5169.5,75.7774,1.3741,2.2774,0.3788,0,Non-SST
5170.0,82.0342,1.3718,2.3445,0.3781,0,Non-SST
5170.5,79.2534,1.5768,2.3752,0.3548,0,Non-SST
5171.0,76.4726,1.7309,2.3793,0.3207,0,Non-SST
5171.5,75.7774,1.7189,2.3722,0.306,0,Non-SST
5172.0,76.125,1.6112,2.3642,0.3147,0,Non-SST
5172.5,73.6918,1.62,2.3585,0.3341,0,Non-SST
5173.0,74.0394,1.608,2.3334,0.3501,0,Non-SST
5173.5,79.9486,1.4199,2.3533,0.3722,0,Non-SST
5174.0,84.815,1.3049,2.3442,0.3815,0,Non-SST
5174.5,86.553,1.3005,2.3507,0.3868,0,Non-SST
5175.0,85.3364,1.3023,2.3321,0.3895,0,Non-SST
5175.5,84.1198,1.1331,2.3646,0.3924,0,Non-SST
5176.0,84.6412,1.1331,2.3713,0.4023,0,Non-SST
5176.5,84.1198,1.0919,2.3966,0.4087,0,Non-SST
5177.0,84.4674,1.0814,2.3564,0.418,0,Non-SST
5177.5,86.553,1.1248,2.3581,0.4039,0,Non-SST
5178.0,88.2911,1.115,2.3499,0.3872,0,Non-SST
5178.5,84.6412,1.0772,2.3299,0.3742,0,Non-SST
5179.0,65.6969,1.7427,2.2676,0.3493,0,Non-SST
5179.5,38.7577,3.2331,2.2151,0.3294,0,Non-SST
5180.0,25.375,4.3959,2.1561,0.3041,5,WTR
5180.5,27.4606,3.8891,2.1431,0.2934,5,WTR
5181.0,32.327,3.8891,2.1127,0.2822,5,WTR
5181.5,31.2842,3.5504,2.1288,0.3018,5,WTR
5182.0,28.5034,4.2391,2.1614,0.3077,0,Non-SST
5182.5,37.1935,3.1008,2.2277,0.3092,0,Non-SST
5183.0,53.8784,2.1586,2.2949,0.311,5,WTR
5183.5,66.3921,1.7259,2.3452,0.3168,0,Non-SST
5184.0,75.0822,1.5257,2.3697,0.3284,0,Non-SST
5184.5,80.2962,1.5158,2.4016,0.3259,0,Non-SST
5185.0,83.7722,1.4713,2.3325,0.3296,0,Non-SST
5185.5,90.7243,1.4273,2.2284,0.344,0,Non-SST
5186.0,96.8073,1.4058,2.2169,0.3568,0,Non-SST
5186.5,95.5907,1.6144,2.2476,0.3767,0,Non-SST
5187.0,88.4649,1.6164,2.3702,0.3566,0,Non-SST
5187.5,81.6866,1.6459,2.4268,0.3292,0,Non-SST
5188.0,77.863,1.6484,2.4587,0.3076,0,Non-SST
5188.5,77.863,1.5792,2.465,0.301,0,Non-SST
5189.0,77.863,1.5792,2.4763,0.3054,0,Non-SST
5189.5,72.3013,1.5436,2.462,0.3083,0,Non-SST
5190.0,68.1301,1.5607,2.4633,0.3118,0,Non-SST
5190.5,68.4777,1.5571,2.4312,0.3139,0,Non-SST
5191.0,72.3013,1.5538,2.4419,0.3133,0,Non-SST
5191.5,73.3441,1.5823,2.413,0.3112,0,Non-SST
5192.0,72.9965,1.5644,2.4169,0.3142,0,Non-SST
5192.5,76.8202,1.6249,2.3735,0.33,0,Non-SST
5193.0,84.4674,1.6192,2.2621,0.3737,0,Non-SST
5193.5,95.5907,1.6634,2.0299,0.4221,0,Non-SST
5194.0,107.4092,2.0615,1.9069,0.4818,0,Non-SST
5194.5,114.3613,2.1227,1.8894,0.5318,0,Non-SST
5195.0,115.4041,2.1227,1.9405,0.5366,0,Non-SST
5195.5,109.1472,1.6869,2.0739,0.5503,0,Non-SST
5196.0,102.8904,1.5764,2.2035,0.5145,0,Non-SST
5196.5,89.247,1.3721,2.3241,0.4787,0,Non-SST
5197.0,81.8604,1.2758,2.4103,0.432,0,Non-SST
5197.5,78.5582,1.3211,2.4113,0.4341,0,Non-SST
5198.0,75.9512,1.4155,2.2568,0.4463,0,Non-SST
5198.5,70.9978,1.3776,1.939,0.4837,0,Non-SST
5199.0,62.9161,2.6298,1.7002,0.5069,0,Non-SST
5199.5,59.44,2.7458,1.6373,0.5603,0,Non-SST
5200.0,70.9109,1.7582,1.7391,0.5717,0,Non-SST
5200.5,90.0291,1.7582,2.0001,0.5554,0,Non-SST
5201.0,98.0239,1.1475,2.2705,0.4929,0,Non-SST
5201.5,88.9863,0.8997,2.3308,0.4021,0,Non-SST
5202.0,69.8681,0.962,2.3404,0.3272,5,WTR
5202.5,50.0548,1.4824,2.3258,0.2875,5,WTR
5203.0,48.6644,1.6517,2.3151,0.2652,5,WTR
5203.5,47.274,1.55,2.3163,0.2624,5,WTR
5204.0,58.3972,1.3515,2.347,0.2586,5,WTR
5204.5,67.7825,1.2661,2.3847,0.2651,0,Non-SST
5205.0,69.5205,1.6334,2.3886,0.2693,0,Non-SST
5205.5,63.2637,1.7614,2.345,0.2713,5,WTR
5206.0,57.0068,1.7909,2.3173,0.284,5,WTR
5206.5,63.1092,1.6934,2.2593,0.3052,5,WTR
5207.0,73.4986,1.686,2.232,0.3369,0,Non-SST
5207.5,89.0442,1.683,2.2157,0.3689,0,Non-SST
5208.0,102.9483,1.683,2.2739,0.389,0,Non-SST
5208.5,105.4974,1.2838,2.2961,0.3922,0,Non-SST
5209.0,97.6763,1.4546,2.3014,0.3551,0,Non-SST
5209.5,85.1626,1.4546,2.3047,0.3146,0,Non-SST
5210.0,74.2132,1.6711,2.3228,0.2949,0,Non-SST
5210.5,69.1729,1.7458,2.3375,0.2756,0,Non-SST
5211.0,67.0873,1.8138,2.3622,0.2703,5,WTR
5211.5,63.9589,1.8845,2.3695,0.2525,5,WTR
5212.0,64.6541,1.8703,2.3785,0.2509,5,WTR
5212.5,65.3493,1.7847,2.3834,0.2433,5,WTR
5213.0,70.2157,1.7113,2.4081,0.2477,0,Non-SST
5213.5,74.3869,1.5738,2.4022,0.2533,0,Non-SST
5214.0,77.1678,1.5234,2.4157,0.2611,0,Non-SST
5214.5,81.339,1.4539,2.3842,0.2747,0,Non-SST
5215.0,81.339,1.4544,2.3868,0.276,0,Non-SST
5215.5,74.7346,1.5276,2.3616,0.2761,0,Non-SST
5216.0,70.9109,1.5254,2.3673,0.2771,0,Non-SST
5216.5,70.2157,1.4977,2.3701,0.2858,0,Non-SST
5217.0,69.5205,1.3494,2.3571,0.311,0,Non-SST
5217.5,79.2534,1.1173,2.3326,0.3532,0,Non-SST
5218.0,91.7671,1.0382,2.3303,0.3925,0,Non-SST
5218.5,104.6284,0.9193,2.3326,0.4131,0,Non-SST
5219.0,108.5679,0.8066,2.3797,0.3717,0,Non-SST
5219.5,106.5981,0.8209,2.4408,0.3411,0,Non-SST
5220.0,104.7443,0.8832,2.497,0.3181,0,Non-SST
5220.5,101.1524,1.001,2.496,0.312,0,Non-SST
5221.0,99.4143,0.9072,2.4381,0.3151,0,Non-SST
5221.5,103.5856,0.7732,2.4025,0.3134,0,Non-SST
5222.0,108.452,0.7336,2.3787,0.3286,0,Non-SST
5222.5,108.1044,0.6991,2.3745,0.3413,0,Non-SST
5223.0,106.0188,0.6991,2.3484,0.3524,0,Non-SST
5223.5,108.452,0.6845,2.3408,0.3641,0,Non-SST
5224.0,112.2756,0.6612,2.3025,0.3745,0,Non-SST
5224.5,112.2756,0.6394,2.351,0.3791,0,Non-SST
5225.0,111.2328,0.6266,2.357,0.361,0,Non-SST
5225.5,108.452,0.6354,2.3989,0.3596,0,Non-SST
5226.0,103.238,0.5909,2.3789,0.3656,0,Non-SST
5226.5,100.1095,0.5886,2.3506,0.3823,0,Non-SST
5227.0,98.7191,0.5493,2.3684,0.3808,0,Non-SST
5227.5,99.7619,0.5339,2.3524,0.3824,0,Non-SST
5228.0,104.2808,0.5368,2.3405,0.3908,0,Non-SST
5228.5,104.976,0.5483,2.3229,0.4005,0,Non-SST
5229.0,105.6712,0.5567,2.3221,0.4016,0,Non-SST
5229.5,112.2756,0.529,2.295,0.3904,0,Non-SST
5230.0,118.7642,0.5276,2.2837,0.3791,0,Non-SST
5230.5,126.1797,0.52,2.3016,0.3744,0,Non-SST
5231.0,138.4617,0.5197,2.3031,0.3505,0,Non-SST
5231.5,150.454,0.5581,2.3422,0.32,0,Non-SST
5232.0,139.1569,0.723,2.3862,0.2921,0,Non-SST
5232.5,103.0642,1.4951,2.4648,0.2491,0,Non-SST
5233.0,71.9537,1.68,2.4327,0.2345,0,Non-SST
5233.5,58.3972,1.4995,2.4035,0.2274,5,WTR
5234.0,51.7928,1.4015,2.3709,0.255,5,WTR
5234.5,50.4024,1.3178,2.383,0.2823,5,WTR
5235.0,58.0496,1.244,2.3623,0.3261,5,WTR
5235.5,68.1301,1.244,2.3715,0.3578,0,Non-SST
5236.0,73.6917,1.1505,2.3678,0.3808,0,Non-SST
5236.5,74.3869,1.1583,2.3858,0.3842,0,Non-SST
5237.0,74.0394,1.1743,2.3663,0.3905,0,Non-SST
5237.5,75.6036,1.2471,2.3865,0.406,0,Non-SST
5238.0,76.8202,1.2875,2.4023,0.3982,0,Non-SST
5238.5,76.2988,1.2693,2.4192,0.4047,0,Non-SST
5239.0,75.4298,1.2637,2.4132,0.3899,0,Non-SST
5239.5,74.0394,1.2466,2.4108,0.3893,0,Non-SST
5240.0,72.9965,1.2664,2.4016,0.3938,0,Non-SST
5240.5,74.3869,1.2709,2.4048,0.3913,0,Non-SST
5241.0,74.7346,1.2964,2.4014,0.3766,0,Non-SST
5241.5,71.9537,1.2781,2.4404,0.3727,0,Non-SST
5242.0,67.852,1.3142,2.4707,0.3367,0,Non-SST
5242.5,63.9241,1.5515,2.478,0.2913,0,Non-SST
5243.0,62.638,1.8077,2.4714,0.2543,0,Non-SST
5243.5,63.9589,1.8455,2.458,0.2464,0,Non-SST
5244.0,66.7397,1.7113,2.4912,0.2635,0,Non-SST
5244.5,69.1729,1.6008,2.4982,0.2888,0,Non-SST
5245.0,70.3895,1.5757,2.5235,0.3102,0,Non-SST
5245.5,71.2585,1.553,2.5303,0.3107,0,Non-SST
5246.0,71.6061,1.4738,2.5407,0.3,0,Non-SST
5246.5,72.8227,1.4121,2.5259,0.3042,0,Non-SST
5247.0,73.518,1.3677,2.4745,0.3118,0,Non-SST
5247.5,72.8227,1.4063,2.476,0.3206,0,Non-SST
5248.0,72.8227,1.4188,2.4884,0.3065,0,Non-SST
5248.5,71.9537,1.3995,2.5028,0.306,0,Non-SST
5249.0,71.7799,1.4759,2.5143,0.3113,0,Non-SST
5249.5,72.8227,1.6517,2.5048,0.3083,0,Non-SST
5250.0,72.8227,1.6465,2.5074,0.2973,0,Non-SST
5250.5,74.0394,1.4465,2.5107,0.2902,0,Non-SST
5251.0,74.9084,1.3543,2.4833,0.3012,0,Non-SST
5251.5,72.3013,1.3802,2.4651,0.3119,0,Non-SST
5252.0,70.9109,1.3146,2.4574,0.3202,0,Non-SST
5252.5,72.3013,1.3635,2.4659,0.3215,0,Non-SST
5253.0,71.9537,1.4438,2.4997,0.3306,0,Non-SST
5253.5,71.2585,1.454,2.5098,0.3281,0,Non-SST
5254.0,73.3441,1.1616,2.5385,0.3277,0,Non-SST
5254.5,76.8202,1.0366,2.5327,0.3425,0,Non-SST
5255.0,79.601,1.0676,2.4964,0.3698,0,Non-SST
5255.5,80.6438,1.1025,2.4547,0.3831,0,Non-SST
5256.0,80.1224,1.1011,2.4686,0.3746,0,Non-SST
5256.5,78.5582,1.136,2.5067,0.3523,0,Non-SST
5257.0,73.8655,1.315,2.6108,0.3402,0,Non-SST
5257.5,62.2209,2.1902,2.6218,0.3354,0,Non-SST
5258.0,51.7928,2.6846,2.6208,0.3018,0,Non-SST
5258.5,57.3544,2.2535,2.5314,0.2684,0,Non-SST
5259.0,69.8681,1.5097,2.5247,0.2605,0,Non-SST
5259.5,68.1301,1.6677,2.4788,0.2802,0,Non-SST
5260.0,55.964,2.1275,2.4508,0.285,0,Non-SST
5260.5,50.0548,2.3234,2.4478,0.2448,0,Non-SST
5261.0,52.488,2.273,2.4692,0.2244,0,Non-SST
5261.5,57.5282,2.0194,2.4779,0.22,0,Non-SST
5262.0,58.0496,1.9273,2.4152,0.2294,5,WTR
5262.5,53.7046,2.0045,2.3644,0.2362,5,WTR
5263.0,54.226,1.9569,2.3566,0.2356,5,WTR
5263.5,61.8733,1.8109,2.3852,0.2479,5,WTR
5264.0,69.5205,1.6196,2.449,0.2584,0,Non-SST
5264.5,71.2585,1.5162,2.4753,0.289,0,Non-SST
5265.0,69.5205,1.7124,2.4655,0.301,0,Non-SST
5265.5,68.8253,1.6368,2.4114,0.3075,0,Non-SST
5266.0,70.2157,1.4966,2.4112,0.3142,0,Non-SST
5266.5,71.9537,1.5093,2.3797,0.3342,0,Non-SST
5267.0,69.5205,1.6672,2.3768,0.3318,0,Non-SST
5267.5,64.6541,1.8582,2.3866,0.3144,0,Non-SST
5268.0,61.5257,1.9073,2.3915,0.2801,5,WTR
5268.5,59.44,1.9305,2.4379,0.2744,5,WTR
5269.0,54.9212,1.9912,2.3963,0.2581,5,WTR
5269.5,49.7072,2.0017,2.409,0.2551,5,WTR
5270.0,50.4024,1.9418,2.3901,0.2482,5,WTR
5270.5,56.6592,1.7871,2.4106,0.2567,5,WTR
5271.0,63.9589,1.6388,2.4247,0.2697,0,Non-SST
5271.5,68.1301,1.5878,2.4605,0.281,0,Non-SST
5272.0,68.4777,1.5014,2.4945,0.2932,0,Non-SST
5272.5,68.4777,1.4304,2.4971,0.3095,0,Non-SST
5273.0,66.7397,1.3416,2.5161,0.3312,0,Non-SST
5273.5,61.8733,1.3373,2.5129,0.3311,0,Non-SST
5274.0,60.4829,1.3863,2.5154,0.3026,0,Non-SST
5274.5,63.9589,1.6795,2.5014,0.2834,0,Non-SST
5275.0,67.4349,1.5957,2.53,0.2784,0,Non-SST
5275.5,70.5633,1.4172,2.5228,0.3032,0,Non-SST
5276.0,73.6917,1.3142,2.5075,0.3233,0,Non-SST
5276.5,75.4298,1.2263,2.4956,0.3601,0,Non-SST
5277.0,75.7774,1.2072,2.5128,0.3621,0,Non-SST
5277.5,75.7774,1.2532,2.5043,0.3675,0,Non-SST
5278.0,75.4298,1.2485,2.5064,0.3657,0,Non-SST
5278.5,74.9084,1.2712,2.4964,0.3826,0,Non-SST
5279.0,74.7346,1.2312,2.4968,0.3811,0,Non-SST
5279.5,74.5608,1.2275,2.5028,0.3802,0,Non-SST
5280.0,73.6917,1.1877,2.4919,0.3777,0,Non-SST
5280.5,74.3869,1.2035,2.4958,0.3727,0,Non-SST
5281.0,75.0822,1.211,2.4876,0.3771,0,Non-SST
5281.5,73.3441,1.2199,2.4811,0.3769,0,Non-SST
5282.0,75.0822,1.2056,2.4719,0.3829,0,Non-SST
5282.5,78.9058,1.1893,2.444,0.3838,0,Non-SST
5283.0,81.6866,1.1888,2.4259,0.373,0,Non-SST
5283.5,84.1198,1.2229,2.4313,0.3912,0,Non-SST
5284.0,84.2936,1.4108,2.4442,0.3789,0,Non-SST
5284.5,80.9914,1.6749,2.3165,0.3598,0,Non-SST
5285.0,76.6464,1.809,2.2924,0.3426,0,Non-SST
5285.5,71.9537,1.8467,2.3316,0.3215,0,Non-SST
5286.0,68.8253,1.7591,2.4384,0.2953,0,Non-SST
5286.5,66.0445,1.9538,2.4442,0.2624,0,Non-SST
5287.0,61.5257,1.9945,2.435,0.2543,5,WTR
5287.5,59.0924,1.9141,2.428,0.2511,5,WTR
5288.0,61.1781,1.7661,2.4714,0.256,0,Non-SST
5288.5,64.3065,1.6597,2.5054,0.2566,0,Non-SST
5289.0,65.3493,1.6567,2.5263,0.2675,0,Non-SST
5289.5,66.7397,1.6758,2.523,0.2693,0,Non-SST
5290.0,67.0873,1.596,2.5028,0.2636,0,Non-SST
5290.5,67.4349,1.541,2.4846,0.2671,0,Non-SST
5291.0,69.8681,1.587,2.519,0.2861,0,Non-SST
5291.5,72.3013,1.6612,2.5161,0.3016,0,Non-SST
5292.0,68.8253,1.7552,2.5079,0.3063,0,Non-SST
5292.5,67.7825,1.8353,2.4918,0.2984,0,Non-SST
5293.0,65.0017,2.0726,2.5036,0.2902,0,Non-SST
5293.5,62.5685,2.1791,2.5192,0.2695,0,Non-SST
5294.0,63.9589,2.0744,2.4713,0.2537,0,Non-SST
5294.5,67.7825,1.9428,2.4303,0.2511,0,Non-SST
5295.0,72.3013,1.8892,2.4161,0.2709,0,Non-SST
5295.5,71.6061,1.9199,2.4429,0.276,0,Non-SST
5296.0,65.6969,2.0451,2.4407,0.2679,0,Non-SST
5296.5,62.2209,2.1816,2.4184,0.2472,5,WTR
5297.0,60.4829,2.1798,2.3863,0.2381,5,WTR
5297.5,57.702,2.1155,2.362,0.2396,5,WTR
5298.0,57.0068,1.9978,2.3731,0.2572,5,WTR
5298.5,61.8733,1.9058,2.407,0.2643,5,WTR
5299.0,66.7397,1.8206,2.4555,0.2832,0,Non-SST
5299.5,65.8955,1.8622,2.4653,0.267,0,Non-SST
5300.0,63.8347,2.0149,2.4613,0.2725,0,Non-SST
5300.5,62.4195,2.0854,2.4561,0.2396,0,Non-SST
5301.0,62.3947,2.147,2.467,0.2379,0,Non-SST
5301.5,63.2637,2.133,2.5007,0.2276,0,Non-SST
5302.0,65.3493,2.0819,2.5138,0.2363,0,Non-SST
5302.5,67.9563,1.9816,2.5019,0.24,0,Non-SST
5303.0,71.6061,1.8042,2.4838,0.2453,0,Non-SST
5303.5,75.6036,1.6555,2.4842,0.2529,0,Non-SST
5304.0,76.125,1.6934,2.5013,0.2628,0,Non-SST
5304.5,75.0822,1.7928,2.4333,0.2856,0,Non-SST
5305.0,80.2962,1.8492,2.3601,0.3035,0,Non-SST
5305.5,92.8099,1.8085,2.2966,0.325,0,Non-SST
5306.0,100.9274,1.7269,2.287,0.3308,0,Non-SST
5306.5,95.1409,1.6513,2.3019,0.3439,0,Non-SST
5307.0,81.4617,1.8114,2.3534,0.3247,0,Non-SST
5307.5,71.9537,1.7684,2.4054,0.3088,0,Non-SST
5308.0,70.5633,1.5899,2.4505,0.2965,0,Non-SST
5308.5,72.9965,1.4,2.4512,0.2932,0,Non-SST
5309.0,72.6489,1.4064,2.4643,0.2968,0,Non-SST
5309.5,68.246,1.5317,2.5006,0.2928,0,Non-SST
5310.0,65.581,1.7242,2.5208,0.2884,0,Non-SST
5310.5,68.9412,1.6443,2.4994,0.2744,0,Non-SST
5311.0,75.4298,1.3091,2.5397,0.2799,0,Non-SST
5311.5,79.9486,1.1939,2.548,0.3004,0,Non-SST
5312.0,80.9914,1.1434,2.5386,0.3362,0,Non-SST
5312.5,79.601,1.2133,2.5125,0.3383,0,Non-SST
5313.0,78.5582,1.2047,2.486,0.3324,0,Non-SST
5313.5,77.5154,1.226,2.4923,0.3424,0,Non-SST
5314.0,73.6917,1.2661,2.4953,0.3406,0,Non-SST
5314.5,67.4349,1.4558,2.4752,0.342,0,Non-SST
5315.0,63.6113,1.6274,2.4594,0.3049,0,Non-SST
5315.5,65.6969,1.5384,2.4563,0.2835,0,Non-SST
5316.0,69.5205,1.4948,2.4412,0.2863,0,Non-SST
5316.5,71.2585,1.3462,2.4448,0.2868,0,Non-SST
5317.0,70.2157,1.2331,2.4576,0.3069,0,Non-SST
5317.5,69.5205,1.2856,2.4738,0.3165,0,Non-SST
5318.0,72.6489,1.2304,2.4961,0.3563,0,Non-SST
5318.5,74.5608,1.202,2.4823,0.3899,0,Non-SST
5319.0,75.7774,1.1983,2.4732,0.3915,0,Non-SST
5319.5,79.0796,1.2089,2.4501,0.3929,0,Non-SST
5320.0,79.601,1.2296,2.4678,0.3936,0,Non-SST
5320.5,77.1678,1.2479,2.4682,0.3906,0,Non-SST
5321.0,74.7346,1.2912,2.4839,0.3682,0,Non-SST
5321.5,73.6917,1.4948,2.5371,0.3392,0,Non-SST
5322.0,67.4349,1.9375,2.5722,0.31,0,Non-SST
5322.5,61.1781,3.0252,2.6103,0.2551,0,Non-SST
5323.0,57.0068,3.2204,2.5871,0.2115,0,Non-SST
5323.5,58.0496,2.2643,2.5544,0.1915,0,Non-SST
5324.0,61.8733,2.0105,2.5119,0.2028,0,Non-SST
5324.5,65.6969,1.9675,2.4977,0.2496,0,Non-SST
5325.0,68.1301,2.0221,2.5103,0.2688,0,Non-SST
5325.5,68.8253,2.0418,2.4929,0.2744,0,Non-SST
5326.0,67.7825,2.0531,2.4964,0.2664,0,Non-SST
5326.5,65.3493,1.9935,2.486,0.2705,0,Non-SST
5327.0,64.6541,1.9258,2.4705,0.2794,0,Non-SST
5327.5,63.9589,1.93,2.4715,0.2797,0,Non-SST
5328.0,64.3065,1.8794,2.4835,0.2794,0,Non-SST
5328.5,65.3493,1.8794,2.4989,0.2763,0,Non-SST
5329.0,66.0445,1.8245,2.4822,0.2727,0,Non-SST
5329.5,66.3921,1.825,2.4653,0.273,0,Non-SST
5330.0,68.4777,1.8265,2.483,0.2782,0,Non-SST
5330.5,70.5633,1.8033,2.482,0.2827,0,Non-SST
5331.0,71.2585,1.7131,2.477,0.2921,0,Non-SST
5331.5,73.6917,1.6525,2.4509,0.2935,0,Non-SST
5332.0,74.3869,1.5173,2.4639,0.314,0,Non-SST
5332.5,75.0822,1.5064,2.4667,0.3184,0,Non-SST
5333.0,73.6917,1.4349,2.4732,0.3378,0,Non-SST
5333.5,73.6917,1.4349,2.456,0.3289,0,Non-SST
5334.0,75.4298,1.3369,2.4562,0.3361,0,Non-SST
5334.5,78.2106,1.297,2.4668,0.3221,0,Non-SST
5335.0,79.9486,1.3326,2.4781,0.3275,0,Non-SST
5335.5,76.125,1.5324,2.4683,0.3134,0,Non-SST
5336.0,70.9109,1.7269,2.4566,0.3087,0,Non-SST
5336.5,72.9965,1.8009,2.3792,0.3065,0,Non-SST
5337.0,82.0342,1.7096,2.3944,0.3271,0,Non-SST
5337.5,86.9006,1.7318,2.1213,0.3691,0,Non-SST
5338.0,91.7671,1.8507,2.069,0.4363,0,Non-SST
5338.5,107.0616,1.8507,2.0649,0.483,0,Non-SST
5339.0,109.4948,1.6213,2.224,0.4716,0,Non-SST
5339.5,98.0239,1.6064,2.3674,0.4009,0,Non-SST
5340.0,83.077,1.5792,2.4339,0.3515,0,Non-SST
5340.5,74.3869,1.6335,2.4756,0.3122,0,Non-SST
5341.0,73.6918,1.4992,2.4351,0.2954,0,Non-SST
5341.5,76.125,1.2059,2.4171,0.2857,0,Non-SST
5342.0,76.4726,1.2961,2.4101,0.3023,0,Non-SST
5342.5,73.6917,1.5287,2.4355,0.3111,0,Non-SST
5343.0,70.9109,1.4151,2.4479,0.3041,0,Non-SST
5343.5,74.3869,1.3305,2.4938,0.2951,0,Non-SST
5344.0,74.0394,1.3305,2.5062,0.296,0,Non-SST
5344.5,68.4777,1.5788,2.5318,0.3031,0,Non-SST
5345.0,62.9161,1.9778,2.4839,0.2782,0,Non-SST
5345.5,61.1781,1.9767,2.4666,0.2615,0,Non-SST
5346.0,62.2209,1.8338,2.4542,0.2571,0,Non-SST
5346.5,65.0017,1.7386,2.455,0.2749,0,Non-SST
5347.0,67.4349,1.7162,2.48,0.2838,0,Non-SST
5347.5,67.7825,1.7527,2.4665,0.2835,0,Non-SST
5348.0,66.7397,1.7628,2.4783,0.2775,0,Non-SST
5348.5,68.8253,1.6839,2.4725,0.2761,0,Non-SST
5349.0,70.9109,1.6839,2.4797,0.2907,0,Non-SST
5349.5,68.4777,1.7899,2.4724,0.2857,0,Non-SST
5350.0,68.4777,1.8928,2.4533,0.2809,0,Non-SST
5350.5,67.7825,1.8537,2.4613,0.2616,0,Non-SST
5351.0,66.7397,1.7707,2.4877,0.261,0,Non-SST
5351.5,68.1301,1.7656,2.4916,0.2642,0,Non-SST
5352.0,71.2585,1.9402,2.5006,0.2596,0,Non-SST
5352.5,72.6489,2.016,2.512,0.2464,0,Non-SST
5353.0,69.5205,1.8572,2.5028,0.2508,0,Non-SST
5353.5,71.6061,1.8383,2.3732,0.275,0,Non-SST
5354.0,73.6917,1.8632,2.2304,0.3158,5,WTR
5354.5,77.1678,2.0761,2.0828,0.3729,5,WTR
5355.0,83.4246,2.0761,2.0647,0.4368,0,Non-SST
5355.5,89.3339,1.6715,2.1503,0.5002,0,Non-SST
5356.0,87.9435,1.4674,2.2729,0.4684,0,Non-SST
5356.5,82.3818,1.5086,2.3615,0.3978,0,Non-SST
5357.0,77.863,1.5622,2.3813,0.3558,0,Non-SST
5357.5,75.7774,1.6613,2.4229,0.3248,0,Non-SST
5358.0,78.5582,1.5294,2.434,0.3089,0,Non-SST
5358.5,83.4246,1.2328,2.4429,0.3079,0,Non-SST
5359.0,86.9006,1.2245,2.417,0.3177,0,Non-SST
5359.5,90.3767,1.2928,2.3908,0.3428,0,Non-SST
5360.0,97.3287,1.2928,2.3018,0.3663,0,Non-SST
5360.5,100.1095,1.3407,2.2912,0.3998,0,Non-SST
5361.0,98.0239,1.377,2.3161,0.4006,0,Non-SST
5361.5,90.7243,1.5656,2.3809,0.3729,0,Non-SST
5362.0,79.9486,1.7431,2.4287,0.3156,0,Non-SST
5362.5,71.2585,1.9407,2.4511,0.2832,0,Non-SST
5363.0,64.3065,2.0451,2.4628,0.2555,0,Non-SST
5363.5,55.6164,2.1968,2.4204,0.2438,5,WTR
5364.0,58.3972,2.0732,2.4205,0.2474,5,WTR
5364.5,61.1781,1.6213,2.4529,0.265,0,Non-SST
5365.0,73.6917,1.261,2.4841,0.2871,0,Non-SST
5365.5,80.2962,1.261,2.4801,0.2961,0,Non-SST
5366.0,80.2962,1.1422,2.5048,0.3103,0,Non-SST
5366.5,77.5154,1.3841,2.5114,0.3069,0,Non-SST
5367.0,73.3441,1.666,2.5191,0.3029,0,Non-SST
5367.5,71.6061,1.7707,2.4186,0.2869,0,Non-SST
5368.0,74.7346,1.7777,2.3962,0.2818,0,Non-SST
5368.5,80.9914,1.505,2.3891,0.2967,0,Non-SST
5369.0,88.6387,1.3046,2.4129,0.3228,0,Non-SST
5369.5,93.1575,1.2009,2.4161,0.378,0,Non-SST
5370.0,93.1575,1.1957,2.3948,0.4103,0,Non-SST
5370.5,91.7671,1.1957,2.3741,0.4553,0,Non-SST
5371.0,90.3767,1.1258,2.3403,0.4727,0,Non-SST
5371.5,95.9383,1.0632,2.324,0.4755,0,Non-SST
5372.0,98.3715,1.0319,2.3298,0.4695,0,Non-SST
5372.5,99.4839,1.0151,2.3353,0.4514,0,Non-SST
5373.0,99.5534,1.047,2.3387,0.4319,0,Non-SST
5373.5,96.703,1.1037,2.3189,0.4234,0,Non-SST
5374.0,95.2431,1.4404,2.3181,0.4162,0,Non-SST
5374.5,98.0239,1.3683,2.3198,0.4047,0,Non-SST
5375.0,102.8904,1.3575,2.3147,0.3749,0,Non-SST
5375.5,109.4948,1.3572,2.3001,0.3909,0,Non-SST
5376.0,119.2277,1.235,2.3085,0.4124,0,Non-SST
5376.5,127.5702,1.235,2.3278,0.4513,0,Non-SST
5377.0,124.4417,1.1466,2.3749,0.4289,0,Non-SST
5377.5,114.3613,1.1485,2.3759,0.4441,0,Non-SST
5378.0,111.5804,1.375,2.336,0.4156,0,Non-SST
5378.5,118.1849,1.4407,2.2802,0.4189,0,Non-SST
5379.0,115.4041,1.3818,2.3119,0.4092,0,Non-SST
5379.5,112.6232,1.3939,2.385,0.4024,0,Non-SST
5380.0,95.2431,1.8364,2.4825,0.3783,0,Non-SST
5380.5,83.7722,1.8856,2.4759,0.333,0,Non-SST
5381.0,80.9914,1.9211,2.4434,0.3165,0,Non-SST
5381.5,86.553,1.6136,2.408,0.3118,0,Non-SST
5382.0,94.5479,1.4135,2.4239,0.3254,0,Non-SST
5382.5,101.1524,1.3229,2.4016,0.3521,0,Non-SST
5383.0,105.3236,1.4338,2.3471,0.3865,0,Non-SST
5383.5,104.2808,1.6715,2.2589,0.4218,0,Non-SST
5384.0,101.4999,2.1642,2.2072,0.4005,0,Non-SST
5384.5,98.7191,1.8201,2.2254,0.3544,0,Non-SST
5385.0,87.9435,1.9162,2.3115,0.3119,0,Non-SST
5385.5,76.8202,1.9162,2.4057,0.2768,0,Non-SST
5386.0,68.1301,2.1476,2.4452,0.2659,0,Non-SST
5386.5,61.8733,2.3806,2.3986,0.2466,0,Non-SST
5387.0,58.571,2.4833,2.3579,0.2472,5,WTR
5387.5,59.7876,2.3591,2.3507,0.2442,5,WTR
5388.0,66.5659,2.1305,2.3323,0.2618,5,WTR
5388.5,82.7294,2.0078,2.2643,0.2924,0,Non-SST
5389.0,100.1095,1.9343,2.1454,0.3367,0,Non-SST
5389.5,101.8476,2.093,2.1469,0.4053,0,Non-SST
5390.0,87.5959,2.2006,2.2023,0.4237,0,Non-SST
5390.5,67.0873,2.2006,2.3053,0.3433,0,Non-SST
5391.0,47.274,2.6147,2.3264,0.2748,5,WTR
5391.5,44.4931,2.7712,2.3123,0.2295,5,WTR
5392.0,41.7123,2.8671,2.3204,0.2243,5,WTR
5392.5,51.3293,2.3158,2.3593,0.2436,5,WTR
5393.0,65.4652,1.7814,2.4275,0.2631,0,Non-SST
5393.5,76.0091,1.4297,2.4636,0.2899,0,Non-SST
5394.0,80.2962,1.2755,2.4952,0.2993,0,Non-SST
5394.5,81.339,1.1527,2.4814,0.3283,0,Non-SST
5395.0,78.9058,1.0834,2.4794,0.3348,0,Non-SST
5395.5,72.6489,1.2779,2.4742,0.3276,0,Non-SST
5396.0,68.1301,1.8338,2.487,0.3041,0,Non-SST
5396.5,68.1301,1.9607,2.4672,0.27,0,Non-SST
5397.0,69.5205,1.9728,2.4681,0.2563,0,Non-SST
5397.5,66.0445,1.9728,2.4525,0.252,0,Non-SST
5398.0,62.5685,1.9978,2.5043,0.2587,0,Non-SST
5398.5,66.0445,1.9805,2.4718,0.2674,0,Non-SST
5399.0,69.8681,1.9805,2.4692,0.2668,0,Non-SST
5399.5,72.6489,1.9386,2.4372,0.27,0,Non-SST
5400.0,74.7346,1.8304,2.4612,0.2709,0,Non-SST
5400.5,78.2106,1.4636,2.4532,0.2826,0,Non-SST
5401.0,83.077,1.3628,2.4245,0.3074,0,Non-SST
5401.5,90.7243,1.3715,2.3738,0.3369,0,Non-SST
5402.0,105.6712,1.1834,2.2868,0.3865,0,Non-SST
5402.5,116.7945,1.1243,2.1802,0.4714,0,Non-SST
5403.0,127.9178,1.4021,1.9255,0.5106,0,Non-SST
5403.5,127.2225,2.1167,1.7885,0.5365,0,Non-SST
5404.0,109.8424,2.1167,2.1961,0.545,0,Non-SST
5404.5,91.0719,2.491,2.2813,0.5733,0,Non-SST
5405.0,85.8578,1.5283,2.2618,0.5173,0,Non-SST
5405.5,90.0291,1.2613,2.3716,0.4566,0,Non-SST
5406.0,94.2003,1.1655,2.3576,0.4117,0,Non-SST
5406.5,94.8955,1.1715,2.3535,0.4076,0,Non-SST
5407.0,95.5907,1.0996,2.3536,0.4418,0,Non-SST
5407.5,99.4143,1.0477,2.3484,0.4427,0,Non-SST
5408.0,101.1524,1.1717,2.3066,0.4491,0,Non-SST
5408.5,94.5479,1.5819,2.2787,0.41,0,Non-SST
5409.0,88.9863,2.1215,2.2824,0.3787,0,Non-SST
5409.5,83.4246,2.1215,2.3299,0.3259,0,Non-SST
5410.0,67.4349,2.2211,2.3664,0.2923,0,Non-SST
5410.5,60.1352,2.1421,2.373,0.2805,5,WTR
5411.0,63.2637,2.0628,2.385,0.2808,0,Non-SST
5411.5,69.8681,2.0232,2.4055,0.287,0,Non-SST
5412.0,76.4726,1.8627,2.3865,0.2967,0,Non-SST
5412.5,83.4246,1.7158,2.3457,0.3174,0,Non-SST
5413.0,90.3767,1.7135,2.2572,0.3362,0,Non-SST
5413.5,98.7191,1.6787,2.2611,0.3552,0,Non-SST
5414.0,103.238,1.5324,2.2791,0.3483,0,Non-SST
5414.5,104.976,1.172,2.3682,0.3442,0,Non-SST
5415.0,103.3538,1.1023,2.4175,0.3409,0,Non-SST
5415.5,101.3841,1.0834,2.4724,0.3523,0,Non-SST
5416.0,99.1826,1.1081,2.4429,0.3527,0,Non-SST
5416.5,95.4169,1.1934,2.4289,0.3525,0,Non-SST
5417.0,92.2885,1.3259,2.3895,0.3418,0,Non-SST
5417.5,91.5933,1.3238,2.3875,0.3475,0,Non-SST
5418.0,94.0265,1.131,2.3718,0.3351,0,Non-SST
5418.5,96.2859,1.0186,2.4126,0.3411,0,Non-SST
5419.0,91.7671,1.0506,2.4322,0.3369,0,Non-SST
5419.5,78.2106,1.0506,2.4509,0.3317,0,Non-SST
5420.0,68.4777,1.3962,2.4441,0.3028,0,Non-SST
5420.5,71.2585,1.3847,2.4448,0.2915,0,Non-SST
5421.0,76.4726,1.1702,2.4383,0.2976,0,Non-SST
5421.5,79.2534,1.062,2.4271,0.3308,0,Non-SST
5422.0,83.4246,1.0624,2.3836,0.3476,0,Non-SST
5422.5,87.5959,1.0827,2.3602,0.368,0,Non-SST
5423.0,83.4246,1.1019,2.3709,0.3708,0,Non-SST
5423.5,83.4246,1.0351,2.4161,0.3772,0,Non-SST
5424.0,83.7722,1.0672,2.46,0.344,0,Non-SST
5424.5,81.6866,1.2755,2.5689,0.298,0,Non-SST
5425.0,74.7346,1.6542,2.6185,0.2535,0,Non-SST
5425.5,60.4829,2.3834,2.7023,0.1959,0,Non-SST
5426.0,46.5787,4.695,2.6903,0.1664,0,Non-SST
5426.5,43.1027,3.2023,2.6203,0.1478,0,Non-SST
5427.0,52.1404,2.2746,2.5769,0.1599,0,Non-SST
5427.5,61.1781,1.7933,2.5278,0.2011,0,Non-SST
5428.0,60.1352,1.8304,2.497,0.2499,0,Non-SST
5428.5,61.8733,1.8304,2.4397,0.2641,0,Non-SST
5429.0,61.8733,1.8979,2.4459,0.2539,0,Non-SST
5429.5,60.1353,1.9789,2.4338,0.2469,0,Non-SST
5430.0,61.8733,1.8226,2.4634,0.2556,0,Non-SST
5430.5,65.3493,1.6302,2.4682,0.2628,0,Non-SST
5431.0,68.8253,1.4663,2.4788,0.2775,0,Non-SST
5431.5,72.3013,1.6028,2.4688,0.2811,0,Non-SST
5432.0,69.8681,1.9316,2.459,0.2758,0,Non-SST
5432.5,64.6541,1.9542,2.4378,0.2637,0,Non-SST
5433.0,63.2637,1.8723,2.4478,0.2523,0,Non-SST
5433.5,62.9161,1.8723,2.4376,0.2533,0,Non-SST
5434.0,62.9161,1.8201,2.4632,0.2554,0,Non-SST
5434.5,66.7397,1.7291,2.4431,0.2634,0,Non-SST
5435.0,68.4777,1.7381,2.4443,0.2618,0,Non-SST
5435.5,62.5685,1.798,2.4246,0.2574,0,Non-SST
5436.0,60.4829,1.934,2.4196,0.2435,5,WTR
5436.5,58.3972,1.9213,2.4364,0.2458,0,Non-SST
5437.0,61.8733,1.8964,2.4617,0.2494,0,Non-SST
5437.5,64.3065,1.8076,2.4764,0.2661,0,Non-SST
5438.0,66.0445,1.7118,2.4724,0.27,0,Non-SST
5438.5,67.4349,1.6323,2.4661,0.285,0,Non-SST
5439.0,68.4777,1.6664,2.5094,0.2849,0,Non-SST
5439.5,68.1301,1.8018,2.4847,0.2902,0,Non-SST
5440.0,68.8253,1.8642,2.4848,0.2808,0,Non-SST
5440.5,69.5205,1.7824,2.4541,0.2743,0,Non-SST
5441.0,68.1301,1.7847,2.4754,0.263,0,Non-SST
5441.5,64.6541,1.9466,2.4791,0.2544,0,Non-SST
5442.0,61.8733,2.0913,2.4793,0.2489,0,Non-SST
5442.5,62.9161,2.0913,2.4937,0.2412,0,Non-SST
5443.0,68.1301,2.0634,2.4966,0.2362,0,Non-SST
5443.5,66.7397,2.0155,2.4958,0.2313,0,Non-SST
5444.0,65.3493,2.0001,2.4747,0.2369,0,Non-SST
5444.5,65.3493,2.1131,2.4732,0.2389,0,Non-SST
5445.0,63.2637,2.2743,2.4761,0.2354,0,Non-SST
5445.5,58.0496,2.3275,2.48,0.2314,0,Non-SST
5446.0,53.8784,2.4325,2.4656,0.2182,0,Non-SST
5446.5,52.8356,2.4325,2.4618,0.2163,0,Non-SST
5447.0,56.3116,2.3719,2.4356,0.2165,0,Non-SST
5447.5,59.7876,2.2491,2.4328,0.2297,0,Non-SST
5448.0,62.5685,2.2399,2.4439,0.2281,0,Non-SST
5448.5,61.1781,2.2076,2.459,0.2203,0,Non-SST
5449.0,59.7876,2.193,2.4713,0.2126,0,Non-SST
5449.5,59.44,2.2269,2.4805,0.214,0,Non-SST
5450.0,59.0924,2.2445,2.4593,0.209,0,Non-SST
5450.5,59.0924,2.2445,2.4665,0.209,0,Non-SST
5451.0,58.3972,2.2656,2.4359,0.2073,0,Non-SST
5451.5,59.0924,2.3,2.4619,0.2113,0,Non-SST
5452.0,59.7876,2.2636,2.4495,0.2144,0,Non-SST
5452.5,62.2209,2.3784,2.4971,0.2136,0,Non-SST
5453.0,65.3493,2.6064,2.5076,0.2219,0,Non-SST
5453.5,69.1729,2.7961,2.5527,0.2277,0,Non-SST
5454.0,70.9109,2.7961,2.5156,0.2316,0,Non-SST
5454.5,68.8253,2.6682,2.4992,0.2316,0,Non-SST
5455.0,66.7397,2.5711,2.4787,0.2229,0,Non-SST
5455.5,61.5257,2.4475,2.4762,0.2272,0,Non-SST
5456.0,57.702,2.3338,2.4879,0.2249,0,Non-SST
5456.5,53.1832,2.3089,2.4449,0.2279,0,Non-SST
5457.0,50.0548,2.2484,2.4356,0.2236,0,Non-SST
5457.5,55.6164,2.205,2.4725,0.2212,0,Non-SST
5458.0,61.1781,2.1054,2.4917,0.228,0,Non-SST
5458.5,61.8733,2.1054,2.5184,0.2301,0,Non-SST
5459.0,63.2637,1.9068,2.4909,0.2339,0,Non-SST
5459.5,68.1301,1.8129,2.53,0.2346,0,Non-SST
5460.0,68.8253,1.985,2.5736,0.2344,0,Non-SST
5460.5,69.5205,2.1185,2.6183,0.2294,0,Non-SST
5461.0,64.6541,2.1149,2.5894,0.2247,0,Non-SST
5461.5,61.1781,2.1149,2.5264,0.2231,0,Non-SST
5462.0,60.1352,2.1611,2.5023,0.2245,0,Non-SST
5462.5,62.5685,2.1673,2.4964,0.2254,0,Non-SST
5463.0,66.0445,1.9816,2.491,0.2287,0,Non-SST
5463.5,69.5205,1.8764,2.4984,0.2401,0,Non-SST
5464.0,67.7825,1.8764,2.525,0.248,0,Non-SST
5464.5,66.3921,1.9364,2.5524,0.2578,0,Non-SST
5465.0,66.7397,1.9016,2.5495,0.2532,0,Non-SST
5465.5,64.6541,2.0094,2.5958,0.2499,0,Non-SST
5466.0,62.5685,2.4133,2.6407,0.2494,0,Non-SST
5466.5,53.8784,3.5041,2.7026,0.2249,0,Non-SST
5467.0,52.1404,3.5041,2.649,0.2057,0,Non-SST
5467.5,60.4829,2.6039,2.5712,0.1967,0,Non-SST
5468.0,72.3013,1.9268,2.5131,0.2271,0,Non-SST
5468.5,77.1678,1.6492,2.4899,0.2634,0,Non-SST
5469.0,82.0342,1.3715,2.4925,0.2938,0,Non-SST
5469.5,76.8202,1.3715,2.4982,0.3075,0,Non-SST
5470.0,68.4777,1.5361,2.4938,0.3146,0,Non-SST
5470.5,59.44,1.922,2.4746,0.2738,0,Non-SST
5471.0,54.226,2.176,2.4634,0.2419,0,Non-SST
5471.5,52.8356,2.2069,2.4569,0.219,0,Non-SST
5472.0,51.4452,2.223,2.462,0.2176,0,Non-SST
5472.5,53.8784,2.223,2.454,0.221,0,Non-SST
5473.0,56.6592,2.2703,2.466,0.2225,0,Non-SST
5473.5,57.702,2.3034,2.483,0.2262,0,Non-SST
5474.0,59.0924,2.2736,2.4768,0.2205,0,Non-SST
5474.5,60.4829,2.1605,2.5001,0.2347,0,Non-SST
5475.0,60.8305,1.9353,2.4818,0.2476,0,Non-SST
5475.5,64.6541,1.9353,2.4798,0.2744,0,Non-SST
5476.0,71.9537,1.5897,2.4506,0.2927,0,Non-SST
5476.5,79.2534,1.287,2.479,0.3225,0,Non-SST
5477.0,78.5582,1.2624,2.4858,0.347,0,Non-SST
5477.5,77.863,1.426,2.4845,0.3397,0,Non-SST
5478.0,73.6917,1.585,2.4661,0.3174,0,Non-SST
5478.5,70.5633,1.585,2.477,0.2903,0,Non-SST
5479.0,69.5205,1.6241,2.5008,0.2708,0,Non-SST
5479.5,70.9109,1.5462,2.5077,0.2758,0,Non-SST
5480.0,72.3013,1.4659,2.5075,0.2871,0,Non-SST
5480.5,69.1729,1.458,2.4907,0.3077,0,Non-SST
5481.0,68.1301,1.5028,2.5025,0.2983,0,Non-SST
5481.5,67.7825,1.6249,2.4884,0.2971,0,Non-SST
5482.0,66.7397,1.5529,2.5004,0.2923,0,Non-SST
5482.5,68.8253,1.4038,2.4782,0.3038,0,Non-SST
5483.0,70.9109,1.3175,2.4853,0.3099,0,Non-SST
5483.5,73.6917,1.3175,2.5002,0.3276,0,Non-SST
5484.0,73.3441,1.176,2.4954,0.3245,0,Non-SST
5484.5,70.9109,1.1877,2.5235,0.3238,0,Non-SST
5485.0,68.1301,1.3373,2.5158,0.318,0,Non-SST
5485.5,60.9174,2.0327,2.5423,0.3049,0,Non-SST
5486.0,53.7046,2.1829,2.521,0.2665,0,Non-SST
5486.5,61.7429,2.1829,2.5203,0.2536,0,Non-SST
5487.0,67.4349,1.5432,2.5185,0.2593,0,Non-SST
5487.5,70.2157,1.3818,2.497,0.2993,0,Non-SST
5488.0,70.9109,1.4487,2.507,0.2999,0,Non-SST
5488.5,70.9109,1.5881,2.5011,0.283,0,Non-SST
5489.0,67.4349,1.6762,2.5123,0.2738,0,Non-SST
5489.5,63.9589,1.6762,2.4886,0.2721,0,Non-SST
5490.0,62.2209,1.7206,2.4838,0.2688,0,Non-SST
5490.5,62.5685,1.7323,2.4948,0.265,0,Non-SST
5491.0,65.3493,1.6455,2.515,0.258,0,Non-SST
5491.5,68.1301,1.6525,2.5239,0.2624,0,Non-SST
5492.0,68.8253,1.6525,2.5223,0.2573,0,Non-SST
5492.5,68.4777,1.683,2.5346,0.2584,0,Non-SST
5493.0,68.1301,1.5969,2.5305,0.2685,0,Non-SST
5493.5,67.4349,1.5594,2.525,0.2869,0,Non-SST
5494.0,66.7397,1.4959,2.4805,0.3109,0,Non-SST
5494.5,72.3013,1.4539,2.477,0.3159,0,Non-SST
5495.0,76.4726,1.4691,2.4505,0.3178,0,Non-SST
5495.5,73.6917,1.4691,2.4714,0.3205,0,Non-SST
5496.0,75.0822,1.5133,2.4613,0.3355,0,Non-SST
5496.5,76.4726,1.4589,2.4383,0.3474,0,Non-SST
5497.0,78.5582,1.3926,2.4264,0.3448,0,Non-SST
5497.5,80.2962,1.3965,2.4197,0.3487,0,Non-SST
5498.0,79.2534,1.3965,2.4044,0.3647,0,Non-SST
5498.5,81.339,1.3965,2.3952,0.3843,0,Non-SST
5499.0,83.4246,1.3265,2.339,0.4008,0,Non-SST
5499.5,90.0291,1.2809,2.2937,0.3839,0,Non-SST
5500.0,92.4623,1.3428,2.2572,0.3882,0,Non-SST
5500.5,91.7671,1.3428,2.3249,0.3817,0,Non-SST
5501.0,91.7671,1.2902,2.3949,0.3994,0,Non-SST
5501.5,91.7671,1.3916,2.4388,0.3846,0,Non-SST
5502.0,97.3287,1.4749,2.4372,0.36,0,Non-SST
5502.5,94.2003,1.4749,2.4584,0.3504,0,Non-SST
5503.0,90.3767,1.1791,2.4579,0.3505,0,Non-SST
5503.5,88.9863,0.8144,2.4578,0.3607,0,Non-SST
5504.0,87.5959,0.785,2.4243,0.3638,0,Non-SST
5504.5,82.0342,0.9084,2.4502,0.3706,0,Non-SST
5505.0,80.9914,1.0157,2.473,0.3547,0,Non-SST
5505.5,78.2106,1.0157,2.4899,0.3466,0,Non-SST
5506.0,72.6489,1.2911,2.4728,0.3314,0,Non-SST
5506.5,72.6489,1.2896,2.4666,0.3309,0,Non-SST
5507.0,77.1678,1.0316,2.4518,0.3306,0,Non-SST
5507.5,79.2534,1.0316,2.4374,0.3522,0,Non-SST
5508.0,79.2534,0.9787,2.4361,0.3757,0,Non-SST
5508.5,79.2534,1.0384,2.4486,0.3796,0,Non-SST
5509.0,75.4298,1.3205,2.4591,0.3565,0,Non-SST
5509.5,72.3013,1.506,2.4686,0.3136,0,Non-SST
5510.0,67.0873,1.6534,2.5138,0.2676,0,Non-SST
5510.5,57.0068,1.6534,2.5851,0.2285,0,Non-SST
5511.0,47.274,2.7234,2.654,0.186,0,Non-SST
5511.5,37.5411,5.2532,2.6374,0.1488,0,Non-SST
5512.0,32.6746,5.5793,2.572,0.1202,0,Non-SST
5512.5,31.6318,3.9378,2.3405,0.1032,0,Non-SST
5513.0,30.2414,3.7066,2.1327,0.1009,1,Gas
5513.5,25.0274,5.1544,2.0199,0.0987,1,Gas
5514.0,25.7226,4.933,2.0637,0.1045,1,Gas
5514.5,26.4178,3.4082,2.198,0.1195,0,Non-SST
5515.0,45.1883,3.4082,2.3361,0.167,0,Non-SST
5515.5,61.5257,2.0965,2.417,0.2301,0,Non-SST
5516.0,69.1729,1.6938,2.4477,0.2913,0,Non-SST
5516.5,69.5205,1.5361,2.4407,0.3058,0,Non-SST
5517.0,68.1301,1.5324,2.4552,0.3176,0,Non-SST
5517.5,66.7397,1.4001,2.4604,0.3198,0,Non-SST
5518.0,70.5633,1.4001,2.4838,0.3269,0,Non-SST
5518.5,72.6489,1.3079,2.4901,0.341,0,Non-SST
5519.0,72.3013,1.2307,2.4719,0.3452,0,Non-SST
5519.5,71.6061,1.2554,2.4932,0.3478,0,Non-SST
5520.0,70.9109,1.1682,2.5003,0.3451,0,Non-SST
5520.5,74.7346,1.131,2.4955,0.3477,0,Non-SST
5521.0,77.1678,1.131,2.4673,0.3627,0,Non-SST
5521.5,77.1678,1.1466,2.4631,0.3593,0,Non-SST
5522.0,75.0822,1.1554,2.4692,0.3369,0,Non-SST
5522.5,71.6061,1.3475,2.4824,0.2987,0,Non-SST
5523.0,68.1301,1.9332,2.4896,0.2664,0,Non-SST
5523.5,60.4829,1.9332,2.4848,0.2541,0,Non-SST
5524.0,59.0924,2.103,2.4891,0.2423,0,Non-SST
5524.5,63.9589,1.9531,2.4642,0.2488,0,Non-SST
5525.0,71.6061,1.6096,2.4364,0.2641,0,Non-SST
5525.5,79.2534,1.6546,2.3975,0.2783,0,Non-SST
5526.0,77.1678,1.8672,2.3731,0.2857,0,Non-SST
5526.5,73.6917,1.8672,2.3683,0.2916,0,Non-SST
5527.0,65.3493,1.9656,2.3433,0.2927,0,Non-SST
5527.5,59.0924,2.3422,2.3403,0.2758,5,WTR
5528.0,52.8356,2.5073,2.3118,0.2427,5,WTR
5528.5,51.7928,2.3777,2.3141,0.2274,5,WTR
5529.0,52.1404,2.4244,2.3171,0.2239,5,WTR
5529.5,54.226,2.4244,2.3714,0.2322,5,WTR
5530.0,59.7876,2.2777,2.4032,0.2458,5,WTR
5530.5,65.3493,1.8917,2.4541,0.2573,0,Non-SST
5531.0,68.1301,1.8794,2.4712,0.2703,0,Non-SST
5531.5,70.9109,1.9695,2.4551,0.2665,0,Non-SST
5532.0,77.863,1.9695,2.4355,0.2768,0,Non-SST
5532.5,79.9486,1.8422,2.3863,0.2994,0,Non-SST
5533.0,82.0342,1.6534,2.1707,0.3538,0,Non-SST
5533.5,89.3339,1.693,2.0096,0.4102,0,Non-SST
5534.0,86.2054,2.133,1.9928,0.4988,0,Non-SST
5534.5,91.7671,2.133,2.1403,0.5308,0,Non-SST
5535.0,97.3287,1.3812,2.1841,0.5194,0,Non-SST
5535.5,115.0565,1.2582,2.0325,0.4813,0,Non-SST
5536.0,110.5376,1.7591,1.9642,0.4981,0,Non-SST
5536.5,87.5959,1.7591,1.9965,0.5559,0,Non-SST
5537.0,86.9006,1.4919,2.0777,0.583,0,Non-SST
5537.5,86.2054,1.2504,2.1369,0.5467,0,Non-SST
5538.0,78.2106,1.3828,2.1906,0.5007,0,Non-SST
5538.5,77.863,1.0695,2.3182,0.4458,0,Non-SST
5539.0,79.2534,1.0669,2.394,0.4112,0,Non-SST
5539.5,79.9486,1.0669,2.4122,0.3752,0,Non-SST
5540.0,80.6438,1.2296,2.4444,0.3582,0,Non-SST
5540.5,84.4674,1.3326,2.4512,0.3381,0,Non-SST
5541.0,87.5959,1.4165,2.5122,0.3196,0,Non-SST
5541.5,90.3767,1.4165,2.4574,0.3022,0,Non-SST
5542.0,93.1575,1.3046,2.4706,0.2902,0,Non-SST
5542.5,92.8099,1.3484,2.4408,0.2852,0,Non-SST
5543.0,86.553,1.553,2.4529,0.2728,0,Non-SST
5543.5,77.863,1.5649,2.4762,0.2669,0,Non-SST
5544.0,70.9109,1.5649,2.4976,0.2568,0,Non-SST
5544.5,63.9589,1.8231,2.5074,0.2534,0,Non-SST
5545.0,61.0043,1.9472,2.4808,0.2476,0,Non-SST
5545.5,61.3519,2.0116,2.4333,0.2507,0,Non-SST
5546.0,66.0445,2.0116,2.426,0.2509,0,Non-SST
5546.5,72.4751,1.8319,2.4151,0.2545,0,Non-SST
5547.0,75.9512,1.7087,2.4405,0.257,0,Non-SST
5547.5,71.7799,1.7838,2.4046,0.262,0,Non-SST
5548.0,65.0017,1.9526,2.3855,0.2594,5,WTR
5548.5,64.3065,1.9526,2.3382,0.2572,5,WTR
5549.0,72.4751,1.8979,2.2969,0.2682,0,Non-SST
5549.5,89.751,1.6775,2.2623,0.2965,0,Non-SST
5550.0,106.853,1.3076,2.2501,0.338,0,Non-SST
5550.5,113.388,1.2535,2.2629,0.3897,0,Non-SST
5551.0,112.4494,1.2535,2.2785,0.4197,0,Non-SST
5551.5,107.0616,1.3079,2.3126,0.4178,0,Non-SST
5552.0,97.6763,1.6633,2.3186,0.3464,0,Non-SST
5552.5,84.2936,1.823,2.3092,0.2872,0,Non-SST
5553.0,69.8681,2.0582,2.2906,0.2504,0,Non-SST
5553.5,63.7851,2.0136,2.2837,0.2348,5,WTR
5554.0,68.1301,1.8314,2.315,0.2356,0,Non-SST
5554.5,76.125,1.4211,2.3594,0.2382,0,Non-SST
5555.0,78.5582,1.359,2.4267,0.2636,0,Non-SST
5555.5,73.6917,1.6269,2.4374,0.2678,0,Non-SST
5556.0,75.7774,1.7719,2.4733,0.278,0,Non-SST
5556.5,77.863,1.7534,2.4351,0.2572,0,Non-SST
5557.0,77.1678,1.5993,2.4646,0.2602,0,Non-SST
5557.5,77.863,1.6035,2.4343,0.2542,0,Non-SST
5558.0,74.3869,1.8121,2.4605,0.2629,0,Non-SST
5558.5,70.9109,1.898,2.4394,0.243,0,Non-SST
5559.0,62.2209,2.0673,2.414,0.2406,0,Non-SST
5559.5,57.702,2.269,2.3628,0.2221,5,WTR
5560.0,58.3972,2.2127,2.3456,0.2297,5,WTR
5560.5,65.3493,1.7862,2.3884,0.2245,0,Non-SST
5561.0,72.3013,1.4188,2.4847,0.2464,0,Non-SST
5561.5,77.863,1.2844,2.5217,0.2695,0,Non-SST
5562.0,77.863,1.4318,2.5081,0.2911,0,Non-SST
5562.5,75.0822,1.4318,2.4884,0.2965,0,Non-SST
5563.0,74.3869,1.5557,2.4581,0.2932,0,Non-SST
5563.5,73.6917,1.5395,2.46,0.2939,0,Non-SST
5564.0,79.9486,1.0684,2.4666,0.3027,0,Non-SST
5564.5,85.8578,0.9871,2.4742,0.3147,0,Non-SST
5565.0,93.1575,0.9871,2.4736,0.3284,0,Non-SST
5565.5,90.3767,0.9119,2.476,0.3304,0,Non-SST
5566.0,87.5959,1.1267,2.5556,0.3196,0,Non-SST
5566.5,76.4726,2.048,2.5601,0.2841,0,Non-SST
5567.0,65.3493,2.1791,2.515,0.2427,0,Non-SST
5567.5,69.5205,2.1791,2.4169,0.2221,0,Non-SST
5568.0,73.6917,1.596,2.4194,0.2395,0,Non-SST
5568.5,81.6866,1.4476,2.4351,0.2785,0,Non-SST
5569.0,90.3767,1.2964,2.4831,0.3258,0,Non-SST
5569.5,98.3715,1.0069,2.4031,0.3334,0,Non-SST
5570.0,109.4948,1.0069,2.3208,0.3737,0,Non-SST
5570.5,126.5274,0.8675,2.276,0.3862,0,Non-SST
5571.0,134.8698,0.9226,2.2898,0.4269,0,Non-SST
5571.5,143.2123,0.8261,2.3699,0.3906,0,Non-SST
5572.0,111.5804,0.8261,2.4526,0.3538,0,Non-SST
5572.5,93.1575,1.0754,2.521,0.3192,0,Non-SST
5573.0,85.8578,1.2761,2.5034,0.3006,0,Non-SST
5573.5,79.601,1.3528,2.4852,0.2898,0,Non-SST
5574.0,72.3013,1.5324,2.4333,0.2744,0,Non-SST
5574.5,74.3869,1.5324,2.4602,0.2737,0,Non-SST
5575.0,76.4726,1.7211,2.4646,0.2737,0,Non-SST
5575.5,71.9537,1.749,2.4506,0.2744,0,Non-SST
5576.0,69.8681,1.7904,2.43,0.2735,0,Non-SST
5576.5,69.5205,1.8692,2.3844,0.276,0,Non-SST
5577.0,63.2637,2.1354,2.3548,0.2745,0,Non-SST
5577.5,57.0068,2.1354,2.321,0.2718,5,WTR
5578.0,48.6064,2.8817,2.3036,0.2624,3,Oil
5578.5,41.4226,3.5978,2.3076,0.263,5,WTR
5579.0,38.526,4.2032,2.2932,0.2566,5,WTR
5579.5,39.1053,4.5914,2.3021,0.2607,0,Non-SST
5580.0,38.5839,5.6733,2.2559,0.2629,5,WTR
5580.5,36.4983,6.4107,2.2376,0.2562,5,WTR
5581.0,34.7603,6.401,2.2247,0.255,5,WTR
5581.5,34.0651,6.401,2.2188,0.2504,5,WTR
5582.0,33.3699,6.1093,2.2221,0.2552,5,WTR
5582.5,32.6746,5.8055,2.2323,0.2567,5,WTR
5583.0,33.3699,5.3144,2.28,0.2627,0,Non-SST
5583.5,32.6746,5.3144,2.3061,0.2788,0,Non-SST
5584.0,31.9794,4.6631,2.3023,0.2828,0,Non-SST
5584.5,34.4127,4.2618,2.2838,0.2843,0,Non-SST
5585.0,34.7603,3.6084,2.2741,0.278,0,Non-SST
5585.5,31.9794,2.7594,2.2685,0.275,5,WTR
5586.0,32.6746,2.5019,2.2728,0.271,5,WTR
5586.5,33.3699,2.2945,2.2628,0.2627,5,WTR
5587.0,30.9366,2.1024,2.2259,0.2578,5,WTR
5587.5,28.9669,2.0194,2.209,0.2572,5,WTR
5588.0,27.3447,1.8923,2.2204,0.2651,5,WTR
5588.5,27.0551,1.8923,2.2854,0.2737,5,WTR
5589.0,31.1104,1.7573,2.3315,0.2676,5,WTR
5589.5,37.8887,1.7749,2.3313,0.2524,5,WTR
5590.0,39.6846,2.1287,2.3377,0.2421,5,WTR
5590.5,36.9038,2.1287,2.3378,0.2386,5,WTR
5591.0,37.4831,2.4438,2.3591,0.2459,5,WTR
5591.5,45.1304,2.136,2.368,0.243,5,WTR
5592.0,56.3116,1.7481,2.4039,0.2554,5,WTR
5592.5,64.1327,1.7481,2.4458,0.2673,0,Non-SST
5593.0,66.5659,1.6938,2.4434,0.2867,0,Non-SST
5593.5,67.4349,1.7744,2.4608,0.2888,0,Non-SST
5594.0,70.3895,1.7269,2.4675,0.2985,0,Non-SST
5594.5,73.6917,1.4886,2.4959,0.3144,0,Non-SST
5595.0,74.9084,1.329,2.5095,0.3346,0,Non-SST
5595.5,75.6036,1.2458,2.526,0.34,0,Non-SST
5596.0,77.1678,1.2207,2.5332,0.3442,0,Non-SST
5596.5,80.1224,1.2059,2.5067,0.3481,0,Non-SST
5597.0,82.5556,1.1553,2.481,0.364,0,Non-SST
5597.5,82.7294,1.1449,2.4648,0.3649,0,Non-SST
5598.0,81.1652,1.1861,2.4512,0.365,0,Non-SST
5598.5,77.1678,1.2298,2.4463,0.3472,0,Non-SST
5599.0,73.3441,1.2784,2.4533,0.3466,0,Non-SST
5599.5,73.6917,1.315,2.4536,0.3561,0,Non-SST
5600.0,76.4726,1.2767,2.4935,0.3636,0,Non-SST
5600.5,78.3844,1.2046,2.4772,0.371,0,Non-SST
5601.0,79.9486,1.1633,2.4856,0.3514,0,Non-SST
5601.5,80.1224,1.1742,2.4987,0.3566,0,Non-SST
5602.0,78.2106,1.1991,2.5099,0.3502,0,Non-SST
5602.5,77.5154,1.2306,2.5105,0.3539,0,Non-SST
5603.0,77.863,1.2077,2.4708,0.347,0,Non-SST
5603.5,77.1678,1.179,2.4697,0.3498,0,Non-SST
5604.0,76.125,1.2006,2.482,0.3484,0,Non-SST
5604.5,77.1678,1.3279,2.5018,0.3391,0,Non-SST
5605.0,78.5582,1.5481,2.5101,0.3277,0,Non-SST
5605.5,76.125,1.5195,2.5108,0.3119,0,Non-SST
5606.0,72.6489,1.4878,2.4886,0.3021,0,Non-SST
5606.5,71.9537,1.6192,2.4659,0.2893,0,Non-SST
5607.0,69.1729,1.9499,2.4884,0.2633,0,Non-SST
5607.5,61.1781,2.2524,2.4679,0.242,0,Non-SST
5608.0,54.5736,2.4133,2.4802,0.2327,0,Non-SST
5608.5,55.964,2.4056,2.4016,0.2417,5,WTR
5609.0,63.9589,2.4207,2.3417,0.2496,5,WTR
5609.5,72.6489,2.3677,2.2694,0.2713,0,Non-SST
5610.0,77.5154,2.281,2.289,0.2957,0,Non-SST
5610.5,74.0394,2.3151,2.3515,0.2973,0,Non-SST
5611.0,63.6113,2.4669,2.4064,0.2644,0,Non-SST
5611.5,54.9212,2.5605,2.3793,0.2333,0,Non-SST
5612.0,51.0976,2.5678,2.3425,0.2112,5,WTR
5612.5,50.75,2.5678,2.2863,0.1969,0,Non-SST
5613.0,51.4452,2.7896,2.2504,0.1904,0,Non-SST
5613.5,51.0976,2.941,2.2622,0.1824,0,Non-SST
5614.0,51.0976,2.8148,2.2704,0.185,0,Non-SST
5614.5,51.4452,2.7841,2.291,0.1794,0,Non-SST
5615.0,50.0548,2.7989,2.2817,0.1858,0,Non-SST
5615.5,48.6644,2.9111,2.2585,0.1773,0,Non-SST
5616.0,44.1455,3.3317,2.2075,0.166,1,Gas
5616.5,41.7123,3.5938,2.1095,0.139,1,Gas
5617.0,37.5411,3.8876,2.0361,0.1292,1,Gas
5617.5,33.3699,4.0333,2.0354,0.1249,1,Gas
5618.0,43.7979,3.1628,2.0917,0.1395,1,Gas
5618.5,61.1781,2.3612,2.1825,0.1581,0,Non-SST
5619.0,65.3493,1.8432,2.2533,0.1997,0,Non-SST
5619.5,69.5205,1.9115,2.3204,0.2426,0,Non-SST
5620.0,73.3441,1.9084,2.3461,0.2601,0,Non-SST
5620.5,70.9109,2.1251,2.3774,0.2559,0,Non-SST
5621.0,67.4349,2.2172,2.3863,0.2449,0,Non-SST
5621.5,63.9589,2.2172,2.3992,0.2351,0,Non-SST
5622.0,60.8305,2.1987,2.3999,0.2148,0,Non-SST
5622.5,54.226,2.2696,2.2759,0.1958,0,Non-SST
5623.0,43.7979,3.8208,2.138,0.1608,1,Gas
5623.5,33.3699,3.8208,2.0377,0.1122,1,Gas
5624.0,26.7654,5.9371,2.0272,0.0816,1,Gas
5624.5,23.637,7.3565,2.0128,0.0611,1,Gas
5625.0,20.8562,9.4683,1.9838,0.0499,1,Gas
5625.5,18.0753,9.4683,1.9124,0.0358,1,Gas
5626.0,14.2517,14.8683,1.8744,0.0192,1,Gas
5626.5,13.9041,19.6541,1.8563,0.0085,1,Gas
5627.0,13.9041,24.6722,1.8378,0.0011,1,Gas
5627.5,13.9041,24.6722,1.8625,-0.0007,1,Gas
5628.0,13.2089,26.8818,1.8752,0.0003,1,Gas
5628.5,13.9041,26.1777,1.9003,0.0038,1,Gas
5629.0,13.2089,26.8505,1.8876,0.0071,1,Gas
5629.5,12.5137,24.9172,1.8786,0.0087,1,Gas
5630.0,11.4709,24.9172,1.8838,0.0091,1,Gas
5630.5,11.1233,21.095,1.8947,0.0088,1,Gas
5631.0,11.1233,16.935,1.8735,0.0128,1,Gas
5631.5,11.1233,15.1701,1.8618,0.0219,1,Gas
5632.0,11.4709,15.1701,1.8626,0.0341,1,Gas
5632.5,12.5137,9.7411,1.8791,0.0487,1,Gas
5633.0,13.9041,6.9531,1.8951,0.0699,1,Gas
5633.5,15.2945,8.6037,1.8931,0.1046,1,Gas
5634.0,14.9469,8.6037,1.9174,0.129,1,Gas
5634.5,19.4657,8.9267,1.9045,0.1454,1,Gas
5635.0,25.0274,8.0946,1.9134,0.174,1,Gas
5635.5,30.589,7.1288,1.9111,0.2276,1,Gas
5636.0,33.7175,7.1288,1.9967,0.2664,1,Gas
5636.5,42.0599,6.8116,2.1172,0.2845,5,WTR
5637.0,59.7876,4.5993,2.2522,0.2764,0,Non-SST
5637.5,70.9109,2.9663,2.3262,0.2875,0,Non-SST
5638.0,82.0342,2.9663,2.346,0.2929,0,Non-SST
5638.5,84.815,1.7937,2.358,0.3151,0,Non-SST
5639.0,84.815,1.5523,2.3876,0.3279,0,Non-SST
5639.5,79.2534,1.6723,2.4045,0.301,0,Non-SST
5640.0,73.6917,1.6723,2.3895,0.2792,0,Non-SST
5640.5,68.1301,1.5406,2.4155,0.2601,0,Non-SST
5641.0,70.9109,1.6417,2.3527,0.2612,0,Non-SST
5641.5,81.339,1.2266,2.4914,0.2689,0,Non-SST
5642.0,91.7671,1.2266,2.4825,0.2831,0,Non-SST
5642.5,92.8099,1.0637,2.4829,0.3038,0,Non-SST
5643.0,93.1575,0.9744,2.4777,0.323,0,Non-SST
5643.5,90.3767,0.9848,2.497,0.3119,0,Non-SST
5644.0,87.5959,0.9848,2.4798,0.2898,0,Non-SST
5644.5,74.3869,1.2647,2.4488,0.2723,0,Non-SST
5645.0,59.7876,1.9928,2.4296,0.2497,0,Non-SST
5645.5,59.0924,2.0327,2.4126,0.2386,5,WTR
5646.0,58.3972,2.0327,2.3993,0.2274,5,WTR
5646.5,69.1729,1.7131,2.3615,0.2391,0,Non-SST
5647.0,87.5959,1.377,2.3406,0.2549,0,Non-SST
5647.5,98.0239,1.0841,2.3281,0.2843,0,Non-SST
5648.0,108.452,1.0841,2.3382,0.3222,0,Non-SST
5648.5,110.8852,0.9875,2.333,0.3504,0,Non-SST
5649.0,118.1849,0.8212,2.3588,0.3701,0,Non-SST
5649.5,123.7465,0.7909,2.382,0.3704,0,Non-SST
5650.0,129.3082,0.7909,2.4025,0.3714,0,Non-SST
5650.5,127.5702,0.6591,2.3679,0.3665,0,Non-SST
5651.0,126.1797,0.5411,2.3451,0.3727,0,Non-SST
5651.5,130.6986,0.5242,2.3518,0.3644,0,Non-SST
5652.0,129.3082,0.5242,2.3402,0.3545,0,Non-SST
5652.5,127.9178,0.6035,2.3015,0.3431,0,Non-SST
5653.0,124.0941,0.5563,2.2569,0.3404,0,Non-SST
5653.5,120.9657,0.4668,2.26,0.3457,0,Non-SST
5654.0,123.0513,0.4655,2.2577,0.3655,0,Non-SST
5654.5,125.1369,0.4655,2.2513,0.3903,0,Non-SST
5655.0,131.0462,0.467,2.2199,0.4032,0,Non-SST
5655.5,144.6027,0.4636,2.2001,0.3865,0,Non-SST
5656.0,155.726,0.4582,2.1795,0.3612,0,Non-SST
5656.5,161.2876,0.4582,2.1814,0.3476,0,Non-SST
5657.0,166.8492,0.4451,2.1839,0.347,0,Non-SST
5657.5,179.3629,0.4141,2.1688,0.3621,0,Non-SST
5658.0,189.0958,0.3643,2.2057,0.3634,0,Non-SST
5658.5,164.7636,0.4028,2.2486,0.3555,0,Non-SST
5659.0,140.4315,0.4028,2.3294,0.3472,0,Non-SST
5659.5,117.8373,0.6034,2.3566,0.3571,0,Non-SST
5660.0,111.2328,0.5791,2.3564,0.3977,0,Non-SST
5660.5,113.3184,0.5598,2.2084,0.4414,0,Non-SST
5661.0,115.4041,0.5598,2.0517,0.4694,0,Non-SST
5661.5,142.1695,0.7736,1.839,0.4922,0,Non-SST
5662.0,150.1643,0.6821,1.8203,0.5121,0,Non-SST
5662.5,139.7362,1.2526,1.8452,0.5453,0,Non-SST
5663.0,129.3082,1.2526,2.0295,0.5107,0,Non-SST
5663.5,152.2499,0.5137,2.1286,0.4991,0,Non-SST
5664.0,148.7739,0.4937,2.1456,0.4788,0,Non-SST
5664.5,129.3082,0.8952,2.1368,0.5047,0,Non-SST
5665.0,109.8424,0.8952,2.1335,0.4794,0,Non-SST
5665.5,107.7568,1.0521,2.1758,0.4563,0,Non-SST
5666.0,101.5,1.2577,2.2566,0.4187,0,Non-SST
5666.5,90.3767,1.3828,2.3738,0.3598,0,Non-SST
5667.0,79.2534,1.3828,2.4427,0.3064,0,Non-SST
5667.5,72.3013,1.4627,2.4246,0.2711,0,Non-SST
5668.0,71.2585,1.4642,2.4298,0.2651,0,Non-SST
5668.5,76.8202,1.2879,2.43,0.2693,0,Non-SST
5669.0,82.3818,1.2879,2.4628,0.28,0,Non-SST
5669.5,82.7294,1.0372,2.5079,0.2938,0,Non-SST
5670.0,79.9486,1.0787,2.5158,0.2903,0,Non-SST
5670.5,83.077,1.3259,2.5602,0.2822,0,Non-SST
5671.0,93.5051,1.3259,2.5394,0.2636,0,Non-SST
5671.5,99.0667,1.2427,2.5163,0.2588,0,Non-SST
5672.0,91.7525,1.3154,2.4914,0.2599,0,Non-SST
5672.5,77.1,1.9263,2.4727,0.2509,0,Non-SST
5673.0,64.1919,1.9263,2.3883,0.238,0,Non-SST
5673.5,51.6326,2.5254,2.2585,0.2272,5,WTR
5674.0,37.6778,3.1095,2.1861,0.2352,1,Gas
5674.5,34.1892,3.7716,2.1725,0.2512,5,WTR
5675.0,30.7005,4.1845,2.1796,0.2568,5,WTR
5675.5,29.1306,4.3451,2.1797,0.253,5,WTR
5676.0,30.0027,4.2776,2.1919,0.2512,5,WTR
5676.5,30.8749,4.166,2.1814,0.2598,5,WTR
5677.0,30.0027,3.9625,2.1891,0.2572,5,WTR
5677.5,29.305,3.638,2.206,0.2434,5,WTR
5678.0,30.7005,3.638,2.23,0.2316,5,WTR
5678.5,32.0959,3.2647,2.2623,0.2333,5,WTR
5679.0,45.353,2.7119,2.3337,0.2402,5,WTR
5679.5,57.2145,2.4415,2.4068,0.2507,0,Non-SST
5680.0,60.7032,2.0205,2.4339,0.2646,0,Non-SST
5680.5,64.1919,1.7833,2.4637,0.2863,0,Non-SST
5681.0,68.3783,1.7833,2.4711,0.2925,0,Non-SST
5681.5,75.3557,1.6192,2.5124,0.2994,0,Non-SST
5682.0,76.7512,1.4397,2.4808,0.2992,0,Non-SST
5682.5,78.1467,1.4209,2.5086,0.3077,0,Non-SST
5683.0,71.1693,1.7084,2.5185,0.2945,0,Non-SST
5683.5,64.1919,1.8723,2.4952,0.2604,0,Non-SST
5684.0,57.2145,2.1494,2.4995,0.2335,0,Non-SST
5684.5,56.5168,2.1766,2.488,0.2148,0,Non-SST
5685.0,55.819,2.1766,2.5349,0.2112,0,Non-SST
5685.5,57.2145,2.1735,2.4709,0.2112,0,Non-SST
5686.0,55.819,2.2327,2.4718,0.2076,0,Non-SST
5686.5,59.3077,2.2282,2.4674,0.2133,0,Non-SST
5687.0,62.7964,2.2282,2.4767,0.2198,0,Non-SST
5687.5,69.7738,2.0327,2.4879,0.2342,0,Non-SST
5688.0,71.1693,1.8537,2.5028,0.2477,0,Non-SST
5688.5,71.1693,1.8497,2.5047,0.2539,0,Non-SST
5689.0,71.1693,1.8497,2.5218,0.2691,0,Non-SST
5689.5,72.2159,1.7233,2.5062,0.2759,0,Non-SST
5690.0,75.3557,1.472,2.4818,0.2921,0,Non-SST
5690.5,76.0534,1.3296,2.4928,0.2961,0,Non-SST
5691.0,76.7512,1.3296,2.4877,0.3032,0,Non-SST
5691.5,73.9602,1.2937,2.5159,0.3075,0,Non-SST
5692.0,76.7512,1.389,2.5038,0.3153,0,Non-SST
5692.5,74.658,1.6405,2.5203,0.3137,0,Non-SST
5693.0,72.5648,1.6405,2.5186,0.3015,0,Non-SST
5693.5,73.6114,1.6092,2.5145,0.2901,0,Non-SST
5694.0,69.4249,1.5753,2.5079,0.2768,0,Non-SST
5694.5,60.0055,1.9607,2.5199,0.2644,0,Non-SST
5695.0,50.2371,2.3401,2.4694,0.2315,0,Non-SST
5695.5,43.2598,2.3401,2.4298,0.21,0,Non-SST
5696.0,37.6778,2.3527,2.3602,0.199,5,WTR
5696.5,37.6778,2.2057,2.3765,0.2032,5,WTR
5697.0,37.6778,1.9569,2.4141,0.2139,0,Non-SST
5697.5,54.0747,1.9569,2.4361,0.2349,0,Non-SST
5698.0,67.3317,1.6634,2.4341,0.2606,0,Non-SST
5698.5,73.2625,1.4959,2.4087,0.2939,0,Non-SST
5699.0,72.5648,1.5576,2.4454,0.3156,0,Non-SST
5699.5,73.2625,1.5576,2.478,0.3302,0,Non-SST
5700.0,73.9602,1.4246,2.5265,0.332,0,Non-SST
5700.5,74.658,1.2253,2.517,0.3436,0,Non-SST
5701.0,76.7512,1.1248,2.5152,0.3655,0,Non-SST
5701.5,80.2399,1.0971,2.4742,0.3816,0,Non-SST
5702.0,83.7286,1.0827,2.4699,0.3809,0,Non-SST
5702.5,83.3797,1.0622,2.4922,0.3926,0,Non-SST
5703.0,82.3331,1.0622,2.4899,0.385,0,Non-SST
5703.5,82.3331,1.0706,2.4997,0.3683,0,Non-SST
5704.0,82.3331,1.0982,2.4683,0.3549,0,Non-SST
5704.5,79.1933,1.2443,2.4889,0.3346,0,Non-SST
5705.0,78.1467,1.4933,2.4819,0.2966,0,Non-SST
5705.5,74.658,1.6492,2.4999,0.2719,0,Non-SST
5706.0,71.1693,1.7829,2.5102,0.2657,0,Non-SST
5706.5,68.3783,1.7829,2.4739,0.2745,0,Non-SST
5707.0,68.3783,1.8718,2.4159,0.2755,0,Non-SST
5707.5,68.3783,1.9011,2.3797,0.2791,0,Non-SST
5708.0,68.3783,2.0497,2.3841,0.2734,0,Non-SST
5708.5,64.8896,2.0497,2.3875,0.2759,0,Non-SST
5709.0,60.7032,2.2031,2.4168,0.2647,0,Non-SST
5709.5,57.2145,2.3137,2.4285,0.2715,0,Non-SST
5710.0,60.0055,2.2057,2.4524,0.2779,0,Non-SST
5710.5,62.7964,2.2057,2.419,0.2843,0,Non-SST
5711.0,65.2385,2.1494,2.3977,0.2833,0,Non-SST
5711.5,64.1919,2.198,2.4092,0.2803,0,Non-SST
5712.0,64.8896,2.1623,2.4443,0.287,0,Non-SST
5712.5,65.5874,2.1623,2.4649,0.2903,0,Non-SST
5713.0,69.4249,1.8657,2.4653,0.2961,0,Non-SST
5713.5,71.867,1.7122,2.4611,0.3059,0,Non-SST
5714.0,72.5648,1.6783,2.4545,0.3128,0,Non-SST
5714.5,70.4715,1.6783,2.4342,0.3201,0,Non-SST
5715.0,68.3783,1.6925,2.4365,0.3169,0,Non-SST
5715.5,69.0761,1.6392,2.4646,0.3275,0,Non-SST
5716.0,73.9602,1.448,2.4839,0.3305,0,Non-SST
5716.5,76.0534,1.448,2.4602,0.3425,0,Non-SST
5717.0,78.1467,1.3193,2.4623,0.3556,0,Non-SST
5717.5,81.9842,1.1791,2.4639,0.3626,0,Non-SST
5718.0,82.3331,1.1298,2.485,0.3825,0,Non-SST
5718.5,83.7286,1.1298,2.457,0.3794,0,Non-SST
5719.0,85.124,1.0985,2.4701,0.3918,0,Non-SST
5719.5,86.5195,1.0583,2.4471,0.4074,0,Non-SST
5720.0,87.915,1.0702,2.4518,0.4284,0,Non-SST
5720.5,87.915,1.0783,2.4558,0.4244,0,Non-SST
5721.0,87.915,1.0739,2.4855,0.4055,0,Non-SST
5721.5,87.915,1.0739,2.5107,0.4163,0,Non-SST
5722.0,87.915,1.03,2.544,0.4151,0,Non-SST
5722.5,88.6127,1.0135,2.5729,0.4041,0,Non-SST
5723.0,89.3105,1.0905,2.5906,0.374,0,Non-SST
5723.5,90.2873,1.0905,2.5526,0.3754,0,Non-SST
5724.0,93.9853,1.0604,2.5378,0.3848,0,Non-SST
5724.5,100.1254,1.0182,2.5129,0.3912,0,Non-SST
5725.0,99.4277,1.0639,2.4936,0.3817,0,Non-SST
5725.5,87.5661,1.0639,2.4914,0.3656,0,Non-SST
5726.0,77.4489,1.2427,2.493,0.3516,0,Non-SST
5726.5,76.7512,1.2117,2.5278,0.3423,0,Non-SST
5727.0,77.4489,1.167,2.5322,0.3288,0,Non-SST
5727.5,76.9256,1.167,2.5441,0.3307,0,Non-SST
5728.0,79.891,1.1369,2.5117,0.3358,0,Non-SST
5728.5,85.2985,1.0613,2.509,0.3646,0,Non-SST
5729.0,87.0428,1.0283,2.5065,0.3859,0,Non-SST
5729.5,84.4263,1.0283,2.494,0.4015,0,Non-SST
5730.0,84.2519,1.0042,2.5156,0.4074,0,Non-SST
5730.5,87.5661,0.9684,2.4993,0.3987,0,Non-SST
5731.0,88.2639,0.9694,2.4643,0.4344,0,Non-SST
5731.5,86.1706,1.0043,2.2071,0.4475,0,Non-SST
5732.0,81.6354,1.3261,2.1057,0.4826,0,Non-SST
5732.5,75.3557,1.1529,2.1195,0.4952,0,Non-SST
5733.0,76.0534,0.9472,2.2346,0.4839,0,Non-SST
5733.5,81.9842,0.982,2.3694,0.4625,0,Non-SST
5734.0,84.0774,1.0304,2.3898,0.4307,0,Non-SST
5734.5,83.7286,1.1108,2.3977,0.4061,0,Non-SST
5735.0,85.124,1.1025,2.419,0.4264,0,Non-SST
5735.5,86.5195,1.0357,2.4396,0.4223,0,Non-SST
5736.0,88.9616,1.0648,2.4564,0.4322,0,Non-SST
5736.5,94.8924,1.0785,2.4821,0.4122,0,Non-SST
5737.0,102.5675,1.0679,2.4413,0.3899,0,Non-SST
5737.5,107.4517,1.0012,2.4144,0.3982,0,Non-SST
5738.0,108.8471,0.9232,2.3892,0.4058,0,Non-SST
5738.5,110.2426,0.8279,2.4079,0.4163,0,Non-SST
5739.0,116.8711,0.7782,2.4313,0.4135,0,Non-SST
5739.5,131.1747,0.7538,2.4912,0.4102,0,Non-SST
5740.0,122.8019,0.7284,2.4986,0.4275,0,Non-SST
5740.5,114.429,0.8156,2.2269,0.4448,0,Non-SST
5741.0,88.9616,0.8156,2.0146,0.4618,0,Non-SST
5741.5,85.124,1.4688,2.0168,0.5052,0,Non-SST
5742.0,100.4743,1.3419,2.0701,0.5374,0,Non-SST
5742.5,115.8245,1.0776,2.1657,0.5494,0,Non-SST
5743.0,128.0349,0.9198,2.2503,0.5159,0,Non-SST
5743.5,131.1747,0.9228,2.2229,0.4845,0,Non-SST
5744.0,127.6861,1.1208,2.215,0.4605,0,Non-SST
5744.5,124.1974,1.1743,2.2534,0.4592,0,Non-SST
5745.0,116.1734,1.1743,2.3054,0.4143,0,Non-SST
5745.5,108.8471,0.921,2.3648,0.3818,0,Non-SST
5746.0,107.4517,0.8416,2.3653,0.3519,0,Non-SST
5746.5,106.0562,0.843,2.3728,0.3578,0,Non-SST
5747.0,96.2878,0.843,2.374,0.3512,0,Non-SST
5747.5,91.7525,0.742,2.3882,0.344,0,Non-SST
5748.0,97.6833,0.6336,2.368,0.3451,0,Non-SST
5748.5,111.6381,0.4472,2.3464,0.3509,0,Non-SST
5749.0,125.5928,0.4472,2.2076,0.3586,0,Non-SST
5749.5,142.3385,0.4573,2.1671,0.356,0,Non-SST
5750.0,147.9204,0.5121,2.1474,0.3487,0,Non-SST
5750.5,145.8272,0.5673,2.1423,0.3239,0,Non-SST
5751.0,143.734,0.5673,2.1385,0.2997,0,Non-SST
5751.5,139.8965,0.5337,2.1356,0.2813,0,Non-SST
5752.0,133.9657,0.6173,2.161,0.282,0,Non-SST
5752.5,130.477,0.6445,2.1762,0.2923,0,Non-SST
5753.0,126.9883,0.6445,2.188,0.2973,0,Non-SST
5753.5,135.71,0.6639,2.1699,0.2973,0,Non-SST
5754.0,140.2453,0.6257,2.1696,0.2848,0,Non-SST
5754.5,135.3612,0.5888,2.1118,0.2932,0,Non-SST
5755.0,143.0363,0.5888,2.1409,0.2995,0,Non-SST
5755.5,150.7114,0.5453,2.1241,0.3306,0,Non-SST
5756.0,167.1082,0.4934,2.1679,0.338,0,Non-SST
5756.5,167.1082,0.292,2.2069,0.3732,0,Non-SST
5757.0,139.1987,0.4162,2.2816,0.3599,0,Non-SST
5757.5,103.2652,0.4162,2.3756,0.3507,0,Non-SST
5758.0,78.1467,0.8497,2.3915,0.317,0,Non-SST
5758.5,76.0534,1.1129,2.3938,0.3001,0,Non-SST
5759.0,73.9602,0.994,2.3883,0.2977,0,Non-SST
5759.5,83.3797,0.994,2.3546,0.3289,0,Non-SST
5760.0,89.3105,1.0504,2.3586,0.3611,0,Non-SST
5760.5,88.6127,1.1645,2.3411,0.3631,0,Non-SST
5761.0,87.915,1.2664,2.3724,0.3439,0,Non-SST
5761.5,87.2172,1.2664,2.3808,0.331,0,Non-SST
5762.0,82.3331,1.5166,2.4055,0.3281,0,Non-SST
5762.5,73.9602,1.7449,2.4101,0.2948,0,Non-SST
5763.0,63.843,2.0634,2.411,0.2555,0,Non-SST
5763.5,54.4236,2.2623,2.4502,0.2285,0,Non-SST
5764.0,53.7258,2.3338,2.437,0.2176,0,Non-SST
5764.5,53.0281,2.3662,2.4355,0.2149,0,Non-SST
5765.0,53.5514,2.4016,2.3929,0.2079,5,WTR
5765.5,50.586,2.4016,2.401,0.2038,0,Non-SST
5766.0,46.9229,2.4318,2.4031,0.1974,0,Non-SST
5766.5,45.353,2.4199,2.4402,0.2048,0,Non-SST
5767.0,47.4462,2.3,2.4449,0.2067,0,Non-SST
5767.5,50.9349,2.3,2.4583,0.2094,0,Non-SST
5768.0,54.4236,2.1161,2.3947,0.2129,5,WTR
5768.5,52.3303,2.2511,2.3821,0.2171,5,WTR
5769.0,51.9815,2.1562,2.4099,0.2257,5,WTR
5769.5,57.2145,1.938,2.4644,0.2313,0,Non-SST
5770.0,60.0055,1.7895,2.4762,0.236,0,Non-SST
5770.5,62.7964,1.7895,2.4158,0.2442,0,Non-SST
5771.0,53.377,1.8933,2.2988,0.2482,5,WTR
5771.5,44.6552,1.9428,2.3063,0.2432,5,WTR
5772.0,41.5154,1.9434,2.3099,0.2433,5,WTR
5772.5,43.2598,1.8569,2.3386,0.2418,5,WTR
5773.0,45.7018,1.8507,2.3294,0.2481,5,WTR
5773.5,49.1905,1.8527,2.3648,0.2512,5,WTR
5774.0,54.7724,1.8871,2.4164,0.2636,5,WTR
5774.5,60.0055,1.8871,2.4387,0.2789,0,Non-SST
5775.0,64.1919,1.8284,2.4348,0.298,0,Non-SST
5775.5,68.3783,1.5656,2.4692,0.3156,0,Non-SST
5776.0,76.7512,1.2258,2.4749,0.3538,0,Non-SST
5776.5,81.6353,1.1143,2.4727,0.382,0,Non-SST
5777.0,83.7286,1.0969,2.4907,0.4033,0,Non-SST
5777.5,84.4263,1.0654,2.4722,0.3939,0,Non-SST
5778.0,85.124,1.0626,2.5086,0.4036,0,Non-SST
5778.5,81.2865,1.0589,2.4064,0.4218,0,Non-SST
5779.0,69.7738,1.1962,2.2756,0.4529,0,Non-SST
5779.5,67.6806,1.8368,2.0661,0.5015,0,Non-SST
5780.0,65.5874,2.0565,1.9898,0.5391,0,Non-SST
5780.5,81.6353,2.0674,1.9588,0.5974,0,Non-SST
5781.0,110.2426,1.8974,1.9302,0.6365,0,Non-SST
5781.5,107.4517,1.8974,1.9289,0.6213,0,Non-SST
5782.0,104.6607,2.0577,1.9668,0.5845,0,Non-SST
5782.5,86.1706,2.0039,2.0935,0.5137,0,Non-SST
5783.0,72.5648,1.9945,2.2602,0.4185,0,Non-SST
5783.5,66.9828,2.048,2.3837,0.3376,0,Non-SST
5784.0,61.4009,2.1999,2.4385,0.2711,0,Non-SST
5784.5,53.377,2.1999,2.4629,0.2291,0,Non-SST
5785.0,48.8417,2.0831,2.4919,0.2048,0,Non-SST
5785.5,53.0281,1.7509,2.4975,0.2044,0,Non-SST
5786.0,57.2145,1.578,2.5119,0.2187,0,Non-SST
5786.5,62.0987,1.578,2.4848,0.2342,0,Non-SST
5787.0,65.5874,1.6745,2.5052,0.2377,0,Non-SST
5787.5,66.9828,1.9515,2.5122,0.2328,0,Non-SST
5788.0,68.3783,2.2224,2.5206,0.223,0,Non-SST
5788.5,65.2385,2.2224,2.5371,0.2137,0,Non-SST
5789.0,64.1919,2.302,2.5106,0.2064,0,Non-SST
5789.5,57.9123,2.5405,2.5051,0.1983,0,Non-SST
5790.0,51.6326,2.6899,2.445,0.2022,0,Non-SST
5790.5,44.3064,2.6899,2.4164,0.1982,0,Non-SST
5791.0,39.0733,2.7145,2.3786,0.2025,0,Non-SST
5791.5,39.0733,2.7359,2.4184,0.1964,0,Non-SST
5792.0,39.0733,2.8788,2.4652,0.196,0,Non-SST
5792.5,42.2131,2.8788,2.46,0.1962,0,Non-SST
5793.0,43.2598,2.9052,2.4207,0.1991,0,Non-SST
5793.5,43.9575,2.7189,2.3773,0.2084,0,Non-SST
5794.0,44.6552,2.5965,2.4128,0.2123,0,Non-SST
5794.5,47.4462,2.5965,2.4418,0.216,0,Non-SST
5795.0,55.819,2.5421,2.4345,0.2198,0,Non-SST
5795.5,59.3077,2.3303,2.4189,0.2373,0,Non-SST
5796.0,62.7964,2.1741,2.4169,0.2523,0,Non-SST
5796.5,63.1453,2.1741,2.4477,0.2704,0,Non-SST
5797.0,64.1919,1.9564,2.4367,0.2751,0,Non-SST
5797.5,65.5874,1.9105,2.4211,0.2809,0,Non-SST
5798.0,62.7964,2.1691,2.4128,0.2721,0,Non-SST
5798.5,60.0055,2.1691,2.4234,0.2583,0,Non-SST
5799.0,59.6566,2.1648,2.4528,0.2482,0,Non-SST
5799.5,58.61,2.2314,2.4506,0.2433,0,Non-SST
5800.0,57.2145,2.3719,2.4735,0.2464,0,Non-SST
5800.5,55.819,2.3719,2.4512,0.2452,0,Non-SST
5801.0,61.0521,2.395,2.4496,0.2391,0,Non-SST
5801.5,62.7964,2.2465,2.4388,0.2396,0,Non-SST
5802.0,63.4942,2.2979,2.4574,0.2421,0,Non-SST
5802.5,64.1919,2.2979,2.4375,0.2458,0,Non-SST
5803.0,60.7032,2.3527,2.458,0.2435,0,Non-SST
5803.5,58.61,2.3096,2.4207,0.2489,0,Non-SST
5804.0,60.7032,2.2269,2.4321,0.2584,0,Non-SST
5804.5,62.7964,2.2269,2.3667,0.2623,0,Non-SST
5805.0,52.3303,2.2159,2.3455,0.2608,5,WTR
5805.5,34.8869,2.0361,2.2264,0.251,5,WTR
5806.0,27.2118,1.7605,2.2152,0.24,5,WTR
5806.5,19.5367,1.7605,2.2556,0.2278,5,WTR
5807.0,27.2118,1.8948,2.3015,0.2271,5,WTR
5807.5,29.6539,1.9537,2.2835,0.2301,5,WTR
5808.0,23.7231,1.7278,2.236,0.2382,5,WTR
5808.5,24.4208,1.7278,2.2583,0.2359,5,WTR
5809.0,25.1186,1.7619,2.2806,0.2416,5,WTR
5809.5,41.5154,1.8692,2.401,0.2485,5,WTR
5810.0,60.0055,1.5346,2.4738,0.2655,0,Non-SST
5810.5,70.8204,1.5346,2.4965,0.2801,0,Non-SST
5811.0,69.7738,1.5937,2.4903,0.2722,0,Non-SST
5811.5,64.1919,2.0686,2.4805,0.2461,0,Non-SST
5812.0,58.61,2.3457,2.4449,0.219,0,Non-SST
5812.5,50.9349,2.3958,2.436,0.205,0,Non-SST
5813.0,49.1905,2.3958,2.4377,0.2039,0,Non-SST
5813.5,54.0747,2.3492,2.4543,0.2093,0,Non-SST
5814.0,62.7964,2.1848,2.4284,0.2248,0,Non-SST
5814.5,67.6806,1.8013,2.4468,0.2461,0,Non-SST
5815.0,72.5648,1.8013,2.4621,0.2741,0,Non-SST
5815.5,76.0534,1.5595,2.4847,0.3025,0,Non-SST
5816.0,79.1933,1.4294,2.4866,0.3235,0,Non-SST
5816.5,79.5421,1.294,2.4769,0.3469,0,Non-SST
5817.0,80.9376,1.2061,2.4731,0.359,0,Non-SST
5817.5,82.3331,1.1813,2.4674,0.375,0,Non-SST
5818.0,85.124,1.1849,2.4791,0.3728,0,Non-SST
5818.5,85.8218,1.1849,2.4737,0.373,0,Non-SST
5819.0,86.5195,1.2557,2.4817,0.3639,0,Non-SST
5819.5,87.915,1.1527,2.5016,0.3697,0,Non-SST
5820.0,86.5195,1.0984,2.4926,0.3649,0,Non-SST
5820.5,85.124,1.0787,2.4953,0.3581,0,Non-SST
5821.0,84.0774,1.0787,2.5088,0.3508,0,Non-SST
5821.5,81.9842,1.1227,2.5209,0.3454,0,Non-SST
5822.0,76.0534,1.2675,2.4894,0.342,0,Non-SST
5822.5,69.7738,1.6835,2.4972,0.3039,0,Non-SST
5823.0,64.3663,2.1421,2.4985,0.2656,0,Non-SST
5823.5,57.2145,2.6014,2.5493,0.2254,0,Non-SST
5824.0,51.9815,2.6014,2.5227,0.2006,0,Non-SST
5824.5,47.0973,2.7731,2.5048,0.182,0,Non-SST
5825.0,40.7595,2.7585,2.4687,0.1739,0,Non-SST
5825.5,37.3871,2.6829,2.4608,0.1738,0,Non-SST
5826.0,36.5731,2.6725,2.438,0.1736,0,Non-SST
5826.5,35.5846,2.6725,2.3955,0.1766,0,Non-SST
5827.0,34.7125,2.5597,2.3909,0.1744,0,Non-SST
5827.5,35.7591,2.5167,2.4111,0.1808,0,Non-SST
5828.0,38.3756,2.5183,2.4191,0.1803,0,Non-SST
5828.5,39.2478,2.4311,2.4058,0.1882,0,Non-SST
5829.0,37.329,2.2095,2.3558,0.1873,0,Non-SST
5829.5,34.3636,2.1185,2.3226,0.1945,5,WTR
5830.0,30.7005,2.0582,2.3203,0.1933,0,Non-SST
5830.5,32.0959,2.0709,2.3406,0.202,0,Non-SST
5831.0,33.4914,2.1272,2.395,0.2083,0,Non-SST
5831.5,45.0041,2.0801,2.4521,0.2219,0,Non-SST
5832.0,58.3774,1.9183,2.4937,0.236,0,Non-SST
5832.5,67.9132,1.7765,2.4916,0.2465,0,Non-SST
5833.0,66.9247,1.7996,2.4927,0.249,0,Non-SST
5833.5,55.819,2.0878,2.4825,0.2298,0,Non-SST
5834.0,44.3064,2.2734,2.4617,0.2114,0,Non-SST
5834.5,39.9455,2.2851,2.4247,0.1983,0,Non-SST
5835.0,43.7831,2.2098,2.4186,0.1999,5,WTR
5835.5,53.5514,2.0965,2.4173,0.2094,5,WTR
5836.0,64.1919,1.8316,2.4321,0.2314,0,Non-SST
5836.5,68.3783,1.6711,2.4667,0.255,0,Non-SST
5837.0,72.5648,1.6525,2.4721,0.2862,0,Non-SST
5837.5,71.1693,1.6529,2.5014,0.2961,0,Non-SST
5838.0,75.7046,1.4699,2.527,0.3219,0,Non-SST
5838.5,79.5421,1.2122,2.5664,0.3278,0,Non-SST
5839.0,80.2399,1.1549,2.5843,0.3452,0,Non-SST
5839.5,80.9376,1.1647,2.5804,0.3535,0,Non-SST
5840.0,80.5887,1.1588,2.5287,0.371,0,Non-SST
5840.5,78.8444,1.1577,2.4684,0.3802,0,Non-SST
5841.0,79.5421,1.1588,2.4345,0.3643,0,Non-SST
5841.5,77.4489,1.1934,2.4551,0.3486,0,Non-SST
5842.0,75.3557,1.2505,2.4842,0.3229,0,Non-SST
5842.5,70.4715,1.3693,2.5199,0.3051,0,Non-SST
5843.0,66.9828,1.5324,2.5502,0.2786,0,Non-SST
5843.5,67.6806,1.7698,2.5656,0.268,0,Non-SST
5844.0,68.3783,1.9178,2.5301,0.2524,0,Non-SST
5844.5,68.0294,2.0089,2.5034,0.2548,0,Non-SST
5845.0,66.9828,1.8309,2.473,0.2504,0,Non-SST
5845.5,65.5874,1.8743,2.4697,0.2459,0,Non-SST
5846.0,64.1919,1.8743,2.4654,0.2397,0,Non-SST
5846.5,73.6114,1.8177,2.4541,0.2412,0,Non-SST
5847.0,76.7512,1.7368,2.4971,0.2533,0,Non-SST
5847.5,75.3557,1.7211,2.4973,0.2562,0,Non-SST
5848.0,73.9602,1.7251,2.4995,0.2546,0,Non-SST
5848.5,72.2159,1.7251,2.4588,0.2462,0,Non-SST
5849.0,72.5648,1.6982,2.448,0.2563,0,Non-SST
5849.5,72.5648,1.8085,2.4516,0.256,0,Non-SST
5850.0,72.5648,1.9231,2.485,0.2551,0,Non-SST
5850.5,73.2625,1.9231,2.5087,0.2454,0,Non-SST
5851.0,69.7738,1.9327,2.5073,0.2473,0,Non-SST
5851.5,68.3783,1.9105,2.4762,0.2471,0,Non-SST
5852.0,66.9828,1.9744,2.4858,0.2472,0,Non-SST
5852.5,65.5874,1.9744,2.5013,0.2444,0,Non-SST
5853.0,64.8896,2.0571,2.5131,0.2462,0,Non-SST
5853.5,65.2385,2.0866,2.5041,0.2472,0,Non-SST
5854.0,66.9828,2.0907,2.4838,0.2476,0,Non-SST
5854.5,69.0761,2.0907,2.4854,0.2553,0,Non-SST
5855.0,68.7272,2.0657,2.4607,0.2491,0,Non-SST
5855.5,68.0294,2.0083,2.4645,0.2545,0,Non-SST
5856.0,69.7738,1.9466,2.4689,0.2666,0,Non-SST
5856.5,70.4715,1.9466,2.4762,0.2802,0,Non-SST
5857.0,71.1693,1.8172,2.4633,0.2958,0,Non-SST
5857.5,79.3096,1.5523,2.4228,0.3022,0,Non-SST
5858.0,80.298,1.8226,2.4002,0.3327,0,Non-SST
5858.5,69.7738,1.8226,2.3493,0.3441,0,Non-SST
5859.0,50.2371,2.8856,2.3573,0.3154,0,Non-SST
5859.5,41.8643,4.4199,2.3877,0.2625,0,Non-SST
5860.0,33.4914,5.92,2.461,0.2037,0,Non-SST
5860.5,28.6073,8.8481,2.5017,0.1558,0,Non-SST
5861.0,27.5606,11.6191,2.5162,0.1164,0,Non-SST
5861.5,27.5606,15.8859,2.5723,0.0918,0,Non-SST
5862.0,25.8163,17.7393,2.5787,0.0835,0,Non-SST
5862.5,23.0254,18.4753,2.5867,0.0823,0,Non-SST
5863.0,22.3276,18.4753,2.6175,0.0777,0,Non-SST
5863.5,25.1186,18.9424,2.6833,0.0703,0,Non-SST
5864.0,28.6073,18.391,2.7266,0.0662,0,Non-SST
5864.5,32.0959,19.229,2.7046,0.0656,0,Non-SST
5865.0,31.3982,18.6059,2.6487,0.0636,0,Non-SST
5865.5,33.8403,16.5769,2.6488,0.07,0,Non-SST
5866.0,35.5846,14.1025,2.6333,0.0811,0,Non-SST
5866.5,34.8869,14.1025,2.6542,0.0922,0,Non-SST
5867.0,32.7937,11.7274,2.6108,0.0953,0,Non-SST
5867.5,30.7005,11.1738,2.6071,0.0953,0,Non-SST
5868.0,29.6539,9.791,2.6074,0.0992,0,Non-SST
5868.5,29.305,8.4987,2.5887,0.1101,0,Non-SST
5869.0,30.3516,7.8325,2.5624,0.12,0,Non-SST
5869.5,33.4914,7.2223,2.5429,0.1283,0,Non-SST
5870.0,32.7937,6.4924,2.5166,0.1364,0,Non-SST
5870.5,32.0959,5.983,2.5615,0.1428,0,Non-SST
5871.0,25.8163,5.983,2.5901,0.1444,0,Non-SST
5871.5,23.3742,5.9428,2.6415,0.1373,0,Non-SST
5872.0,24.4208,5.8248,2.6446,0.1421,0,Non-SST
5872.5,29.305,4.795,2.6416,0.1471,0,Non-SST
5873.0,33.4914,5.0345,2.5939,0.1665,0,Non-SST
5873.5,37.6778,5.0345,2.56,0.1754,0,Non-SST
5874.0,38.7245,3.3247,2.5853,0.2016,0,Non-SST
5874.5,39.7711,3.267,2.5865,0.2236,0,Non-SST
5875.0,41.8643,3.6927,2.5968,0.2459,0,Non-SST
5875.5,48.8417,2.3669,2.541,0.2523,0,Non-SST
5876.0,55.819,1.7377,2.5285,0.257,0,Non-SST
5876.5,59.6566,1.8109,2.5212,0.2769,0,Non-SST
5877.0,61.7498,1.8109,2.5392,0.2941,0,Non-SST
5877.5,60.7032,1.9364,2.5514,0.2914,0,Non-SST
5878.0,57.2145,2.0883,2.5258,0.2806,0,Non-SST
5878.5,55.1213,2.44,2.5211,0.2584,0,Non-SST
5879.0,53.0281,2.932,2.5147,0.2387,0,Non-SST
5879.5,48.4928,2.932,2.5032,0.2072,0,Non-SST
5880.0,48.1439,3.1531,2.4968,0.1867,0,Non-SST
5880.5,54.0747,2.651,2.4745,0.1781,0,Non-SST
5881.0,64.1919,2.4528,2.4737,0.1898,0,Non-SST
5881.5,71.1693,2.279,2.4266,0.2157,0,Non-SST
5882.0,78.1467,2.1525,2.426,0.2422,0,Non-SST
5882.5,85.4729,2.1525,2.4204,0.2588,0,Non-SST
5883.0,83.7286,2.0842,2.3983,0.2652,0,Non-SST
5883.5,71.1693,2.158,2.3782,0.2555,0,Non-SST
5884.0,57.2145,2.417,2.373,0.2373,5,WTR
5884.5,50.2371,2.437,2.3575,0.2171,5,WTR
5885.0,48.8417,2.3485,2.3387,0.2007,5,WTR
5885.5,50.2371,2.3485,2.3435,0.2002,5,WTR
5886.0,51.6326,2.271,2.3994,0.2062,5,WTR
5886.5,56.1679,2.279,2.452,0.2145,0,Non-SST
5887.0,61.4009,2.2018,2.4911,0.2212,0,Non-SST
5887.5,66.2851,2.0372,2.4908,0.2279,0,Non-SST
5888.0,68.7272,2.0372,2.4843,0.2378,0,Non-SST
5888.5,70.8204,1.7698,2.4789,0.2501,0,Non-SST
5889.0,73.9602,1.6605,2.4937,0.2605,0,Non-SST
5889.5,72.9136,1.8265,2.5096,0.2561,0,Non-SST
5890.0,68.0294,2.1078,2.5247,0.2409,0,Non-SST
5890.5,65.5874,2.1892,2.5128,0.2323,0,Non-SST
5891.0,64.5408,2.1568,2.5182,0.2244,0,Non-SST
5891.5,61.5754,2.1823,2.5164,0.2215,0,Non-SST
5892.0,57.0401,2.1823,2.5068,0.2202,0,Non-SST
5892.5,50.0627,2.4281,2.4837,0.2219,0,Non-SST
5893.0,43.0853,2.744,2.4471,0.2178,0,Non-SST
5893.5,39.9455,2.8498,2.3877,0.2062,5,WTR
5894.0,39.4222,2.6925,2.3416,0.2084,5,WTR
5894.5,39.5966,2.5998,2.319,0.2127,5,WTR
5895.0,40.4688,2.4794,2.3065,0.2168,5,WTR
5895.5,41.8643,2.3331,2.3652,0.2157,5,WTR
5896.0,44.3064,2.298,2.3633,0.2158,5,WTR
5896.5,48.7254,2.3055,2.4041,0.2234,5,WTR
5897.0,53.784,2.3055,2.4351,0.2233,5,WTR
5897.5,58.1158,2.1698,2.4673,0.2305,0,Non-SST
5898.0,62.7732,1.9894,2.4802,0.2387,0,Non-SST
5898.5,67.6631,1.6458,2.4752,0.2532,0,Non-SST
5899.0,70.6809,1.4791,2.4766,0.2687,0,Non-SST
5899.5,73.4369,1.3452,2.4945,0.2755,0,Non-SST
5900.0,76.7512,1.2971,2.4924,0.2902,0,Non-SST
5900.5,77.4489,1.4294,2.5034,0.2898,0,Non-SST
5901.0,74.3091,1.6314,2.5075,0.2859,0,Non-SST
5901.5,68.4946,1.7518,2.5113,0.2639,0,Non-SST
5902.0,62.6801,1.9348,2.4955,0.2547,0,Non-SST
5902.5,59.7729,2.093,2.4539,0.2427,0,Non-SST
5903.0,59.3077,2.0907,2.44,0.2408,0,Non-SST
5903.5,58.4937,2.0913,2.4195,0.2391,5,WTR
5904.0,58.7263,2.0582,2.4607,0.254,0,Non-SST
5904.5,63.7267,2.0123,2.4963,0.2616,0,Non-SST
5905.0,69.4249,1.9326,2.4961,0.2706,0,Non-SST
5905.5,72.9136,1.8554,2.4901,0.2686,0,Non-SST
5906.0,76.0534,1.7749,2.4771,0.274,0,Non-SST
5906.5,75.3557,1.7358,2.4869,0.2745,0,Non-SST
5907.0,75.3557,1.6787,2.4825,0.2842,0,Non-SST
5907.5,75.3557,1.5481,2.4701,0.2969,0,Non-SST
5908.0,76.7512,1.4738,2.4614,0.3104,0,Non-SST
5908.5,78.8444,1.4008,2.477,0.3091,0,Non-SST
5909.0,80.9376,1.3106,2.4784,0.3252,0,Non-SST
5909.5,81.2865,1.2489,2.5292,0.3365,0,Non-SST
5910.0,81.2865,1.172,2.5321,0.3662,0,Non-SST
5910.5,83.0308,1.1314,2.5655,0.3724,0,Non-SST
5911.0,85.8218,1.0697,2.5101,0.3718,0,Non-SST
5911.5,87.7405,1.0483,2.4695,0.3804,0,Non-SST
5912.0,89.6593,1.0472,2.4736,0.3792,0,Non-SST
5912.5,90.8804,1.0923,2.4925,0.3805,0,Non-SST
5913.0,88.9616,1.17,2.5081,0.3533,0,Non-SST
5913.5,86.8684,1.17,2.4687,0.3446,0,Non-SST
5914.0,86.1706,1.367,2.4073,0.3586,0,Non-SST
5914.5,85.124,1.7368,2.2002,0.3722,0,Non-SST
5915.0,88.6127,2.2347,2.0926,0.3823,0,Non-SST
5915.5,92.1014,2.2912,2.097,0.421,0,Non-SST
5916.0,104.3118,1.5065,2.2809,0.4437,0,Non-SST
5916.5,119.3132,1.142,2.386,0.4315,0,Non-SST
5917.0,132.5702,1.1078,2.401,0.38,0,Non-SST
5917.5,138.1521,1.1203,2.358,0.3822,0,Non-SST
5918.0,143.734,1.1963,2.361,0.3964,0,Non-SST
5918.5,133.268,1.1865,2.3458,0.4069,0,Non-SST
5919.0,123.4996,1.2225,2.3348,0.402,0,Non-SST
5919.5,118.6155,1.3877,2.2904,0.3916,0,Non-SST
5920.0,124.1974,1.5306,2.1364,0.4032,0,Non-SST
5920.5,145.1295,1.5823,2.0603,0.4021,0,Non-SST
5921.0,166.0616,1.5823,2.0834,0.449,0,Non-SST
5921.5,138.501,1.4948,2.1979,0.4485,0,Non-SST
5922.0,110.5915,1.477,2.4056,0.392,0,Non-SST
5922.5,93.4969,1.553,2.4983,0.338,0,Non-SST
5923.0,90.7059,1.4988,2.493,0.3111,0,Non-SST
5923.5,87.915,1.4981,2.4815,0.3127,0,Non-SST
5924.0,82.6819,1.5568,2.4973,0.3031,0,Non-SST
5924.5,80.2399,1.5568,2.4934,0.3023,0,Non-SST
5925.0,77.4489,1.6096,2.5209,0.2927,0,Non-SST
5925.5,72.5648,1.5854,2.5047,0.2992,0,Non-SST
5926.0,71.867,1.5496,2.4906,0.2879,0,Non-SST
5926.5,71.1693,1.5493,2.479,0.3024,0,Non-SST
5927.0,69.7738,1.5493,2.4673,0.3033,0,Non-SST
5927.5,72.2159,1.5645,2.4821,0.3119,0,Non-SST
5928.0,76.0534,1.514,2.4864,0.3077,0,Non-SST
5928.5,76.7512,1.4688,2.4834,0.316,0,Non-SST
5929.0,76.7512,1.4001,2.4445,0.3262,0,Non-SST
5929.5,76.7512,1.3148,2.4313,0.3429,0,Non-SST
5930.0,80.5887,1.3148,2.4445,0.3545,0,Non-SST
5930.5,81.2865,1.2318,2.4651,0.3383,0,Non-SST
5931.0,80.9376,1.2266,2.4839,0.337,0,Non-SST
5931.5,80.9376,1.198,2.4926,0.3344,0,Non-SST
5932.0,80.9376,1.1738,2.4873,0.3641,0,Non-SST
5932.5,80.5887,1.2493,2.487,0.3642,0,Non-SST
5933.0,73.2625,1.2493,2.4706,0.361,0,Non-SST
5933.5,58.2611,1.7937,2.5008,0.3366,0,Non-SST
5934.0,41.8643,2.798,2.5236,0.2818,0,Non-SST
5934.5,35.5846,4.116,2.571,0.244,0,Non-SST
5935.0,29.305,7.1585,2.5984,0.1905,0,Non-SST
5935.5,25.1186,7.1585,2.5753,0.1554,0,Non-SST
5936.0,23.0254,9.6122,2.5453,0.1324,0,Non-SST
5936.5,19.8855,8.6801,2.5706,0.1289,0,Non-SST
5937.0,13.9548,8.5635,2.5677,0.1396,0,Non-SST
5937.5,13.257,8.7264,2.5792,0.1472,0,Non-SST
5938.0,12.5593,8.4839,2.5852,0.1534,0,Non-SST
5938.5,13.6059,8.4839,2.5868,0.1592,0,Non-SST
5939.0,15.6991,7.6254,2.6031,0.1587,0,Non-SST
5939.5,17.4435,7.3216,2.5844,0.1559,0,Non-SST
5940.0,19.5367,7.3917,2.5958,0.1496,0,Non-SST
5940.5,23.0254,6.7973,2.6022,0.1335,0,Non-SST
5941.0,26.514,5.9686,2.6495,0.1313,0,Non-SST
5941.5,32.0959,5.9686,2.6306,0.1384,0,Non-SST
5942.0,37.329,4.4797,2.617,0.165,0,Non-SST
5942.5,46.0507,3.0505,2.588,0.1929,0,Non-SST
5943.0,50.9349,1.9662,2.5124,0.2256,0,Non-SST
5943.5,55.819,1.8004,2.4958,0.2747,0,Non-SST
5944.0,58.2611,1.8004,2.4933,0.3044,0,Non-SST
5944.5,59.3077,1.8672,2.5017,0.3035,0,Non-SST
5945.0,56.5168,1.9168,2.4673,0.2679,0,Non-SST
5945.5,48.8417,2.8204,2.5438,0.2454,0,Non-SST
5946.0,45.353,4.7037,2.621,0.2008,0,Non-SST
5946.5,41.8643,7.0121,2.6312,0.1649,0,Non-SST
5947.0,31.7471,7.0121,2.6525,0.1359,0,Non-SST
5947.5,25.4674,8.5585,2.6331,0.1254,0,Non-SST
5948.0,23.7231,7.7257,2.6225,0.1291,0,Non-SST
5948.5,23.7231,7.2793,2.5901,0.134,0,Non-SST
5949.0,23.7231,6.9421,2.6091,0.1389,0,Non-SST
5949.5,28.9561,6.1939,2.6038,0.139,0,Non-SST
5950.0,37.5283,6.1939,2.5959,0.1411,0,Non-SST
5950.5,42.9607,4.9219,2.5485,0.1493,0,Non-SST
5951.0,44.1568,4.2135,2.5322,0.1662,0,Non-SST
5951.5,46.2251,3.3458,2.5194,0.1876,0,Non-SST
5952.0,48.8417,2.7449,2.5156,0.2125,0,Non-SST
5952.5,51.9815,2.7449,2.5028,0.2329,0,Non-SST
5953.0,54.4236,2.3958,2.5272,0.2508,0,Non-SST
5953.5,53.9003,2.4925,2.5365,0.2498,0,Non-SST
5954.0,53.377,2.5695,2.5481,0.2465,0,Non-SST
5954.5,52.6792,2.523,2.543,0.2405,0,Non-SST
5955.0,51.6326,2.5493,2.5298,0.2363,0,Non-SST
5955.5,52.3304,2.5493,2.5244,0.2396,0,Non-SST
5956.0,53.7258,2.6812,2.4303,0.2402,0,Non-SST
5956.5,61.4009,2.3366,2.3577,0.2513,5,WTR
5957.0,79.1933,1.7866,2.336,0.2576,0,Non-SST
5957.5,95.5901,1.5286,2.375,0.2929,0,Non-SST
5958.0,99.4277,1.4653,2.4464,0.3101,0,Non-SST
5958.5,94.5435,1.4548,2.4886,0.3121,0,Non-SST
5959.0,88.9616,1.4781,2.522,0.3004,0,Non-SST
5959.5,84.2519,1.454,2.533,0.3098,0,Non-SST
5960.0,81.2865,1.3686,2.5462,0.3338,0,Non-SST
5960.5,81.4609,1.229,2.5054,0.3597,0,Non-SST
5961.0,83.3797,1.1084,2.4687,0.3597,0,Non-SST
5961.5,84.6589,1.0303,2.4782,0.3643,0,Non-SST
5962.0,83.496,1.0432,2.5116,0.3486,0,Non-SST
5962.5,80.4725,1.1274,2.5208,0.3426,0,Non-SST
5963.0,79.1933,1.2838,2.5319,0.3292,0,Non-SST
5963.5,79.891,1.1571,2.5092,0.333,0,Non-SST
5964.0,80.4143,1.0739,2.5023,0.3435,0,Non-SST
5964.5,79.1933,1.0691,2.4906,0.3425,0,Non-SST
5965.0,76.4023,1.0892,2.4829,0.3343,0,Non-SST
5965.5,74.658,1.2075,2.502,0.3154,0,Non-SST
5966.0,73.0881,1.3867,2.5082,0.3089,0,Non-SST
5966.5,71.867,1.4813,2.5524,0.303,0,Non-SST
5967.0,73.6114,1.4919,2.5178,0.2977,0,Non-SST
5967.5,78.1467,1.2255,2.5216,0.2972,0,Non-SST
5968.0,81.6353,1.1916,2.4943,0.3058,0,Non-SST
5968.5,79.1933,1.354,2.5182,0.319,0,Non-SST
5969.0,73.9602,1.5832,2.5031,0.3109,0,Non-SST
5969.5,73.0008,1.6827,2.4877,0.2843,0,Non-SST
5970.0,73.4369,1.6787,2.4745,0.2673,0,Non-SST
5970.5,69.861,1.7637,2.4608,0.2482,0,Non-SST
5971.0,64.5408,1.8275,2.4677,0.2487,0,Non-SST
5971.5,60.0055,1.903,2.4366,0.2367,0,Non-SST
5972.0,56.8656,1.8995,2.4548,0.2348,0,Non-SST
5972.5,56.5168,1.8151,2.4584,0.2254,0,Non-SST
5973.0,58.9589,1.7679,2.4662,0.2261,0,Non-SST
5973.5,61.4009,1.7881,2.4694,0.2379,0,Non-SST
5974.0,64.5408,1.741,2.4738,0.2512,0,Non-SST
5974.5,70.1227,1.5187,2.4926,0.2695,0,Non-SST
5975.0,74.3091,1.3929,2.4523,0.2688,0,Non-SST
5975.5,75.7046,1.4411,2.4783,0.2737,0,Non-SST
5976.0,75.0068,1.5485,2.4771,0.2722,0,Non-SST
5976.5,73.6114,1.6504,2.4943,0.2776,0,Non-SST
5977.0,73.2625,1.7397,2.504,0.2831,0,Non-SST
5977.5,72.5648,1.7554,2.511,0.2785,0,Non-SST
5978.0,74.658,1.7702,2.5053,0.2822,0,Non-SST
5978.5,76.7512,1.7538,2.4677,0.2837,0,Non-SST
5979.0,83.0308,1.708,2.4409,0.2933,0,Non-SST
5979.5,85.124,1.5067,2.4374,0.301,0,Non-SST
5980.0,85.8218,1.3834,2.4632,0.3163,0,Non-SST
5980.5,86.6358,1.3363,2.5129,0.3274,0,Non-SST
5981.0,85.7927,1.2343,2.4738,0.3416,0,Non-SST
5981.5,84.9496,1.1728,2.4552,0.3504,0,Non-SST
5982.0,85.1531,1.1251,2.4417,0.3677,0,Non-SST
5982.5,85.3566,1.0562,2.4922,0.368,0,Non-SST
5983.0,87.0428,1.006,2.4929,0.3753,0,Non-SST
5983.5,87.2172,0.9879,2.4988,0.3676,0,Non-SST
5984.0,81.4028,1.0422,2.4981,0.3666,0,Non-SST
5984.5,73.3206,1.0422,2.5024,0.3391,0,Non-SST
5985.0,67.2736,1.2735,2.5194,0.3228,0,Non-SST
5985.5,66.1107,1.4767,2.4649,0.3102,0,Non-SST
5986.0,69.9482,1.4345,2.4722,0.3097,0,Non-SST
5986.5,73.2625,1.3091,2.4392,0.3069,0,Non-SST
5987.0,74.3091,1.1403,2.4563,0.3254,0,Non-SST
5987.5,73.2625,1.0953,2.4775,0.345,0,Non-SST
5988.0,66.1107,1.2554,2.4684,0.3673,0,Non-SST
5988.5,54.4236,1.4097,2.5138,0.3571,0,Non-SST
5989.0,43.6086,1.7133,2.5173,0.3336,0,Non-SST
5989.5,35.5846,2.3367,2.5201,0.3079,0,Non-SST
5990.0,32.9681,3.1479,2.4991,0.2608,0,Non-SST
5990.5,34.7125,3.2658,2.4498,0.2326,0,Non-SST
5991.0,34.8869,4.0698,2.51,0.2233,0,Non-SST
5991.5,33.317,5.8753,2.4962,0.2168,0,Non-SST
5992.0,34.8869,7.1302,2.4912,0.2003,0,Non-SST
5992.5,32.7937,7.0157,2.3929,0.1855,0,Non-SST
5993.0,30.7005,6.4358,2.3133,0.1961,0,Non-SST
5993.5,26.8629,6.2555,2.2623,0.2305,5,WTR
5994.0,24.072,5.7808,2.3046,0.2648,0,Non-SST
5994.5,21.6299,5.3479,2.3279,0.2552,0,Non-SST
5995.0,19.5367,5.2346,2.3435,0.2413,0,Non-SST
5995.5,19.1878,5.2299,2.3515,0.2158,0,Non-SST
5996.0,20.9321,5.1157,2.3675,0.223,0,Non-SST
5996.5,25.1186,4.8353,2.4359,0.2194,0,Non-SST
5997.0,26.514,4.9658,2.4289,0.2177,0,Non-SST
5997.5,27.9095,5.9887,2.316,0.1936,5,WTR
5998.0,26.514,6.654,2.2643,0.1678,5,WTR
5998.5,29.6539,7.2716,2.2655,0.164,5,WTR
5999.0,37.329,7.7299,2.3784,0.1583,0,Non-SST
5999.5,46.0507,8.1038,2.4888,0.1608,0,Non-SST
6000.0,40.4688,8.6342,2.4828,0.1473,0,Non-SST
6000.5,34.8869,8.959,2.4954,0.1374,0,Non-SST
6001.0,33.1426,7.9154,2.4504,0.1318,0,Non-SST
6001.5,29.6539,8.1775,2.4543,0.135,0,Non-SST
6002.0,26.1652,8.2524,2.4507,0.1408,0,Non-SST
6002.5,26.1652,7.8585,2.469,0.1397,0,Non-SST
6003.0,27.9095,7.455,2.4937,0.1345,0,Non-SST
6003.5,28.6073,6.8763,2.5476,0.1314,0,Non-SST
6004.0,28.6073,6.8763,2.5401,0.1349,0,Non-SST
6004.5,30.0027,6.5155,2.5483,0.1307,0,Non-SST
6005.0,33.8403,6.0003,2.5447,0.1289,0,Non-SST
6005.5,37.329,5.6469,2.5647,0.1262,0,Non-SST
6006.0,37.329,5.5588,2.5608,0.1313,0,Non-SST
6006.5,34.8869,5.5588,2.5641,0.1358,0,Non-SST
6007.0,32.0959,5.3551,2.5565,0.1374,0,Non-SST
6007.5,29.6539,5.3121,2.5905,0.137,0,Non-SST
6008.0,29.6539,5.0629,2.6005,0.138,0,Non-SST
6008.5,32.4448,4.7283,2.5952,0.137,0,Non-SST
6009.0,33.8403,4.6752,2.6042,0.1382,0,Non-SST
6009.5,30.7005,4.4236,2.6352,0.1434,0,Non-SST
6010.0,26.514,4.2427,2.7119,0.1561,0,Non-SST
6010.5,28.2584,3.7332,2.6746,0.1622,0,Non-SST
6011.0,34.8869,2.5638,2.6241,0.1681,0,Non-SST
6011.5,40.4688,1.9928,2.5625,0.1835,0,Non-SST
6012.0,45.353,1.9684,2.5416,0.2226,0,Non-SST
6012.5,50.9349,1.7386,2.524,0.2718,0,Non-SST
6013.0,55.1213,1.5395,2.548,0.2891,0,Non-SST
6013.5,57.2145,1.4821,2.5273,0.2898,0,Non-SST
6014.0,58.61,1.4821,2.5311,0.289,0,Non-SST
6014.5,63.4942,1.3741,2.5338,0.2916,0,Non-SST
6015.0,68.3783,1.2786,2.5699,0.2992,0,Non-SST
6015.5,68.3783,1.12,2.5668,0.3066,0,Non-SST
6016.0,71.5181,1.0012,2.5323,0.3184,0,Non-SST
6016.5,75.0068,0.956,2.5301,0.3273,0,Non-SST
6017.0,76.7512,0.9584,2.5376,0.3333,0,Non-SST
6017.5,78.1467,1.0302,2.5512,0.3441,0,Non-SST
6018.0,78.1467,1.0302,2.5503,0.3405,0,Non-SST
6018.5,73.9602,1.3064,2.5302,0.3093,0,Non-SST
6019.0,61.4009,2.0537,2.5705,0.2696,0,Non-SST
6019.5,42.562,3.8282,2.5975,0.2279,0,Non-SST
6020.0,28.2584,5.0961,2.6806,0.1867,0,Non-SST
6020.5,24.072,5.372,2.7148,0.1556,0,Non-SST
6021.0,25.4674,5.372,2.7043,0.1363,0,Non-SST
6021.5,25.4674,5.513,2.7438,0.1348,0,Non-SST
6022.0,25.4674,5.7186,2.7233,0.1382,0,Non-SST
6022.5,33.1426,5.1228,2.6859,0.1383,0,Non-SST
6023.0,43.9575,3.6218,2.6169,0.1395,0,Non-SST
6023.5,47.7951,2.9755,2.5931,0.1514,0,Non-SST
6024.0,48.1439,2.6545,2.5618,0.1761,0,Non-SST
6024.5,51.6326,2.2716,2.5165,0.2018,0,Non-SST
6025.0,59.0461,1.7847,2.4578,0.2133,0,Non-SST
6025.5,66.8084,1.5082,2.4273,0.2302,0,Non-SST
6026.0,69.861,1.5082,2.4454,0.2512,0,Non-SST
6026.5,68.7272,1.2933,2.4578,0.2616,0,Non-SST
6027.0,70.8204,1.2501,2.4998,0.2642,0,Non-SST
6027.5,80.1236,1.2712,2.4904,0.2587,0,Non-SST
6028.0,90.9385,1.2893,2.5242,0.2573,0,Non-SST
6028.5,99.1951,1.2441,2.5019,0.2579,0,Non-SST
6029.0,102.6838,1.2282,2.4955,0.2562,0,Non-SST
6029.5,94.5435,1.2721,2.4652,0.2631,0,Non-SST
6030.0,78.8444,1.4513,2.425,0.2683,0,Non-SST
6030.5,68.5179,1.5111,2.4207,0.2725,0,Non-SST
6031.0,63.4244,1.493,2.427,0.2737,0,Non-SST
6031.5,59.0984,1.4435,2.3845,0.2744,0,Non-SST
6032.0,55.819,1.4557,2.3835,0.2688,5,WTR
6032.5,54.0747,1.4433,2.3434,0.2705,5,WTR
6033.0,56.5168,1.4321,2.383,0.2657,5,WTR
6033.5,61.4009,1.4138,2.3858,0.2739,0,Non-SST
6034.0,62.0987,1.4397,2.4428,0.2807,0,Non-SST
6034.5,60.5288,1.5155,2.4645,0.2894,0,Non-SST
6035.0,60.7032,1.576,2.4733,0.2884,0,Non-SST
6035.5,60.0055,1.6594,2.4592,0.2817,0,Non-SST
6036.0,58.2611,1.6875,2.4126,0.2753,0,Non-SST
6036.5,58.2611,1.6694,2.4176,0.2782,0,Non-SST
6037.0,61.4009,1.606,2.4127,0.2716,0,Non-SST
6037.5,65.7618,1.4803,2.4492,0.2719,0,Non-SST
6038.0,69.2505,1.4076,2.4773,0.2713,0,Non-SST
6038.5,71.5181,1.4246,2.4936,0.2734,0,Non-SST
6039.0,70.646,1.461,2.5158,0.2736,0,Non-SST
6039.5,67.3317,1.5274,2.4877,0.2652,0,Non-SST
6040.0,65.9362,1.4982,2.516,0.2658,0,Non-SST
6040.5,68.3783,1.42,2.4769,0.2734,0,Non-SST
6041.0,70.8204,1.3363,2.4727,0.2909,0,Non-SST
6041.5,73.2625,1.2677,2.4453,0.308,0,Non-SST
6042.0,78.4955,1.2067,2.4795,0.3048,0,Non-SST
6042.5,83.3797,1.1127,2.5142,0.3125,0,Non-SST
6043.0,85.4729,1.081,2.5452,0.3295,0,Non-SST
6043.5,84.7054,1.1083,2.5589,0.3495,0,Non-SST
6044.0,84.6356,1.1241,2.5463,0.3503,0,Non-SST
6044.5,87.3219,1.138,2.5406,0.3351,0,Non-SST
6045.0,84.7752,1.3473,2.5571,0.3206,0,Non-SST
6045.5,73.7858,1.6306,2.5738,0.2855,0,Non-SST
6046.0,61.9242,2.076,2.5643,0.258,0,Non-SST
6046.5,56.5168,2.3542,2.5455,0.2358,0,Non-SST
6047.0,61.2265,1.8835,2.5294,0.2352,0,Non-SST
6047.5,70.8204,1.6999,2.5034,0.251,0,Non-SST
6048.0,79.0188,1.5576,2.5001,0.2717,0,Non-SST
6048.5,84.2519,1.5417,2.466,0.2981,0,Non-SST
6049.0,85.2985,1.655,2.4086,0.3179,0,Non-SST
6049.5,84.9496,1.8373,2.2768,0.3352,0,Non-SST
6050.0,85.4729,2.269,2.1941,0.3376,0,Non-SST
6050.5,84.7752,2.567,2.1827,0.3488,0,Non-SST
6051.0,80.2399,1.9816,2.2409,0.3608,0,Non-SST
6051.5,72.9136,1.7511,2.3498,0.3332,0,Non-SST
6052.0,66.9828,1.5908,2.3874,0.2973,0,Non-SST
6052.5,69.4249,1.4667,2.392,0.2677,0,Non-SST
6053.0,71.867,1.5151,2.3883,0.2676,0,Non-SST
6053.5,66.1107,1.6171,2.4179,0.2568,0,Non-SST
6054.0,62.7964,1.6596,2.4136,0.2582,0,Non-SST
6054.5,62.0987,1.6246,2.4262,0.2539,0,Non-SST
6055.0,61.7498,1.6135,2.4264,0.2662,0,Non-SST
6055.5,62.4476,1.6471,2.4347,0.2651,0,Non-SST
6056.0,65.5874,1.6235,2.4333,0.27,0,Non-SST
6056.5,65.5874,1.5941,2.4259,0.2599,0,Non-SST
6057.0,65.5874,1.6306,2.4162,0.2699,0,Non-SST
6057.5,67.6806,1.6331,2.4439,0.274,0,Non-SST
6058.0,68.7272,1.6116,2.4671,0.2945,0,Non-SST
6058.5,70.4715,1.6339,2.4771,0.2918,0,Non-SST
6059.0,69.7738,1.6339,2.453,0.286,0,Non-SST
6059.5,68.3783,1.6148,2.4636,0.2757,0,Non-SST
6060.0,68.3783,1.6265,2.4592,0.2834,0,Non-SST
6060.5,69.0761,1.6217,2.4743,0.2974,0,Non-SST
6061.0,71.1693,1.545,2.4754,0.3055,0,Non-SST
6061.5,72.5648,1.4821,2.4954,0.2992,0,Non-SST
6062.0,73.9602,1.4821,2.4755,0.2977,0,Non-SST
6062.5,72.5648,1.561,2.4601,0.301,0,Non-SST
6063.0,73.6114,1.5679,2.4593,0.314,0,Non-SST
6063.5,75.3557,1.4767,2.4686,0.3168,0,Non-SST
6064.0,77.1,1.4567,2.4657,0.3202,0,Non-SST
6064.5,78.1467,1.3831,2.4861,0.3267,0,Non-SST
6065.0,77.1,1.2789,2.4656,0.3368,0,Non-SST
6065.5,75.7046,1.1483,2.4674,0.3476,0,Non-SST
6066.0,75.0068,1.0899,2.4735,0.3514,0,Non-SST
6066.5,75.1813,1.0632,2.4926,0.3457,0,Non-SST
6067.0,77.7978,1.0477,2.5226,0.3474,0,Non-SST
6067.5,80.7632,1.0453,2.5346,0.3484,0,Non-SST
6068.0,82.3331,1.0453,2.5199,0.3533,0,Non-SST
6068.5,85.124,1.0343,2.5174,0.3402,0,Non-SST
6069.0,85.124,1.0682,2.524,0.3194,0,Non-SST
6069.5,85.124,1.1695,2.5017,0.2925,0,Non-SST
6070.0,81.2865,1.2515,2.4836,0.2679,0,Non-SST
6070.5,74.658,1.4752,2.4755,0.2537,0,Non-SST
6071.0,66.634,1.7109,2.4913,0.2413,0,Non-SST
6071.5,59.6566,1.9199,2.4938,0.2274,0,Non-SST
6072.0,54.4236,2.0166,2.4657,0.2163,0,Non-SST
6072.5,54.4236,2.0305,2.4636,0.213,0,Non-SST
6073.0,58.61,2.0127,2.4399,0.2193,0,Non-SST
6073.5,60.3543,1.9911,2.4549,0.2214,0,Non-SST
6074.0,59.6566,1.9811,2.4517,0.2234,0,Non-SST
6074.5,58.9589,1.9684,2.4588,0.2287,0,Non-SST
6075.0,60.3543,1.9542,2.4279,0.2349,5,WTR
6075.5,63.4942,1.9236,2.4483,0.2408,0,Non-SST
6076.0,64.8896,1.8562,2.4009,0.2417,0,Non-SST
6076.5,64.1919,1.8081,2.3919,0.2352,5,WTR
6077.0,63.1453,1.8572,2.4449,0.2293,0,Non-SST
6077.5,64.5408,1.922,2.4632,0.2206,0,Non-SST
6078.0,66.2851,1.9337,2.4958,0.221,0,Non-SST
6078.5,63.4942,1.9402,2.4156,0.2207,0,Non-SST
6079.0,58.61,1.9337,2.4058,0.2246,5,WTR
6079.5,56.1679,1.9205,2.3994,0.2352,5,WTR
6080.0,56.1679,1.9141,2.4178,0.2422,5,WTR
6080.5,57.2145,1.9231,2.42,0.2576,5,WTR
6081.0,58.61,1.9295,2.4418,0.2657,0,Non-SST
6081.5,58.61,1.9461,2.4376,0.2772,0,Non-SST
6082.0,58.61,1.9268,2.4548,0.2788,0,Non-SST
6082.5,66.9828,1.9037,2.4501,0.2831,0,Non-SST
6083.0,70.8204,1.9136,2.4745,0.2902,0,Non-SST
6083.5,71.1693,1.8082,2.4942,0.2994,0,Non-SST
6084.0,72.9136,1.5687,2.508,0.3057,0,Non-SST
6084.5,77.1,1.505,2.5126,0.3136,0,Non-SST
6085.0,79.891,1.4536,2.5034,0.3313,0,Non-SST
6085.5,78.8444,1.3648,2.5184,0.3429,0,Non-SST
6086.0,78.8444,1.2741,2.5245,0.353,0,Non-SST
6086.5,83.7286,1.1685,2.5247,0.3481,0,Non-SST
6087.0,80.2399,1.054,2.4871,0.3513,0,Non-SST
6087.5,76.7512,1.0119,2.5212,0.3426,0,Non-SST
6088.0,83.0308,1.0119,2.5464,0.3189,0,Non-SST
6088.5,85.8218,1.1127,2.5716,0.286,0,Non-SST
6089.0,84.7752,1.3046,2.5834,0.2436,0,Non-SST
6089.5,81.9842,1.4631,2.6191,0.21,0,Non-SST
6090.0,76.7512,2.1066,2.6537,0.1816,0,Non-SST
6090.5,70.4715,3.3961,2.6477,0.1628,0,Non-SST
6091.0,66.634,4.5934,2.6131,0.155,0,Non-SST
6091.5,68.7272,4.3649,2.573,0.172,0,Non-SST
6092.0,78.1467,3.2545,2.564,0.2016,0,Non-SST
6092.5,85.124,2.9704,2.5597,0.2309,0,Non-SST
6093.0,92.1014,2.8729,2.5585,0.2356,0,Non-SST
6093.5,102.2186,2.8729,2.5684,0.2415,0,Non-SST
6094.0,114.0802,2.6485,2.5262,0.239,0,Non-SST
6094.5,118.6155,2.3762,2.516,0.2307,0,Non-SST
6095.0,108.1494,2.2445,2.5045,0.2197,0,Non-SST
6095.5,88.2638,2.5533,2.5299,0.2119,0,Non-SST
6096.0,71.5181,2.7621,2.5155,0.2115,0,Non-SST
6096.5,65.2385,2.6214,2.4816,0.2152,0,Non-SST
6097.0,65.5874,2.6048,2.4431,0.2186,0,Non-SST
6097.5,66.9828,2.657,2.4283,0.2177,0,Non-SST
6098.0,64.1919,2.6097,2.4322,0.2116,0,Non-SST
6098.5,61.4009,2.6374,2.4365,0.2224,0,Non-SST
6099.0,62.0987,2.6374,2.4694,0.2246,0,Non-SST
6099.5,66.634,2.5882,2.4953,0.2361,0,Non-SST
6100.0,72.9136,2.3798,2.5188,0.2396,0,Non-SST
6100.5,79.5421,2.1048,2.5715,0.2541,0,Non-SST
6101.0,83.3797,1.9695,2.5709,0.2608,0,Non-SST
6101.5,81.9842,1.809,2.5942,0.2549,0,Non-SST
6102.0,80.5887,1.7966,2.57,0.2529,0,Non-SST
6102.5,81.9842,1.9353,2.5682,0.2568,0,Non-SST
6103.0,84.0774,1.8948,2.5463,0.2621,0,Non-SST
6103.5,87.2172,1.8061,2.533,0.2748,0,Non-SST
6104.0,91.0548,1.7118,2.5257,0.2784,0,Non-SST
6104.5,91.7525,1.7118,2.5325,0.2981,0,Non-SST
6105.0,88.2638,1.5929,2.5093,0.3061,0,Non-SST
6105.5,86.1706,1.4404,2.5171,0.323,0,Non-SST
6106.0,88.6127,1.2784,2.548,0.3224,0,Non-SST
6106.5,94.1946,1.2416,2.5614,0.3186,0,Non-SST
6107.0,100.8231,1.3049,2.5799,0.3104,0,Non-SST
6107.5,108.1494,1.4091,2.5178,0.3168,0,Non-SST
6108.0,115.8245,1.4297,2.5089,0.3183,0,Non-SST
6108.5,113.3824,1.4647,2.4599,0.3292,0,Non-SST
6109.0,99.7765,1.4421,2.4466,0.3452,0,Non-SST
6109.5,91.7525,1.313,2.4221,0.3667,0,Non-SST
6110.0,90.0082,1.2585,2.3933,0.3736,0,Non-SST
6110.5,85.124,1.3686,2.4148,0.3763,0,Non-SST
6111.0,80.9376,1.6144,2.4035,0.3803,0,Non-SST
6111.5,79.5421,1.7153,2.4498,0.3741,0,Non-SST
6112.0,76.0534,1.6052,2.4543,0.352,0,Non-SST
6112.5,72.5648,1.5842,2.508,0.343,0,Non-SST
6113.0,77.1001,1.4731,2.4645,0.3359,0,Non-SST
6113.5,80.5887,1.4349,2.4549,0.3423,0,Non-SST
6114.0,81.2865,1.5339,2.4322,0.3383,0,Non-SST
6114.5,78.1467,1.6782,2.4748,0.357,0,Non-SST
6115.0,78.8444,1.6775,2.4952,0.3602,0,Non-SST
6115.5,85.124,1.5243,2.4974,0.3789,0,Non-SST
6116.0,88.9616,1.4232,2.5029,0.3847,0,Non-SST
6116.5,87.915,1.4253,2.2363,0.4156,0,Non-SST
6117.0,85.124,1.4114,1.8323,0.4559,0,Non-SST
6117.5,80.2399,1.6322,1.5188,0.5246,0,Non-SST
6118.0,75.3557,3.0444,1.3731,0.6026,0,Non-SST
6118.5,53.0281,3.0444,1.2988,0.6899,0,Non-SST
6119.0,32.0959,7.3371,1.2956,0.7405,0,Non-SST
6119.5,18.8389,11.4411,1.2955,0.7347,0,Non-SST
6120.0,11.8615,16.9788,1.2954,0.7397,0,Non-SST
6120.5,7.3262,22.0107,1.2963,0.73,0,Non-SST
6121.0,5.233,31.659,1.2958,0.7234,0,Non-SST
6121.5,5.5819,39.1391,1.3139,0.6988,0,Non-SST
6122.0,6.9774,37.7293,1.3325,0.7096,0,Non-SST
6122.5,8.3729,28.9905,1.3985,0.6984,0,Non-SST
6123.0,17.7923,19.3935,1.5568,0.6414,0,Non-SST
6123.5,27.9095,19.3935,1.852,0.594,0,Non-SST
6124.0,38.0267,11.7927,2.308,0.5241,5,WTR
6124.5,49.1905,7.1104,2.5316,0.4416,0,Non-SST
6125.0,60.0055,3.2198,2.5118,0.3725,0,Non-SST
6125.5,57.2145,2.5477,2.4921,0.3426,0,Non-SST
6126.0,54.4236,2.2563,2.4852,0.3489,0,Non-SST
6126.5,65.5874,2.0692,2.4523,0.3515,0,Non-SST
6127.0,82.3331,1.8309,2.4744,0.3604,0,Non-SST
6127.5,95.2412,1.7871,2.4658,0.3661,0,Non-SST
6128.0,88.9616,1.6355,2.5022,0.3492,0,Non-SST
6128.5,64.1919,1.6355,2.4995,0.3346,0,Non-SST
6129.0,56.5168,1.9428,2.4943,0.3267,0,Non-SST
6129.5,48.8417,2.1275,2.4911,0.3357,0,Non-SST
6130.0,54.4236,2.1239,2.502,0.3468,0,Non-SST
6130.5,62.0987,2.0889,2.5055,0.3473,0,Non-SST
6131.0,65.9362,2.0232,2.5063,0.3443,0,Non-SST
6131.5,66.9828,1.9273,2.5124,0.3435,0,Non-SST
6132.0,68.3783,1.9273,2.5104,0.3165,0,Non-SST
6132.5,66.2851,1.6865,2.5459,0.3127,0,Non-SST
6133.0,64.1919,1.4603,2.5496,0.3098,0,Non-SST
6133.5,69.4249,1.3795,2.5681,0.3155,0,Non-SST
6134.0,70.4715,1.3741,2.5228,0.3226,0,Non-SST
6134.5,71.5181,1.4431,2.5141,0.3206,0,Non-SST
6135.0,75.7046,1.2827,2.4977,0.322,0,Non-SST
6135.5,77.7978,1.7829,2.5362,0.2966,0,Non-SST
6136.0,76.7512,1.7829,2.5041,0.2645,0,Non-SST
6136.5,75.3557,2.4318,2.5159,0.2252,0,Non-SST
6137.0,73.9602,6.2679,2.4498,0.1845,0,Non-SST
6137.5,49.3068,10.1267,2.4545,0.147,0,Non-SST
6138.0,42.4457,10.2097,2.4056,0.1209,0,Non-SST
6138.5,35.5846,9.5819,2.3852,0.1078,1,Gas
6139.0,30.526,12.3823,2.3542,0.0975,1,Gas
6139.5,27.5606,12.3823,2.3417,0.0936,1,Gas
6140.0,25.4674,14.82,2.3282,0.0886,1,Gas
6140.5,23.8394,13.7976,2.326,0.0882,1,Gas
6141.0,22.5602,10.1204,2.3102,0.0862,1,Gas
6141.5,21.7462,9.1515,2.3187,0.0836,1,Gas
6142.0,21.6299,8.3476,2.3037,0.0863,1,Gas
6142.5,21.6299,7.2488,2.3098,0.0876,0,Non-SST
6143.0,21.6299,7.2488,2.3022,0.0872,0,Non-SST
6143.5,21.281,6.2555,2.2734,0.0859,0,Non-SST
6144.0,19.8855,6.9568,2.2631,0.0827,0,Non-SST
6144.5,17.5132,7.1548,2.2349,0.0725,0,Non-SST
6145.0,15.4898,11.2362,2.2046,0.0604,1,Gas
6145.5,14.0245,13.0236,2.1501,0.0509,1,Gas
6146.0,13.4315,14.745,2.1103,0.046,1,Gas
6146.5,14.3036,15.3776,2.1143,0.0446,1,Gas
6147.0,14.8269,16.4236,2.1166,0.0454,1,Gas
6147.5,14.5362,16.9948,2.117,0.0493,1,Gas
6148.0,14.4199,16.8189,2.1377,0.0526,1,Gas
6148.5,14.5362,16.5207,2.1614,0.0592,1,Gas
6149.0,15.6991,15.7304,2.2039,0.0638,1,Gas
6149.5,17.4435,16.0972,2.1894,0.0642,1,Gas
6150.0,17.676,17.4435,2.1428,0.0578,1,Gas
6150.5,16.1643,18.8194,2.1011,0.0527,1,Gas
6151.0,15.2339,18.8719,2.0951,0.052,1,Gas
6151.5,16.7457,18.8895,2.1321,0.053,1,Gas
6152.0,17.0946,18.6059,2.1553,0.0577,1,Gas
6152.5,12.5593,19.6051,2.1478,0.0559,1,Gas
6153.0,11.8615,21.3858,2.1021,0.0481,1,Gas
6153.5,11.1638,22.0327,2.0822,0.0399,1,Gas
6154.0,11.1638,20.9227,2.1012,0.0355,1,Gas
6154.5,11.1638,19.7487,2.1293,0.0378,1,Gas
6155.0,11.1638,18.6424,2.1295,0.0409,1,Gas
6155.5,11.1638,18.1419,2.1136,0.0459,1,Gas
6156.0,11.1638,17.5825,2.1105,0.0469,1,Gas
6156.5,13.257,16.1241,2.1008,0.0467,1,Gas
6157.0,15.3502,14.2933,2.0804,0.0435,1,Gas
6157.5,12.9082,12.9527,2.0854,0.0436,1,Gas
6158.0,12.9082,10.9092,2.1044,0.0464,1,Gas
6158.5,12.443,8.6094,2.1195,0.0531,1,Gas
6159.0,11.629,7.0628,2.1627,0.0676,0,Non-SST
6159.5,14.1873,6.0944,2.219,0.0895,0,Non-SST
6160.0,19.7111,4.9819,2.257,0.1217,0,Non-SST
6160.5,22.1532,4.1325,2.2721,0.1469,0,Non-SST
6161.0,20.06,3.3756,2.2543,0.163,0,Non-SST
6161.5,18.8389,3.0876,2.2553,0.1654,0,Non-SST
6162.0,19.0134,2.9111,2.2526,0.1705,0,Non-SST
6162.5,17.9668,2.6934,2.2241,0.1671,5,WTR
6163.0,16.7457,2.6934,2.1935,0.1652,5,WTR
6163.5,15.3502,2.5589,2.19,0.1571,0,Non-SST
6164.0,14.1292,2.4787,2.1971,0.154,5,WTR
6164.5,15.0014,2.4573,2.1952,0.161,5,WTR
6165.0,16.9201,2.5973,2.2096,0.1655,5,WTR
6165.5,19.5367,2.8327,2.2379,0.1787,5,WTR
6166.0,23.1998,3.0625,2.273,0.1847,5,WTR
6166.5,25.8163,3.1053,2.2626,0.187,5,WTR
6167.0,25.4674,3.0876,2.2342,0.1869,5,WTR
6167.5,22.3276,2.9951,2.2259,0.1802,5,WTR
6168.0,20.2344,2.8894,2.2193,0.1826,5,WTR
6168.5,20.9321,2.8513,2.2209,0.1817,5,WTR
6169.0,21.281,2.8836,2.2276,0.1846,5,WTR
6169.5,21.281,2.8662,2.2143,0.1823,5,WTR
6170.0,22.3276,2.8059,2.2159,0.1827,5,WTR
6170.5,22.3276,2.8455,2.2219,0.1813,5,WTR
6171.0,22.3276,2.8126,2.2216,0.1833,5,WTR
6171.5,19.5367,2.5957,2.2137,0.1809,5,WTR
6172.0,16.048,2.5644,2.1755,0.1796,5,WTR
6172.5,15.3502,2.4722,2.1598,0.1767,5,WTR
6173.0,16.048,2.4464,2.1309,0.1766,5,WTR
6173.5,15.3502,2.4468,2.141,0.1757,5,WTR
6174.0,16.048,2.4558,2.1202,0.1798,5,WTR
6174.5,16.7457,2.4385,2.1298,0.1817,5,WTR
6175.0,16.3968,2.4045,2.1165,0.1808,5,WTR
6175.5,15.6991,2.3048,2.1287,0.1823,5,WTR
6176.0,15.0014,2.2777,2.1235,0.181,5,WTR
6176.5,15.3502,2.1679,2.184,0.187,5,WTR
6177.0,18.1412,2.1679,2.2507,0.1929,5,WTR
6177.5,32.0959,2.0802,2.3616,0.2066,5,WTR
6178.0,46.0507,1.7345,2.4765,0.2356,0,Non-SST
6178.5,71.1693,1.4404,2.5146,0.2735,0,Non-SST
6179.0,84.7752,1.3397,2.5339,0.3229,0,Non-SST
6179.5,87.915,1.2972,2.5302,0.3276,0,Non-SST
6180.0,88.2638,1.2616,2.5723,0.3216,0,Non-SST
6180.5,87.2172,1.2616,2.5904,0.3265,0,Non-SST
6181.0,84.7752,1.2593,2.597,0.3453,0,Non-SST
6181.5,85.124,1.2255,2.5669,0.3429,0,Non-SST
6182.0,81.6353,1.249,2.5472,0.3136,0,Non-SST
6182.5,65.5874,1.439,2.5426,0.2837,0,Non-SST
6183.0,50.9349,2.6527,2.5535,0.2547,0,Non-SST
6183.5,36.2824,2.8749,2.547,0.2234,0,Non-SST
6184.0,50.9349,2.8749,2.5435,0.2108,0,Non-SST
6184.5,62.4476,1.8042,2.563,0.2108,0,Non-SST
6185.0,66.5266,1.6108,2.606,0.2291,0,Non-SST
6185.5,65.126,1.7637,2.6004,0.2459,0,Non-SST
6186.0,64.7759,2.2451,2.6087,0.2506,0,Non-SST
6186.5,71.4286,1.6694,2.5489,0.248,0,Non-SST
6187.0,72.8291,1.4161,2.5204,0.2402,0,Non-SST
6187.5,74.2297,1.7499,2.4693,0.2392,0,Non-SST
6188.0,57.7731,2.3192,2.4414,0.2362,0,Non-SST
6188.5,42.0168,3.0032,2.4341,0.2071,0,Non-SST
6189.0,33.6134,3.32,2.4103,0.1808,0,Non-SST
6189.5,36.4146,2.5622,2.4003,0.1711,0,Non-SST
6190.0,47.619,2.5622,2.4231,0.1859,0,Non-SST
6190.5,56.7227,2.1482,2.4742,0.2239,0,Non-SST
6191.0,65.8263,1.9063,2.5006,0.2549,0,Non-SST
6191.5,71.0784,1.7427,2.4979,0.2861,0,Non-SST
6192.0,74.5798,1.604,2.4862,0.2955,0,Non-SST
6192.5,77.7311,1.3342,2.4989,0.3077,0,Non-SST
6193.0,78.7815,1.5866,2.5203,0.2839,0,Non-SST
6193.5,78.4314,1.5866,2.5427,0.2748,0,Non-SST
6194.0,79.1316,1.5726,2.5266,0.255,0,Non-SST
6194.5,79.8319,1.6525,2.5252,0.2519,0,Non-SST
6195.0,74.5798,1.643,2.5186,0.2452,0,Non-SST
6195.5,66.7017,1.8081,2.5265,0.2384,0,Non-SST
6196.0,58.8235,2.3213,2.5404,0.2268,0,Non-SST
6196.5,52.3459,2.7703,2.5244,0.2131,0,Non-SST
6197.0,50.4202,2.7703,2.5025,0.2059,0,Non-SST
6197.5,55.4972,2.8807,2.512,0.2077,0,Non-SST
6198.0,62.6751,2.3068,2.5375,0.2194,0,Non-SST
6198.5,67.9272,2.3137,2.5439,0.2308,0,Non-SST
6199.0,71.2535,2.2577,2.4988,0.2398,0,Non-SST
6199.5,74.2297,2.1114,2.4949,0.2508,0,Non-SST
6200.0,75.105,2.1324,2.4797,0.2608,0,Non-SST
6200.5,71.4286,2.1324,2.4878,0.2623,0,Non-SST
6201.0,68.6274,2.269,2.4822,0.2508,0,Non-SST
6201.5,67.7521,2.3591,2.4949,0.2405,0,Non-SST
6202.0,63.7255,2.3806,2.5239,0.2333,0,Non-SST
6202.5,60.3992,2.2968,2.5356,0.2342,0,Non-SST
6203.0,64.4258,1.9434,2.5535,0.2438,0,Non-SST
6203.5,73.8795,1.7047,2.5408,0.27,0,Non-SST
6204.0,82.2829,1.5459,2.5164,0.2935,0,Non-SST
6204.5,85.7843,1.4065,2.5079,0.3169,0,Non-SST
6205.0,85.4342,1.4175,2.518,0.3206,0,Non-SST
6205.5,84.7339,1.4018,2.5335,0.3102,0,Non-SST
6206.0,82.1078,1.4369,2.4996,0.2903,0,Non-SST
6206.5,75.9804,1.6762,2.4851,0.2738,0,Non-SST
6207.0,73.0042,2.1324,2.494,0.2598,0,Non-SST
6207.5,73.8795,1.7857,2.5256,0.2535,0,Non-SST
6208.0,73.1793,1.6318,2.4962,0.2494,0,Non-SST
6208.5,73.1793,1.5656,2.4607,0.2498,0,Non-SST
6209.0,75.9804,1.5534,2.4606,0.2577,0,Non-SST
6209.5,78.7815,1.4576,2.5097,0.2706,0,Non-SST
6210.0,81.2325,1.3578,2.5107,0.2951,0,Non-SST
6210.5,82.9832,1.3157,2.5026,0.3009,0,Non-SST
6211.0,82.2829,1.3481,2.4769,0.3071,0,Non-SST
6211.5,78.0812,1.4684,2.4977,0.2861,0,Non-SST
6212.0,70.3781,1.8653,2.5222,0.2648,0,Non-SST
6212.5,61.9748,2.382,2.5322,0.2254,0,Non-SST
6213.0,55.4972,2.8642,2.5184,0.2005,0,Non-SST
6213.5,50.07,2.9972,2.4456,0.182,0,Non-SST
6214.0,46.0434,3.2443,2.4275,0.1762,0,Non-SST
6214.5,47.619,3.2968,2.3987,0.1798,0,Non-SST
6215.0,54.972,2.9602,2.4158,0.1851,0,Non-SST
6215.5,65.3011,2.5429,2.4287,0.2043,0,Non-SST
6216.0,74.5798,2.2178,2.4592,0.2284,0,Non-SST
6216.5,79.3067,2.046,2.4779,0.2525,0,Non-SST
6217.0,81.2325,1.99,2.4962,0.253,0,Non-SST
6217.5,80.5322,2.0537,2.5045,0.2527,0,Non-SST
6218.0,78.0812,2.2438,2.5025,0.2453,0,Non-SST
6218.5,76.6807,2.4355,2.5078,0.2376,0,Non-SST
6219.0,74.93,2.5991,2.4902,0.2233,0,Non-SST
6219.5,71.4286,2.6786,2.4957,0.219,0,Non-SST
6220.0,68.9776,2.7685,2.4957,0.2165,0,Non-SST
6220.5,68.9776,2.8546,2.5124,0.2152,0,Non-SST
6221.0,70.3781,2.9796,2.5234,0.2076,0,Non-SST
6221.5,72.1288,3.0122,2.5047,0.2014,0,Non-SST
6222.0,73.1793,3.0032,2.5239,0.1974,0,Non-SST
6222.5,72.8291,3.0434,2.5162,0.1986,0,Non-SST
6223.0,69.5028,3.0608,2.5346,0.2045,0,Non-SST
6223.5,67.577,2.9887,2.5156,0.2105,0,Non-SST
6224.0,67.7521,2.8223,2.5137,0.2189,0,Non-SST
6224.5,66.1765,2.7092,2.482,0.2212,0,Non-SST
6225.0,67.9272,2.624,2.4922,0.2249,0,Non-SST
6225.5,71.6036,2.5214,2.496,0.2312,0,Non-SST
6226.0,73.1793,2.3233,2.5126,0.239,0,Non-SST
6226.5,76.5056,2.1197,2.5126,0.2531,0,Non-SST
6227.0,78.7815,2.0883,2.5068,0.2607,0,Non-SST
6227.5,76.6807,2.0216,2.512,0.2721,0,Non-SST
6228.0,76.0073,1.9199,2.5309,0.2717,0,Non-SST
6228.5,79.9397,1.8929,2.5232,0.274,0,Non-SST
6229.0,80.5861,1.8009,2.5116,0.2758,0,Non-SST
6229.5,81.2325,1.809,2.4864,0.283,0,Non-SST
6230.0,81.5826,1.9199,2.5003,0.2887,0,Non-SST
6230.5,82.8081,1.9789,2.5134,0.2837,0,Non-SST
6231.0,81.2325,1.9556,2.5048,0.274,0,Non-SST
6231.5,77.9062,1.9305,2.5178,0.2632,0,Non-SST
6232.0,75.6302,1.8871,2.4997,0.2712,0,Non-SST
6232.5,75.2801,1.8177,2.531,0.286,0,Non-SST
6233.0,77.0308,1.7838,2.5189,0.2973,0,Non-SST
6233.5,79.4818,1.6935,2.5357,0.3016,0,Non-SST
6234.0,80.1821,1.6694,2.5538,0.3015,0,Non-SST
6234.5,79.8319,1.6368,2.5327,0.3125,0,Non-SST
6235.0,79.4818,1.5952,2.5209,0.3175,0,Non-SST
6235.5,80.1821,1.5679,2.4899,0.3166,0,Non-SST
6236.0,82.633,1.5523,2.4983,0.322,0,Non-SST
6236.5,84.0336,1.5462,2.5116,0.3286,0,Non-SST
6237.0,87.535,1.5328,2.5329,0.3395,0,Non-SST
6237.5,91.0364,1.4933,2.5442,0.3496,0,Non-SST
6238.0,88.9356,1.4031,2.5531,0.3366,0,Non-SST
6238.5,84.3837,1.4598,2.5297,0.3141,0,Non-SST
6239.0,74.93,2.0089,2.5533,0.2692,0,Non-SST
6239.5,61.6246,2.8298,2.6076,0.2389,0,Non-SST
6240.0,50.07,3.9347,2.6224,0.1974,0,Non-SST
6240.5,42.0168,5.4455,2.6052,0.1646,0,Non-SST
6241.0,42.0168,5.3988,2.5036,0.1425,0,Non-SST
6241.5,42.0168,4.474,2.386,0.1395,0,Non-SST
6242.0,44.4678,3.9332,2.363,0.1537,0,Non-SST
6242.5,46.2185,3.465,2.4093,0.1747,0,Non-SST
6243.0,48.6695,3.0262,2.4515,0.1927,0,Non-SST
6243.5,55.3221,3.0262,2.4779,0.2081,0,Non-SST
6244.0,67.2269,2.4604,2.4667,0.23,0,Non-SST
6244.5,71.4286,1.8948,2.4928,0.2562,0,Non-SST
6245.0,75.6302,1.5925,2.4845,0.2879,0,Non-SST
6245.5,77.7311,1.4933,2.5232,0.3066,0,Non-SST
6246.0,79.4818,1.4038,2.5227,0.3181,0,Non-SST
6246.5,83.3333,1.3145,2.5183,0.322,0,Non-SST
6247.0,87.8851,1.2372,2.4989,0.3136,0,Non-SST
6247.5,83.6835,1.5504,2.4944,0.2992,0,Non-SST
6248.0,65.8263,1.5504,2.4723,0.2691,0,Non-SST
6248.5,58.1232,2.2204,2.4485,0.2464,0,Non-SST
6249.0,50.4202,2.6307,2.4417,0.2213,0,Non-SST
6249.5,57.7731,2.4192,2.4473,0.2151,5,WTR
6250.0,68.6274,1.9613,2.4473,0.2297,0,Non-SST
6250.5,77.0308,1.9739,2.4264,0.2669,0,Non-SST
6251.0,80.8823,2.0333,2.4496,0.2892,0,Non-SST
6251.5,81.2325,2.0333,2.4587,0.2847,0,Non-SST
6252.0,85.4342,1.9258,2.4906,0.2843,0,Non-SST
6252.5,89.6358,1.788,2.472,0.2893,0,Non-SST
6253.0,88.5854,1.7399,2.4744,0.302,0,Non-SST
6253.5,86.8347,1.8612,2.4919,0.294,0,Non-SST
6254.0,87.1849,1.8383,2.4878,0.2903,0,Non-SST
6254.5,88.2353,1.6072,2.5025,0.2915,0,Non-SST
6255.0,88.5854,1.6072,2.4588,0.3152,0,Non-SST
6255.5,91.0364,1.5309,2.4767,0.3332,0,Non-SST
6256.0,93.1372,1.5668,2.452,0.3368,0,Non-SST
6256.5,95.2381,1.5815,2.4486,0.3336,0,Non-SST
6257.0,92.437,1.5224,2.447,0.3349,0,Non-SST
6257.5,91.0364,1.5909,2.4626,0.336,0,Non-SST
6258.0,85.7843,1.7735,2.4779,0.3047,0,Non-SST
6258.5,76.3305,1.7735,2.4704,0.2821,0,Non-SST
6259.0,68.6274,2.3366,2.4467,0.2529,0,Non-SST
6259.5,70.7283,2.4558,2.4513,0.238,0,Non-SST
6260.0,72.8291,2.4468,2.4354,0.2239,0,Non-SST
6260.5,57.7731,2.7503,2.3778,0.2159,5,WTR
6261.0,45.8683,2.8489,2.3119,0.2047,5,WTR
6261.5,39.5658,2.7172,2.249,0.1987,5,WTR
6262.0,37.8151,2.7172,2.2144,0.2005,1,Gas
6262.5,39.2157,2.5965,2.2202,0.2064,5,WTR
6263.0,38.5154,2.6408,2.2336,0.2095,5,WTR
6263.5,37.8151,2.7603,2.2395,0.2039,5,WTR
6264.0,35.3641,2.7859,2.21,0.2026,5,WTR
6264.5,33.9636,2.8768,2.2026,0.1951,5,WTR
6265.0,34.3137,2.9663,2.1815,0.1852,1,Gas
6265.5,35.7143,3.0192,2.1927,0.1778,1,Gas
6266.0,35.7143,3.0192,2.1926,0.1754,1,Gas
6266.5,33.6134,3.0546,2.2043,0.1843,5,WTR
6267.0,32.2129,2.871,2.1903,0.1915,5,WTR
6267.5,31.8627,2.7933,2.19,0.2015,5,WTR
6268.0,29.4118,2.7154,2.1742,0.201,1,Gas
6268.5,24.1597,2.87,2.1567,0.1914,5,WTR
6269.0,17.8571,3.0444,2.1558,0.1765,5,WTR
6269.5,14.0056,3.0444,2.1779,0.1646,5,WTR
6270.0,13.8305,2.8138,2.1864,0.1591,5,WTR
6270.5,14.7059,2.7521,2.1915,0.1571,5,WTR
6271.0,14.5308,2.6261,2.1693,0.1599,5,WTR
6271.5,13.3053,2.5533,2.1792,0.1614,5,WTR
6272.0,12.605,2.5533,2.1809,0.1643,5,WTR
6272.5,12.605,2.5686,2.1739,0.1619,5,WTR
6273.0,12.2549,2.547,2.1714,0.1617,5,WTR
6273.5,11.7297,2.5477,2.1673,0.1538,5,WTR
6274.0,13.3053,2.6189,2.1955,0.1535,5,WTR
6274.5,17.6821,2.8129,2.2128,0.1504,5,WTR
6275.0,22.409,3.0949,2.2322,0.1557,5,WTR
6275.5,25.3852,3.1704,2.2212,0.1525,5,WTR
6276.0,26.9608,3.0608,2.2276,0.1594,5,WTR
6276.5,30.2871,2.9796,2.2129,0.169,5,WTR
6277.0,36.7647,2.9592,2.2077,0.1798,1,Gas
6277.5,41.8417,2.9796,2.2299,0.1878,1,Gas
6278.0,44.4678,2.8817,2.2507,0.1981,1,Gas
6278.5,53.7465,2.6141,2.3362,0.2147,5,WTR
6279.0,70.028,2.1102,2.3421,0.2373,0,Non-SST
6279.5,81.5826,1.9279,2.3906,0.264,0,Non-SST
6280.0,86.1344,1.7559,2.4073,0.3101,0,Non-SST
6280.5,88.7605,1.7193,2.4629,0.3386,0,Non-SST
6281.0,89.986,1.7852,2.4565,0.3359,0,Non-SST
6281.5,89.6358,1.8237,2.4889,0.3236,0,Non-SST
6282.0,89.6358,1.6899,2.4865,0.3118,0,Non-SST
6282.5,89.986,1.5988,2.5042,0.3163,0,Non-SST
6283.0,88.9356,1.5557,2.4842,0.3082,0,Non-SST
6283.5,88.9356,1.6019,2.4924,0.3135,0,Non-SST
6284.0,91.0364,1.6376,2.4749,0.3113,0,Non-SST
6284.5,91.3865,1.6858,2.4924,0.3097,0,Non-SST
6285.0,89.6358,1.7564,2.5017,0.2982,0,Non-SST
6285.5,87.535,1.876,2.5126,0.2783,0,Non-SST
6286.0,83.6835,2.0709,2.505,0.2722,0,Non-SST
6286.5,77.3809,2.3241,2.4939,0.2547,0,Non-SST
6287.0,70.3781,2.4626,2.5165,0.2366,0,Non-SST
6287.5,64.4258,2.6129,2.5117,0.2233,0,Non-SST
6288.0,62.3249,2.7127,2.4901,0.2129,0,Non-SST
6288.5,63.5504,2.708,2.4665,0.2071,0,Non-SST
6289.0,64.7759,2.6349,2.462,0.2074,0,Non-SST
6289.5,66.1765,2.3952,2.47,0.2156,0,Non-SST
6290.0,71.4286,2.103,2.4776,0.2335,0,Non-SST
6290.5,78.0812,1.9623,2.4779,0.2392,0,Non-SST
6291.0,76.6807,2.0149,2.4723,0.2406,0,Non-SST
6291.5,69.6779,2.2617,2.4515,0.2348,0,Non-SST
6292.0,68.2773,2.1911,2.4382,0.2283,0,Non-SST
6292.5,71.4286,1.9866,2.4328,0.2316,0,Non-SST
6293.0,73.8795,1.9084,2.4295,0.2368,0,Non-SST
6293.5,75.9804,1.7526,2.4367,0.2491,0,Non-SST
6294.0,77.0308,1.6364,2.4305,0.2627,0,Non-SST
6294.5,78.7815,1.5612,2.4605,0.2873,0,Non-SST
6295.0,84.7339,1.3952,2.4876,0.3135,0,Non-SST
6295.5,90.6863,1.3433,2.4981,0.3251,0,Non-SST
6296.0,90.3361,1.3591,2.4882,0.3203,0,Non-SST
6296.5,85.9594,1.4456,2.467,0.3006,0,Non-SST
6297.0,80.7073,1.9183,2.4991,0.2697,0,Non-SST
6297.5,73.7045,2.2696,2.5322,0.2329,0,Non-SST
6298.0,65.8263,2.4925,2.5275,0.2143,0,Non-SST
6298.5,58.1232,2.7805,2.5072,0.2025,0,Non-SST
6299.0,51.9958,3.0282,2.452,0.2003,0,Non-SST
6299.5,49.3697,3.1628,2.4591,0.1904,0,Non-SST
6300.0,48.6695,3.2887,2.4299,0.1805,0,Non-SST
6300.5,47.9692,3.3756,2.437,0.1738,0,Non-SST
6301.0,46.9188,3.3744,2.3944,0.1763,0,Non-SST
6301.5,46.5686,3.3756,2.425,0.1851,0,Non-SST
6302.0,48.3193,3.3529,2.4551,0.2018,0,Non-SST
6302.5,52.521,3.2556,2.3857,0.2246,5,WTR
6303.0,58.6485,3.3364,2.2179,0.2518,5,WTR
6303.5,65.4762,3.8296,2.1102,0.3073,5,WTR
6304.0,74.93,4.043,2.1085,0.3697,0,Non-SST
6304.5,76.6807,2.8204,2.137,0.3882,5,WTR
6305.0,61.7997,2.7472,2.2062,0.3263,5,WTR
6305.5,48.3193,4.6931,2.2358,0.24,1,Gas
6306.0,46.2185,5.0542,2.2753,0.1937,1,Gas
6306.5,46.3936,5.116,2.362,0.1714,1,Gas
6307.0,44.8179,4.9573,2.3733,0.1695,0,Non-SST
6307.5,42.7171,5.6914,2.3422,0.1712,1,Gas
6308.0,40.2661,6.6885,2.2639,0.1527,1,Gas
6308.5,37.6401,7.6016,2.237,0.1424,1,Gas
6309.0,37.1148,8.3379,2.2071,0.1267,1,Gas
6309.5,37.9902,8.6128,2.1785,0.1198,1,Gas
6310.0,36.4146,9.2761,2.1495,0.1084,1,Gas
6310.5,33.7885,10.0426,2.1103,0.1016,1,Gas
6311.0,33.6134,10.2161,2.0812,0.0932,1,Gas
6311.5,35.1891,10.2419,2.0705,0.0956,1,Gas
6312.0,35.7143,10.4723,2.0861,0.101,1,Gas
6312.5,35.7143,10.0011,2.1457,0.115,1,Gas
6313.0,36.4146,9.3568,2.1957,0.1207,1,Gas
6313.5,36.4146,8.8649,2.2182,0.1307,1,Gas
6314.0,36.0644,9.4035,2.1806,0.1392,1,Gas
6314.5,36.7647,10.2355,2.168,0.1363,1,Gas
6315.0,38.8655,10.02,2.1459,0.1251,1,Gas
6315.5,39.916,10.0242,2.106,0.1133,1,Gas
6316.0,37.1148,13.1705,2.062,0.1025,1,Gas
6316.5,32.9132,13.3878,2.0411,0.0871,1,Gas
6317.0,30.112,13.1804,2.0273,0.0753,1,Gas
6317.5,27.3109,13.5977,1.9888,0.0642,1,Gas
6318.0,23.8095,13.1903,1.9681,0.0619,1,Gas
6318.5,23.2843,10.2328,2.0091,0.0623,1,Gas
6319.0,28.3613,7.5151,2.0604,0.0746,1,Gas
6319.5,37.6401,5.0082,2.1867,0.1036,1,Gas
6320.0,53.2213,3.259,2.3227,0.1433,0,Non-SST
6320.5,71.6036,2.0569,2.4569,0.1934,0,Non-SST
6321.0,81.9328,1.6588,2.5377,0.2426,0,Non-SST
6321.5,84.3837,1.6123,2.5345,0.2875,0,Non-SST
6322.0,83.6835,1.6116,2.5427,0.3053,0,Non-SST
6322.5,82.9832,1.656,2.5307,0.2903,0,Non-SST
6323.0,82.9832,1.7113,2.5253,0.2754,0,Non-SST
6323.5,78.0812,1.9234,2.5282,0.2659,0,Non-SST
6324.0,67.2269,2.3907,2.5575,0.2446,0,Non-SST
6324.5,58.1232,2.886,2.528,0.2189,0,Non-SST
6325.0,55.3221,2.9827,2.552,0.2043,0,Non-SST
6325.5,57.7731,2.6898,2.5376,0.202,0,Non-SST
6326.0,64.7759,2.1543,2.5871,0.2098,0,Non-SST
6326.5,72.8291,1.6742,2.5617,0.2302,0,Non-SST
6327.0,79.8319,1.4763,2.5419,0.264,0,Non-SST
6327.5,84.3837,1.4619,2.5185,0.3081,0,Non-SST
6328.0,84.0336,1.477,2.5094,0.335,0,Non-SST
6328.5,81.2325,1.4401,2.5168,0.3361,0,Non-SST
6329.0,80.8823,1.4406,2.5264,0.3285,0,Non-SST
6329.5,84.0336,1.4182,2.5513,0.322,0,Non-SST
6330.0,84.7339,1.4445,2.4866,0.3154,0,Non-SST
6330.5,77.0308,1.5834,2.4527,0.3044,0,Non-SST
6331.0,61.6246,1.9767,2.3989,0.2623,5,WTR
6331.5,45.5182,2.9141,2.4231,0.213,5,WTR
6332.0,34.3137,4.3904,2.4759,0.1768,0,Non-SST
6332.5,27.3109,4.3904,2.5964,0.135,0,Non-SST
6333.0,22.409,8.8256,2.6334,0.1029,0,Non-SST
6333.5,18.2073,14.4537,2.6999,0.0819,0,Non-SST
6334.0,18.2073,17.5515,2.7129,0.0774,0,Non-SST
6334.5,18.2073,18.8544,2.7028,0.078,0,Non-SST
6335.0,23.8095,17.3519,2.6223,0.0778,0,Non-SST
6335.5,28.3613,14.2367,2.354,0.0804,1,Gas
6336.0,30.4622,10.6011,2.2476,0.0949,1,Gas
6336.5,32.563,8.3236,2.1626,0.1225,1,Gas
6337.0,36.7647,6.4334,2.1671,0.1487,1,Gas
6337.5,40.6162,5.2392,2.1812,0.1647,1,Gas
6338.0,40.6162,4.3595,2.2335,0.1725,1,Gas
6338.5,40.6162,3.7759,2.2843,0.1818,5,WTR
6339.0,48.6695,3.2466,2.3442,0.1947,5,WTR
6339.5,59.1737,2.6768,2.4169,0.2078,5,WTR
6340.0,70.7283,2.093,2.494,0.2245,0,Non-SST
6340.5,77.7311,2.093,2.5266,0.2486,0,Non-SST
6341.0,77.7311,1.8692,2.5349,0.2743,0,Non-SST
6341.5,77.0308,2.0277,2.4789,0.2803,0,Non-SST
6342.0,77.381,1.9961,2.4637,0.2727,0,Non-SST
6342.5,74.2297,2.0617,2.4665,0.2595,0,Non-SST
6343.0,70.7283,2.4133,2.4939,0.2389,0,Non-SST
6343.5,67.2269,2.6873,2.4886,0.2209,0,Non-SST
6344.0,62.6751,2.7786,2.4635,0.2181,0,Non-SST
6344.5,61.9748,2.7786,2.4966,0.2234,0,Non-SST
6345.0,66.1765,2.6527,2.4851,0.2344,0,Non-SST
6345.5,71.7787,2.3928,2.5226,0.2378,0,Non-SST
6346.0,75.6302,2.3289,2.5254,0.2435,0,Non-SST
6346.5,74.93,2.4266,2.506,0.2613,0,Non-SST
6347.0,74.2297,2.1942,2.5269,0.2675,0,Non-SST
6347.5,74.2297,1.8255,2.5277,0.2626,0,Non-SST
6348.0,71.7787,2.0744,2.5534,0.2476,0,Non-SST
6348.5,64.0756,2.774,2.5168,0.2291,0,Non-SST
6349.0,54.972,3.4315,2.4905,0.2072,0,Non-SST
6349.5,49.0196,3.4315,2.5025,0.1867,0,Non-SST
6350.0,50.4202,3.47,2.4968,0.1758,0,Non-SST
6350.5,51.8207,2.9755,2.5569,0.1814,0,Non-SST
6351.0,59.8739,2.3979,2.541,0.1945,0,Non-SST
6351.5,67.2269,2.0918,2.5474,0.2159,0,Non-SST
6352.0,70.7283,2.0283,2.5254,0.2369,0,Non-SST
6352.5,73.5294,1.8804,2.5412,0.2548,0,Non-SST
6353.0,76.3305,1.8804,2.5075,0.2636,0,Non-SST
6353.5,76.3305,1.7363,2.5259,0.2721,0,Non-SST
6354.0,74.93,1.7193,2.4883,0.2707,0,Non-SST
6354.5,74.93,1.7568,2.5419,0.2751,0,Non-SST
6355.0,77.381,1.7847,2.5301,0.2721,0,Non-SST
6355.5,79.8319,1.6702,2.5537,0.2668,0,Non-SST
6356.0,81.9328,1.6012,2.5472,0.2703,0,Non-SST
6356.5,84.3837,1.5459,2.5393,0.273,0,Non-SST
6357.0,85.084,1.5459,2.5389,0.2856,0,Non-SST
6357.5,84.0336,1.5306,2.4862,0.2949,0,Non-SST
6358.0,82.2829,1.486,2.5224,0.2952,0,Non-SST
6358.5,79.4818,1.4599,2.4776,0.291,0,Non-SST
6359.0,74.93,1.5515,2.568,0.2803,0,Non-SST
6359.5,68.6274,1.7296,2.5457,0.2686,0,Non-SST
6360.0,63.7255,2.2777,2.5997,0.252,0,Non-SST
6360.5,58.8235,2.8223,2.5736,0.2244,0,Non-SST
6361.0,55.6723,2.8944,2.55,0.2069,0,Non-SST
6361.5,51.4706,3.3153,2.515,0.1925,0,Non-SST
6362.0,47.2689,4.0201,2.5082,0.1806,0,Non-SST
6362.5,45.5182,4.3415,2.5188,0.1684,0,Non-SST
6363.0,46.2185,4.3704,2.5113,0.1612,0,Non-SST
6363.5,44.8179,4.4778,2.4884,0.1571,0,Non-SST
6364.0,43.4174,4.2776,2.4941,0.1613,0,Non-SST
6364.5,44.8179,4.0063,2.4919,0.1622,0,Non-SST
6365.0,47.2689,3.7038,2.5169,0.1722,0,Non-SST
6365.5,52.1709,3.2131,2.5125,0.1793,0,Non-SST
6366.0,58.4734,2.7252,2.5235,0.1913,0,Non-SST
6366.5,65.4762,2.4718,2.5041,0.2166,0,Non-SST
6367.0,71.7787,2.4718,2.4911,0.2322,0,Non-SST
6367.5,72.479,2.2224,2.4929,0.2515,0,Non-SST
6368.0,68.9776,2.263,2.4987,0.2434,0,Non-SST
6368.5,67.2269,2.484,2.5016,0.2381,0,Non-SST
6369.0,69.3277,2.2959,2.5066,0.2349,0,Non-SST
6369.5,71.4286,2.2643,2.5267,0.227,0,Non-SST
6370.0,70.7283,2.5841,2.5591,0.2207,0,Non-SST
6370.5,64.951,2.5841,2.5204,0.2095,0,Non-SST
6371.0,54.6218,3.3026,2.4687,0.1939,0,Non-SST
6371.5,48.8445,3.4838,2.424,0.1829,0,Non-SST
6372.0,50.07,3.3529,2.4299,0.1772,0,Non-SST
6372.5,54.6218,3.1032,2.4508,0.1867,0,Non-SST
6373.0,59.8739,2.9171,2.466,0.1995,0,Non-SST
6373.5,63.7255,2.6803,2.5109,0.2087,0,Non-SST
6374.0,65.4762,2.7154,2.5085,0.2128,0,Non-SST
6374.5,65.8263,2.9481,2.51,0.2131,0,Non-SST
6375.0,65.8263,2.8508,2.5257,0.2126,0,Non-SST
6375.5,65.126,2.8508,2.5142,0.2161,0,Non-SST
6376.0,65.126,2.7431,2.5291,0.2237,0,Non-SST
6376.5,69.3277,2.4779,2.5194,0.2365,0,Non-SST
6377.0,76.6807,2.0316,2.5215,0.2439,0,Non-SST
6377.5,82.2829,1.7637,2.4735,0.2621,0,Non-SST
6378.0,84.0336,1.5917,2.444,0.2859,0,Non-SST
6378.5,84.3837,1.4824,2.4224,0.3202,0,Non-SST
6379.0,85.7843,1.427,2.4127,0.3477,0,Non-SST
6379.5,87.8851,1.3965,2.4166,0.3499,0,Non-SST
6380.0,90.3361,1.3932,2.4499,0.3474,0,Non-SST
6380.5,91.7367,1.3413,2.4501,0.3312,0,Non-SST
6381.0,89.986,1.3831,2.4327,0.3424,0,Non-SST
6381.5,87.8851,1.4028,2.4172,0.3451,0,Non-SST
6382.0,88.2353,1.4021,2.428,0.3538,0,Non-SST
6382.5,90.3361,1.3712,2.4265,0.3425,0,Non-SST
6383.0,92.0868,1.3963,2.4367,0.3453,0,Non-SST
6383.5,91.0364,1.5137,2.4171,0.3379,0,Non-SST
6384.0,87.535,1.8304,2.4208,0.3098,0,Non-SST
6384.5,84.0336,2.6596,2.3641,0.2517,0,Non-SST
6385.0,65.126,4.633,2.3105,0.1892,0,Non-SST
6385.5,53.2213,6.0207,2.2409,0.15,1,Gas
6386.0,50.07,6.8044,2.2332,0.1236,1,Gas
6386.5,52.521,7.4709,2.2434,0.1142,1,Gas
6387.0,54.2717,7.9952,2.2563,0.1112,1,Gas
6387.5,50.7703,8.868,2.2724,0.1137,1,Gas
6388.0,46.9188,9.1516,2.2614,0.1108,1,Gas
6388.5,45.1681,8.7889,2.2692,0.1079,1,Gas
6389.0,42.7171,8.9429,2.2634,0.104,1,Gas
6389.5,41.6667,8.7628,2.2632,0.1061,1,Gas
6390.0,42.0168,8.5136,2.2923,0.1107,1,Gas
6390.5,40.6162,8.5136,2.2933,0.115,1,Gas
6391.0,36.4146,8.6038,2.3049,0.1138,1,Gas
6391.5,33.6134,9.2078,2.251,0.1019,1,Gas
6392.0,30.8123,10.6838,2.2203,0.0884,1,Gas
6392.5,26.6106,11.9252,2.1488,0.0717,1,Gas
6393.0,27.6611,11.5353,2.1277,0.0607,1,Gas
6393.5,30.4622,10.8029,2.0919,0.0564,1,Gas
6394.0,32.9132,9.8794,2.1022,0.0591,1,Gas
6394.5,36.4146,8.295,2.1204,0.0694,1,Gas
6395.0,42.0168,7.0446,2.1936,0.0847,1,Gas
6395.5,47.619,4.4891,2.2588,0.1145,1,Gas
6396.0,57.7731,3.378,2.2094,0.1646,1,Gas
6396.5,64.0756,2.8167,2.1439,0.2441,0,Non-SST
6397.0,70.3781,2.6596,2.1137,0.3832,5,WTR
6397.5,76.3305,2.0948,2.1514,0.4909,0,Non-SST
6398.0,78.7815,2.0948,2.2753,0.4892,0,Non-SST
6398.5,79.8319,1.9995,2.3422,0.4323,0,Non-SST
6399.0,81.9328,1.7726,2.3841,0.375,0,Non-SST
6399.5,84.0336,1.6878,2.4241,0.345,0,Non-SST
6400.0,82.2829,1.7363,2.4493,0.3339,0,Non-SST
6400.5,82.633,1.8085,2.4784,0.3275,0,Non-SST
6401.0,82.633,1.8201,2.4847,0.3287,0,Non-SST
6401.5,81.9328,1.824,2.5169,0.3283,0,Non-SST
6402.0,84.0336,1.824,2.5167,0.3277,0,Non-SST
6402.5,82.633,1.8657,2.5195,0.3212,0,Non-SST
6403.0,81.2325,1.8964,2.501,0.3062,0,Non-SST
6403.5,80.8823,2.2057,2.4948,0.2895,0,Non-SST
6404.0,74.2297,2.943,2.4892,0.27,0,Non-SST
6404.5,65.126,3.5414,2.4463,0.2356,0,Non-SST
6405.0,57.7731,4.1981,2.4493,0.2039,0,Non-SST
6405.5,51.8207,4.1981,2.4035,0.1729,0,Non-SST
6406.0,47.619,5.1228,2.3713,0.149,0,Non-SST
6406.5,43.4174,6.9054,2.2672,0.1317,1,Gas
6407.0,38.8655,8.5435,2.1929,0.1126,1,Gas
6407.5,35.7143,10.3134,2.1367,0.0944,1,Gas
6408.0,32.2129,12.8226,2.0998,0.0814,1,Gas
6408.5,28.7115,15.3283,2.0534,0.0667,1,Gas
6409.0,27.3109,17.3215,2.043,0.0568,1,Gas
6409.5,28.0112,17.3215,2.0329,0.0455,1,Gas
6410.0,25.9104,17.1562,2.0511,0.0436,1,Gas
6410.5,23.8095,19.9209,2.032,0.0441,1,Gas
6411.0,23.8095,22.5294,2.0311,0.0424,1,Gas
6411.5,24.5098,24.5647,2.0388,0.0389,1,Gas
6412.0,25.5602,25.6202,2.0492,0.0331,1,Gas
6412.5,24.5098,28.7419,2.0421,0.0315,1,Gas
6413.0,21.0084,28.7419,2.0002,0.0292,1,Gas
6413.5,21.0084,30.204,1.9956,0.0281,1,Gas
6414.0,21.0084,29.9088,2.0037,0.0266,1,Gas
6414.5,22.7591,30.9163,2.0089,0.0288,1,Gas
6415.0,22.1172,33.3307,1.9973,0.029,1,Gas
6415.5,20.0747,37.0846,1.9874,0.0272,1,Gas
6416.0,18.9659,39.1974,1.9892,0.021,1,Gas
6416.5,18.5574,39.1974,1.9943,0.0149,1,Gas
6417.0,17.1569,38.9645,1.9874,0.0124,1,Gas
6417.5,15.7563,34.6211,1.9769,0.0089,1,Gas
6418.0,15.4062,30.2776,1.9651,0.0079,1,Gas
6418.5,15.056,22.8319,1.96,0.0077,1,Gas
6419.0,15.4062,16.935,1.9851,0.0155,1,Gas
6419.5,20.3081,11.2491,2.0654,0.0291,1,Gas
6420.0,32.2129,11.2491,2.1881,0.054,1,Gas
6420.5,47.2689,6.0412,2.3217,0.0937,1,Gas
6421.0,60.2241,4.635,2.3835,0.1527,0,Non-SST
6421.5,69.3277,3.3601,2.4309,0.2001,0,Non-SST
6422.0,69.3277,2.7225,2.424,0.2143,0,Non-SST
6422.5,57.423,3.5975,2.3561,0.2047,5,WTR
6423.0,51.1204,3.9712,2.2898,0.1972,1,Gas
6423.5,44.8179,3.5378,2.2948,0.1924,1,Gas
6424.0,54.972,2.921,2.3048,0.2059,5,WTR
6424.5,73.1793,2.6014,2.3109,0.2454,0,Non-SST
6425.0,96.2885,2.5349,2.2943,0.3199,0,Non-SST
6425.5,114.8459,2.6014,2.2923,0.4015,0,Non-SST
6426.0,125.0,2.5913,2.2901,0.4395,0,Non-SST
6426.5,126.7507,2.4833,2.2724,0.4204,0,Non-SST
6427.0,120.7983,2.4825,2.2841,0.4191,0,Non-SST
6427.5,114.7292,2.3192,2.2924,0.4268,0,Non-SST
6428.0,116.0131,2.6855,2.3864,0.4239,0,Non-SST
6428.5,118.5419,2.8365,2.3629,0.4258,0,Non-SST
6429.0,114.7681,2.5112,2.2861,0.4217,0,Non-SST
6429.5,111.6558,2.5112,2.2219,0.4502,0,Non-SST
6430.0,111.6947,1.8592,2.1917,0.474,0,Non-SST
6430.5,109.2437,1.6809,2.2419,0.4754,0,Non-SST
6431.0,105.3921,5.0476,2.297,0.456,0,Non-SST
6431.5,100.8403,1.8368,2.3578,0.4199,0,Non-SST
6432.0,96.6386,2.5003,2.3435,0.3783,0,Non-SST
6432.5,92.437,3.2738,2.3897,0.3162,0,Non-SST
6433.0,87.1849,4.0158,2.4081,0.2806,0,Non-SST
6433.5,88.9356,3.5543,2.4763,0.2577,0,Non-SST
6434.0,93.1372,3.1467,2.5163,0.2639,0,Non-SST
6434.5,95.2381,2.8778,2.5363,0.2622,0,Non-SST
6435.0,95.5882,2.6532,2.5236,0.2713,0,Non-SST
6435.5,92.437,2.5873,2.4989,0.268,0,Non-SST
6436.0,88.5854,2.4637,2.4655,0.2712,0,Non-SST
6436.5,86.718,2.4287,2.4712,0.2692,0,Non-SST
6437.0,83.45,2.414,2.4676,0.2794,0,Non-SST
6437.5,78.3147,2.3958,2.472,0.2906,0,Non-SST
6438.0,74.2297,2.3144,2.5042,0.2856,0,Non-SST
6438.5,73.8795,2.3144,2.5385,0.2702,0,Non-SST
6439.0,76.6807,1.9635,2.5615,0.2634,0,Non-SST
6439.5,79.1316,1.8407,2.5567,0.2663,0,Non-SST
6440.0,79.8319,1.8835,2.5643,0.267,0,Non-SST
6440.5,78.7815,1.9575,2.5637,0.2635,0,Non-SST
6441.0,75.6302,2.1269,2.5411,0.2551,0,Non-SST
6441.5,72.1288,2.3075,2.5105,0.2454,0,Non-SST
6442.0,68.6274,2.4756,2.4884,0.2331,0,Non-SST
6442.5,68.2773,2.4415,2.4859,0.2209,0,Non-SST
6443.0,66.8767,2.3527,2.5035,0.2243,0,Non-SST
6443.5,66.1765,2.322,2.5233,0.2211,0,Non-SST
6444.0,68.2773,2.3712,2.5273,0.2208,0,Non-SST
6444.5,69.6779,2.4459,2.536,0.2109,0,Non-SST
6445.0,68.2773,2.4288,2.5252,0.2097,0,Non-SST
6445.5,68.2773,2.3096,2.5286,0.212,0,Non-SST
6446.0,70.3781,2.1735,2.4791,0.2218,0,Non-SST
6446.5,71.4286,2.1691,2.5045,0.2294,0,Non-SST
6447.0,74.2297,2.0565,2.5101,0.2366,0,Non-SST
6447.5,77.0308,2.0565,2.5168,0.2378,0,Non-SST
6448.0,73.0042,1.945,2.465,0.2436,0,Non-SST
6448.5,74.2297,1.8784,2.4662,0.2515,0,Non-SST
6449.0,75.8053,1.9026,2.4993,0.2532,0,Non-SST
6449.5,74.93,1.8804,2.5189,0.2535,0,Non-SST
6450.0,74.2297,1.9537,2.5019,0.2481,0,Non-SST
6450.5,72.8291,1.9973,2.4797,0.2505,0,Non-SST
6451.0,71.0784,2.1531,2.4741,0.2534,0,Non-SST
6451.5,70.7283,2.0089,2.4834,0.2476,0,Non-SST
6452.0,70.028,2.0872,2.5026,0.2331,0,Non-SST
6452.5,66.1765,2.4642,2.5104,0.2231,0,Non-SST
6453.0,57.423,2.4642,2.469,0.2081,0,Non-SST
6453.5,49.0196,3.3949,2.3912,0.1829,5,WTR
6454.0,45.3431,3.9811,2.3306,0.1566,1,Gas
6454.5,44.4678,4.3668,2.3236,0.1379,1,Gas
6455.0,45.1681,4.6072,2.312,0.1334,1,Gas
6455.5,45.1681,5.0301,2.3076,0.1276,1,Gas
6456.0,42.8922,5.474,2.2738,0.1221,1,Gas
6456.5,40.9664,5.789,2.2418,0.1154,1,Gas
6457.0,41.3165,5.9228,2.2284,0.11,1,Gas
6457.5,41.6667,5.8889,2.2307,0.1084,1,Gas
6458.0,40.9664,5.9945,2.2549,0.1049,1,Gas
6458.5,40.7913,5.9657,2.238,0.1073,1,Gas
6459.0,40.2661,5.8028,2.2201,0.1107,1,Gas
6459.5,40.4412,5.6026,2.2072,0.1153,1,Gas
6460.0,43.2423,5.3672,2.2385,0.1204,1,Gas
6460.5,48.6695,4.5883,2.3359,0.131,1,Gas
6461.0,53.7465,3.7517,2.3921,0.1471,0,Non-SST
6461.5,53.2213,3.7346,2.3959,0.1597,0,Non-SST
6462.0,49.3697,3.934,2.3062,0.158,1,Gas
6462.5,46.9188,4.0064,2.2933,0.152,1,Gas
6463.0,46.9188,3.9715,2.2806,0.1468,1,Gas
6463.5,48.3193,3.7388,2.3159,0.1462,1,Gas
6464.0,48.3193,3.4278,2.3104,0.1491,0,Non-SST
6464.5,47.9692,3.1381,2.4053,0.1583,0,Non-SST
6465.0,53.3964,2.8763,2.4804,0.1743,0,Non-SST
6465.5,63.0252,2.5882,2.5508,0.1903,0,Non-SST
6466.0,68.1022,2.4718,2.6141,0.2043,0,Non-SST
6466.5,67.9272,2.3359,2.5709,0.2127,0,Non-SST
6467.0,66.1765,2.261,2.5726,0.2291,0,Non-SST
6467.5,65.8263,2.193,2.5444,0.2285,0,Non-SST
6468.0,67.9272,2.1687,2.5392,0.2283,0,Non-SST
6468.5,70.028,2.1096,2.5542,0.2233,0,Non-SST
6469.0,71.7787,2.0531,2.5867,0.2267,0,Non-SST
6469.5,73.5294,1.953,2.5663,0.2283,0,Non-SST
6470.0,75.105,1.9131,2.5475,0.2344,0,Non-SST
6470.5,76.6807,1.8881,2.5296,0.2375,0,Non-SST
6471.0,76.5056,1.8748,2.5246,0.2474,0,Non-SST
6471.5,75.4552,1.8647,2.5584,0.2497,0,Non-SST
6472.0,75.9804,1.8851,2.5487,0.2574,0,Non-SST
6472.5,76.5056,1.9247,2.5385,0.2518,0,Non-SST
6473.0,73.5294,2.1556,2.5082,0.2322,0,Non-SST
6473.5,66.1765,2.7887,2.5632,0.2048,0,Non-SST
6474.0,57.423,3.4813,2.5893,0.1811,0,Non-SST
6474.5,48.4944,4.4853,2.5993,0.1581,0,Non-SST
6475.0,40.2661,5.8133,2.5891,0.1305,0,Non-SST
6475.5,37.2899,5.6813,2.4844,0.1112,0,Non-SST
6476.0,40.091,4.9044,2.4222,0.1062,0,Non-SST
6476.5,45.1681,4.0483,2.3807,0.1237,0,Non-SST
6477.0,50.2451,3.6218,2.3962,0.1513,0,Non-SST
6477.5,54.972,3.3625,2.4272,0.1723,0,Non-SST
6478.0,59.1737,3.0597,2.4322,0.1851,0,Non-SST
6478.5,59.8739,2.8885,2.4309,0.1991,5,WTR
6479.0,56.0224,3.2309,2.4324,0.2007,0,Non-SST
6479.5,50.7703,3.4874,2.4599,0.1979,0,Non-SST
6480.0,49.3697,3.3648,2.4792,0.1869,0,Non-SST
6480.5,53.2213,3.152,2.4939,0.186,0,Non-SST
6481.0,57.7731,2.8307,2.5084,0.1947,0,Non-SST
6481.5,60.7493,2.6357,2.5443,0.2054,0,Non-SST
6482.0,60.7493,2.7136,2.552,0.2143,0,Non-SST
6482.5,55.8473,2.9299,2.5033,0.203,0,Non-SST
6483.0,51.2955,3.1307,2.4622,0.1926,0,Non-SST
6483.5,50.4202,3.2175,2.4212,0.1799,0,Non-SST
6484.0,50.9454,3.2193,2.4672,0.1803,0,Non-SST
6484.5,52.521,3.1714,2.5008,0.1818,0,Non-SST
6485.0,54.7969,2.9935,2.5226,0.1904,0,Non-SST
6485.5,59.8739,2.7703,2.5091,0.1929,0,Non-SST
6486.0,66.5266,2.5756,2.5095,0.2028,0,Non-SST
6486.5,70.3781,2.4794,2.5498,0.2061,0,Non-SST
6487.0,71.4286,2.4178,2.5808,0.2143,0,Non-SST
6487.5,71.4286,2.3387,2.5823,0.2176,0,Non-SST
6488.0,72.8291,2.3501,2.5692,0.2144,0,Non-SST
6488.5,74.2297,2.44,2.5353,0.2162,0,Non-SST
6489.0,70.9034,2.596,2.528,0.217,0,Non-SST
6489.5,66.5266,2.6106,2.5314,0.2199,0,Non-SST
6490.0,68.8025,2.3265,2.5558,0.2248,0,Non-SST
6490.5,75.9804,1.8713,2.5467,0.2248,0,Non-SST
6491.0,82.633,1.65,2.5395,0.2519,0,Non-SST
6491.5,85.7843,1.5528,2.5666,0.2708,0,Non-SST
6492.0,85.7843,1.5329,2.5475,0.304,0,Non-SST
6492.5,84.0336,1.5257,2.5663,0.3028,0,Non-SST
6493.0,82.9832,1.5376,2.5511,0.3092,0,Non-SST
6493.5,85.4342,1.4977,2.5522,0.3094,0,Non-SST
6494.0,87.1849,1.4564,2.5138,0.3204,0,Non-SST
6494.5,85.7843,1.4188,2.5176,0.3173,0,Non-SST
6495.0,84.0336,1.4031,2.5352,0.3261,0,Non-SST
6495.5,85.084,1.372,2.5247,0.3421,0,Non-SST
6496.0,87.8851,1.3841,2.5359,0.3504,0,Non-SST
6496.5,89.2857,1.3906,2.5292,0.3519,0,Non-SST
6497.0,90.6863,1.3251,2.5611,0.3415,0,Non-SST
6497.5,90.6863,1.2599,2.5596,0.3428,0,Non-SST
6498.0,89.986,1.2493,2.5696,0.339,0,Non-SST
6498.5,90.3361,1.2108,2.5624,0.3467,0,Non-SST
6499.0,88.9356,1.1829,2.5571,0.3532,0,Non-SST
6499.5,86.4846,1.1559,2.537,0.3541,0,Non-SST
6500.0,85.084,1.1583,2.5466,0.3533,0,Non-SST
6500.5,85.7843,1.1682,2.5279,0.3496,0,Non-SST
6501.0,87.8851,1.1372,2.5457,0.3458,0,Non-SST
6501.5,86.8347,1.1215,2.5347,0.3229,0,Non-SST
6502.0,79.8319,1.4028,2.5552,0.2863,0,Non-SST
6502.5,68.2773,1.9673,2.5468,0.2474,0,Non-SST
6503.0,55.3221,2.8489,2.5598,0.21,0,Non-SST
6503.5,45.5182,3.6453,2.5324,0.1817,0,Non-SST
6504.0,42.542,4.0333,2.5165,0.165,0,Non-SST
6504.5,49.0196,3.6872,2.5062,0.1663,0,Non-SST
6505.0,61.7997,3.152,2.5053,0.1818,0,Non-SST
6505.5,72.8291,2.4468,2.4966,0.2111,0,Non-SST
6506.0,79.1316,2.0877,2.4787,0.2371,0,Non-SST
6506.5,81.2325,2.0182,2.4789,0.2566,0,Non-SST
6507.0,78.0812,2.0452,2.5105,0.2701,0,Non-SST
6507.5,73.8795,2.0491,2.5381,0.272,0,Non-SST
6508.0,75.4357,1.8422,2.5437,0.2765,0,Non-SST
6508.5,79.618,1.5534,2.5484,0.2814,0,Non-SST
6509.0,82.4385,1.5332,2.5294,0.2905,0,Non-SST
6509.5,83.6835,1.5795,2.5212,0.299,0,Non-SST
6510.0,85.084,1.5618,2.5079,0.2998,0,Non-SST
6510.5,88.7605,1.4409,2.512,0.3006,0,Non-SST
6511.0,90.6863,1.4185,2.5209,0.3133,0,Non-SST
6511.5,89.2857,1.4487,2.5213,0.3246,0,Non-SST
6512.0,87.1849,1.4828,2.4878,0.3269,0,Non-SST
6512.5,85.4342,1.5622,2.5096,0.3097,0,Non-SST
6513.0,84.7339,1.68,2.5239,0.2889,0,Non-SST
6513.5,84.0336,2.0249,2.5667,0.2608,0,Non-SST
6514.0,72.1288,2.5881,2.5641,0.234,0,Non-SST
6514.5,61.6246,2.8934,2.5654,0.2147,0,Non-SST
6515.0,58.8235,2.5646,2.5487,0.2097,0,Non-SST
6515.5,65.126,2.0969,2.5404,0.2207,0,Non-SST
6516.0,72.479,1.9616,2.5391,0.2416,0,Non-SST
6516.5,74.5798,1.9319,2.5506,0.2549,0,Non-SST
6517.0,74.2297,1.9073,2.5442,0.2626,0,Non-SST
6517.5,75.6302,1.8336,2.5264,0.2682,0,Non-SST
6518.0,77.0308,1.7591,2.518,0.2844,0,Non-SST
6518.5,79.4818,1.7264,2.5312,0.2925,0,Non-SST
6519.0,78.7815,1.7428,2.5446,0.2818,0,Non-SST
6519.5,74.5798,1.7824,2.5901,0.2666,0,Non-SST
6520.0,69.6779,2.0542,2.5686,0.2411,0,Non-SST
6520.5,63.3753,2.2824,2.5102,0.2276,0,Non-SST
6521.0,56.0224,2.6855,2.5043,0.2096,0,Non-SST
6521.5,49.0196,3.3142,2.4997,0.1975,0,Non-SST
6522.0,43.0672,3.8577,2.5113,0.1781,0,Non-SST
6522.5,40.6162,3.746,2.4463,0.1665,0,Non-SST
6523.0,44.4678,2.8642,2.4302,0.168,0,Non-SST
6523.5,52.8711,2.3556,2.4284,0.1879,5,WTR
6524.0,61.2745,2.3556,2.4655,0.2204,0,Non-SST
6524.5,69.8529,2.0277,2.5105,0.2517,0,Non-SST
6525.0,78.0812,1.7372,2.4874,0.2717,0,Non-SST
6525.5,81.0574,1.5587,2.5031,0.2906,0,Non-SST
6526.0,79.1316,1.7196,2.4816,0.2795,0,Non-SST
6526.5,76.6807,1.7065,2.5046,0.2644,0,Non-SST
6527.0,70.7283,2.0375,2.5078,0.2522,0,Non-SST
6527.5,61.6246,2.2696,2.5,0.2418,0,Non-SST
6528.0,56.0224,2.3684,2.5343,0.2389,0,Non-SST
6528.5,60.9244,2.2127,2.5589,0.2273,0,Non-SST
6529.0,65.8263,2.0749,2.5898,0.2297,0,Non-SST
6529.5,72.8291,1.8392,2.5535,0.2342,0,Non-SST
6530.0,77.381,1.6947,2.532,0.2524,0,Non-SST
6530.5,75.2801,1.7721,2.5155,0.2596,0,Non-SST
6531.0,65.8263,1.9058,2.4898,0.251,0,Non-SST
6531.5,53.9216,2.2511,2.4782,0.2321,0,Non-SST
6532.0,46.9188,2.5882,2.4977,0.2072,0,Non-SST
6532.5,48.3193,2.8372,2.5121,0.1886,0,Non-SST
6533.0,53.5714,2.4558,2.4934,0.1833,0,Non-SST
6533.5,57.0728,2.4566,2.4505,0.1888,5,WTR
6534.0,56.7227,2.629,2.4406,0.1904,5,WTR
6534.5,53.5714,2.774,2.4259,0.1828,5,WTR
6535.0,52.8711,2.774,2.4302,0.1823,5,WTR
6535.5,52.8711,2.8403,2.4259,0.1844,5,WTR
6536.0,50.4202,2.7822,2.4191,0.186,5,WTR
6536.5,49.0196,2.7703,2.4401,0.1804,0,Non-SST
6537.0,47.619,2.7566,2.4157,0.1828,5,WTR
6537.5,46.2185,2.7585,2.415,0.1856,5,WTR
6538.0,50.07,2.774,2.386,0.1906,5,WTR
6538.5,51.1204,2.7557,2.3937,0.1903,5,WTR
6539.0,52.1709,2.7512,2.4116,0.1912,5,WTR
6539.5,53.5714,2.7841,2.4194,0.1942,5,WTR
6540.0,54.6218,2.8585,2.4369,0.2005,5,WTR
6540.5,57.423,2.8993,2.4184,0.2063,5,WTR
6541.0,54.6218,2.9161,2.3887,0.1959,5,WTR
6541.5,51.8207,2.9552,2.3878,0.1892,5,WTR
6542.0,46.7437,2.9441,2.4144,0.1818,5,WTR
6542.5,44.1176,2.9491,2.4392,0.1842,5,WTR
6543.0,43.9426,2.9491,2.4605,0.1816,0,Non-SST
6543.5,44.6428,3.0152,2.4116,0.1786,5,WTR
6544.0,45.5182,3.0475,2.3809,0.1774,5,WTR
6544.5,44.6429,2.9725,2.3742,0.183,5,WTR
6545.0,42.0168,2.87,2.3793,0.184,5,WTR
6545.5,41.3165,2.8092,2.3724,0.1916,5,WTR
6546.0,40.6162,2.7878,2.3682,0.194,5,WTR
6546.5,37.8151,2.5915,2.3291,0.206,5,WTR
6547.0,35.014,2.4956,2.3161,0.2078,5,WTR
6547.5,35.014,2.4956,2.3091,0.2121,5,WTR
6548.0,35.014,2.6064,2.3858,0.2114,5,WTR
6548.5,41.7834,2.927,2.4774,0.2031,0,Non-SST
6549.0,53.4547,2.8148,2.5347,0.1918,0,Non-SST
6549.5,63.0252,2.1128,2.5687,0.1931,0,Non-SST
6550.0,63.7255,1.9794,2.5963,0.2039,0,Non-SST
6550.5,64.4258,1.9136,2.5508,0.223,0,Non-SST
6551.0,68.9776,1.9407,2.5383,0.2293,0,Non-SST
6551.5,70.7283,1.7678,2.539,0.2317,0,Non-SST
6552.0,72.479,1.5184,2.5647,0.2289,0,Non-SST
6552.5,74.2297,1.5184,2.587,0.2348,0,Non-SST
6553.0,74.2297,1.5039,2.575,0.2459,0,Non-SST
6553.5,70.7283,1.7045,2.5855,0.2516,0,Non-SST
6554.0,67.577,1.7021,2.5844,0.2416,0,Non-SST
6554.5,68.6274,1.6409,2.5902,0.2283,0,Non-SST
6555.0,71.9732,1.6792,2.5265,0.2268,0,Non-SST
6555.5,75.319,1.6245,2.5354,0.2334,0,Non-SST
6556.0,78.7037,1.4835,2.5342,0.2489,0,Non-SST
6556.5,81.5826,1.3592,2.58,0.261,0,Non-SST
6557.0,81.5826,1.3509,2.5762,0.2754,0,Non-SST
6557.5,80.7073,1.3052,2.548,0.2892,0,Non-SST
6558.0,80.8823,1.2908,2.5363,0.295,0,Non-SST
6558.5,79.6569,1.2778,2.5399,0.3004,0,Non-SST
6559.0,79.1316,1.2345,2.566,0.3048,0,Non-SST
6559.5,80.1821,1.2276,2.5705,0.3017,0,Non-SST
6560.0,80.3571,1.2873,2.5473,0.302,0,Non-SST
6560.5,78.7815,1.3109,2.5111,0.2836,0,Non-SST
6561.0,71.6036,1.7305,2.4813,0.2715,0,Non-SST
6561.5,59.1737,2.6987,2.5143,0.2328,0,Non-SST
6562.0,47.2689,2.9091,2.5528,0.1928,0,Non-SST
6562.5,38.8655,4.3397,2.6242,0.1539,0,Non-SST
6563.0,35.014,5.612,2.623,0.1299,0,Non-SST
6563.5,34.6639,5.2114,2.5334,0.1197,0,Non-SST
6564.0,37.8151,4.5777,2.4872,0.1233,0,Non-SST
6564.5,43.4174,4.0963,2.431,0.1401,0,Non-SST
6565.0,48.6695,3.7417,2.4478,0.1631,0,Non-SST
6565.5,53.5714,3.3702,2.4635,0.1829,0,Non-SST
6566.0,57.0728,3.0876,2.4669,0.1925,0,Non-SST
6566.5,59.1737,2.9961,2.481,0.1958,0,Non-SST
6567.0,61.4496,2.8537,2.4797,0.2021,0,Non-SST
6567.5,63.7255,2.9003,2.4964,0.207,0,Non-SST
6568.0,66.7017,2.7288,2.5368,0.2107,0,Non-SST
6568.5,70.7283,2.4393,2.5428,0.2105,0,Non-SST
6569.0,73.1793,2.2959,2.567,0.2185,0,Non-SST
6569.5,74.0546,2.2517,2.5507,0.232,0,Non-SST
6570.0,75.6302,2.1354,2.5742,0.2449,0,Non-SST
6570.5,77.2059,2.0111,2.5739,0.2531,0,Non-SST
6571.0,78.0812,1.9031,2.5703,0.2626,0,Non-SST
6571.5,79.4818,1.8943,2.5416,0.278,0,Non-SST
6572.0,81.4075,1.8182,2.535,0.2818,0,Non-SST
6572.5,84.0336,1.8213,2.5379,0.2802,0,Non-SST
6573.0,85.9594,1.7486,2.5448,0.2765,0,Non-SST
6573.5,83.6835,1.7171,2.5361,0.2801,0,Non-SST
6574.0,81.7577,1.6835,2.5289,0.2824,0,Non-SST
6574.5,82.9832,1.6351,2.537,0.28,0,Non-SST
6575.0,83.5084,1.6,2.5425,0.2879,0,Non-SST
6575.5,84.7339,1.6559,2.573,0.2916,0,Non-SST
6576.0,87.3599,1.5753,2.5415,0.307,0,Non-SST
6576.5,88.7167,1.4688,2.5354,0.3039,0,Non-SST
6577.0,87.2724,1.4596,2.5482,0.3148,0,Non-SST
6577.5,84.7776,1.4935,2.5727,0.3073,0,Non-SST
6578.0,83.3333,1.547,2.5986,0.3046,0,Non-SST
6578.5,82.8956,1.5144,2.5775,0.2909,0,Non-SST
6579.0,83.5084,1.5546,2.5631,0.2903,0,Non-SST
6579.5,83.3333,1.6048,2.5429,0.2858,0,Non-SST
6580.0,84.0336,1.6142,2.5468,0.2853,0,Non-SST
6580.5,84.3837,1.6104,2.5396,0.2801,0,Non-SST
6581.0,81.2325,1.6068,2.5602,0.2791,0,Non-SST
6581.5,78.7815,1.61,2.5457,0.2789,0,Non-SST
6582.0,77.3809,1.5809,2.553,0.2733,0,Non-SST
6582.5,76.3305,1.5489,2.5618,0.2763,0,Non-SST
6583.0,78.0812,1.505,2.5399,0.2831,0,Non-SST
6583.5,79.4818,1.5246,2.5656,0.2908,0,Non-SST
6584.0,77.7311,1.5902,2.5319,0.2883,0,Non-SST
6584.5,75.9804,1.5868,2.524,0.2718,0,Non-SST
6585.0,74.2297,1.659,2.5022,0.2621,0,Non-SST
6585.5,73.1793,1.6835,2.5231,0.2572,0,Non-SST
6586.0,74.2297,1.71,2.547,0.2518,0,Non-SST
6586.5,74.5798,1.7693,2.5505,0.249,0,Non-SST
6587.0,74.2297,1.798,2.5144,0.2444,0,Non-SST
6587.5,74.4047,1.8033,2.5311,0.2439,0,Non-SST
6588.0,74.2297,1.7763,2.517,0.2392,0,Non-SST
6588.5,72.654,1.75,2.5291,0.2462,0,Non-SST
6589.0,71.4286,1.7477,2.5363,0.2552,0,Non-SST
6589.5,71.2535,1.7341,2.5357,0.2608,0,Non-SST
6590.0,71.0784,1.6912,2.5388,0.2602,0,Non-SST
6590.5,71.9538,1.6618,2.5165,0.2648,0,Non-SST
6591.0,72.479,1.6189,2.5341,0.2759,0,Non-SST
6591.5,72.8291,1.614,2.5368,0.2735,0,Non-SST
6592.0,75.6302,1.5749,2.5155,0.2652,0,Non-SST
6592.5,78.4314,1.4799,2.5103,0.2616,0,Non-SST
6593.0,78.4314,1.5088,2.5803,0.2666,0,Non-SST
6593.5,76.6807,1.5909,2.6239,0.2665,0,Non-SST
6594.0,75.2801,1.6711,2.6273,0.2736,0,Non-SST
6594.5,75.4552,1.7004,2.5623,0.2763,0,Non-SST
6595.0,75.6302,1.7122,2.5866,0.2806,0,Non-SST
6595.5,76.8557,1.674,2.586,0.2687,0,Non-SST
6596.0,79.1316,1.6318,2.5903,0.2615,0,Non-SST
6596.5,77.7311,1.6335,2.5623,0.2664,0,Non-SST
6597.0,75.4552,1.578,2.5281,0.2751,0,Non-SST
6597.5,76.6807,1.5672,2.5105,0.2784,0,Non-SST
6598.0,78.2563,1.5831,2.4897,0.2815,0,Non-SST
6598.5,78.0812,1.6016,2.5098,0.2852,0,Non-SST
6599.0,78.7815,1.5933,2.515,0.2877,0,Non-SST
6599.5,79.6569,1.6112,2.5393,0.277,0,Non-SST
6600.0,77.3809,1.7586,2.5481,0.2664,0,Non-SST
6600.5,71.2535,2.234,2.5452,0.2471,0,Non-SST
6601.0,61.6246,2.7548,2.5258,0.2237,0,Non-SST
6601.5,53.2213,3.165,2.5215,0.1985,0,Non-SST
6602.0,48.9758,3.657,2.5404,0.1781,0,Non-SST
6602.5,45.8975,4.0163,2.5556,0.1635,0,Non-SST
6603.0,45.0076,3.6178,2.5339,0.1566,0,Non-SST
6603.5,47.7358,3.3352,2.4948,0.1612,0,Non-SST
6604.0,51.1204,3.1179,2.4735,0.1731,0,Non-SST
6604.5,53.5714,2.926,2.4743,0.1802,0,Non-SST
6605.0,56.0224,2.557,2.4849,0.1929,0,Non-SST
6605.5,62.3249,2.2392,2.479,0.2067,0,Non-SST
6606.0,68.6274,1.8402,2.5126,0.2343,0,Non-SST
6606.5,75.6302,1.7399,2.5214,0.2496,0,Non-SST
6607.0,78.0812,1.6004,2.5198,0.2708,0,Non-SST
6607.5,79.8319,1.4406,2.4838,0.2845,0,Non-SST
6608.0,79.1316,1.4185,2.5061,0.3028,0,Non-SST
6608.5,75.9804,1.4366,2.5025,0.3012,0,Non-SST
6609.0,78.4314,1.4649,2.5072,0.3005,0,Non-SST
6609.5,82.2829,1.509,2.5041,0.2869,0,Non-SST
6610.0,80.8823,1.5652,2.5313,0.2864,0,Non-SST
6610.5,78.4314,1.6065,2.5668,0.2821,0,Non-SST
6611.0,78.4314,1.5399,2.5612,0.2777,0,Non-SST
6611.5,78.4314,1.4519,2.5275,0.2717,0,Non-SST
6612.0,77.0308,1.4355,2.4945,0.2755,0,Non-SST
6612.5,74.2297,1.5664,2.4894,0.2796,0,Non-SST
6613.0,73.1793,1.598,2.4789,0.2768,0,Non-SST
6613.5,72.8291,1.5745,2.4912,0.2708,0,Non-SST
6614.0,69.6779,1.5964,2.5057,0.269,0,Non-SST
6614.5,64.4258,1.7956,2.5008,0.2564,0,Non-SST
6615.0,59.8739,1.824,2.5184,0.2547,0,Non-SST
6615.5,60.5742,2.0895,2.4808,0.2481,0,Non-SST
6616.0,68.6274,1.9744,2.504,0.2485,0,Non-SST
6616.5,75.6302,2.1185,2.495,0.2511,0,Non-SST
6617.0,74.2297,2.4695,2.471,0.2495,0,Non-SST
6617.5,68.6274,2.4695,2.4615,0.2499,0,Non-SST
6618.0,63.0252,2.6527,2.4602,0.2348,0,Non-SST
6618.5,64.0756,2.6164,2.4972,0.2336,0,Non-SST
6619.0,70.028,2.3144,2.5084,0.2393,0,Non-SST
6619.5,75.9804,2.0848,2.5156,0.2596,0,Non-SST
6620.0,78.4314,1.9445,2.51,0.2694,0,Non-SST
6620.5,80.1821,1.8013,2.4938,0.2841,0,Non-SST
6621.0,81.5826,1.6787,2.4956,0.2917,0,Non-SST
6621.5,83.6835,1.6597,2.5012,0.3131,0,Non-SST
6622.0,88.2353,1.5933,2.5183,0.3188,0,Non-SST
6622.5,87.535,1.5656,2.5291,0.3211,0,Non-SST
6623.0,86.8347,1.6064,2.521,0.3074,0,Non-SST
6623.5,80.8823,1.6064,2.514,0.2958,0,Non-SST
6624.0,70.7283,1.8353,2.4849,0.2748,0,Non-SST
6624.5,59.8739,2.6332,2.4651,0.2301,0,Non-SST
6625.0,53.9216,3.1243,2.4926,0.2029,0,Non-SST
6625.5,51.8207,3.2365,2.5265,0.1751,0,Non-SST
6626.0,54.6218,3.3937,2.5644,0.1713,0,Non-SST
6626.5,57.423,3.9012,2.5612,0.1591,0,Non-SST
6627.0,48.6695,4.874,2.5608,0.1516,0,Non-SST
6627.5,43.0672,5.2276,2.5301,0.1351,0,Non-SST
6628.0,41.3165,4.444,2.4104,0.1341,0,Non-SST
6628.5,42.3669,3.6817,2.3754,0.1469,0,Non-SST
6629.0,44.4678,3.6817,2.341,0.1821,5,WTR
6629.5,46.2185,3.0752,2.3446,0.2071,5,WTR
6630.0,46.2185,2.9796,2.3382,0.2184,5,WTR
6630.5,46.2185,2.938,2.3498,0.2158,5,WTR
6631.0,44.1176,2.933,2.3634,0.2112,5,WTR
6631.5,44.8179,3.0373,2.4354,0.2073,5,WTR
6632.0,49.0196,3.1434,2.4849,0.2053,0,Non-SST
6632.5,54.6218,3.1434,2.5214,0.1986,0,Non-SST
6633.0,60.2241,3.2568,2.5403,0.1939,0,Non-SST
6633.5,59.5238,3.3165,2.5442,0.1923,0,Non-SST
6634.0,58.8235,3.366,2.5138,0.1984,0,Non-SST
6634.5,59.1737,3.2887,2.4842,0.2001,0,Non-SST
6635.0,60.9244,3.1563,2.4763,0.203,0,Non-SST
6635.5,63.7255,2.927,2.4783,0.2163,0,Non-SST
6636.0,66.5266,2.7767,2.5189,0.2245,0,Non-SST
6636.5,70.028,2.7767,2.5401,0.2388,0,Non-SST
6637.0,70.7283,2.5214,2.5337,0.2419,0,Non-SST
6637.5,71.4286,2.4023,2.526,0.2548,0,Non-SST
6638.0,68.6274,2.3827,2.5027,0.2566,0,Non-SST
6638.5,69.3277,2.3075,2.5118,0.2599,0,Non-SST
6639.0,70.028,2.214,2.4918,0.2513,0,Non-SST
6639.5,73.5294,2.1829,2.5338,0.2561,0,Non-SST
6640.0,74.5798,2.1829,2.5648,0.2454,0,Non-SST
6640.5,74.93,2.1798,2.6098,0.2559,0,Non-SST
6641.0,75.9804,2.133,2.5962,0.2605,0,Non-SST
6641.5,74.2297,2.0703,2.542,0.2638,0,Non-SST
6642.0,72.8291,2.0542,2.5117,0.2601,0,Non-SST
6642.5,71.4286,1.9816,2.4894,0.2574,0,Non-SST
6643.0,72.1288,1.8835,2.5266,0.2684,0,Non-SST
6643.5,73.1793,1.8835,2.53,0.2793,0,Non-SST
6644.0,73.5294,1.8753,2.5228,0.285,0,Non-SST
6644.5,73.5294,1.8952,2.5012,0.2859,0,Non-SST
6645.0,72.8291,1.8892,2.4897,0.2862,0,Non-SST
6645.5,72.8291,1.8432,2.4988,0.2881,0,Non-SST
6646.0,72.8291,1.773,2.4827,0.2951,0,Non-SST
6646.5,77.0308,1.7427,2.5229,0.2896,0,Non-SST
6647.0,76.6807,1.7255,2.5498,0.292,0,Non-SST
6647.5,72.1288,1.7527,2.5709,0.2886,0,Non-SST
6648.0,69.6779,1.7749,2.5552,0.2969,0,Non-SST
6648.5,72.1288,1.7413,2.5201,0.2965,0,Non-SST
6649.0,75.9804,1.7413,2.5217,0.3011,0,Non-SST
6649.5,78.4314,1.7531,2.5116,0.3134,0,Non-SST
6650.0,78.4314,1.6668,2.4857,0.3176,0,Non-SST
6650.5,77.556,1.6008,2.4819,0.3136,0,Non-SST
6651.0,76.6807,1.6124,2.4755,0.2982,0,Non-SST
6651.5,76.1554,1.6233,2.4947,0.2975,0,Non-SST
6652.0,77.7311,1.6172,2.4884,0.3033,0,Non-SST
6652.5,80.1821,1.6172,2.4908,0.3073,0,Non-SST
6653.0,82.633,1.5527,2.4959,0.3149,0,Non-SST
6653.5,83.6835,1.5309,2.4996,0.3234,0,Non-SST
6654.0,83.3333,1.5133,2.4842,0.331,0,Non-SST
6654.5,82.8081,1.5126,2.4894,0.3273,0,Non-SST
6655.0,80.1821,1.514,2.491,0.3174,0,Non-SST
6655.5,78.7815,1.4966,2.5105,0.3075,0,Non-SST
6656.0,81.2325,1.5028,2.5068,0.3144,0,Non-SST
6656.5,82.8081,1.5184,2.4923,0.3127,0,Non-SST
6657.0,83.3333,1.4872,2.5261,0.3154,0,Non-SST
6657.5,83.6835,1.4585,2.5177,0.2961,0,Non-SST
6658.0,81.2325,1.4702,2.5689,0.296,0,Non-SST
6658.5,75.105,1.6311,2.5458,0.2863,0,Non-SST
6659.0,63.0252,2.06,2.569,0.2702,0,Non-SST
6659.5,51.1204,2.8594,2.5342,0.2351,0,Non-SST
6660.0,49.0196,3.0803,2.5168,0.2053,0,Non-SST
6660.5,54.4468,2.6182,2.5097,0.1941,0,Non-SST
6661.0,61.2745,2.4222,2.5178,0.2014,0,Non-SST
6661.5,63.7255,2.5256,2.5175,0.2178,0,Non-SST
6662.0,61.6246,2.629,2.5071,0.2237,0,Non-SST
6662.5,59.5238,2.7602,2.5156,0.2112,0,Non-SST
6663.0,58.1232,2.8036,2.5302,0.1953,0,Non-SST
6663.5,56.0224,2.9066,2.5404,0.1867,0,Non-SST
6664.0,52.1709,3.0679,2.5203,0.1868,0,Non-SST
6664.5,49.7199,3.1405,2.4983,0.1869,0,Non-SST
6665.0,51.4706,2.8875,2.4902,0.1834,0,Non-SST
6665.5,55.1471,2.7234,2.5028,0.1893,0,Non-SST
6666.0,59.8739,2.676,2.5118,0.2012,0,Non-SST
6666.5,63.2003,2.6764,2.5006,0.2072,0,Non-SST
6667.0,61.6246,2.7395,2.4836,0.2039,0,Non-SST
6667.5,58.4734,2.7868,2.479,0.2032,0,Non-SST
6668.0,57.0728,2.8498,2.4775,0.2047,0,Non-SST
6668.5,56.7227,2.9082,2.4653,0.2057,0,Non-SST
6669.0,57.0728,2.9961,2.4787,0.1987,0,Non-SST
6669.5,57.7731,3.0505,2.4565,0.1985,0,Non-SST
6670.0,57.2479,3.0855,2.4571,0.1977,0,Non-SST
6670.5,54.972,3.1043,2.4265,0.1995,5,WTR
6671.0,53.7465,3.0834,2.4226,0.1986,5,WTR
6671.5,52.521,2.9442,2.4138,0.1997,5,WTR
6672.0,49.0196,2.7603,2.4393,0.2073,5,WTR
6672.5,50.4202,2.4456,2.4545,0.2253,5,WTR
6673.0,61.6246,1.8363,2.5105,0.2474,0,Non-SST
6673.5,74.7549,1.2885,2.5122,0.2865,0,Non-SST
6674.0,80.1821,1.1888,2.5468,0.3077,0,Non-SST
6674.5,75.8053,1.3061,2.5503,0.3156,0,Non-SST
6675.0,67.2269,2.0693,2.5913,0.2788,0,Non-SST
6675.5,60.9244,2.6604,2.5895,0.2346,0,Non-SST
6676.0,57.0728,2.223,2.5842,0.2086,0,Non-SST
6676.5,53.5714,2.5581,2.5846,0.1922,0,Non-SST
6677.0,51.8207,2.9501,2.5708,0.1844,0,Non-SST
6677.5,53.9216,3.0082,2.5454,0.1792,0,Non-SST
6678.0,59.1737,2.7219,2.5072,0.1861,0,Non-SST
6678.5,66.8767,2.3535,2.4911,0.2071,0,Non-SST
6679.0,75.2801,2.0548,2.512,0.2374,0,Non-SST
6679.5,82.2829,1.7805,2.5283,0.2652,0,Non-SST
6680.0,87.8851,1.6213,2.5476,0.2896,0,Non-SST
6680.5,88.5854,1.5768,2.5512,0.3015,0,Non-SST
6681.0,84.7339,1.5679,2.556,0.3137,0,Non-SST
6681.5,83.3333,1.5641,2.5655,0.3221,0,Non-SST
6682.0,84.3837,1.5083,2.5447,0.3196,0,Non-SST
6682.5,84.7339,1.5028,2.5547,0.3104,0,Non-SST
6683.0,85.4342,1.5294,2.5402,0.3138,0,Non-SST
6683.5,85.4342,1.598,2.5481,0.3128,0,Non-SST
6684.0,83.6835,1.571,2.5326,0.3025,0,Non-SST
6684.5,84.0336,1.5691,2.5578,0.2994,0,Non-SST
6685.0,85.7843,1.6192,2.5853,0.3018,0,Non-SST
6685.5,84.3837,1.687,2.5743,0.3065,0,Non-SST
6686.0,79.8319,1.7674,2.5519,0.2924,0,Non-SST
6686.5,73.5294,1.9706,2.5502,0.2691,0,Non-SST
6687.0,67.2269,2.3878,2.5426,0.2429,0,Non-SST
6687.5,62.6751,2.5589,2.5634,0.2142,0,Non-SST
6688.0,59.1737,2.8195,2.5577,0.1983,0,Non-SST
6688.5,55.6723,2.8223,2.5931,0.191,0,Non-SST
6689.0,52.1709,2.9855,2.5847,0.1929,0,Non-SST
6689.5,49.7199,3.136,2.5916,0.1856,0,Non-SST
6690.0,50.7703,2.8073,2.5546,0.1829,0,Non-SST
6690.5,54.2717,2.5199,2.533,0.1787,0,Non-SST
6691.0,55.3221,2.6425,2.518,0.1833,0,Non-SST
6691.5,50.7703,2.9552,2.5384,0.1793,0,Non-SST
6692.0,42.8922,3.2032,2.5032,0.1653,0,Non-SST
6692.5,36.4146,3.6097,2.4282,0.1531,0,Non-SST
6693.0,32.388,3.7674,2.3691,0.1477,0,Non-SST
6693.5,31.5126,3.8488,2.383,0.1576,0,Non-SST
6694.0,35.3641,3.753,2.4118,0.1642,0,Non-SST
6694.5,44.8179,3.3553,2.4724,0.1723,0,Non-SST
6695.0,57.423,2.9992,2.4739,0.184,0,Non-SST
6695.5,62.4416,2.9837,2.4428,0.2092,0,Non-SST
6696.0,56.606,3.4414,2.3725,0.2176,5,WTR
6696.5,50.1867,4.1615,2.3378,0.22,5,WTR
6697.0,46.7437,4.8783,2.3329,0.2144,5,WTR
6697.5,43.7675,5.2955,2.3197,0.2189,5,WTR
6698.0,41.1415,5.5974,2.3069,0.2129,5,WTR
6698.5,39.5658,5.7645,2.2901,0.2123,5,WTR
6699.0,41.3165,5.9228,2.2731,0.2048,5,WTR
6699.5,44.1176,5.7808,2.2653,0.2129,5,WTR
6700.0,43.4174,5.5742,2.2646,0.213,5,WTR
6700.5,42.7171,5.0487,2.3136,0.2268,5,WTR
6701.0,46.5686,4.2186,2.3352,0.2303,5,WTR
6701.5,57.0728,3.2887,2.4743,0.2439,0,Non-SST
6702.0,72.1288,2.4566,2.5244,0.2586,0,Non-SST
6702.5,81.9328,1.9984,2.5436,0.27,0,Non-SST
6703.0,85.084,1.7291,2.5487,0.2859,0,Non-SST
6703.5,87.535,1.6369,2.5263,0.294,0,Non-SST
6704.0,87.8851,1.5649,2.5269,0.3103,0,Non-SST
6704.5,85.7843,1.5108,2.5271,0.313,0,Non-SST
6705.0,84.0336,1.4959,2.4963,0.3214,0,Non-SST
6705.5,81.5826,1.5542,2.5167,0.3195,0,Non-SST
6706.0,80.1821,1.547,2.5086,0.3236,0,Non-SST
6706.5,82.633,1.5169,2.5465,0.3238,0,Non-SST
6707.0,85.4342,1.547,2.534,0.3284,0,Non-SST
6707.5,86.4846,1.6318,2.5386,0.3163,0,Non-SST
6708.0,85.4342,1.6899,2.5119,0.2958,0,Non-SST
6708.5,78.7815,1.7381,2.5372,0.2785,0,Non-SST
6709.0,66.8767,2.31,2.568,0.2552,0,Non-SST
6709.5,54.3884,3.2853,2.5861,0.2243,0,Non-SST
6710.0,47.5023,3.4788,2.537,0.1938,0,Non-SST
6710.5,51.5873,3.0741,2.4792,0.1804,0,Non-SST
6711.0,62.5583,2.5858,2.4649,0.1831,0,Non-SST
6711.5,72.8291,2.2063,2.4904,0.2105,0,Non-SST
6712.0,79.4818,1.9662,2.5085,0.2418,0,Non-SST
6712.5,82.5163,1.7224,2.4925,0.2808,0,Non-SST
6713.0,84.7339,1.594,2.4887,0.2878,0,Non-SST
6713.5,86.1344,1.5346,2.4972,0.3001,0,Non-SST
6714.0,85.7843,1.5035,2.543,0.3028,0,Non-SST
6714.5,85.7843,1.4511,2.5425,0.3137,0,Non-SST
6715.0,86.4846,1.4666,2.5241,0.3165,0,Non-SST
6715.5,86.4846,1.4232,2.504,0.3177,0,Non-SST
6716.0,83.6835,1.3998,2.5399,0.3017,0,Non-SST
6716.5,76.6807,1.5831,2.5853,0.2831,0,Non-SST
6717.0,68.6274,2.0094,2.631,0.2556,0,Non-SST
6717.5,61.9748,2.4511,2.6195,0.2348,0,Non-SST
6718.0,59.8739,2.3534,2.601,0.2198,0,Non-SST
6718.5,66.5266,2.0134,2.5661,0.2153,0,Non-SST
6719.0,74.2297,1.825,2.5486,0.2294,0,Non-SST
6719.5,79.1316,1.7129,2.5149,0.254,0,Non-SST
6720.0,84.7339,1.6736,2.5074,0.2781,0,Non-SST
6720.5,85.7843,1.6278,2.5111,0.2873,0,Non-SST
6721.0,79.4818,1.6719,2.5297,0.2774,0,Non-SST
6721.5,69.3277,1.9547,2.5427,0.2682,0,Non-SST
6722.0,59.8739,2.3899,2.6114,0.2406,0,Non-SST
6722.5,52.521,3.0383,2.5982,0.2065,0,Non-SST
6723.0,46.5686,3.5609,2.5088,0.1737,0,Non-SST
6723.5,43.0672,3.7657,2.4448,0.154,0,Non-SST
6724.0,41.6667,3.7573,2.4241,0.1514,0,Non-SST
6724.5,42.0168,3.6844,2.4635,0.1544,0,Non-SST
6725.0,44.1176,3.4826,2.471,0.1645,0,Non-SST
6725.5,47.7941,3.3388,2.5126,0.1722,0,Non-SST
6726.0,51.4706,3.2209,2.4804,0.1861,0,Non-SST
6726.5,53.0462,3.1402,2.486,0.1926,0,Non-SST
6727.0,55.3221,3.0834,2.4655,0.1968,0,Non-SST
6727.5,60.5742,2.9663,2.5202,0.1965,0,Non-SST
6728.0,64.4258,2.8422,2.5177,0.2007,0,Non-SST
6728.5,61.9748,2.9501,2.4961,0.2011,0,Non-SST
6729.0,55.3221,3.098,2.4435,0.2012,0,Non-SST
6729.5,53.2213,3.0894,2.4448,0.1947,0,Non-SST
6730.0,58.8235,2.7749,2.4471,0.1944,5,WTR
6730.5,65.4762,2.5493,2.4825,0.2047,0,Non-SST
6731.0,66.5266,2.5312,2.4868,0.2251,0,Non-SST
6731.5,64.7759,2.6873,2.4846,0.2352,0,Non-SST
6732.0,65.126,2.785,2.4776,0.2309,0,Non-SST
6732.5,63.7255,2.8963,2.4741,0.2166,0,Non-SST
6733.0,58.8235,2.846,2.46,0.2152,5,WTR
6733.5,53.5714,3.0714,2.4292,0.2079,5,WTR
6734.0,49.1947,3.313,2.3822,0.1983,5,WTR
6734.5,45.8683,3.4352,2.3454,0.1833,5,WTR
6735.0,43.0672,3.5753,2.2812,0.1692,1,Gas
6735.5,40.9664,3.6393,2.2543,0.1625,1,Gas
6736.0,40.2661,3.6124,2.2742,0.1589,1,Gas
6736.5,40.2661,3.5661,2.3351,0.1634,5,WTR
6737.0,40.4412,3.4575,2.3606,0.1675,5,WTR
6737.5,40.2661,3.4801,2.361,0.1766,5,WTR
6738.0,40.7913,3.4469,2.3374,0.1813,5,WTR
6738.5,42.0168,3.3768,2.3726,0.1839,5,WTR
6739.0,41.8417,3.34,2.3826,0.1855,5,WTR
6739.5,43.0672,3.2164,2.4426,0.1894,5,WTR
6740.0,49.0196,3.073,2.4428,0.1967,0,Non-SST
6740.5,58.4734,2.5751,2.4839,0.2107,0,Non-SST
6741.0,67.402,2.2533,2.4801,0.2319,0,Non-SST
6741.5,73.1793,2.0166,2.4716,0.2629,0,Non-SST
6742.0,76.8557,1.881,2.4623,0.274,0,Non-SST
6742.5,79.3067,1.8487,2.4635,0.2762,0,Non-SST
6743.0,79.8319,1.841,2.4704,0.2791,0,Non-SST
6743.5,79.3067,1.8432,2.486,0.2948,0,Non-SST
6744.0,78.2563,1.7562,2.508,0.2966,0,Non-SST
6744.5,77.556,1.7698,2.5339,0.2967,0,Non-SST
6745.0,80.007,1.8302,2.5396,0.2957,0,Non-SST
6745.5,83.8585,1.8718,2.5278,0.307,0,Non-SST
6746.0,84.5588,1.8395,2.52,0.3106,0,Non-SST
6746.5,81.2325,1.8622,2.4833,0.2993,0,Non-SST
6747.0,78.9566,1.981,2.4923,0.2981,0,Non-SST
6747.5,79.6569,1.8948,2.4922,0.2931,0,Non-SST
6748.0,78.4314,1.9221,2.5313,0.3005,0,Non-SST
6748.5,76.3305,1.9886,2.5197,0.2909,0,Non-SST
6749.0,78.4314,1.9461,2.5108,0.2896,0,Non-SST
6749.5,81.4075,1.9155,2.4989,0.2856,0,Non-SST
6750.0,80.8823,1.9058,2.4928,0.294,0,Non-SST
6750.5,79.4818,1.9482,2.511,0.3007,0,Non-SST
6751.0,79.1316,1.8794,2.488,0.3002,0,Non-SST
6751.5,78.7815,1.8304,2.4928,0.3065,0,Non-SST
6752.0,77.0308,1.8427,2.4732,0.3135,0,Non-SST
6752.5,76.3305,1.8417,2.4644,0.3182,0,Non-SST
6753.0,77.9062,1.8825,2.4453,0.3127,0,Non-SST
6753.5,76.1555,1.8825,2.4148,0.2984,0,Non-SST
6754.0,71.4286,1.9377,2.4275,0.2901,0,Non-SST
6754.5,71.0784,1.9717,2.438,0.2881,0,Non-SST
6755.0,74.0546,1.8402,2.4271,0.2939,0,Non-SST
6755.5,75.105,1.8766,2.4299,0.3,0,Non-SST
6756.0,75.2801,1.9778,2.451,0.2933,0,Non-SST
6756.5,74.5798,2.0086,2.4888,0.2899,0,Non-SST
6757.0,68.6274,2.4933,2.4327,0.285,0,Non-SST
6757.5,57.0728,3.3026,2.3246,0.2685,5,WTR
6758.0,45.3431,4.3059,2.2576,0.2433,5,WTR
6758.5,37.6401,4.7677,2.24,0.2219,5,WTR
6759.0,36.2395,4.8632,2.2359,0.2046,1,Gas
6759.5,38.6905,4.8909,2.2545,0.2016,1,Gas
6760.0,39.5658,5.1589,2.2688,0.1973,1,Gas
6760.5,37.9902,5.311,2.2546,0.1996,1,Gas
6761.0,33.9636,5.9092,2.2262,0.1938,1,Gas
6761.5,28.5364,6.685,2.1947,0.1895,1,Gas
6762.0,25.5602,6.7866,2.1867,0.1848,1,Gas
6762.5,26.6106,6.5371,2.1885,0.1796,1,Gas
6763.0,29.7619,5.7489,2.2284,0.1757,1,Gas
6763.5,33.2633,5.1072,2.3297,0.1733,5,WTR
6764.0,35.7143,4.8481,2.4748,0.1679,0,Non-SST
6764.5,36.9398,5.3562,2.5534,0.151,0,Non-SST
6765.0,38.1653,4.795,2.5774,0.1401,0,Non-SST
6765.5,40.091,4.0846,2.5511,0.1347,0,Non-SST
6766.0,44.6428,3.5375,2.5033,0.1441,0,Non-SST
6766.5,52.521,3.2993,2.4995,0.1586,0,Non-SST
6767.0,59.6989,2.9006,2.5035,0.1762,0,Non-SST
6767.5,62.6751,2.7667,2.5494,0.1911,0,Non-SST
6768.0,64.2507,2.7094,2.5588,0.2027,0,Non-SST
6768.5,69.6779,2.3777,2.5827,0.212,0,Non-SST
6769.0,75.8053,2.214,2.5762,0.2279,0,Non-SST
6769.5,76.1555,2.133,2.5905,0.2364,0,Non-SST
6770.0,74.93,2.1494,2.5511,0.2496,0,Non-SST
6770.5,75.105,2.1687,2.5441,0.2533,0,Non-SST
6771.0,74.5798,2.171,2.5013,0.2574,0,Non-SST
6771.5,74.93,2.1421,2.5339,0.2548,0,Non-SST
6772.0,74.2297,2.1599,2.5122,0.2457,0,Non-SST
6772.5,69.4444,2.1351,2.5243,0.2408,0,Non-SST
6773.0,63.2586,2.2366,2.4952,0.231,0,Non-SST
6773.5,61.2161,2.2198,2.5097,0.23,0,Non-SST
6774.0,64.7759,2.1376,2.5116,0.2257,0,Non-SST
6774.5,68.8025,1.97,2.5178,0.2315,0,Non-SST
6775.0,71.4286,1.9396,2.5391,0.241,0,Non-SST
6775.5,74.4047,1.8713,2.5355,0.2519,0,Non-SST
6776.0,74.3464,1.8158,2.5406,0.2597,0,Non-SST
6776.5,70.0864,1.9063,2.5143,0.251,0,Non-SST
6777.0,67.1685,2.1245,2.5269,0.2507,0,Non-SST
6777.5,68.6274,2.0463,2.5433,0.2393,0,Non-SST
6778.0,72.654,1.8748,2.5476,0.2431,0,Non-SST
6778.5,76.3305,1.8052,2.5182,0.2455,0,Non-SST
6779.0,79.1316,1.7671,2.5056,0.2578,0,Non-SST
6779.5,80.8823,1.7445,2.5174,0.2683,0,Non-SST
6780.0,80.8823,1.7319,2.5275,0.2715,0,Non-SST
6780.5,80.7073,1.6938,2.5437,0.2762,0,Non-SST
6781.0,81.9328,1.6282,2.5417,0.2868,0,Non-SST
6781.5,83.1582,1.5574,2.5496,0.2984,0,Non-SST
6782.0,82.2829,1.5184,2.5282,0.3075,0,Non-SST
6782.5,80.8823,1.5003,2.5138,0.3062,0,Non-SST
6783.0,81.8161,1.5169,2.5144,0.3114,0,Non-SST
6783.5,84.5005,1.4946,2.5401,0.3128,0,Non-SST
6784.0,85.6676,1.4442,2.5477,0.3168,0,Non-SST
6784.5,85.4342,1.4205,2.5523,0.3163,0,Non-SST
6785.0,85.084,1.4219,2.5381,0.325,0,Non-SST
6785.5,84.909,1.4463,2.5265,0.3287,0,Non-SST
6786.0,86.4846,1.4656,2.5296,0.3299,0,Non-SST
6786.5,87.3599,1.4562,2.5277,0.3241,0,Non-SST
6787.0,85.6092,1.4417,2.5305,0.3258,0,Non-SST
6787.5,84.7339,1.4331,2.5355,0.3255,0,Non-SST
6788.0,84.909,1.3642,2.5285,0.3267,0,Non-SST
6788.5,84.7339,1.3535,2.5519,0.3256,0,Non-SST
6789.0,85.4342,1.3597,2.5279,0.3283,0,Non-SST
6789.5,86.8347,1.3058,2.5371,0.3255,0,Non-SST
6790.0,87.8851,1.3276,2.5119,0.3122,0,Non-SST
6790.5,85.084,1.8267,2.5111,0.2954,0,Non-SST
6791.0,75.2801,2.2069,2.5377,0.2785,0,Non-SST
6791.5,64.0756,2.8374,2.5742,0.2493,0,Non-SST
6792.0,60.3992,2.3535,2.5632,0.221,0,Non-SST
6792.5,65.8263,1.8964,2.5265,0.2088,0,Non-SST
6793.0,73.0042,1.9337,2.4827,0.2226,0,Non-SST
6793.5,74.5798,2.1617,2.487,0.247,0,Non-SST
6794.0,70.028,2.5858,2.5029,0.2472,0,Non-SST
6794.5,63.0252,2.8681,2.5092,0.2302,0,Non-SST
6795.0,58.8235,2.9801,2.4855,0.2141,0,Non-SST
6795.5,56.0224,3.2515,2.4152,0.1951,5,WTR
6796.0,47.444,3.546,2.3414,0.1731,5,WTR
6796.5,35.7143,3.7228,2.3047,0.1625,5,WTR
6797.0,30.6373,3.9286,2.3287,0.1605,5,WTR
6797.5,32.563,4.0525,2.3561,0.162,5,WTR
6798.0,33.6134,3.989,2.3439,0.1568,0,Non-SST
6798.5,31.1625,3.7206,2.3113,0.1548,5,WTR
6799.0,29.4118,3.4713,2.3035,0.1626,5,WTR
6799.5,33.0882,3.3411,2.4375,0.1797,0,Non-SST
6800.0,43.0672,3.2142,2.4672,0.1934,0,Non-SST
6800.5,56.1975,2.8693,2.5006,0.2084,0,Non-SST
6801.0,67.577,2.3849,2.477,0.2226,0,Non-SST
6801.5,74.2297,2.1482,2.5104,0.2398,0,Non-SST
6802.0,76.6807,2.1324,2.4928,0.2548,0,Non-SST
6802.5,74.2297,2.3921,2.5217,0.26,0,Non-SST
6803.0,67.9272,2.9491,2.5335,0.2424,0,Non-SST
6803.5,63.0252,3.2231,2.5142,0.2107,0,Non-SST
6804.0,59.5238,3.2077,2.4451,0.1947,0,Non-SST
6804.5,54.972,3.259,2.4032,0.1912,5,WTR
6805.0,53.5714,3.0741,2.4276,0.202,5,WTR
6805.5,59.6989,2.7305,2.4762,0.2119,0,Non-SST
6806.0,71.4286,2.4222,2.5228,0.2382,0,Non-SST
6806.5,82.1078,2.0577,2.5377,0.2628,0,Non-SST
6807.0,85.7843,1.7614,2.558,0.2923,0,Non-SST
6807.5,84.3837,1.6172,2.5352,0.2873,0,Non-SST
6808.0,84.0336,1.571,2.5353,0.2924,0,Non-SST
6808.5,84.7339,1.4494,2.5118,0.2955,0,Non-SST
6809.0,85.2591,1.4407,2.5285,0.3073,0,Non-SST
6809.5,84.3837,1.3407,2.5236,0.3119,0,Non-SST
6810.0,80.7073,1.3232,2.5682,0.3129,0,Non-SST
6810.5,77.0308,1.3049,2.583,0.3179,0,Non-SST
6811.0,75.9804,1.4273,2.5808,0.3137,0,Non-SST
6811.5,78.7815,1.4135,2.5663,0.3071,0,Non-SST
6812.0,81.7577,1.3789,2.5282,0.3092,0,Non-SST
6812.5,82.9832,1.3336,2.5453,0.3219,0,Non-SST
6813.0,84.5588,1.3854,2.5207,0.3302,0,Non-SST
6813.5,85.084,1.4355,2.5216,0.333,0,Non-SST
6814.0,84.0336,1.4452,2.5018,0.3368,0,Non-SST
6814.5,81.0574,1.4731,2.4903,0.3324,0,Non-SST
6815.0,78.4314,1.5275,2.4888,0.3267,0,Non-SST
6815.5,79.6569,1.5905,2.4975,0.3184,0,Non-SST
6816.0,81.2325,1.5819,2.5003,0.3185,0,Non-SST
6816.5,81.2325,1.5538,2.4992,0.3223,0,Non-SST
6817.0,81.2325,1.5915,2.4978,0.3121,0,Non-SST
6817.5,81.7577,1.6298,2.5073,0.3054,0,Non-SST
6818.0,82.2829,1.5968,2.5136,0.2966,0,Non-SST
6818.5,81.7577,1.5736,2.5022,0.3115,0,Non-SST
6819.0,80.5322,1.6534,2.5021,0.3116,0,Non-SST
6819.5,78.2563,1.7242,2.5121,0.3066,0,Non-SST
6820.0,77.0308,1.6581,2.514,0.2972,0,Non-SST
6820.5,77.556,1.6148,2.5116,0.2979,0,Non-SST
6821.0,76.3305,1.6245,2.5133,0.2996,0,Non-SST
6821.5,74.93,1.7184,2.5246,0.2946,0,Non-SST
6822.0,73.8795,1.722,2.5383,0.2909,0,Non-SST
6822.5,72.8291,1.6802,2.5145,0.29,0,Non-SST
6823.0,74.8515,1.6355,2.5006,0.2908,0,Non-SST
6823.5,77.3114,1.6314,2.4808,0.2882,0,Non-SST
6824.0,78.3657,1.5988,2.4919,0.2887,0,Non-SST
6824.5,78.7171,1.5283,2.5082,0.2875,0,Non-SST
6825.0,77.6629,1.5933,2.5415,0.2956,0,Non-SST
6825.5,75.9058,1.6648,2.5366,0.3046,0,Non-SST
6826.0,75.5544,1.5757,2.5189,0.3028,0,Non-SST
6826.5,75.5544,1.5332,2.4998,0.2984,0,Non-SST
6827.0,75.0272,1.585,2.5021,0.2944,0,Non-SST
6827.5,75.2029,1.6122,2.5036,0.2993,0,Non-SST
6828.0,76.0815,1.6664,2.511,0.2977,0,Non-SST
6828.5,77.6629,1.6656,2.5166,0.2939,0,Non-SST
6829.0,78.19,1.6245,2.5092,0.2869,0,Non-SST
6829.5,76.2572,1.5542,2.4951,0.291,0,Non-SST
6830.0,75.3787,1.5516,2.4972,0.2933,0,Non-SST
6830.5,75.9058,1.5097,2.4989,0.2993,0,Non-SST
6831.0,75.5544,1.5053,2.4925,0.3018,0,Non-SST
6831.5,75.9058,1.5122,2.4833,0.3007,0,Non-SST
6832.0,76.0815,1.5307,2.4978,0.2972,0,Non-SST
6832.5,74.8515,1.5429,2.5068,0.2928,0,Non-SST
6833.0,74.8515,1.5449,2.5039,0.2974,0,Non-SST
6833.5,75.9058,1.4853,2.4804,0.3016,0,Non-SST
6834.0,76.0815,1.5536,2.4759,0.2986,0,Non-SST
6834.5,76.2572,1.571,2.4908,0.2934,0,Non-SST
6835.0,75.5544,1.6408,2.4892,0.2964,0,Non-SST
6835.5,72.3916,1.6347,2.4962,0.2989,0,Non-SST
6836.0,70.8103,1.6065,2.4938,0.3055,0,Non-SST
6836.5,73.0945,1.7083,2.5042,0.2961,0,Non-SST
6837.0,76.2572,1.7192,2.5126,0.2949,0,Non-SST
6837.5,76.2572,1.6826,2.5331,0.2899,0,Non-SST
6838.0,73.973,1.7132,2.5273,0.2988,0,Non-SST
6838.5,74.1487,1.7684,2.5157,0.2996,0,Non-SST
6839.0,74.5001,1.7582,2.4994,0.2991,0,Non-SST
6839.5,72.3916,1.7495,2.4825,0.2889,0,Non-SST
6840.0,70.2831,1.8362,2.4774,0.2826,0,Non-SST
6840.5,70.4588,1.9572,2.4753,0.2839,0,Non-SST
6841.0,70.2831,1.9939,2.4706,0.2853,0,Non-SST
6841.5,67.9989,1.9767,2.4851,0.281,0,Non-SST
6842.0,66.9447,2.0753,2.5325,0.2768,0,Non-SST
6842.5,69.2289,1.9883,2.5584,0.2781,0,Non-SST
6843.0,74.3244,1.8033,2.5671,0.2921,0,Non-SST
6843.5,80.2985,1.6435,2.5265,0.2947,0,Non-SST
6844.0,82.9341,1.5699,2.5428,0.3015,0,Non-SST
6844.5,79.9471,1.5968,2.5294,0.2991,0,Non-SST
6845.0,78.3657,1.6176,2.5488,0.3116,0,Non-SST
6845.5,78.3657,1.5968,2.5224,0.3097,0,Non-SST
6846.0,75.9058,1.6513,2.5011,0.3143,0,Non-SST
6846.5,75.5544,1.6505,2.4935,0.3015,0,Non-SST
6847.0,76.0815,1.6278,2.4992,0.3076,0,Non-SST
6847.5,74.8515,1.7153,2.4966,0.3058,0,Non-SST
6848.0,74.6758,1.6601,2.4873,0.309,0,Non-SST
6848.5,74.8515,1.7261,2.4891,0.3027,0,Non-SST
6849.0,74.5001,1.7937,2.5034,0.3031,0,Non-SST
6849.5,73.4459,1.7422,2.5335,0.2951,0,Non-SST
6850.0,69.0532,2.0869,2.547,0.2902,0,Non-SST
6850.5,63.6062,1.9321,2.5352,0.272,0,Non-SST
6851.0,58.6864,1.8964,2.526,0.2554,0,Non-SST
6851.5,51.6581,2.6101,2.517,0.2448,0,Non-SST
6852.0,45.1569,3.2715,2.5395,0.2248,0,Non-SST
6852.5,42.8727,3.099,2.5476,0.2001,0,Non-SST
6853.0,41.467,4.2646,2.5655,0.1722,0,Non-SST
6853.5,37.4258,5.0323,2.5657,0.1596,0,Non-SST
6854.0,34.4387,3.9547,2.5022,0.1511,0,Non-SST
6854.5,33.5602,3.8951,2.4786,0.1588,0,Non-SST
6855.0,31.6274,3.4443,2.4269,0.1715,0,Non-SST
6855.5,29.8703,2.9837,2.3874,0.1946,5,WTR
6856.0,29.5189,2.6214,2.3183,0.2029,5,WTR
6856.5,30.5732,2.4868,2.3518,0.2072,5,WTR
6857.0,31.9788,2.8299,2.3749,0.2134,5,WTR
6857.5,30.5732,3.672,2.3952,0.2008,5,WTR
6858.0,28.1133,3.0729,2.3689,0.1812,5,WTR
6858.5,27.4104,2.3834,2.3474,0.1715,5,WTR
6859.0,28.4647,2.2111,2.3707,0.1837,5,WTR
6859.5,31.276,2.0588,2.3817,0.2065,5,WTR
6860.0,32.6817,2.1255,2.3866,0.221,5,WTR
6860.5,31.3931,2.3007,2.3631,0.2154,5,WTR
6861.0,31.1589,2.1378,2.3891,0.2131,5,WTR
6861.5,33.3259,2.1476,2.4029,0.2099,5,WTR
6862.0,35.1416,2.382,2.4338,0.214,5,WTR
6862.5,34.9659,2.5144,2.4293,0.2174,5,WTR
6863.0,33.7359,2.9101,2.4426,0.2115,5,WTR
6863.5,32.4474,2.9786,2.4626,0.1975,0,Non-SST
6864.0,31.3346,3.1849,2.4682,0.1892,0,Non-SST
6864.5,31.6274,3.6556,2.4704,0.179,0,Non-SST
6865.0,34.2045,3.4952,2.446,0.1771,0,Non-SST
6865.5,37.3086,3.6164,2.4589,0.1707,0,Non-SST
6866.0,39.0071,3.232,2.4903,0.1727,0,Non-SST
6866.5,39.0071,3.455,2.5479,0.1772,0,Non-SST
6867.0,39.8857,3.8488,2.5616,0.1737,0,Non-SST
6867.5,43.7513,3.3549,2.5514,0.1663,0,Non-SST
6868.0,47.7925,2.823,2.5381,0.1664,0,Non-SST
6868.5,51.8338,2.6527,2.541,0.1835,0,Non-SST
6869.0,59.3892,2.1698,2.5393,0.2131,0,Non-SST
6869.5,67.9989,1.7272,2.5434,0.2427,0,Non-SST
6870.0,73.2702,1.4536,2.542,0.2589,0,Non-SST
6870.5,73.7973,1.4148,2.5258,0.2773,0,Non-SST
6871.0,72.743,1.4005,2.5238,0.2916,0,Non-SST
6871.5,72.3916,1.3745,2.5156,0.3066,0,Non-SST
6872.0,69.5803,1.4211,2.5108,0.3083,0,Non-SST
6872.5,66.0661,1.5584,2.521,0.2989,0,Non-SST
6873.0,64.2505,1.7108,2.5422,0.2767,0,Non-SST
6873.5,60.6778,2.1022,2.5702,0.2466,0,Non-SST
6874.0,52.3609,3.4941,2.5822,0.2157,0,Non-SST
6874.5,42.8727,4.5875,2.6006,0.1797,0,Non-SST
6875.0,37.2501,5.1548,2.6169,0.1473,0,Non-SST
6875.5,34.7901,5.4678,2.603,0.124,0,Non-SST
6876.0,34.4973,5.6663,2.5849,0.1159,0,Non-SST
6876.5,35.1416,6.0736,2.5809,0.1159,0,Non-SST
6877.0,33.5016,6.4249,2.583,0.1201,0,Non-SST
6877.5,30.8074,6.6437,2.5749,0.1223,0,Non-SST
6878.0,30.2217,6.7447,2.5698,0.1242,0,Non-SST
6878.5,30.9246,6.7549,2.5633,0.1266,0,Non-SST
6879.0,31.6274,6.6216,2.5876,0.1338,0,Non-SST
6879.5,33.3845,6.0816,2.6084,0.1444,0,Non-SST
6880.0,36.3715,5.4257,2.6188,0.1609,0,Non-SST
6880.5,40.7642,4.6314,2.6138,0.1801,0,Non-SST
6881.0,50.9553,3.5452,2.5909,0.2065,0,Non-SST
6881.5,64.1919,2.5677,2.5642,0.2301,0,Non-SST
6882.0,72.1573,2.0383,2.5308,0.257,0,Non-SST
6882.5,76.1401,1.8193,2.526,0.2779,0,Non-SST
6883.0,80.1228,1.7426,2.5324,0.2977,0,Non-SST
6883.5,82.9341,1.6522,2.5327,0.3102,0,Non-SST
6884.0,83.2855,1.5544,2.5186,0.3238,0,Non-SST
6884.5,83.9883,1.4816,2.5077,0.346,0,Non-SST
6885.0,84.6912,1.5015,2.5175,0.3425,0,Non-SST
6885.5,82.5827,1.5048,2.5237,0.3523,0,Non-SST
6886.0,81.7041,1.4296,2.5199,0.3475,0,Non-SST
6886.5,84.3398,1.3724,2.5057,0.3509,0,Non-SST
6887.0,85.9211,1.4212,2.4568,0.3441,0,Non-SST
6887.5,85.394,1.4768,2.4602,0.3371,0,Non-SST
6888.0,85.0426,1.4071,2.4652,0.3444,0,Non-SST
6888.5,83.9883,1.4721,2.4885,0.3393,0,Non-SST
6889.0,82.7584,1.5395,2.4932,0.3346,0,Non-SST
6889.5,80.1228,1.6261,2.5061,0.3049,0,Non-SST
6890.0,71.5131,1.9011,2.534,0.3012,0,Non-SST
6890.5,58.6864,3.1,2.5611,0.2784,0,Non-SST
6891.0,48.4954,4.9132,2.5787,0.232,0,Non-SST
6891.5,44.6298,4.9573,2.5796,0.1864,0,Non-SST
6892.0,43.5755,5.4307,2.5663,0.1663,0,Non-SST
6892.5,44.8055,5.324,2.5368,0.1637,0,Non-SST
6893.0,48.1439,4.9242,2.5389,0.1658,0,Non-SST
6893.5,47.2654,4.6013,2.5444,0.1696,0,Non-SST
6894.0,44.6298,4.4867,2.5598,0.1787,0,Non-SST
6894.5,47.0897,4.0094,2.5828,0.1894,0,Non-SST
6895.0,56.2265,3.3153,2.5783,0.1911,0,Non-SST
6895.5,67.8232,2.5238,2.5628,0.2018,0,Non-SST
6896.0,73.7973,2.2451,2.5564,0.2248,0,Non-SST
6896.5,74.1487,2.2353,2.542,0.2508,0,Non-SST
6897.0,73.4459,2.205,2.5512,0.2592,0,Non-SST
6897.5,73.4459,2.3058,2.5304,0.2565,0,Non-SST
6898.0,74.1487,2.3478,2.5521,0.2497,0,Non-SST
6898.5,72.0402,2.7101,2.5607,0.244,0,Non-SST
6899.0,62.9034,4.6763,2.5941,0.2327,0,Non-SST
6899.5,48.8468,7.3604,2.5855,0.2067,0,Non-SST
6900.0,36.5472,8.9753,2.5211,0.1749,0,Non-SST
6900.5,32.3302,9.7702,2.5136,0.1482,0,Non-SST
6901.0,36.1958,10.5669,2.5541,0.131,0,Non-SST
6901.5,38.6557,11.31,2.6558,0.1176,0,Non-SST
6902.0,37.2501,11.6789,2.6906,0.109,0,Non-SST
6902.5,39.3586,10.2033,2.699,0.1015,0,Non-SST
6903.0,45.3326,8.9699,2.6798,0.101,0,Non-SST
6903.5,48.4954,7.9198,2.6324,0.1057,0,Non-SST
6904.0,47.4411,6.685,2.6191,0.1226,0,Non-SST
6904.5,47.7925,5.3396,2.5923,0.1488,0,Non-SST
6905.0,52.5366,3.8414,2.5796,0.1804,0,Non-SST
6905.5,58.335,2.9012,2.5537,0.2142,0,Non-SST
6906.0,62.3763,2.5998,2.5111,0.2372,0,Non-SST
6906.5,65.8904,2.2504,2.5137,0.2607,0,Non-SST
6907.0,68.8775,1.9767,2.5173,0.265,0,Non-SST
6907.5,70.986,1.9911,2.5333,0.2637,0,Non-SST
6908.0,70.1953,1.8758,2.5315,0.2485,0,Non-SST
6908.5,61.1463,2.6223,2.5654,0.2206,0,Non-SST
6909.0,47.7047,4.2531,2.5836,0.1807,0,Non-SST
6909.5,39.8857,6.8945,2.6396,0.1313,0,Non-SST
6910.0,39.3586,9.1472,2.6433,0.1006,0,Non-SST
6910.5,42.2285,10.2161,2.6579,0.082,0,Non-SST
6911.0,44.5712,12.5039,2.6548,0.0784,0,Non-SST
6911.5,43.8098,15.0861,2.6889,0.0777,0,Non-SST
6912.0,41.6428,15.5413,2.6738,0.0749,0,Non-SST
6912.5,39.8271,15.2185,2.6411,0.0738,0,Non-SST
6913.0,37.66,14.7569,2.6189,0.0783,0,Non-SST
6913.5,35.6101,13.9814,2.6161,0.088,0,Non-SST
6914.0,33.5602,12.6836,2.6595,0.0979,0,Non-SST
6914.5,34.0873,11.4163,2.6711,0.1063,0,Non-SST
6915.0,41.9942,10.3024,2.6807,0.1138,0,Non-SST
6915.5,53.4152,7.175,2.6753,0.1191,0,Non-SST
6916.0,58.8621,6.1137,2.6265,0.1258,0,Non-SST
6916.5,55.1723,6.1132,2.6157,0.1358,0,Non-SST
6917.0,49.0225,5.6312,2.5911,0.1475,0,Non-SST
6917.5,47.2654,5.0518,2.5901,0.1542,0,Non-SST
6918.0,48.6711,4.2613,2.575,0.1648,0,Non-SST
6918.5,54.6451,3.7257,2.5737,0.175,0,Non-SST
6919.0,68.8775,2.5194,2.5164,0.1984,0,Non-SST
6919.5,83.8712,1.6174,2.4961,0.2237,0,Non-SST
6920.0,93.008,1.3783,2.4885,0.2602,0,Non-SST
6920.5,98.8649,1.289,2.4945,0.2822,0,Non-SST
6921.0,101.6763,1.2247,2.4905,0.2943,0,Non-SST
6921.5,102.262,1.1586,2.4888,0.2986,0,Non-SST
6922.0,101.5591,1.2306,2.4892,0.2962,0,Non-SST
6922.5,96.2879,1.4919,2.5045,0.2891,0,Non-SST
6923.0,91.0167,1.7385,2.5274,0.2668,0,Non-SST
6923.5,87.5025,1.9136,2.5424,0.2363,0,Non-SST
6924.0,77.6629,2.4092,2.5542,0.2196,0,Non-SST
6924.5,63.9577,2.9735,2.5296,0.2003,0,Non-SST
6925.0,54.118,3.1667,2.5242,0.1867,0,Non-SST
6925.5,49.1982,3.5259,2.4865,0.1704,0,Non-SST
6926.0,44.9812,3.708,2.4727,0.1667,0,Non-SST
6926.5,40.4128,3.8781,2.4809,0.1635,0,Non-SST
6927.0,38.3043,4.4553,2.509,0.1646,0,Non-SST
6927.5,37.9529,3.8218,2.5209,0.1633,0,Non-SST
6928.0,37.9529,3.327,2.4563,0.1688,0,Non-SST
6928.5,36.1958,2.9053,2.4183,0.1761,5,WTR
6929.0,34.0873,2.5932,2.3715,0.1951,5,WTR
6929.5,34.4387,2.6282,2.3826,0.2145,5,WTR
6930.0,33.3845,2.5965,2.316,0.2141,5,WTR
6930.5,30.5732,2.2451,2.2506,0.2125,5,WTR
6931.0,31.276,2.096,2.2541,0.2117,5,WTR
6931.5,36.1958,2.1036,2.3117,0.2308,5,WTR
6932.0,46.914,2.1089,2.4235,0.2364,5,WTR
6932.5,63.6062,1.8037,2.5061,0.2405,0,Non-SST
6933.0,76.7843,1.6668,2.5133,0.2476,0,Non-SST
6933.5,80.1228,1.6123,2.5405,0.2687,0,Non-SST
6934.0,78.0143,1.677,2.5438,0.2823,0,Non-SST
6934.5,78.3657,1.6286,2.5562,0.2863,0,Non-SST
6935.0,82.5827,1.5262,2.5473,0.2895,0,Non-SST
6935.5,85.6576,1.4068,2.5491,0.2977,0,Non-SST
6936.0,86.4482,1.3744,2.5539,0.3057,0,Non-SST
6936.5,86.5361,1.3401,2.5744,0.3007,0,Non-SST
6937.0,87.6782,1.3534,2.5536,0.3083,0,Non-SST
6937.5,89.7867,1.3537,2.567,0.3144,0,Non-SST
6938.0,89.2596,1.3747,2.5538,0.2995,0,Non-SST
6938.5,83.4612,1.5014,2.5808,0.276,0,Non-SST
6939.0,69.9317,2.0221,2.6122,0.2448,0,Non-SST
6939.5,53.2395,3.0597,2.6411,0.2011,0,Non-SST
6940.0,43.0484,4.4157,2.628,0.159,0,Non-SST
6940.5,39.3586,5.041,2.6103,0.1316,0,Non-SST
6941.0,39.5343,5.1544,2.5927,0.1229,0,Non-SST
6941.5,43.5755,4.8942,2.5621,0.1277,0,Non-SST
6942.0,50.2524,4.1585,2.5207,0.1477,0,Non-SST
6942.5,59.2135,3.4541,2.5225,0.1808,0,Non-SST
6943.0,67.8232,3.0697,2.5406,0.2203,0,Non-SST
6943.5,69.2289,2.7773,2.577,0.2409,0,Non-SST
6944.0,60.7949,3.1628,2.618,0.2314,0,Non-SST
6944.5,47.9682,5.685,2.6579,0.1851,0,Non-SST
6945.0,36.7815,7.8773,2.7186,0.128,0,Non-SST
6945.5,30.6903,10.084,2.6909,0.0983,0,Non-SST
6946.0,28.8161,11.5011,2.6818,0.0843,0,Non-SST
6946.5,26.0633,13.2515,2.6131,0.0872,0,Non-SST
6947.0,23.3106,13.9203,2.6284,0.0941,0,Non-SST
6947.5,23.8963,14.0652,2.5854,0.1084,0,Non-SST
6948.0,24.7162,13.8737,2.6148,0.119,0,Non-SST
6948.5,24.8334,13.3,2.634,0.12,0,Non-SST
6949.0,26.8247,12.5497,2.6728,0.1098,0,Non-SST
6949.5,33.2673,10.966,2.6695,0.099,0,Non-SST
6950.0,42.9898,8.6037,2.6532,0.093,0,Non-SST
6950.5,49.125,7.316,2.6711,0.0945,0,Non-SST
6951.0,49.6375,6.17,2.6689,0.1043,0,Non-SST
6951.5,46.9579,5.9356,2.6704,0.1202,0,Non-SST
6952.0,43.7513,6.9103,2.6257,0.1326,0,Non-SST
6952.5,43.5755,5.5842,2.6145,0.1358,0,Non-SST
6953.0,47.6168,4.8323,2.5828,0.14,0,Non-SST
6953.5,54.2937,3.9776,2.5906,0.1499,0,Non-SST
6954.0,59.0378,3.2635,2.571,0.169,0,Non-SST
6954.5,57.105,3.9189,2.5949,0.1764,0,Non-SST
6955.0,48.8468,6.2352,2.619,0.1484,0,Non-SST
6955.5,39.0071,8.5841,2.6513,0.1148,0,Non-SST
6956.0,32.506,10.5544,2.6726,0.0887,0,Non-SST
6956.5,30.6903,11.7079,2.6889,0.0744,0,Non-SST
6957.0,31.1589,13.4934,2.7079,0.0677,0,Non-SST
6957.5,32.096,14.1305,2.7407,0.0695,0,Non-SST
6958.0,32.5059,14.1491,2.7078,0.0766,0,Non-SST
6958.5,32.506,14.0347,2.6853,0.0866,0,Non-SST
6959.0,34.7901,12.3914,2.6548,0.0979,0,Non-SST
6959.5,38.8314,11.0947,2.6591,0.1074,0,Non-SST
6960.0,40.0614,10.4964,2.6596,0.1132,0,Non-SST
6960.5,37.2501,9.462,2.677,0.1142,0,Non-SST
6961.0,34.673,8.626,2.655,0.1154,0,Non-SST
6961.5,35.2587,7.5978,2.6354,0.118,0,Non-SST
6962.0,37.8358,5.5424,2.6057,0.1235,0,Non-SST
6962.5,42.287,4.5527,2.5929,0.1331,0,Non-SST
6963.0,48.1439,3.9411,2.5933,0.1519,0,Non-SST
6963.5,51.7752,3.1892,2.6037,0.1765,0,Non-SST
6964.0,53.8837,3.1366,2.6048,0.1942,0,Non-SST
6964.5,57.4565,2.8455,2.5943,0.1977,0,Non-SST
6965.0,58.6278,2.606,2.5819,0.1945,0,Non-SST
6965.5,54.6451,2.9627,2.5894,0.1927,0,Non-SST
6966.0,51.4824,3.5284,2.5946,0.1914,0,Non-SST
6966.5,53.2395,3.6448,2.6002,0.1766,0,Non-SST
6967.0,55.1723,3.3487,2.5689,0.1618,0,Non-SST
6967.5,53.7666,3.2562,2.5654,0.1581,0,Non-SST
6968.0,50.7796,3.6987,2.5578,0.159,0,Non-SST
6968.5,49.0225,3.9705,2.5626,0.1586,0,Non-SST
6969.0,48.6711,3.867,2.5531,0.1509,0,Non-SST
6969.5,46.7383,3.8339,2.5489,0.154,0,Non-SST
6970.0,44.1027,4.5175,2.5654,0.1578,0,Non-SST
6970.5,44.8055,5.317,2.5599,0.1516,0,Non-SST
6971.0,47.6168,5.2485,2.5913,0.1395,0,Non-SST
6971.5,47.0897,6.1104,2.5507,0.1353,0,Non-SST
6972.0,43.0484,9.7535,2.6353,0.1336,0,Non-SST
6972.5,38.8314,12.9204,2.6935,0.1117,0,Non-SST
6973.0,35.1416,14.3388,2.7287,0.0851,0,Non-SST
6973.5,30.5732,14.5473,2.7248,0.0674,0,Non-SST
6974.0,26.3562,16.1392,2.7047,0.0605,0,Non-SST
6974.5,26.649,17.2976,2.6752,0.0569,0,Non-SST
6975.0,29.9289,16.8127,2.7113,0.055,0,Non-SST
6975.5,31.9203,15.4878,2.717,0.0543,0,Non-SST
6976.0,31.6274,13.916,2.7282,0.0605,0,Non-SST
6976.5,32.3302,12.4465,2.7079,0.0713,0,Non-SST
6977.0,37.2501,9.6411,2.6808,0.0831,0,Non-SST
6977.5,43.3998,7.547,2.6722,0.0976,0,Non-SST
6978.0,48.8468,5.156,2.6128,0.1148,0,Non-SST
6978.5,54.6451,4.7016,2.592,0.1456,0,Non-SST
6979.0,64.3091,4.2494,2.5477,0.1819,0,Non-SST
6979.5,82.5827,3.0782,2.4859,0.2198,0,Non-SST
6980.0,98.045,2.8951,2.4568,0.2538,0,Non-SST
6980.5,98.3964,2.9079,2.503,0.2653,0,Non-SST
6981.0,87.5025,3.9072,2.5894,0.2287,0,Non-SST
6981.5,70.2831,4.9533,2.6774,0.1766,0,Non-SST
6982.0,55.8751,7.0794,2.6719,0.1368,0,Non-SST
6982.5,49.1982,9.3862,2.6891,0.1087,0,Non-SST
6983.0,44.9812,10.7255,2.6655,0.0904,0,Non-SST
6983.5,41.6428,13.0625,2.6745,0.077,0,Non-SST
6984.0,40.4128,15.6212,2.6807,0.0724,0,Non-SST
6984.5,39.8857,18.8544,2.6939,0.0696,0,Non-SST
6985.0,38.1286,20.6125,2.697,0.0621,0,Non-SST
6985.5,36.1958,22.7247,2.7125,0.0547,0,Non-SST
6986.0,33.9116,24.6723,2.6961,0.0492,0,Non-SST
6986.5,30.5732,28.0864,2.6978,0.0482,0,Non-SST
6987.0,27.7618,34.0703,2.6909,0.0507,0,Non-SST
6987.5,26.9419,38.9071,2.6415,0.0538,0,Non-SST
6988.0,29.2846,39.729,2.5145,0.0568,0,Non-SST
6988.5,33.8823,32.0627,2.4204,0.0588,0,Non-SST
6989.0,36.108,25.8689,2.4869,0.0844,0,Non-SST
6989.5,32.1545,40.8954,2.5195,0.1,0,Non-SST
6990.0,26.1805,44.3484,2.5964,0.0834,0,Non-SST
6990.5,23.457,46.1126,2.5698,0.0576,0,Non-SST
6991.0,22.4028,39.789,2.6036,0.0474,0,Non-SST
6991.5,21.7878,34.0003,2.6274,0.0476,0,Non-SST
6992.0,22.1392,28.7069,2.6551,0.0478,0,Non-SST
6992.5,23.0177,26.4493,2.6582,0.0471,0,Non-SST
6993.0,23.8963,22.9545,2.6646,0.0503,0,Non-SST
6993.5,24.072,21.0132,2.6942,0.0542,0,Non-SST
6994.0,25.1262,20.0069,2.7023,0.0543,0,Non-SST
6994.5,28.8161,16.563,2.7166,0.054,0,Non-SST
6995.0,33.2088,16.0839,2.6849,0.058,0,Non-SST
6995.5,34.6144,12.3182,2.6791,0.0672,0,Non-SST
6996.0,33.0331,11.0777,2.6821,0.0785,0,Non-SST
6996.5,32.5059,10.1059,2.6994,0.0845,0,Non-SST
6997.0,34.0873,9.6424,2.7052,0.0889,0,Non-SST
6997.5,34.9659,8.4008,2.7083,0.0913,0,Non-SST
6998.0,33.2088,9.6839,2.6851,0.0955,0,Non-SST
6998.5,33.0331,9.7785,2.663,0.0943,0,Non-SST
6999.0,36.8986,8.4975,2.6488,0.0912,0,Non-SST
6999.5,39.1828,8.1868,2.6641,0.0925,0,Non-SST
7000.0,37.6015,7.9463,2.7036,0.0953,0,Non-SST
7000.5,33.9702,9.216,2.7342,0.0983,0,Non-SST
7001.0,30.7489,10.1141,2.7198,0.0916,0,Non-SST
7001.5,29.9875,8.6801,2.6963,0.0865,0,Non-SST
7002.0,30.3389,9.0956,2.664,0.0829,0,Non-SST
7002.5,31.3931,8.6341,2.6326,0.0844,0,Non-SST
7003.0,33.9116,7.8825,2.6168,0.0913,0,Non-SST
7003.5,37.0744,7.811,2.6436,0.0954,0,Non-SST
7004.0,39.8857,7.0085,2.6543,0.1035,0,Non-SST
7004.5,40.4714,6.6062,2.6574,0.108,0,Non-SST
7005.0,38.2457,7.0847,2.635,0.114,0,Non-SST
7005.5,37.1329,7.2964,2.6533,0.113,0,Non-SST
7006.0,39.1828,6.4267,2.6395,0.108,0,Non-SST
7006.5,40.7642,6.4546,2.6686,0.108,0,Non-SST
7007.0,39.8857,7.1884,2.6661,0.1099,0,Non-SST
7007.5,39.0071,7.1734,2.6682,0.1085,0,Non-SST
7008.0,39.0071,7.2782,2.644,0.1054,0,Non-SST
7008.5,37.2501,7.8716,2.6299,0.1019,0,Non-SST
7009.0,33.9116,7.8381,2.6121,0.0975,0,Non-SST
7009.5,33.0331,7.8153,2.6426,0.0953,0,Non-SST
7010.0,33.7359,7.8994,2.6574,0.0954,0,Non-SST
7010.5,32.5645,8.0628,2.671,0.0995,0,Non-SST
7011.0,31.7445,8.1079,2.6527,0.0977,0,Non-SST
7011.5,34.3216,7.8927,2.6704,0.0974,0,Non-SST
7012.0,37.9529,7.0648,2.6563,0.1052,0,Non-SST
7012.5,38.8314,7.0373,2.6432,0.1158,0,Non-SST
7013.0,38.6557,6.8064,2.5825,0.1244,0,Non-SST
7013.5,41.6428,6.2001,2.5762,0.1275,0,Non-SST
7014.0,45.684,6.051,2.5712,0.134,0,Non-SST
7014.5,47.0897,5.8388,2.6159,0.1436,0,Non-SST
7015.0,47.0897,5.0936,2.6289,0.15,0,Non-SST
7015.5,46.914,4.6527,2.5929,0.1533,0,Non-SST
7016.0,47.7925,5.1989,2.5646,0.1551,0,Non-SST
7016.5,49.3739,5.3265,2.5526,0.1553,0,Non-SST
7017.0,48.8468,5.3604,2.552,0.1601,0,Non-SST
7017.5,47.2654,5.2879,2.5638,0.1577,0,Non-SST
7018.0,47.7925,4.9492,2.5729,0.1622,0,Non-SST
7018.5,49.0225,4.4088,2.6002,0.1702,0,Non-SST
7019.0,49.901,3.9643,2.6056,0.1872,0,Non-SST
7019.5,56.0508,3.8406,2.5541,0.2031,0,Non-SST
7020.0,69.2289,1.7234,2.5191,0.224,0,Non-SST
7020.5,80.2985,1.0987,2.48,0.2654,0,Non-SST
7021.0,84.164,0.9951,2.5009,0.3186,0,Non-SST
7021.5,84.3398,0.9851,2.4939,0.3382,0,Non-SST
7022.0,79.0685,0.9903,2.5406,0.3317,0,Non-SST
7022.5,67.8232,1.0695,2.5513,0.3173,0,Non-SST
7023.0,59.2135,1.3217,2.6007,0.2916,0,Non-SST
7023.5,54.9965,1.8638,2.6276,0.266,0,Non-SST
7024.0,49.1982,1.8363,2.6837,0.2439,0,Non-SST
7024.5,42.697,2.2903,2.6981,0.2193,0,Non-SST
7025.0,40.0614,2.9032,2.6588,0.1997,0,Non-SST
7025.5,40.7642,3.323,2.6446,0.175,0,Non-SST
7026.0,40.9399,3.6339,2.649,0.1502,0,Non-SST
7026.5,39.71,4.9431,2.659,0.1257,0,Non-SST
7027.0,39.0071,5.9686,2.6823,0.1117,0,Non-SST
7027.5,39.71,5.9545,2.681,0.108,0,Non-SST
7028.0,43.0484,5.3121,2.6664,0.1134,0,Non-SST
7028.5,49.5496,3.6624,2.6126,0.1363,0,Non-SST
7029.0,55.348,2.9304,2.5823,0.1635,0,Non-SST
7029.5,60.7949,2.3892,2.549,0.1971,0,Non-SST
7030.0,66.4176,2.3374,2.546,0.2079,0,Non-SST
7030.5,68.8775,1.9591,2.5655,0.2216,0,Non-SST
7031.0,67.6475,2.0565,2.5796,0.2219,0,Non-SST
7031.5,62.9034,2.6084,2.5936,0.2127,0,Non-SST
7032.0,60.2678,3.7122,2.5432,0.1948,0,Non-SST
7032.5,64.3091,2.9578,2.5304,0.1865,0,Non-SST
7033.0,71.8645,2.6223,2.4971,0.192,0,Non-SST
7033.5,77.6629,2.7359,2.5266,0.2081,0,Non-SST
7034.0,80.6499,2.755,2.5532,0.2185,0,Non-SST
7034.5,78.5414,3.4389,2.5801,0.2085,0,Non-SST
7035.0,70.4588,4.0691,2.5851,0.1895,0,Non-SST
7035.5,65.8904,3.9578,2.569,0.1774,0,Non-SST
7036.0,66.0661,3.939,2.5703,0.1702,0,Non-SST
7036.5,66.769,3.4414,2.5491,0.1789,0,Non-SST
7037.0,69.4046,3.1797,2.5108,0.1896,0,Non-SST
7037.5,74.9687,2.938,2.4637,0.2082,0,Non-SST
7038.0,90.9581,2.7476,2.4646,0.2204,0,Non-SST
7038.5,107.4161,2.8727,2.5057,0.2364,0,Non-SST
7039.0,101.0906,2.8973,2.5262,0.2405,0,Non-SST
7039.5,86.0968,2.8429,2.5088,0.2434,0,Non-SST
7040.0,84.3398,2.5932,2.4918,0.2389,0,Non-SST
7040.5,87.1511,1.9884,2.5113,0.2413,0,Non-SST
7041.0,81.7627,1.9229,2.5756,0.2514,0,Non-SST
7041.5,71.5716,2.5253,2.5778,0.2418,0,Non-SST
7042.0,65.4804,2.5484,2.5668,0.2193,0,Non-SST
7042.5,62.6691,2.2966,2.5476,0.2006,0,Non-SST
7043.0,58.335,2.1939,2.5957,0.195,0,Non-SST
7043.5,54.4694,2.8087,2.6032,0.1931,0,Non-SST
7044.0,52.1852,3.0096,2.6407,0.184,0,Non-SST
7044.5,47.2654,3.3197,2.6612,0.1546,0,Non-SST
7045.0,39.0657,4.2914,2.6961,0.1014,0,Non-SST
7045.5,31.0417,7.0814,2.7126,0.0678,0,Non-SST
7046.0,25.3019,10.5644,2.718,0.0496,0,Non-SST
7046.5,22.9006,12.4129,2.7296,0.046,0,Non-SST
7047.0,22.6077,14.1761,2.6793,0.0488,0,Non-SST
7047.5,21.9635,15.4824,2.6649,0.0534,0,Non-SST
7048.0,22.022,15.6636,2.6597,0.0582,0,Non-SST
7048.5,23.1349,15.5863,2.6596,0.0619,0,Non-SST
7049.0,24.1305,15.2961,2.6225,0.0688,0,Non-SST
7049.5,24.0134,14.8381,2.603,0.0737,0,Non-SST
7050.0,23.1934,14.9248,2.5816,0.0777,0,Non-SST
7050.5,23.7791,14.2593,2.5986,0.0796,0,Non-SST
7051.0,25.3605,14.508,2.6076,0.0807,0,Non-SST
7051.5,25.8876,12.5317,2.615,0.0809,0,Non-SST
7052.0,24.2828,12.086,2.5999,0.0792,0,Non-SST
7052.5,22.678,12.1181,2.5997,0.078,0,Non-SST
7053.0,22.9357,11.6337,2.6054,0.076,0,Non-SST
7053.5,24.1305,9.6043,2.6137,0.0785,0,Non-SST
7054.0,26.4147,9.4721,2.6203,0.0815,0,Non-SST
7054.5,29.4603,9.6284,2.6265,0.0841,0,Non-SST
7055.0,31.4517,8.7141,2.6326,0.083,0,Non-SST
7055.5,30.9246,9.4444,2.6354,0.0787,0,Non-SST
7056.0,27.9375,11.017,2.6473,0.0727,0,Non-SST
7056.5,25.1262,12.0857,2.6505,0.068,0,Non-SST
7057.0,24.9505,12.1689,2.6613,0.0667,0,Non-SST
7057.5,25.8291,11.2844,2.6682,0.0692,0,Non-SST
7058.0,26.5319,11.3211,2.6583,0.0714,0,Non-SST
7058.5,29.3432,10.9556,2.6454,0.0741,0,Non-SST
7059.0,34.263,9.9888,2.6104,0.0804,0,Non-SST
7059.5,40.4128,7.9689,2.5572,0.0882,0,Non-SST
7060.0,45.1569,7.3657,2.5244,0.098,0,Non-SST
7060.5,44.9812,7.1577,2.5169,0.1045,0,Non-SST
7061.0,42.3456,6.8808,2.5474,0.1093,0,Non-SST
7061.5,42.5213,6.1194,2.5579,0.1137,0,Non-SST
7062.0,46.2112,5.4156,2.5844,0.1213,0,Non-SST
7062.5,49.5496,4.7283,2.6147,0.1362,0,Non-SST
7063.0,51.3067,4.3821,2.6125,0.1459,0,Non-SST
7063.5,53.4152,3.8205,2.6216,0.1547,0,Non-SST
7064.0,54.9965,3.3793,2.6261,0.1606,0,Non-SST
7064.5,50.6039,3.2209,2.6667,0.1686,0,Non-SST
7065.0,42.3456,3.9592,2.6674,0.1565,0,Non-SST
7065.5,39.1828,5.0884,2.6619,0.1375,0,Non-SST
7066.0,40.7642,5.3623,2.6608,0.1206,0,Non-SST
7066.5,39.8857,5.3748,2.6608,0.1154,0,Non-SST
7067.0,35.1416,6.1619,2.6472,0.1132,0,Non-SST
7067.5,33.0916,6.7412,2.6405,0.1134,0,Non-SST
7068.0,37.3672,6.7545,2.6019,0.1126,0,Non-SST
7068.5,44.3369,6.1434,2.5774,0.1188,0,Non-SST
7069.0,50.2524,5.1431,2.5549,0.1267,0,Non-SST
7069.5,53.4152,5.0744,2.5567,0.1399,0,Non-SST
7070.0,52.1852,4.741,2.5901,0.1453,0,Non-SST
7070.5,47.7925,6.9605,2.6155,0.1325,0,Non-SST
7071.0,45.1569,8.0311,2.6378,0.1119,0,Non-SST
7071.5,44.9812,9.7803,2.634,0.0948,0,Non-SST
7072.0,43.7512,11.7031,2.6642,0.0812,0,Non-SST
7072.5,42.1699,13.4707,2.6697,0.0708,0,Non-SST
7073.0,40.2371,16.7741,2.6849,0.0626,0,Non-SST
7073.5,35.8444,18.2906,2.6743,0.0589,0,Non-SST
7074.0,33.0331,20.3268,2.6796,0.0537,0,Non-SST
7074.5,33.3845,21.3254,2.677,0.0456,0,Non-SST
7075.0,30.3975,25.9185,2.692,0.0417,0,Non-SST
7075.5,25.4776,27.9186,2.6945,0.0369,0,Non-SST
7076.0,25.6533,27.4884,2.714,0.0325,0,Non-SST
7076.5,26.8833,26.6647,2.7176,0.0279,0,Non-SST
7077.0,24.9505,25.5629,2.7045,0.0295,0,Non-SST
7077.5,24.4234,24.1431,2.6708,0.0348,0,Non-SST
7078.0,27.4104,22.1222,2.6649,0.0393,0,Non-SST
7078.5,29.8703,20.7118,2.6716,0.0437,0,Non-SST
7079.0,29.6946,20.2157,2.6656,0.0479,0,Non-SST
7079.5,29.1675,18.9603,2.6415,0.0515,0,Non-SST
7080.0,28.6404,17.8747,2.6369,0.0526,0,Non-SST
7080.5,28.289,17.2912,2.655,0.0532,0,Non-SST
7081.0,29.5189,16.6129,2.6688,0.0532,0,Non-SST
7081.5,30.046,14.8454,2.6755,0.0548,0,Non-SST
7082.0,28.4647,13.9547,2.6642,0.0563,0,Non-SST
7082.5,27.4104,13.3718,2.6488,0.0578,0,Non-SST
7083.0,27.059,12.673,2.641,0.0595,0,Non-SST
7083.5,26.5319,12.0779,2.6428,0.0639,0,Non-SST
7084.0,27.059,10.8826,2.6513,0.0709,0,Non-SST
7084.5,29.8703,9.4036,2.6618,0.0774,0,Non-SST
7085.0,34.0873,7.8684,2.6704,0.0839,0,Non-SST
7085.5,36.3715,8.3682,2.6845,0.0868,0,Non-SST
7086.0,33.5602,9.7792,2.6803,0.0812,0,Non-SST
7086.5,26.0048,13.22,2.6966,0.0685,0,Non-SST
7087.0,20.7335,14.4189,2.669,0.055,0,Non-SST
7087.5,22.3149,14.2763,2.6634,0.0467,0,Non-SST
7088.0,25.1262,13.6282,2.655,0.046,0,Non-SST
7088.5,24.2477,15.3964,2.6566,0.0494,0,Non-SST
7089.0,21.7878,16.3341,2.6542,0.0515,0,Non-SST
7089.5,20.9678,16.5129,2.6308,0.052,0,Non-SST
7090.0,21.7292,15.7303,2.6282,0.0569,0,Non-SST
7090.5,22.9006,14.361,2.6356,0.0677,0,Non-SST
7091.0,22.9592,12.3777,2.6167,0.0792,0,Non-SST
7091.5,20.7921,13.4933,2.626,0.0851,0,Non-SST
7092.0,19.5621,13.6855,2.6225,0.0818,0,Non-SST
7092.5,19.9136,13.9535,2.6529,0.08,0,Non-SST
7093.0,18.8593,17.3763,2.6119,0.0755,0,Non-SST
7093.5,17.8051,21.1879,2.6207,0.0682,0,Non-SST
7094.0,18.1565,22.9737,2.637,0.059,0,Non-SST
7094.5,18.8593,23.0931,2.6597,0.0533,0,Non-SST
7095.0,20.4992,22.9025,2.6577,0.0507,0,Non-SST
7095.5,24.2477,22.1012,2.6654,0.0493,0,Non-SST
7096.0,28.1133,20.0357,2.6565,0.0505,0,Non-SST
7096.5,29.6946,18.4587,2.6727,0.0566,0,Non-SST
7097.0,31.1003,17.5982,2.6627,0.0622,0,Non-SST
7097.5,33.9116,16.4736,2.6531,0.0665,0,Non-SST
7098.0,34.4387,14.4488,2.6467,0.0682,0,Non-SST
7098.5,30.046,14.1529,2.668,0.0726,0,Non-SST
7099.0,25.4776,13.4121,2.6553,0.0739,0,Non-SST
7099.5,26.0048,11.2099,2.6576,0.076,0,Non-SST
7100.0,30.7489,7.5316,2.6194,0.0843,0,Non-SST
7100.5,36.3715,7.2133,2.6294,0.0964,0,Non-SST
7101.0,39.71,7.7894,2.6121,0.106,0,Non-SST
7101.5,41.8185,7.9224,2.6082,0.1068,0,Non-SST
7102.0,44.1027,7.9035,2.607,0.1066,0,Non-SST
7102.5,44.9812,8.2316,2.6015,0.1043,0,Non-SST
7103.0,45.684,7.993,2.6075,0.1034,0,Non-SST
7103.5,46.3869,7.9552,2.6164,0.1033,0,Non-SST
7104.0,46.0355,7.467,2.6132,0.1059,0,Non-SST
7104.5,47.0897,6.6843,2.6104,0.1098,0,Non-SST
7105.0,51.6581,5.983,2.5899,0.1234,0,Non-SST
7105.5,56.2265,5.0984,2.5492,0.1538,0,Non-SST
7106.0,59.3892,4.7469,2.4804,0.1791,0,Non-SST
7106.5,66.0661,4.2192,2.4517,0.21,0,Non-SST
7107.0,78.19,3.1998,2.4781,0.2363,0,Non-SST
7107.5,84.5155,2.5855,2.5393,0.251,0,Non-SST
7108.0,74.2073,3.3869,2.579,0.2174,0,Non-SST
7108.5,59.6821,3.8636,2.5975,0.1807,0,Non-SST
7109.0,54.8208,3.3853,2.6053,0.1664,0,Non-SST
7109.5,55.9337,2.784,2.5815,0.1687,0,Non-SST
7110.0,58.1007,2.6986,2.5719,0.1721,0,Non-SST
7110.5,61.322,2.5301,2.5481,0.1686,0,Non-SST
7111.0,61.732,2.924,2.558,0.1621,0,Non-SST
7111.5,55.1137,3.4221,2.5805,0.1488,0,Non-SST
7112.0,47.0897,3.9393,2.6088,0.1369,0,Non-SST
7112.5,43.8098,4.3172,2.6231,0.1258,0,Non-SST
7113.0,43.8684,4.3722,2.5941,0.1252,0,Non-SST
7113.5,47.2654,4.2515,2.5795,0.1291,0,Non-SST
7114.0,52.1852,4.2032,2.5567,0.139,0,Non-SST
7114.5,55.348,4.1392,2.5609,0.144,0,Non-SST
7115.0,56.7536,3.819,2.5892,0.149,0,Non-SST
7115.5,55.5237,3.4595,2.6123,0.1567,0,Non-SST
7116.0,55.8751,3.0004,2.6032,0.1714,0,Non-SST
7116.5,60.2678,2.793,2.5753,0.1905,0,Non-SST
7117.0,64.8362,2.0427,2.5529,0.2106,0,Non-SST
7117.5,69.2289,1.5911,2.5651,0.232,0,Non-SST
7118.0,70.1074,1.3694,2.5735,0.2514,0,Non-SST
7118.5,63.4305,1.6204,2.5886,0.2339,0,Non-SST
7119.0,53.5909,3.4021,2.5753,0.1979,0,Non-SST
7119.5,45.1569,4.9821,2.6002,0.1593,0,Non-SST
7120.0,39.3586,5.8755,2.6364,0.1298,0,Non-SST
7120.5,35.3173,6.2942,2.6793,0.1069,0,Non-SST
7121.0,31.276,7.433,2.7161,0.092,0,Non-SST
7121.5,28.6404,7.1528,2.6786,0.0863,0,Non-SST
7122.0,30.2217,6.3443,2.6813,0.0864,0,Non-SST
7122.5,35.3173,5.4159,2.6273,0.0923,0,Non-SST
7123.0,41.2913,4.6094,2.6153,0.1075,0,Non-SST
7123.5,47.6168,3.6513,2.584,0.1303,0,Non-SST
7124.0,55.8751,2.6311,2.5652,0.156,0,Non-SST
7124.5,62.7277,3.2494,2.5787,0.1741,0,Non-SST
7125.0,60.9706,4.1642,2.6083,0.1708,0,Non-SST
7125.5,53.2395,4.6691,2.6578,0.1599,0,Non-SST
7126.0,46.7383,4.6119,2.6506,0.1367,0,Non-SST
7126.5,43.2241,5.5873,2.6688,0.1249,0,Non-SST
7127.0,41.8185,5.5393,2.6809,0.1173,0,Non-SST
7127.5,39.3586,7.6828,2.7147,0.1101,0,Non-SST
7128.0,34.263,8.6392,2.714,0.0982,0,Non-SST
7128.5,31.7445,8.8954,2.6952,0.0875,0,Non-SST
7129.0,34.0288,9.1326,2.7038,0.0847,0,Non-SST
7129.5,36.7815,8.8605,2.6953,0.0879,0,Non-SST
7130.0,38.07,8.7504,2.6824,0.0917,0,Non-SST
7130.5,37.2501,8.3878,2.6699,0.096,0,Non-SST
7131.0,35.6101,7.7714,2.6425,0.1029,0,Non-SST
7131.5,35.1416,7.451,2.6341,0.1131,0,Non-SST
7132.0,35.493,6.8184,2.6546,0.1216,0,Non-SST
7132.5,37.0158,5.6837,2.6282,0.1279,0,Non-SST
7133.0,41.5842,4.2361,2.6159,0.1398,0,Non-SST
7133.5,49.3739,4.0588,2.575,0.157,0,Non-SST
7134.0,59.8578,3.1338,2.5336,0.193,0,Non-SST
7134.5,72.2745,2.0209,2.5275,0.2278,0,Non-SST
7135.0,77.78,1.464,2.5175,0.2521,0,Non-SST
7135.5,70.6345,1.3265,2.5842,0.2384,0,Non-SST
7136.0,59.2135,1.7714,2.61,0.2018,0,Non-SST
7136.5,51.8338,4.428,2.6604,0.1537,0,Non-SST
7137.0,46.3869,5.7379,2.6463,0.1188,0,Non-SST
7137.5,39.71,6.3943,2.651,0.0983,0,Non-SST
7138.0,35.3173,8.409,2.6408,0.0925,0,Non-SST
7138.5,33.9116,8.8409,2.6509,0.0899,0,Non-SST
7139.0,32.6817,8.27,2.64,0.0944,0,Non-SST
7139.5,33.3845,7.2113,2.6441,0.102,0,Non-SST
7140.0,39.3586,5.3179,2.6017,0.1215,0,Non-SST
7140.5,48.3197,3.7606,2.5905,0.149,0,Non-SST
7141.0,56.0508,3.2346,2.5623,0.186,0,Non-SST
7141.5,61.8492,2.9725,2.5513,0.2133,0,Non-SST
7142.0,67.2961,2.1495,2.5466,0.2276,0,Non-SST
7142.5,73.2702,1.5345,2.572,0.2349,0,Non-SST
7143.0,73.7973,1.4704,2.6113,0.2267,0,Non-SST
7143.5,64.8362,2.7286,2.6748,0.1912,0,Non-SST
7144.0,50.7796,4.0192,2.7065,0.1565,0,Non-SST
7144.5,37.6015,5.6673,2.7311,0.1285,0,Non-SST
7145.0,31.1003,6.4334,2.7083,0.1087,0,Non-SST
7145.5,31.6274,6.8063,2.7137,0.0972,0,Non-SST
7146.0,34.263,7.4127,2.6873,0.0952,0,Non-SST
7146.5,37.2501,8.0279,2.6535,0.0958,0,Non-SST
7147.0,38.8314,8.8859,2.6419,0.0964,0,Non-SST
7147.5,36.5472,9.9799,2.6613,0.0909,0,Non-SST
7148.0,32.6817,10.2419,2.6834,0.0883,0,Non-SST
7148.5,31.1003,9.7981,2.6829,0.0856,0,Non-SST
7149.0,32.6817,9.1838,2.6511,0.0874,0,Non-SST
7149.5,36.7229,8.0358,2.6321,0.0942,0,Non-SST
7150.0,41.2913,6.851,2.5974,0.1065,0,Non-SST
7150.5,44.2784,5.324,2.5952,0.1246,0,Non-SST
7151.0,45.8597,4.512,2.6045,0.1471,0,Non-SST
7151.5,45.684,3.9991,2.6015,0.1659,0,Non-SST
7152.0,46.7383,4.2294,2.5665,0.1782,0,Non-SST
7152.5,50.9553,2.447,2.5239,0.1879,0,Non-SST
7153.0,54.8208,2.0528,2.5053,0.2065,0,Non-SST
7153.5,57.6322,1.9992,2.5156,0.2222,0,Non-SST
7154.0,59.2135,1.7198,2.5306,0.2355,0,Non-SST
7154.5,58.335,2.5179,2.5362,0.2299,0,Non-SST
7155.0,57.2808,2.2319,2.5548,0.2241,0,Non-SST
7155.5,57.9836,2.2284,2.5742,0.2159,0,Non-SST
7156.0,58.1593,2.0616,2.595,0.2115,0,Non-SST
7156.5,56.2265,2.4355,2.581,0.2097,0,Non-SST
7157.0,54.9965,2.3443,2.5558,0.2034,0,Non-SST
7157.5,56.0508,2.0818,2.56,0.2005,0,Non-SST
7158.0,58.335,1.9233,2.5486,0.2072,0,Non-SST
7158.5,60.6192,1.7181,2.548,0.2201,0,Non-SST
7159.0,62.2006,2.3151,2.5235,0.2227,0,Non-SST
7159.5,65.8904,1.5148,2.5331,0.2227,0,Non-SST
7160.0,67.261,1.7873,2.588,0.2023,0,Non-SST
7160.5,60.1975,4.6496,2.6545,0.1609,0,Non-SST
7161.0,51.0958,6.9231,2.6612,0.1232,0,Non-SST
7161.5,45.684,10.3679,2.6681,0.0974,0,Non-SST
7162.0,41.8185,11.2871,2.6934,0.0863,0,Non-SST
7162.5,34.4387,14.2892,2.6439,0.0777,0,Non-SST
7163.0,24.5991,20.5678,2.603,0.0722,0,Non-SST
7163.5,18.8007,21.5632,2.545,0.0721,0,Non-SST
7164.0,17.5122,23.0498,2.556,0.0755,0,Non-SST
7164.5,18.8593,23.6582,2.6287,0.0722,0,Non-SST
7165.0,22.7834,23.6,2.6658,0.0645,0,Non-SST
7165.5,25.1262,22.8932,2.6914,0.0574,0,Non-SST
7166.0,23.0177,23.5266,2.6406,0.0532,0,Non-SST
7166.5,20.0307,21.6966,2.636,0.0511,0,Non-SST
7167.0,19.5036,17.0253,2.6406,0.0605,0,Non-SST
7167.5,25.7705,11.3137,2.6463,0.0761,0,Non-SST
7168.0,45.0398,9.3998,2.6223,0.1092,0,Non-SST
7168.5,68.6432,4.735,2.5587,0.1494,0,Non-SST
7169.0,80.6499,2.0272,2.5381,0.2173,0,Non-SST
7169.5,84.5155,1.5129,2.5427,0.2786,0,Non-SST
7170.0,88.381,1.3272,2.5404,0.295,0,Non-SST
7170.5,89.2596,1.3096,2.5106,0.2929,0,Non-SST
7171.0,86.4483,1.2739,2.5055,0.2953,0,Non-SST
7171.5,85.2183,1.2015,2.5208,0.302,0,Non-SST
7172.0,86.2725,1.2224,2.5511,0.3128,0,Non-SST
7172.5,86.5654,1.2554,2.5394,0.3176,0,Non-SST
7173.0,86.3311,1.2382,2.5052,0.3181,0,Non-SST
7173.5,87.6196,1.2367,2.5048,0.3094,0,Non-SST
7174.0,89.611,1.1915,2.4986,0.3073,0,Non-SST
7174.5,89.7867,1.166,2.5133,0.3147,0,Non-SST
7175.0,88.2053,1.152,2.5181,0.3182,0,Non-SST
7175.5,87.5904,1.1202,2.5581,0.3181,0,Non-SST
7176.0,89.4353,1.1647,2.5351,0.314,0,Non-SST
7176.5,90.9288,1.1774,2.5406,0.3244,0,Non-SST
7177.0,91.7195,1.1629,2.5131,0.321,0,Non-SST
7177.5,91.3681,1.1624,2.5225,0.3207,0,Non-SST
7178.0,88.7325,1.1475,2.5101,0.321,0,Non-SST
7178.5,88.0296,1.1401,2.5196,0.3343,0,Non-SST
7179.0,88.5568,1.1269,2.513,0.3426,0,Non-SST
7179.5,86.9754,1.1323,2.5446,0.3427,0,Non-SST
7180.0,87.1511,1.1646,2.5512,0.3351,0,Non-SST
7180.5,90.0795,1.1839,2.554,0.3394,0,Non-SST
7181.0,92.3052,1.2026,2.5241,0.3455,0,Non-SST
7181.5,92.188,1.1911,2.5143,0.3528,0,Non-SST
7182.0,90.3138,1.1824,2.5263,0.3437,0,Non-SST
7182.5,90.1381,1.1895,2.5341,0.329,0,Non-SST
7183.0,91.5438,1.1786,2.5677,0.3252,0,Non-SST
7183.5,91.7195,1.1751,2.5635,0.3321,0,Non-SST
7184.0,91.1924,1.1734,2.5502,0.3337,0,Non-SST
7184.5,91.5438,1.1541,2.5136,0.3243,0,Non-SST
7185.0,91.0167,1.1415,2.4997,0.3144,0,Non-SST
7185.5,87.6782,1.1506,2.5008,0.3119,0,Non-SST
7186.0,84.5155,1.1864,2.519,0.3113,0,Non-SST
7186.5,81.5284,1.2148,2.5302,0.3036,0,Non-SST
7187.0,76.2572,1.2661,2.5566,0.2881,0,Non-SST
7187.5,70.986,1.4861,2.5546,0.267,0,Non-SST
7188.0,66.5933,1.8057,2.536,0.2433,0,Non-SST
7188.5,65.0119,1.942,2.5399,0.2315,0,Non-SST
7189.0,67.1204,1.9013,2.5517,0.2303,0,Non-SST
7189.5,70.8103,1.635,2.569,0.2394,0,Non-SST
7190.0,76.96,1.5292,2.5528,0.2487,0,Non-SST
7190.5,82.5827,1.3792,2.5245,0.2528,0,Non-SST
7191.0,84.6912,1.2128,2.5147,0.2655,0,Non-SST
7191.5,84.2226,1.1324,2.5104,0.2919,0,Non-SST
7192.0,81.2942,1.1126,2.5359,0.3183,0,Non-SST
7192.5,78.2486,1.1549,2.5234,0.3282,0,Non-SST
7193.0,77.8386,1.2115,2.568,0.3211,0,Non-SST
7193.5,77.3114,1.25,2.5684,0.3074,0,Non-SST
7194.0,75.0272,1.2555,2.5872,0.2999,0,Non-SST
7194.5,72.3916,1.3358,2.5545,0.2837,0,Non-SST
7195.0,69.6974,1.4862,2.5294,0.2656,0,Non-SST
7195.5,64.5433,1.725,2.5258,0.2372,0,Non-SST
7196.0,54.938,2.2712,2.5749,0.2019,0,Non-SST
7196.5,46.0355,3.7125,2.6157,0.164,0,Non-SST
7197.0,41.8185,4.782,2.6592,0.1307,0,Non-SST
7197.5,40.4128,5.9614,2.6512,0.1085,0,Non-SST
7198.0,39.5343,6.5809,2.6625,0.0971,0,Non-SST
7198.5,38.3043,7.3384,2.6521,0.0946,0,Non-SST
7199.0,37.2501,7.8639,2.6517,0.0956,0,Non-SST
7199.5,37.9529,7.8284,2.6535,0.0993,0,Non-SST
7200.0,40.5885,7.7511,2.6536,0.1008,0,Non-SST
7200.5,44.6298,7.6212,2.6221,0.1046,0,Non-SST
7201.0,48.4954,7.0587,2.6472,0.1127,0,Non-SST
7201.5,48.1439,6.9491,2.664,0.121,0,Non-SST
7202.0,44.8055,7.4281,2.6727,0.1246,0,Non-SST
7202.5,43.3998,6.5313,2.6357,0.123,0,Non-SST
7203.0,43.5755,5.7611,2.6017,0.1282,0,Non-SST
7203.5,43.9855,5.6254,2.6239,0.1381,0,Non-SST
7204.0,46.7968,4.9152,2.6047,0.1498,0,Non-SST
7204.5,50.6039,4.335,2.6066,0.1607,0,Non-SST
7205.0,52.5952,3.7294,2.5998,0.1709,0,Non-SST
7205.5,52.5952,3.6339,2.6354,0.1817,0,Non-SST
7206.0,50.4281,3.6436,2.6298,0.1887,0,Non-SST
7206.5,50.9553,3.039,2.615,0.1979,0,Non-SST
7207.0,57.6322,2.294,2.5947,0.2136,0,Non-SST
7207.5,65.1876,1.8067,2.5685,0.2324,0,Non-SST
7208.0,69.4046,1.7486,2.5342,0.2368,0,Non-SST
7208.5,71.5131,1.6298,2.5331,0.2341,0,Non-SST
7209.0,69.5803,2.0607,2.5719,0.2156,0,Non-SST
7209.5,61.1463,3.3006,2.6497,0.179,0,Non-SST
7210.0,51.8338,4.6487,2.6652,0.1441,0,Non-SST
7210.5,47.4411,5.2343,2.6545,0.1223,0,Non-SST
7211.0,44.1027,5.7659,2.6327,0.1132,0,Non-SST
7211.5,39.8857,6.8215,2.644,0.1033,0,Non-SST
7212.0,39.3586,7.4406,2.6391,0.0957,0,Non-SST
7212.5,38.6557,7.8447,2.674,0.0943,0,Non-SST
7213.0,35.493,7.9589,2.665,0.1002,0,Non-SST
7213.5,38.6557,8.2101,2.6482,0.1016,0,Non-SST
7214.0,48.6711,7.7859,2.6061,0.0992,0,Non-SST
7214.5,52.0095,4.9873,2.6021,0.1016,0,Non-SST
7215.0,45.1569,5.0813,2.6372,0.1155,0,Non-SST
7215.5,38.48,6.7552,2.6381,0.1172,0,Non-SST
7216.0,37.7772,7.8414,2.6673,0.1073,0,Non-SST
7216.5,39.8857,6.4954,2.6615,0.0922,0,Non-SST
7217.0,40.4128,5.4938,2.6848,0.0881,0,Non-SST
7217.5,39.3586,7.4003,2.663,0.0858,0,Non-SST
7218.0,36.5472,9.1166,2.6677,0.0799,0,Non-SST
7218.5,33.5602,9.8851,2.6689,0.0712,0,Non-SST
7219.0,33.0331,9.6098,2.6523,0.0677,0,Non-SST
7219.5,31.7153,10.4759,2.649,0.0674,0,Non-SST
7220.0,27.879,10.8739,2.6252,0.0702,0,Non-SST
7220.5,25.2726,10.432,2.6185,0.0753,0,Non-SST
7221.0,24.5405,10.0612,2.6395,0.0825,0,Non-SST
7221.5,25.3019,9.8097,2.6472,0.0852,0,Non-SST
7222.0,28.9918,8.844,2.6786,0.0834,0,Non-SST
7222.5,33.0331,6.3045,2.6618,0.09,0,Non-SST
7223.0,36.7229,6.3616,2.6367,0.1018,0,Non-SST
7223.5,45.684,5.6906,2.6182,0.117,0,Non-SST
7224.0,55.1723,3.1156,2.6393,0.1334,0,Non-SST
7224.5,56.1094,2.8674,2.6567,0.1554,0,Non-SST
7225.0,54.8794,4.1127,2.6505,0.1714,0,Non-SST
7225.5,56.2265,3.7777,2.6707,0.1652,0,Non-SST
7226.0,53.8837,3.4053,2.6747,0.1515,0,Non-SST
7226.5,46.9726,3.1901,2.7019,0.1315,0,Non-SST
7227.0,42.8727,5.5379,2.6647,0.1093,0,Non-SST
7227.5,42.5799,5.9329,2.6725,0.0978,0,Non-SST
7228.0,42.1699,5.7671,2.6579,0.0966,0,Non-SST
7228.5,42.697,5.4878,2.6976,0.1091,0,Non-SST
7229.0,47.4411,4.9214,2.6361,0.122,0,Non-SST
7229.5,58.5107,3.635,2.5924,0.137,0,Non-SST
7230.0,67.4718,3.1249,2.5715,0.153,0,Non-SST
7230.5,62.9034,3.7843,2.6061,0.1778,0,Non-SST
7231.0,50.9553,6.1992,2.6605,0.1902,0,Non-SST
7231.5,40.2371,9.0038,2.683,0.1607,0,Non-SST
7232.0,30.3975,9.9013,2.665,0.1246,0,Non-SST
7232.5,23.1934,9.6444,2.594,0.0968,0,Non-SST
7233.0,20.2064,8.7293,2.5018,0.0855,0,Non-SST
7233.5,20.5578,7.9772,2.4562,0.0883,0,Non-SST
7234.0,21.7878,7.5153,2.4638,0.1057,0,Non-SST
7234.5,22.6663,7.3917,2.448,0.128,0,Non-SST
7235.0,23.3691,7.3385,2.465,0.1442,0,Non-SST
7235.5,23.8963,7.2088,2.4526,0.1511,0,Non-SST
7236.0,25.3019,7.4247,2.4694,0.1571,0,Non-SST
7236.5,27.4104,7.2648,2.4539,0.1586,0,Non-SST
7237.0,28.8161,7.4709,2.428,0.1588,0,Non-SST
7237.5,28.6404,8.375,2.4092,0.1576,0,Non-SST
7238.0,27.2347,11.3697,2.3932,0.1392,1,Gas
7238.5,26.3562,15.4037,2.3861,0.1295,1,Gas
7239.0,28.8161,18.4153,2.505,0.1115,0,Non-SST
7239.5,32.6817,18.5602,2.5263,0.0998,0,Non-SST
7240.0,30.046,21.882,2.5564,0.0906,0,Non-SST
7240.5,22.1392,24.6184,2.5148,0.0866,0,Non-SST
7241.0,18.2736,23.7294,2.5548,0.0822,0,Non-SST
7241.5,18.9764,24.8391,2.5998,0.0776,0,Non-SST
7242.0,21.9635,36.0072,2.6326,0.0715,0,Non-SST
7242.5,26.8833,41.0537,2.6695,0.0589,0,Non-SST
7243.0,30.5732,46.591,2.6784,0.0454,0,Non-SST
7243.5,30.9246,44.0958,2.6648,0.0364,0,Non-SST
7244.0,29.1675,47.0316,2.6633,0.0346,0,Non-SST
7244.5,28.8161,45.6942,2.6762,0.0357,0,Non-SST
7245.0,30.046,43.2119,2.6833,0.0374,0,Non-SST
7245.5,30.5732,40.8016,2.6834,0.0395,0,Non-SST
7246.0,31.1003,39.4027,2.6821,0.0399,0,Non-SST
7246.5,33.0331,35.3648,2.6847,0.0394,0,Non-SST
7247.0,35.8444,31.9407,2.6728,0.0391,0,Non-SST
7247.5,39.0071,28.1656,2.6663,0.0416,0,Non-SST
7248.0,44.8055,22.217,2.638,0.05,0,Non-SST
7248.5,53.0638,17.5151,2.6029,0.0648,0,Non-SST
7249.0,58.335,13.7036,2.5617,0.0848,0,Non-SST
7249.5,62.2006,11.9508,2.491,0.1076,0,Non-SST
7250.0,69.2289,8.4624,2.43,0.1367,0,Non-SST
7250.5,74.1487,6.8772,2.4227,0.1713,0,Non-SST
7251.0,75.3787,6.1081,2.4296,0.1973,0,Non-SST
7251.5,76.96,6.1772,2.4465,0.2,0,Non-SST
7252.0,76.8819,6.3015,2.468,0.1928,0,Non-SST
7252.5,69.6584,5.9341,2.5428,0.1871,0,Non-SST
7253.0,56.4413,7.1639,2.5801,0.1729,0,Non-SST
7253.5,44.5126,8.8021,2.5984,0.1479,0,Non-SST
7254.0,38.3043,9.2078,2.6056,0.1188,0,Non-SST
7254.5,36.8986,8.6672,2.6459,0.098,0,Non-SST
7255.0,35.1416,9.4385,2.6631,0.0917,0,Non-SST
7255.5,31.276,11.6106,2.6792,0.0852,0,Non-SST
7256.0,28.6404,12.2163,2.7047,0.0803,0,Non-SST
7256.5,27.7618,11.5181,2.7145,0.0778,0,Non-SST
7257.0,27.7618,9.6976,2.7037,0.0852,0,Non-SST
7257.5,30.9246,7.9084,2.6895,0.0994,0,Non-SST
7258.0,38.48,6.2709,2.6529,0.1168,0,Non-SST
7258.5,48.4954,4.6503,2.6255,0.1401,0,Non-SST
7259.0,56.4022,3.6787,2.5941,0.1653,0,Non-SST
7259.5,58.6864,3.2934,2.6279,0.18,0,Non-SST
7260.0,57.9836,3.6082,2.6163,0.1823,0,Non-SST
7260.5,63.2548,2.1995,2.6104,0.1898,0,Non-SST
7261.0,73.7973,1.8166,2.5682,0.2091,0,Non-SST
7261.5,78.5414,1.7014,2.5608,0.2464,0,Non-SST
7262.0,78.3657,1.6241,2.572,0.276,0,Non-SST
7262.5,79.9471,1.5708,2.5691,0.2704,0,Non-SST
7263.0,82.2313,1.6251,2.5749,0.259,0,Non-SST
7263.5,81.5284,1.6488,2.5791,0.2494,0,Non-SST
7264.0,79.0685,1.6634,2.58,0.2465,0,Non-SST
7264.5,77.1357,1.7293,2.5804,0.2519,0,Non-SST
7265.0,74.8515,1.8299,2.5814,0.2493,0,Non-SST
7265.5,72.2159,1.8835,2.5606,0.2498,0,Non-SST
7266.0,71.3374,1.8107,2.5386,0.2445,0,Non-SST
7266.5,72.3916,1.7305,2.5371,0.2458,0,Non-SST
7267.0,72.0402,1.7418,2.5844,0.2499,0,Non-SST
7267.5,70.2831,1.8733,2.5806,0.2438,0,Non-SST
7268.0,69.5803,2.0773,2.5856,0.2438,0,Non-SST
7268.5,70.2831,2.0813,2.607,0.2336,0,Non-SST
7269.0,72.0402,1.8163,2.6191,0.2328,0,Non-SST
7269.5,75.3787,1.6915,2.5508,0.2298,0,Non-SST
7270.0,80.8256,1.6728,2.5255,0.2443,0,Non-SST
7270.5,83.8126,1.6647,2.5306,0.2603,0,Non-SST
7271.0,82.9341,1.6808,2.5671,0.2763,0,Non-SST
7271.5,82.0555,1.7624,2.5619,0.2741,0,Non-SST
7272.0,81.5284,1.7422,2.5803,0.2764,0,Non-SST
7272.5,81.0013,1.7868,2.5724,0.2638,0,Non-SST
7273.0,80.1228,1.9052,2.5783,0.2605,0,Non-SST
7273.5,78.7171,1.945,2.5858,0.2468,0,Non-SST
7274.0,76.2572,2.1929,2.6003,0.2449,0,Non-SST
7274.5,74.5001,2.3366,2.5929,0.2406,0,Non-SST
7275.0,75.5544,2.2243,2.5685,0.2377,0,Non-SST
7275.5,76.6086,2.1084,2.5445,0.229,0,Non-SST
7276.0,75.9058,2.4183,2.5546,0.2085,0,Non-SST
7276.5,71.3374,3.222,2.5789,0.1866,0,Non-SST
7277.0,63.2548,4.4571,2.6114,0.1636,0,Non-SST
7277.5,56.9293,5.1835,2.6367,0.1461,0,Non-SST
7278.0,55.348,5.4703,2.6286,0.136,0,Non-SST
7278.5,57.6322,5.6919,2.6307,0.1323,0,Non-SST
7279.0,59.5649,5.6009,2.6241,0.1345,0,Non-SST
7279.5,59.0378,5.8386,2.6001,0.1401,0,Non-SST
7280.0,57.9836,5.4331,2.6101,0.1462,0,Non-SST
7280.5,57.2808,5.1139,2.6262,0.1547,0,Non-SST
7281.0,55.5237,4.6897,2.65,0.1596,0,Non-SST
7281.5,54.6451,4.7098,2.6365,0.167,0,Non-SST
7282.0,59.3892,4.1981,2.6022,0.1709,0,Non-SST
7282.5,67.6475,3.5649,2.5902,0.1784,0,Non-SST
7283.0,72.743,2.8517,2.5893,0.1914,0,Non-SST
7283.5,71.6888,2.468,2.5816,0.2092,0,Non-SST
7284.0,67.1204,2.4626,2.5689,0.2204,0,Non-SST
7284.5,62.552,2.7375,2.5588,0.2168,0,Non-SST
7285.0,59.0378,2.9714,2.5803,0.211,0,Non-SST
7285.5,57.6322,3.5635,2.5884,0.2015,0,Non-SST
7286.0,57.9836,3.7356,2.6177,0.1897,0,Non-SST
7286.5,57.8079,3.6488,2.5918,0.1832,0,Non-SST
7287.0,56.2265,3.9702,2.5805,0.1832,0,Non-SST
7287.5,56.7536,4.1744,2.5741,0.185,0,Non-SST
7288.0,61.1463,3.4898,2.5948,0.1855,0,Non-SST
7288.5,66.2419,3.0172,2.6166,0.1851,0,Non-SST
7289.0,69.5803,2.7961,2.6119,0.1959,0,Non-SST
7289.5,69.0532,2.7602,2.6027,0.2042,0,Non-SST
7290.0,67.2961,2.8289,2.5847,0.2077,0,Non-SST
7290.5,70.2831,2.8214,2.5653,0.2048,0,Non-SST
7291.0,75.3787,2.4438,2.5702,0.2035,0,Non-SST
7291.5,76.96,2.2178,2.5616,0.2149,0,Non-SST
7292.0,79.4199,2.109,2.5843,0.2262,0,Non-SST
7292.5,84.3398,2.0182,2.5536,0.2424,0,Non-SST
7293.0,84.6912,1.963,2.5591,0.2546,0,Non-SST
7293.5,82.7584,1.9684,2.5476,0.2707,0,Non-SST
7294.0,83.6369,1.9461,2.5699,0.2812,0,Non-SST
7294.5,85.2183,1.8055,2.5842,0.2767,0,Non-SST
7295.0,86.7997,1.6496,2.5837,0.268,0,Non-SST
7295.5,87.8539,1.658,2.574,0.2719,0,Non-SST
7296.0,85.0426,1.7004,2.5626,0.2744,0,Non-SST
7296.5,78.7171,2.0419,2.5736,0.2771,0,Non-SST
7297.0,73.6216,2.4925,2.5801,0.262,0,Non-SST
7297.5,73.4459,2.3422,2.5924,0.247,0,Non-SST
7298.0,75.0272,2.1318,2.5824,0.2346,0,Non-SST
7298.5,74.5001,2.1167,2.5439,0.2302,0,Non-SST
7299.0,75.2029,2.0842,2.5636,0.2347,0,Non-SST
7299.5,77.3114,1.9939,2.5538,0.2403,0,Non-SST
7300.0,77.6629,1.8061,2.5596,0.2493,0,Non-SST
7300.5,76.2572,1.8647,2.5094,0.2537,0,Non-SST
7301.0,74.1487,1.8667,2.5103,0.2618,0,Non-SST
7301.5,72.743,1.7474,2.5209,0.2613,0,Non-SST
7302.0,70.6345,2.261,2.5649,0.2574,0,Non-SST
7302.5,64.6605,2.5112,2.5679,0.2473,0,Non-SST
7303.0,57.9836,2.868,2.5608,0.2334,0,Non-SST
7303.5,56.7536,2.7314,2.541,0.2188,0,Non-SST
7304.0,59.0378,2.9171,2.5209,0.2087,0,Non-SST
7304.5,59.9164,3.1542,2.5233,0.2015,0,Non-SST
7305.0,58.5107,2.7766,2.5257,0.1972,0,Non-SST
7305.5,53.4152,3.9937,2.5853,0.1899,0,Non-SST
7306.0,43.7513,5.0042,2.609,0.1684,0,Non-SST
7306.5,34.4387,7.3727,2.674,0.1369,0,Non-SST
7307.0,29.3432,10.1841,2.6893,0.1027,0,Non-SST
7307.5,27.4104,10.32,2.697,0.0806,0,Non-SST
7308.0,27.9375,10.8734,2.711,0.0678,0,Non-SST
7308.5,28.4647,13.1114,2.6979,0.0653,0,Non-SST
7309.0,28.4647,13.8297,2.7032,0.0682,0,Non-SST
7309.5,31.276,13.5805,2.679,0.0742,0,Non-SST
7310.0,37.0744,11.9839,2.6782,0.0821,0,Non-SST
7310.5,42.1699,12.0177,2.6096,0.0917,0,Non-SST
7311.0,46.5626,11.867,2.5266,0.103,0,Non-SST
7311.5,52.3609,8.5288,2.4649,0.1175,0,Non-SST
7312.0,54.4694,8.5136,2.436,0.1379,0,Non-SST
7312.5,49.5496,8.9699,2.4703,0.1597,0,Non-SST
7313.0,42.1699,10.7089,2.5375,0.1617,0,Non-SST
7313.5,37.2501,13.9052,2.6102,0.1348,0,Non-SST
7314.0,35.493,14.9169,2.6465,0.1047,0,Non-SST
7314.5,35.8444,15.0053,2.6886,0.0831,0,Non-SST
7315.0,38.6557,13.2001,2.6445,0.0754,0,Non-SST
7315.5,43.2241,11.1068,2.5836,0.0792,0,Non-SST
7316.0,46.7383,10.0449,2.53,0.0967,0,Non-SST
7316.5,47.4411,9.4913,2.5257,0.1192,0,Non-SST
7317.0,46.5626,7.7981,2.4888,0.1414,0,Non-SST
7317.5,46.0355,6.1003,2.4854,0.1544,0,Non-SST
7318.0,49.7253,5.2485,2.4762,0.1662,0,Non-SST
7318.5,57.4565,5.5333,2.5025,0.1783,0,Non-SST
7319.0,62.2006,5.1498,2.5129,0.1973,0,Non-SST
7319.5,62.3763,4.629,2.5191,0.2049,0,Non-SST
7320.0,61.6734,4.221,2.5261,0.2085,0,Non-SST
7320.5,62.1127,4.0541,2.5404,0.2125,0,Non-SST
7321.0,63.0791,3.5105,2.5508,0.2201,0,Non-SST
7321.5,63.8698,2.8675,2.5395,0.2258,0,Non-SST
7322.0,65.0119,2.4162,2.5192,0.2385,0,Non-SST
7322.5,65.0998,2.3296,2.5208,0.2442,0,Non-SST
7323.0,61.9897,2.5215,2.5262,0.2401,0,Non-SST
7323.5,57.6497,2.5809,2.5237,0.2313,0,Non-SST
7324.0,54.3757,3.0152,2.5181,0.2288,0,Non-SST
7324.5,52.5952,3.9455,2.5334,0.2253,0,Non-SST
7325.0,54.4109,3.9727,2.5394,0.2159,0,Non-SST
7325.5,59.4771,3.306,2.5444,0.209,0,Non-SST
7326.0,66.6518,3.2343,2.5032,0.2193,0,Non-SST
7326.5,77.8679,3.3054,2.4632,0.2334,0,Non-SST
7327.0,93.008,3.3565,2.4391,0.2491,0,Non-SST
7327.5,109.6417,3.0536,2.4308,0.2591,0,Non-SST
7328.0,119.7156,2.5876,2.4731,0.2816,0,Non-SST
7328.5,117.3143,1.5376,2.5258,0.2985,0,Non-SST
7329.0,110.5788,1.4652,2.5717,0.3009,0,Non-SST
7329.5,103.8433,1.7165,2.5908,0.2893,0,Non-SST
7330.0,95.7608,1.8292,2.5619,0.2728,0,Non-SST
7330.5,90.4895,1.9488,2.5812,0.2545,0,Non-SST
7331.0,88.6153,1.9932,2.5786,0.2473,0,Non-SST
7331.5,85.8626,2.1329,2.5928,0.2525,0,Non-SST
7332.0,79.6542,2.2393,2.5574,0.2604,0,Non-SST
7332.5,71.6888,3.0706,2.5278,0.2631,0,Non-SST
7333.0,68.526,3.9181,2.5102,0.2607,0,Non-SST
7333.5,71.8645,4.3579,2.4756,0.2672,0,Non-SST
7334.0,75.0272,4.975,2.4611,0.2662,0,Non-SST
7334.5,75.5544,5.6656,2.4213,0.2649,0,Non-SST
7335.0,74.6758,6.8507,2.4637,0.249,0,Non-SST
7335.5,68.8775,7.5473,2.5063,0.2286,0,Non-SST
7336.0,58.335,9.6326,2.5833,0.195,0,Non-SST
7336.5,48.1439,11.8636,2.649,0.1516,0,Non-SST
7337.0,39.71,14.0915,2.7089,0.1157,0,Non-SST
7337.5,35.493,16.2699,2.7357,0.0899,0,Non-SST
7338.0,35.3173,17.9576,2.7002,0.0742,0,Non-SST
7338.5,31.9788,20.3337,2.7026,0.0642,0,Non-SST
7339.0,25.8291,21.6746,2.694,0.0615,0,Non-SST
7339.5,24.2477,21.8461,2.7356,0.0607,0,Non-SST
7340.0,27.5861,21.398,2.7138,0.0643,0,Non-SST
7340.5,32.3302,19.5749,2.7186,0.0729,0,Non-SST
7341.0,39.1828,15.8598,2.6658,0.0892,0,Non-SST
7341.5,50.7796,12.3564,2.6044,0.1121,0,Non-SST
7342.0,63.2548,8.6801,2.5557,0.1407,0,Non-SST
7342.5,70.6345,6.808,2.5107,0.1784,0,Non-SST
7343.0,75.9058,4.0151,2.5137,0.2159,0,Non-SST
7343.5,83.1098,2.6812,2.5251,0.238,0,Non-SST
7344.0,88.381,2.5104,2.531,0.2499,0,Non-SST
7344.5,88.2053,2.2516,2.529,0.2577,0,Non-SST
7345.0,86.9754,1.9189,2.5288,0.2582,0,Non-SST
7345.5,86.9754,1.638,2.5369,0.2629,0,Non-SST
7346.0,85.394,1.8408,2.5564,0.259,0,Non-SST
7346.5,82.1961,1.9861,2.5832,0.2522,0,Non-SST
7347.0,76.3626,1.6999,2.5674,0.2414,0,Non-SST
7347.5,69.018,2.3214,2.5686,0.2355,0,Non-SST
7348.0,64.1334,2.6164,2.5371,0.2274,0,Non-SST
7348.5,60.9706,2.7657,2.5255,0.2129,0,Non-SST
7349.0,58.6864,2.7711,2.507,0.2036,0,Non-SST
7349.5,59.3892,2.8422,2.531,0.2018,0,Non-SST
7350.0,62.552,2.7621,2.5482,0.2056,0,Non-SST
7350.5,65.1876,2.6902,2.5518,0.2116,0,Non-SST
7351.0,65.7147,2.7822,2.5476,0.2157,0,Non-SST
7351.5,65.539,3.0323,2.5503,0.219,0,Non-SST
7352.0,65.7147,2.9897,2.5552,0.2138,0,Non-SST
7352.5,62.2006,4.0686,2.5595,0.203,0,Non-SST
7353.0,53.7666,7.103,2.5798,0.1716,0,Non-SST
7353.5,46.0355,10.5,2.6029,0.1331,0,Non-SST
7354.0,40.8814,17.0909,2.6793,0.0979,0,Non-SST
7354.5,36.8401,18.5633,2.6919,0.0721,0,Non-SST
7355.0,33.853,24.1595,2.6795,0.0548,0,Non-SST
7355.5,30.9246,34.638,2.6607,0.0438,0,Non-SST
7356.0,29.4018,38.5136,2.6727,0.039,0,Non-SST
7356.5,30.7489,37.7839,2.7003,0.0393,0,Non-SST
7357.0,30.5732,39.1975,2.6987,0.0411,0,Non-SST
7357.5,26.3562,45.2466,2.7135,0.0374,0,Non-SST
7358.0,22.6663,48.8707,2.6596,0.0332,0,Non-SST
7358.5,23.3691,48.4018,2.6621,0.0305,0,Non-SST
7359.0,28.1133,48.6128,2.6635,0.0347,0,Non-SST
7359.5,33.7359,49.3053,2.6796,0.0394,0,Non-SST
7360.0,34.9659,46.0018,2.6792,0.046,0,Non-SST
7360.5,29.6946,51.6754,2.6528,0.0515,0,Non-SST
7361.0,23.1934,55.8823,2.6333,0.0592,0,Non-SST
7361.5,20.5578,58.8884,2.6363,0.0567,0,Non-SST
7362.0,20.5578,52.7841,2.6528,0.054,0,Non-SST
7362.5,21.4364,42.9117,2.6549,0.047,0,Non-SST
7363.0,23.0177,40.8043,2.6548,0.0423,0,Non-SST
7363.5,23.8963,38.7923,2.6555,0.0427,0,Non-SST
7364.0,23.1934,40.459,2.6801,0.0424,0,Non-SST
7364.5,22.842,45.464,2.6888,0.0452,0,Non-SST
7365.0,24.4234,47.397,2.6711,0.0434,0,Non-SST
7365.5,26.0048,38.3388,2.6678,0.0438,0,Non-SST
7366.0,27.5861,45.5414,2.6787,0.0439,0,Non-SST
7366.5,28.6989,39.3417,2.7071,0.0468,0,Non-SST
7367.0,27.7033,50.3682,2.687,0.0484,0,Non-SST
7367.5,27.6447,42.5257,2.6905,0.0479,0,Non-SST
7368.0,29.3432,35.4576,2.6829,0.0452,0,Non-SST
7368.5,29.7532,37.3273,2.686,0.044,0,Non-SST
7369.0,28.2304,35.5555,2.6881,0.0423,0,Non-SST
7369.5,27.2933,31.9001,2.6788,0.0422,0,Non-SST
7370.0,29.1675,23.9353,2.656,0.0464,0,Non-SST
7370.5,33.2673,18.2241,2.6305,0.0595,0,Non-SST
7371.0,37.0158,15.146,2.6115,0.0754,0,Non-SST
7371.5,40.6471,13.4727,2.6199,0.096,0,Non-SST
7372.0,48.1439,8.8334,2.5888,0.1234,0,Non-SST
7372.5,58.1007,5.2551,2.5832,0.1581,0,Non-SST
7373.0,65.2462,4.5408,2.5617,0.1871,0,Non-SST
7373.5,69.9317,4.0348,2.5789,0.2021,0,Non-SST
7374.0,73.3873,4.0351,2.5841,0.202,0,Non-SST
7374.5,74.0316,4.069,2.5906,0.1963,0,Non-SST
7375.0,68.9829,4.0317,2.561,0.1842,0,Non-SST
7375.5,58.0187,4.5345,2.5423,0.1611,0,Non-SST
7376.0,48.7765,6.4467,2.571,0.1402,0,Non-SST
7376.5,47.2654,7.2049,2.6331,0.1273,0,Non-SST
7377.0,49.1982,7.2716,2.6496,0.1257,0,Non-SST
7377.5,48.6711,7.3442,2.6207,0.1267,0,Non-SST
7378.0,46.7383,6.9779,2.5595,0.1307,0,Non-SST
7378.5,47.9682,6.3753,2.5674,0.1429,0,Non-SST
7379.0,51.3067,4.8589,2.5651,0.167,0,Non-SST
7379.5,51.6581,4.6583,2.6013,0.1806,0,Non-SST
7380.0,49.5496,4.3903,2.5835,0.1789,0,Non-SST
7380.5,50.0767,4.5155,2.592,0.1734,0,Non-SST
7381.0,54.4694,4.0704,2.58,0.1767,0,Non-SST
7381.5,58.1593,3.6171,2.5836,0.1849,0,Non-SST
7382.0,58.8621,3.7223,2.5736,0.1798,0,Non-SST
7382.5,56.5779,3.7135,2.6144,0.178,0,Non-SST
7383.0,50.9553,3.8409,2.6606,0.1701,0,Non-SST
7383.5,46.0355,4.7025,2.6908,0.1574,0,Non-SST
7384.0,46.2112,5.2011,2.6685,0.139,0,Non-SST
7384.5,50.2524,4.8055,2.6346,0.1304,0,Non-SST
7385.0,54.2937,4.4937,2.6307,0.1341,0,Non-SST
7385.5,56.9293,4.193,2.6239,0.1466,0,Non-SST
7386.0,58.1593,4.2479,2.6419,0.1564,0,Non-SST
7386.5,57.9836,4.329,2.6352,0.1595,0,Non-SST
7387.0,58.6864,4.08,2.6375,0.1611,0,Non-SST
7387.5,59.7407,3.6332,2.6339,0.1601,0,Non-SST
7388.0,56.5779,5.0961,2.6321,0.1525,0,Non-SST
7388.5,49.901,6.478,2.62,0.141,0,Non-SST
7389.0,44.2784,7.2109,2.6573,0.1268,0,Non-SST
7389.5,39.3586,8.0982,2.6783,0.1174,0,Non-SST
7390.0,33.5602,8.6088,2.6984,0.1078,0,Non-SST
7390.5,32.3302,9.4943,2.673,0.1008,0,Non-SST
7391.0,37.9529,8.868,2.6874,0.0981,0,Non-SST
7391.5,42.5213,9.2704,2.7174,0.0982,0,Non-SST
7392.0,40.0614,12.22,2.7393,0.0939,0,Non-SST
7392.5,32.3302,17.1116,2.7402,0.0831,0,Non-SST
7393.0,26.1805,19.7697,2.7067,0.0688,0,Non-SST
7393.5,26.1805,20.3206,2.6828,0.0599,0,Non-SST
7394.0,29.8703,18.3909,2.6706,0.0563,0,Non-SST
7394.5,31.9788,21.5664,2.6892,0.0581,0,Non-SST
7395.0,30.2217,25.649,2.6876,0.0567,0,Non-SST
7395.5,28.289,24.3136,2.7078,0.0543,0,Non-SST
7396.0,28.4647,23.2387,2.7192,0.0513,0,Non-SST
7396.5,29.1675,21.2008,2.7235,0.0519,0,Non-SST
7397.0,30.9246,19.7677,2.677,0.0548,0,Non-SST
7397.5,33.0331,16.3094,2.68,0.0612,0,Non-SST
7398.0,35.1416,14.3502,2.679,0.07,0,Non-SST
7398.5,39.3586,11.41,2.6608,0.0826,0,Non-SST
7399.0,44.8055,9.0092,2.6315,0.0997,0,Non-SST
7399.5,50.4281,7.6177,2.5844,0.1198,0,Non-SST
7400.0,56.7536,6.613,2.5925,0.1411,0,Non-SST
7400.5,62.142,3.7941,2.5767,0.1613,0,Non-SST
7401.0,62.7863,3.6488,2.6058,0.1707,0,Non-SST
7401.5,60.2092,4.8178,2.6069,0.1695,0,Non-SST
7402.0,59.0378,4.9374,2.6441,0.1572,0,Non-SST
7402.5,57.6322,4.6901,2.6351,0.1432,0,Non-SST
7403.0,51.8338,7.3878,2.6612,0.1191,0,Non-SST
7403.5,42.9898,9.8557,2.6695,0.0953,0,Non-SST
7404.0,36.9572,12.2851,2.687,0.078,0,Non-SST
7404.5,32.7988,14.0583,2.7208,0.0676,0,Non-SST
7405.0,29.1675,15.4456,2.739,0.0611,0,Non-SST
7405.5,30.5732,17.6921,2.7447,0.058,0,Non-SST
7406.0,32.6817,18.8383,2.7172,0.0592,0,Non-SST
7406.5,27.7618,21.7265,2.6777,0.0586,0,Non-SST
7407.0,22.1392,25.2972,2.6494,0.0524,0,Non-SST
7407.5,22.1392,26.0133,2.6291,0.0489,0,Non-SST
7408.0,21.4364,27.8534,2.6197,0.0487,0,Non-SST
7408.5,18.9764,29.4079,2.618,0.0529,0,Non-SST
7409.0,20.3821,30.4631,2.6464,0.0539,0,Non-SST
7409.5,25.3019,29.6282,2.6418,0.0543,0,Non-SST
7410.0,31.9788,29.7773,2.6347,0.0554,0,Non-SST
7410.5,38.48,30.6128,2.6414,0.0562,0,Non-SST
7411.0,39.3586,30.4108,2.6645,0.0588,0,Non-SST
7411.5,34.9659,30.9163,2.6631,0.0572,0,Non-SST
7412.0,29.3432,31.6589,2.6342,0.0546,0,Non-SST
7412.5,23.5448,30.8208,2.6154,0.0493,0,Non-SST
7413.0,20.9092,30.3886,2.6343,0.0486,0,Non-SST
7413.5,21.7878,30.333,2.6471,0.05,0,Non-SST
7414.0,22.4906,29.8333,2.6703,0.0545,0,Non-SST
7414.5,22.842,29.6094,2.6566,0.0595,0,Non-SST
7415.0,23.8963,27.3598,2.5962,0.064,0,Non-SST
7415.5,24.4234,25.9109,2.5655,0.0681,0,Non-SST
7416.0,23.1934,24.2733,2.5037,0.0743,0,Non-SST
7416.5,22.3149,22.3468,2.5282,0.0791,0,Non-SST
7417.0,23.1934,20.9929,2.5194,0.085,0,Non-SST
7417.5,23.7791,18.8022,2.5365,0.089,0,Non-SST
7418.0,23.662,17.4742,2.5168,0.0948,0,Non-SST
7418.5,23.6034,16.1773,2.5213,0.1007,0,Non-SST
7419.0,23.5448,17.0523,2.5252,0.1032,0,Non-SST
7419.5,22.6663,17.0969,2.5735,0.1014,0,Non-SST
7420.0,22.1392,16.4792,2.6022,0.0957,0,Non-SST
7420.5,24.5991,16.8479,2.5912,0.0883,0,Non-SST
7421.0,27.2347,17.9708,2.5871,0.0836,0,Non-SST
7421.5,27.4104,18.767,2.5657,0.0802,0,Non-SST
7422.0,26.8833,19.2201,2.5835,0.0766,0,Non-SST
7422.5,27.4104,19.7678,2.5849,0.0734,0,Non-SST
7423.0,29.1675,20.4559,2.6257,0.0694,0,Non-SST
7423.5,30.7489,20.9731,2.6475,0.0656,0,Non-SST
7424.0,31.4517,21.8132,2.6388,0.0625,0,Non-SST
7424.5,31.1003,22.0107,2.6054,0.0631,0,Non-SST
7425.0,29.8703,22.6565,2.6015,0.0672,0,Non-SST
7425.5,28.1133,22.4834,2.6403,0.0742,0,Non-SST
7426.0,24.7748,22.4719,2.6283,0.0783,0,Non-SST
7426.5,21.4364,21.5125,2.6286,0.0812,0,Non-SST
7427.0,20.7335,23.3977,2.587,0.0801,0,Non-SST
7427.5,21.0849,24.6454,2.6027,0.0809,0,Non-SST
7428.0,21.9635,24.9997,2.6138,0.0823,0,Non-SST
7428.5,23.8963,25.4481,2.6186,0.0809,0,Non-SST
7429.0,24.7748,25.99,2.6001,0.076,0,Non-SST
7429.5,24.072,24.8218,2.5744,0.0724,0,Non-SST
7430.0,22.4906,23.3607,2.5856,0.0731,0,Non-SST
7430.5,21.6121,23.7501,2.5974,0.075,0,Non-SST
7431.0,22.842,23.1546,2.6003,0.0735,0,Non-SST
7431.5,24.4234,20.9929,2.5941,0.0725,0,Non-SST
7432.0,24.7748,20.2155,2.5978,0.077,0,Non-SST
7432.5,23.9548,19.2108,2.6044,0.0811,0,Non-SST
7433.0,24.5405,18.9866,2.6116,0.0848,0,Non-SST
7433.5,26.239,19.4579,2.6226,0.0836,0,Non-SST
7434.0,24.7748,21.4279,2.6392,0.0815,0,Non-SST
7434.5,22.1392,22.0329,2.6361,0.0772,0,Non-SST
7435.0,24.5991,22.4374,2.632,0.0723,0,Non-SST
7435.5,29.1675,21.6619,2.6453,0.0718,0,Non-SST
7436.0,28.289,20.8815,2.6686,0.0712,0,Non-SST
7436.5,24.2477,21.6726,2.6884,0.0668,0,Non-SST
7437.0,22.842,22.1218,2.6798,0.0633,0,Non-SST
7437.5,24.5991,20.4073,2.6755,0.0629,0,Non-SST
7438.0,25.3019,20.9216,2.6537,0.0655,0,Non-SST
7438.5,23.8963,19.8349,2.6753,0.0659,0,Non-SST
7439.0,24.7748,19.6543,2.7002,0.0634,0,Non-SST
7439.5,27.8204,17.6532,2.7054,0.0641,0,Non-SST
7440.0,29.6361,16.5208,2.7043,0.0677,0,Non-SST
7440.5,29.2261,16.4651,2.6947,0.0737,0,Non-SST
7441.0,27.9375,16.783,2.7264,0.0764,0,Non-SST
7441.5,28.1133,15.9396,2.7127,0.0786,0,Non-SST
7442.0,30.9246,14.5059,2.7036,0.082,0,Non-SST
7442.5,35.493,15.8907,2.6828,0.0863,0,Non-SST
7443.0,39.3586,13.3897,2.6852,0.0892,0,Non-SST
7443.5,40.9399,11.6437,2.6785,0.0943,0,Non-SST
7444.0,41.467,10.6687,2.6456,0.1021,0,Non-SST
7444.5,42.697,8.6892,2.6444,0.1114,0,Non-SST
7445.0,44.4541,7.2185,2.6105,0.1206,0,Non-SST
7445.5,48.1439,6.5155,2.6011,0.1344,0,Non-SST
7446.0,52.5366,4.8634,2.576,0.1512,0,Non-SST
7446.5,53.7666,4.8013,2.5866,0.1625,0,Non-SST
7447.0,51.8338,5.0219,2.6068,0.1644,0,Non-SST
7447.5,46.0355,6.3662,2.6562,0.1552,0,Non-SST
7448.0,38.48,7.4515,2.6296,0.1372,0,Non-SST
7448.5,34.7901,7.82,2.6143,0.1178,0,Non-SST
7449.0,34.7901,8.6698,2.5935,0.1009,0,Non-SST
7449.5,35.8444,9.0407,2.6145,0.0926,0,Non-SST
7450.0,38.1286,8.4137,2.6658,0.0945,0,Non-SST
7450.5,39.0071,10.0262,2.6555,0.1005,0,Non-SST
7451.0,35.6687,10.7466,2.6579,0.1003,0,Non-SST
7451.5,32.5059,11.0512,2.6189,0.0942,0,Non-SST
7452.0,32.6817,9.854,2.6465,0.0908,0,Non-SST
7452.5,35.3173,10.4723,2.6812,0.0951,0,Non-SST
7453.0,38.8314,11.4776,2.6952,0.1,0,Non-SST
7453.5,40.4128,9.704,2.6745,0.101,0,Non-SST
7454.0,40.2371,9.3918,2.6788,0.0979,0,Non-SST
7454.5,36.8986,12.5354,2.6899,0.0887,0,Non-SST
7455.0,29.8703,16.2347,2.7197,0.0761,0,Non-SST
7455.5,24.9505,18.2076,2.7176,0.0635,0,Non-SST
7456.0,23.1934,18.9601,2.703,0.0543,0,Non-SST
7456.5,22.3149,18.8032,2.7049,0.0509,0,Non-SST
7457.0,23.5448,18.9249,2.6994,0.0514,0,Non-SST
7457.5,27.2347,18.8719,2.7325,0.0551,0,Non-SST
7458.0,32.3302,20.3229,2.7007,0.0554,0,Non-SST
7458.5,35.8444,20.0734,2.7095,0.0549,0,Non-SST
7459.0,34.4387,15.692,2.6578,0.0559,0,Non-SST
7459.5,29.5189,20.2921,2.6616,0.0588,0,Non-SST
7460.0,24.7748,22.5985,2.6704,0.0584,0,Non-SST
7460.5,22.4906,20.9118,2.6946,0.0553,0,Non-SST
7461.0,22.6663,18.3923,2.714,0.0559,0,Non-SST
7461.5,24.5991,19.0312,2.7235,0.0573,0,Non-SST
7462.0,28.4647,16.8913,2.698,0.06,0,Non-SST
7462.5,33.0331,14.82,2.7031,0.0633,0,Non-SST
7463.0,35.8444,11.701,2.6614,0.0712,0,Non-SST
7463.5,37.2501,9.5039,2.6765,0.0841,0,Non-SST
7464.0,40.0614,8.5086,2.6148,0.0975,0,Non-SST
7464.5,45.3326,6.6541,2.5911,0.115,0,Non-SST
7465.0,50.9553,5.1544,2.5624,0.1294,0,Non-SST
7465.5,54.8208,3.8429,2.5794,0.1476,0,Non-SST
7466.0,56.2265,3.6958,2.6056,0.1603,0,Non-SST
7466.5,53.0638,4.6833,2.6267,0.1599,0,Non-SST
7467.0,47.4411,6.4858,2.6255,0.1413,0,Non-SST
7467.5,45.3326,7.6503,2.6408,0.1198,0,Non-SST
7468.0,45.684,6.6037,2.6618,0.1116,0,Non-SST
7468.5,43.7513,8.1682,2.6798,0.1097,0,Non-SST
7469.0,40.4128,10.6977,2.6882,0.1076,0,Non-SST
7469.5,39.5343,12.8309,2.6788,0.0949,0,Non-SST
7470.0,39.0071,13.6703,2.7098,0.0845,0,Non-SST
7470.5,34.7901,15.3039,2.7219,0.077,0,Non-SST
7471.0,28.8161,16.9204,2.7325,0.0727,0,Non-SST
7471.5,24.5991,18.4593,2.7199,0.0677,0,Non-SST
7472.0,24.072,18.9779,2.6557,0.0638,0,Non-SST
7472.5,27.059,17.4435,2.618,0.0636,0,Non-SST
7473.0,30.7489,17.2924,2.5666,0.067,0,Non-SST
7473.5,32.3302,15.6791,2.5044,0.072,0,Non-SST
7474.0,32.3302,13.442,2.4465,0.0797,0,Non-SST
7474.5,32.6817,13.9051,2.401,0.0884,1,Gas
7475.0,32.8574,13.8728,2.4239,0.0964,1,Gas
7475.5,33.3845,14.3388,2.4604,0.1015,0,Non-SST
7476.0,36.0201,13.0042,2.5175,0.105,0,Non-SST
7476.5,39.1828,11.5037,2.5661,0.1104,0,Non-SST
7477.0,39.0071,10.4925,2.5951,0.1149,0,Non-SST
7477.5,36.0201,10.1458,2.6098,0.1187,0,Non-SST
7478.0,34.4387,10.2148,2.6106,0.1133,0,Non-SST
7478.5,35.8444,8.3236,2.612,0.1076,0,Non-SST
7479.0,38.3043,8.768,2.6307,0.1039,0,Non-SST
7479.5,39.5343,9.1571,2.6716,0.1079,0,Non-SST
7480.0,38.6557,9.1297,2.6471,0.1076,0,Non-SST
7480.5,36.0201,8.5086,2.6518,0.1055,0,Non-SST
7481.0,33.5602,7.9818,2.604,0.1034,0,Non-SST
7481.5,33.7359,7.1647,2.6195,0.1076,0,Non-SST
7482.0,37.0744,6.1665,2.6382,0.1179,0,Non-SST
7482.5,40.9399,5.7079,2.6961,0.129,0,Non-SST
7483.0,44.2784,4.975,2.6731,0.1468,0,Non-SST
7483.5,46.5626,3.8997,2.6127,0.1619,0,Non-SST
7484.0,48.6711,4.9953,2.571,0.1746,0,Non-SST
7484.5,50.6039,2.906,2.5667,0.1818,0,Non-SST
7485.0,48.6711,2.6298,2.5634,0.194,0,Non-SST
7485.5,47.4411,4.011,2.5741,0.2055,0,Non-SST
7486.0,53.0638,2.6545,2.5747,0.2124,0,Non-SST
7486.5,60.7949,2.267,2.5982,0.2169,0,Non-SST
7487.0,62.552,1.9504,2.5767,0.2322,0,Non-SST
7487.5,58.8621,1.8505,2.5848,0.2334,0,Non-SST
7488.0,52.3609,2.4475,2.6154,0.2257,0,Non-SST
7488.5,43.7513,2.275,2.6501,0.211,0,Non-SST
7489.0,39.71,4.0018,2.6736,0.1899,0,Non-SST
7489.5,39.71,3.6858,2.644,0.1727,0,Non-SST
7490.0,37.2501,3.8399,2.648,0.1641,0,Non-SST
7490.5,36.1958,4.5878,2.6644,0.1571,0,Non-SST
7491.0,37.9529,4.1761,2.6948,0.1553,0,Non-SST
7491.5,36.8986,4.8913,2.6745,0.1571,0,Non-SST
7492.0,36.5472,5.0887,2.6356,0.1573,0,Non-SST
7492.5,42.697,3.8666,2.5927,0.1543,0,Non-SST
7493.0,51.3067,3.3188,2.5519,0.1554,0,Non-SST
7493.5,58.5107,2.5934,2.5551,0.1762,0,Non-SST
7494.0,64.8362,2.2327,2.5456,0.2148,0,Non-SST
7494.5,67.4718,1.8954,2.52,0.238,0,Non-SST
7495.0,64.1334,1.7318,2.5448,0.2626,0,Non-SST
7495.5,61.6734,2.067,2.5002,0.2625,0,Non-SST
7496.0,66.0661,1.9063,2.5164,0.264,0,Non-SST
7496.5,71.1617,1.6908,2.5119,0.2523,0,Non-SST
7497.0,69.9317,1.912,2.6024,0.2492,0,Non-SST
7497.5,61.8492,3.1253,2.6464,0.233,0,Non-SST
7498.0,52.1852,3.4364,2.656,0.2124,0,Non-SST
7498.5,51.6581,3.2892,2.5814,0.1933,0,Non-SST
7499.0,60.9706,2.5112,2.5636,0.1943,0,Non-SST
7499.5,70.2831,2.0668,2.5569,0.2142,0,Non-SST
7500.0,77.3114,1.9428,2.5577,0.2559,0,Non-SST
7500.5,82.5827,1.7503,2.5228,0.2832,0,Non-SST
7501.0,85.7454,1.6376,2.4984,0.3088,0,Non-SST
7501.5,88.5567,1.5618,2.5196,0.3188,0,Non-SST
7502.0,87.5025,1.5567,2.5261,0.3211,0,Non-SST
7502.5,79.0685,1.6364,2.568,0.3078,0,Non-SST
7503.0,67.1204,1.9173,2.5631,0.2664,0,Non-SST
7503.5,55.5237,3.0557,2.601,0.2232,0,Non-SST
7504.0,46.3869,4.1409,2.6186,0.184,0,Non-SST
7504.5,42.5213,4.9374,2.6667,0.1572,0,Non-SST
7505.0,41.6428,5.7808,2.6688,0.1396,0,Non-SST
7505.5,41.8185,5.9772,2.6186,0.1292,0,Non-SST
7506.0,44.1027,6.9059,2.577,0.1233,0,Non-SST
7506.5,46.0355,8.1267,2.5719,0.1264,0,Non-SST
7507.0,46.0355,8.624,2.6028,0.1276,0,Non-SST
7507.5,44.9812,8.997,2.6502,0.1222,0,Non-SST
7508.0,42.8727,9.0298,2.6886,0.1107,0,Non-SST
7508.5,41.1156,8.9321,2.6956,0.1034,0,Non-SST
7509.0,43.5755,8.0131,2.6852,0.104,0,Non-SST
7509.5,49.1982,5.9466,2.6563,0.1136,0,Non-SST
7510.0,53.7666,4.8353,2.618,0.1326,0,Non-SST
7510.5,58.335,4.5215,2.602,0.1567,0,Non-SST
7511.0,66.4176,3.7332,2.5742,0.1782,0,Non-SST
7511.5,76.2572,2.7804,2.6167,0.1978,0,Non-SST
7512.0,80.8256,2.5915,2.6237,0.2081,0,Non-SST
7512.5,72.0402,2.9481,2.6603,0.2001,0,Non-SST
7513.0,50.9553,6.7756,2.6717,0.1635,0,Non-SST
7513.5,32.6817,8.8099,2.6156,0.1334,0,Non-SST
7514.0,24.5991,9.0792,2.5622,0.1163,0,Non-SST
7514.5,21.7878,10.02,2.5194,0.1163,0,Non-SST
7515.0,22.1392,9.7536,2.5319,0.1339,0,Non-SST
7515.5,24.2477,10.0951,2.5171,0.1562,0,Non-SST
7516.0,25.6533,10.0324,2.5328,0.1689,0,Non-SST
7516.5,26.1805,10.1331,2.5425,0.1673,0,Non-SST
7517.0,26.7076,10.3626,2.5639,0.1521,0,Non-SST
7517.5,28.6404,10.5262,2.6125,0.1359,0,Non-SST
7518.0,32.6817,10.2033,2.63,0.1237,0,Non-SST
7518.5,37.9529,9.4623,2.6416,0.1152,0,Non-SST
7519.0,43.5755,8.7368,2.6339,0.1127,0,Non-SST
7519.5,49.0225,7.0628,2.6435,0.1181,0,Non-SST
7520.0,52.3609,5.8,2.674,0.1351,0,Non-SST
7520.5,54.2937,5.2392,2.6457,0.1522,0,Non-SST
7521.0,57.2808,4.6864,2.621,0.1649,0,Non-SST
7521.5,59.0378,3.799,2.6047,0.1737,0,Non-SST
7522.0,59.7407,3.3049,2.6249,0.1901,0,Non-SST
7522.5,61.8492,3.2772,2.6359,0.2032,0,Non-SST
7523.0,65.0119,3.2076,2.6085,0.2144,0,Non-SST
7523.5,70.1074,2.7449,2.5711,0.2216,0,Non-SST
7524.0,75.9058,2.2095,2.5357,0.2356,0,Non-SST
7524.5,77.1357,2.0798,2.5089,0.2486,0,Non-SST
7525.0,73.4459,2.186,2.4811,0.2574,0,Non-SST
7525.5,69.5803,2.2166,2.4855,0.2614,0,Non-SST
7526.0,66.769,2.2563,2.5177,0.2594,0,Non-SST
7526.5,64.3091,2.1421,2.533,0.2579,0,Non-SST
7527.0,63.9577,2.1804,2.5183,0.2549,0,Non-SST
7527.5,65.3633,2.1911,2.4964,0.2536,0,Non-SST
7528.0,67.8232,2.0256,2.5291,0.2489,0,Non-SST
7528.5,70.6345,1.7096,2.5324,0.2538,0,Non-SST
7529.0,69.5803,1.7495,2.5356,0.2693,0,Non-SST
7529.5,66.4176,1.6605,2.5241,0.2904,0,Non-SST
7530.0,65.7147,1.7577,2.5455,0.2889,0,Non-SST
7530.5,66.769,1.6622,2.5456,0.2863,0,Non-SST
7531.0,67.4718,1.5706,2.5461,0.2765,0,Non-SST
7531.5,66.0661,1.7022,2.5217,0.2765,0,Non-SST
7532.0,64.3091,2.2288,2.4964,0.2595,0,Non-SST
7532.5,62.2006,2.4067,2.4985,0.2392,0,Non-SST
7533.0,57.6322,2.6206,2.5401,0.2177,0,Non-SST
7533.5,53.4152,2.7639,2.6035,0.2023,0,Non-SST
7534.0,50.4633,3.19,2.5997,0.1924,0,Non-SST
7534.5,49.0928,3.2522,2.6059,0.1856,0,Non-SST
7535.0,51.8689,3.2727,2.606,0.185,0,Non-SST
7535.5,57.8079,2.9702,2.5973,0.1886,0,Non-SST
7536.0,64.3091,2.5081,2.5538,0.2061,0,Non-SST
7536.5,68.526,2.3478,2.5176,0.2232,0,Non-SST
7537.0,69.0532,2.2703,2.4948,0.2407,0,Non-SST
7537.5,68.8775,2.2458,2.5139,0.2437,0,Non-SST
7538.0,69.0532,2.2918,2.5478,0.2473,0,Non-SST
7538.5,68.526,2.2425,2.5452,0.2443,0,Non-SST
7539.0,68.526,2.2769,2.5593,0.2404,0,Non-SST
7539.5,69.2289,2.2864,2.5266,0.2386,0,Non-SST
7540.0,69.2289,2.3577,2.5446,0.2392,0,Non-SST
7540.5,67.8232,2.362,2.5486,0.2379,0,Non-SST
7541.0,65.7147,2.527,2.5402,0.24,0,Non-SST
7541.5,63.9577,2.4863,2.5254,0.2434,0,Non-SST
7542.0,63.9577,2.4323,2.5221,0.2435,0,Non-SST
7542.5,66.4176,2.3698,2.5301,0.2372,0,Non-SST
7543.0,69.5803,2.3075,2.5361,0.2373,0,Non-SST
7543.5,70.2831,2.3478,2.4996,0.2397,0,Non-SST
7544.0,68.1746,2.3103,2.5195,0.2473,0,Non-SST
7544.5,66.4176,2.2804,2.5198,0.2473,0,Non-SST
7545.0,67.4718,2.4031,2.5283,0.2483,0,Non-SST
7545.5,69.5803,2.4779,2.5213,0.2427,0,Non-SST
7546.0,68.1746,2.5183,2.5233,0.2353,0,Non-SST
7546.5,66.0661,2.5073,2.5217,0.2359,0,Non-SST
7547.0,66.769,2.576,2.5224,0.2346,0,Non-SST
7547.5,67.2961,2.5841,2.5091,0.2396,0,Non-SST
7548.0,67.4718,2.6147,2.5044,0.2323,0,Non-SST
7548.5,67.6475,2.64,2.526,0.2339,0,Non-SST
7549.0,67.2961,2.5721,2.5517,0.2334,0,Non-SST
7549.5,69.2289,2.4333,2.5549,0.2402,0,Non-SST
7550.0,72.5673,2.1648,2.5423,0.2404,0,Non-SST
7550.5,74.3244,2.0238,2.5258,0.2515,0,Non-SST
7551.0,76.4329,2.0138,2.5325,0.2582,0,Non-SST
7551.5,78.8928,1.9767,2.5459,0.2624,0,Non-SST
7552.0,79.4199,1.9816,2.5478,0.2635,0,Non-SST
7552.5,76.6086,1.9295,2.5805,0.2648,0,Non-SST
7553.0,73.2702,2.048,2.5407,0.2719,0,Non-SST
7553.5,71.6888,2.0617,2.5669,0.2612,0,Non-SST
7554.0,71.3374,2.0749,2.5305,0.2645,0,Non-SST
7554.5,73.973,2.0577,2.5253,0.2636,0,Non-SST
7555.0,77.8386,1.8642,2.5095,0.2741,0,Non-SST
7555.5,79.2442,1.8075,2.5341,0.2762,0,Non-SST
7556.0,78.8928,1.7445,2.5573,0.2834,0,Non-SST
7556.5,79.2442,1.7296,2.5611,0.29,0,Non-SST
7557.0,79.5957,1.7405,2.537,0.2904,0,Non-SST
7557.5,79.4199,1.7736,2.52,0.2896,0,Non-SST
7558.0,79.2442,1.7987,2.5409,0.2852,0,Non-SST
7558.5,78.19,2.0102,2.5495,0.2741,0,Non-SST
7559.0,73.563,2.1704,2.5657,0.2609,0,Non-SST
7559.5,67.0033,2.6992,2.5439,0.243,0,Non-SST
7560.0,65.4804,2.6759,2.5447,0.2341,0,Non-SST
7560.5,66.769,2.6751,2.5473,0.2305,0,Non-SST
7561.0,66.0661,2.5359,2.5339,0.2391,0,Non-SST
7561.5,65.3633,2.362,2.5514,0.2528,0,Non-SST
7562.0,67.8232,2.1806,2.566,0.267,0,Non-SST
7562.5,75.0272,1.7944,2.5577,0.2825,0,Non-SST
7563.0,81.5284,1.6565,2.5663,0.301,0,Non-SST
7563.5,84.5155,1.5785,2.5728,0.3241,0,Non-SST
7564.0,87.5025,1.5384,2.5956,0.3316,0,Non-SST
7564.5,90.6652,1.4778,2.5763,0.3369,0,Non-SST
7565.0,92.0709,1.4352,2.5669,0.3351,0,Non-SST
7565.5,90.6652,1.3942,2.5702,0.3361,0,Non-SST
7566.0,89.0839,1.3913,2.5639,0.3472,0,Non-SST
7566.5,89.2596,1.4373,2.5305,0.342,0,Non-SST
7567.0,88.0296,1.4129,2.5277,0.3349,0,Non-SST
7567.5,83.6369,1.3369,2.547,0.3124,0,Non-SST
7568.0,78.7171,1.5064,2.5912,0.3097,0,Non-SST
7568.5,75.2029,1.9402,2.5506,0.3,0,Non-SST
7569.0,73.4459,2.0166,2.5567,0.2892,0,Non-SST
7569.5,75.2029,1.553,2.5378,0.2807,0,Non-SST
7570.0,80.8256,1.427,2.563,0.2912,0,Non-SST
7570.5,85.394,1.3336,2.5463,0.3143,0,Non-SST
7571.0,86.0968,1.3812,2.5726,0.3383,0,Non-SST
7571.5,86.0968,1.385,2.5811,0.3481,0,Non-SST
7572.0,87.1511,1.333,2.6194,0.3437,0,Non-SST
7572.5,86.0968,1.3369,2.5798,0.3392,0,Non-SST
7573.0,83.6369,1.1965,2.5569,0.3362,0,Non-SST
7573.5,85.0426,1.294,2.5263,0.3331,0,Non-SST
7574.0,86.0968,1.3683,2.5592,0.3173,0,Non-SST
7574.5,80.1228,1.4802,2.561,0.3011,0,Non-SST
7575.0,71.6888,1.7251,2.562,0.2813,0,Non-SST
7575.5,65.3633,2.2262,2.5729,0.268,0,Non-SST
7576.0,61.1463,2.6656,2.5824,0.2598,0,Non-SST
7576.5,62.2006,1.8378,2.5762,0.2555,0,Non-SST
7577.0,66.769,1.4613,2.5616,0.2713,0,Non-SST
7577.5,70.986,1.3462,2.5562,0.2996,0,Non-SST
7578.0,76.6086,1.3214,2.5541,0.3432,0,Non-SST
7578.5,82.9341,1.2256,2.5486,0.3636,0,Non-SST
7579.0,85.7454,1.1796,2.5448,0.3675,0,Non-SST
7579.5,84.3398,1.2847,2.5425,0.3584,0,Non-SST
7580.0,82.9341,1.1281,2.5485,0.3434,0,Non-SST
7580.5,83.2855,1.1039,2.55,0.3498,0,Non-SST
7581.0,82.5827,1.1625,2.5479,0.3593,0,Non-SST
7581.5,81.5284,1.1466,2.5423,0.3526,0,Non-SST
7582.0,80.4742,1.2082,2.5586,0.3308,0,Non-SST
7582.5,74.1487,1.5239,2.5842,0.3043,0,Non-SST
7583.0,64.3091,2.1245,2.5995,0.2726,0,Non-SST
7583.5,56.9293,2.7368,2.629,0.2284,0,Non-SST
7584.0,51.6581,3.1628,2.6385,0.1955,0,Non-SST
7584.5,47.9682,3.32,2.6383,0.1731,0,Non-SST
7585.0,47.0897,3.4675,2.6007,0.1661,0,Non-SST
7585.5,51.4824,3.2968,2.5769,0.163,0,Non-SST
7586.0,59.7407,3.0435,2.5799,0.1754,0,Non-SST
7586.5,65.7147,2.7933,2.5697,0.1917,0,Non-SST
7587.0,67.8232,2.7413,2.5742,0.2153,0,Non-SST
7587.5,68.8775,2.6587,2.5454,0.2355,0,Non-SST
7588.0,72.0402,2.4162,2.5418,0.2452,0,Non-SST
7588.5,76.96,2.3096,2.5357,0.2525,0,Non-SST
7589.0,80.1228,2.1885,2.546,0.2543,0,Non-SST
7589.5,80.4742,2.1735,2.5452,0.2638,0,Non-SST
7590.0,79.7714,2.0588,2.5469,0.2758,0,Non-SST
7590.5,79.7714,2.0138,2.5438,0.2805,0,Non-SST
7591.0,81.5284,1.8866,2.5471,0.284,0,Non-SST
7591.5,83.6369,2.0784,2.551,0.2766,0,Non-SST
7592.0,83.9883,2.0907,2.5443,0.2667,0,Non-SST
7592.5,83.6369,2.1036,2.5478,0.2719,0,Non-SST
7593.0,83.6369,2.0531,2.5488,0.2755,0,Non-SST
7593.5,82.2313,2.1629,2.5319,0.2842,0,Non-SST
7594.0,79.4199,2.2282,2.5372,0.2685,0,Non-SST
7594.5,77.3114,2.2932,2.5245,0.2579,0,Non-SST
7595.0,75.9058,2.4558,2.5488,0.2443,0,Non-SST
7595.5,74.5001,2.6986,2.5348,0.2311,0,Non-SST
7596.0,71.6888,2.7548,2.5804,0.2164,0,Non-SST
7596.5,67.4718,2.8973,2.557,0.2094,0,Non-SST
7597.0,64.6605,3.0917,2.5368,0.204,0,Non-SST
7597.5,64.6605,3.1254,2.5077,0.2041,0,Non-SST
7598.0,67.1204,3.1693,2.5087,0.1999,0,Non-SST
7598.5,69.9317,3.2109,2.5347,0.2009,0,Non-SST
7599.0,69.2289,3.2704,2.5439,0.2011,0,Non-SST
7599.5,65.0119,3.3447,2.5723,0.1964,0,Non-SST
7600.0,61.4977,3.4414,2.5017,0.1934,0,Non-SST
7600.5,59.0378,3.5781,2.5001,0.1888,0,Non-SST
7601.0,57.2808,3.6803,2.516,0.1926,0,Non-SST
7601.5,57.6322,3.7262,2.5568,0.1894,0,Non-SST
7602.0,59.3892,3.7573,2.5226,0.1881,0,Non-SST
7602.5,60.0921,3.7573,2.5065,0.1825,0,Non-SST
7603.0,59.0378,3.746,2.522,0.1865,0,Non-SST
7603.5,58.1593,3.7052,2.555,0.1873,0,Non-SST
7604.0,59.0378,3.6522,2.5406,0.1934,0,Non-SST
7604.5,61.6734,3.5872,2.5325,0.1977,0,Non-SST
7605.0,62.9034,3.5414,2.5033,0.2062,0,Non-SST
7605.5,60.7949,3.3961,2.4843,0.2139,0,Non-SST
7606.0,57.9836,3.6872,2.4687,0.2146,0,Non-SST
7606.5,58.335,3.5885,2.4994,0.2176,0,Non-SST
7607.0,61.4977,3.4143,2.5294,0.2192,0,Non-SST
7607.5,65.7147,3.1791,2.5144,0.2301,0,Non-SST
7608.0,69.9317,3.0204,2.5364,0.2376,0,Non-SST
7608.5,72.743,2.9879,2.5198,0.2428,0,Non-SST
7609.0,74.8515,2.9889,2.5521,0.2421,0,Non-SST
7609.5,75.2029,2.846,2.5264,0.2389,0,Non-SST
7610.0,73.0945,2.9714,2.5383,0.2358,0,Non-SST
7610.5,70.986,3.0272,2.5278,0.233,0,Non-SST
7611.0,70.4588,2.8403,2.5351,0.2287,0,Non-SST
7611.5,71.6888,2.735,2.5301,0.2317,0,Non-SST
7612.0,73.973,2.6388,2.5409,0.227,0,Non-SST
7612.5,76.96,2.3987,2.5641,0.2374,0,Non-SST
7613.0,80.8256,2.3331,2.6053,0.2432,0,Non-SST
7613.5,83.9883,2.3116,2.5822,0.2579,0,Non-SST
7614.0,85.7454,2.2198,2.5799,0.268,0,Non-SST
7614.5,84.3398,2.166,2.5325,0.2728,0,Non-SST
7615.0,81.177,2.1798,2.5335,0.2755,0,Non-SST
7615.5,81.5284,2.1676,2.5174,0.2722,0,Non-SST
7616.0,82.2313,2.1384,2.5494,0.2719,0,Non-SST
7616.5,80.8256,2.0221,2.565,0.2708,0,Non-SST
7617.0,80.4742,2.0067,2.5595,0.2823,0,Non-SST
7617.5,82.5827,1.8153,2.5212,0.2921,0,Non-SST
7618.0,85.5697,1.7651,2.508,0.3086,0,Non-SST
7618.5,88.2053,1.749,2.5158,0.3077,0,Non-SST
7619.0,89.7867,1.6605,2.55,0.3213,0,Non-SST
7619.5,87.1511,1.6529,2.5949,0.316,0,Non-SST
7620.0,83.9883,1.6504,2.5645,0.3247,0,Non-SST
7620.5,85.0426,1.6504,2.5511,0.3161,0,Non-SST
7621.0,87.5025,1.7495,2.5186,0.3302,0,Non-SST
7621.5,89.2596,1.7052,2.5262,0.3136,0,Non-SST
7622.0,89.611,1.6702,2.5228,0.3183,0,Non-SST
7622.5,87.5025,1.7273,2.5501,0.3222,0,Non-SST
7623.0,85.394,1.7619,2.5716,0.3391,0,Non-SST
7623.5,86.4482,1.7206,2.5885,0.3401,0,Non-SST
7624.0,87.5025,1.6605,2.5673,0.3248,0,Non-SST
7624.5,86.0968,1.7481,2.5437,0.3242,0,Non-SST
7625.0,83.9883,1.7614,2.5292,0.3165,0,Non-SST
7625.5,84.164,1.6775,2.5271,0.324,0,Non-SST
7626.0,87.1511,1.6723,2.5254,0.3238,0,Non-SST
7626.5,88.0296,1.6299,2.5368,0.3322,0,Non-SST
7627.0,87.5025,1.6372,2.5426,0.3297,0,Non-SST
7627.5,87.2214,1.71,2.5488,0.3219,0,Non-SST
7628.0,85.7103,1.6421,2.5418,0.3162,0,Non-SST
7628.5,85.1129,1.6144,2.5278,0.3253,0,Non-SST
7629.0,84.8669,1.6176,2.5317,0.3243,0,Non-SST
7629.5,84.3398,1.6895,2.5305,0.3252,0,Non-SST
7630.0,85.0426,1.6908,2.5315,0.3107,0,Non-SST
7630.5,84.6912,1.739,2.5322,0.316,0,Non-SST
7631.0,82.2313,1.7545,2.5186,0.3216,0,Non-SST
7631.5,82.0555,1.7928,2.5212,0.3263,0,Non-SST
7632.0,85.0426,1.7909,2.5433,0.3278,0,Non-SST
7632.5,87.3268,1.6995,2.5529,0.3301,0,Non-SST
7633.0,87.8539,1.7499,2.5639,0.3263,0,Non-SST
7633.5,86.7997,1.7702,2.5443,0.3233,0,Non-SST
7634.0,83.9883,1.6887,2.5679,0.3163,0,Non-SST
7634.5,82.5827,1.7131,2.5594,0.3299,0,Non-SST
7635.0,83.2855,1.7002,2.5583,0.3349,0,Non-SST
7635.5,83.6369,1.7404,2.5429,0.344,0,Non-SST
7636.0,82.9341,1.7461,2.5532,0.3521,0,Non-SST
7636.5,83.2855,1.7779,2.5707,0.3537,0,Non-SST
7637.0,85.7454,1.7836,2.5718,0.348,0,Non-SST
7637.5,85.7454,1.7532,2.5634,0.3374,0,Non-SST
7638.0,83.2855,1.7624,2.5767,0.3302,0,Non-SST
7638.5,83.4612,1.8275,2.5603,0.3253,0,Non-SST
7639.0,86.0968,1.7966,2.5515,0.3234,0,Non-SST
7639.5,87.3268,1.7992,2.5362,0.3273,0,Non-SST
7640.0,87.1511,1.8582,2.5379,0.3389,0,Non-SST
7640.5,88.5567,1.8163,2.5183,0.3392,0,Non-SST
7641.0,89.611,1.8148,2.4967,0.34,0,Non-SST
7641.5,86.0968,1.8728,2.5162,0.3292,0,Non-SST
7642.0,81.177,1.9375,2.5101,0.3255,0,Non-SST
7642.5,79.0685,1.8723,2.5581,0.3186,0,Non-SST
7643.0,79.7714,1.8567,2.5407,0.3115,0,Non-SST
7643.5,81.8799,1.911,2.5653,0.3141,0,Non-SST
7644.0,83.2855,1.9189,2.5836,0.3131,0,Non-SST
7644.5,83.2855,1.9822,2.5726,0.3214,0,Non-SST
7645.0,81.177,2.0039,2.5495,0.3189,0,Non-SST
7645.5,79.7714,2.0406,2.52,0.3264,0,Non-SST
7646.0,81.5284,1.9162,2.5173,0.3269,0,Non-SST
7646.5,82.2313,1.905,2.5051,0.3241,0,Non-SST
7647.0,81.8799,1.9157,2.4965,0.3266,0,Non-SST
7647.5,83.6369,1.9327,2.4887,0.3339,0,Non-SST
7648.0,85.0426,1.8105,2.5337,0.3299,0,Non-SST
7648.5,84.6912,1.9305,2.5583,0.3321,0,Non-SST
7649.0,83.9883,1.9311,2.5847,0.3227,0,Non-SST
7649.5,83.6369,1.8597,2.5527,0.323,0,Non-SST
7650.0,83.2855,1.989,2.5245,0.3226,0,Non-SST
7650.5,82.5827,2.0072,2.5195,0.3168,0,Non-SST
7651.0,82.9341,2.0503,2.5398,0.3205,0,Non-SST
7651.5,83.2855,1.9894,2.5829,0.3096,0,Non-SST
7652.0,82.2313,1.9651,2.5853,0.3188,0,Non-SST
7652.5,82.2313,1.9273,2.5503,0.3194,0,Non-SST
7653.0,83.9883,1.9162,2.5081,0.3225,0,Non-SST
7653.5,84.8669,1.8718,2.5018,0.3152,0,Non-SST
7654.0,84.3398,1.8641,2.5261,0.3261,0,Non-SST
7654.5,83.4612,1.8547,2.5602,0.3243,0,Non-SST
7655.0,81.8799,1.8728,2.5425,0.3321,0,Non-SST
7655.5,80.8256,1.9445,2.5357,0.3224,0,Non-SST
7656.0,81.8799,1.8517,2.5361,0.3244,0,Non-SST
7656.5,82.5827,1.9162,2.5497,0.3195,0,Non-SST
7657.0,82.2313,1.8672,2.5619,0.3135,0,Non-SST
7657.5,82.2313,1.9596,2.5338,0.3158,0,Non-SST
7658.0,81.8799,1.9207,2.5267,0.3202,0,Non-SST
7658.5,82.5827,1.8825,2.5022,0.3233,0,Non-SST
7659.0,83.9883,1.8718,2.5078,0.328,0,Non-SST
7659.5,83.6369,1.8095,2.5177,0.3256,0,Non-SST
7660.0,81.177,1.8597,2.5311,0.3375,0,Non-SST
7660.5,79.4199,1.8672,2.5489,0.3378,0,Non-SST
7661.0,81.0013,1.7422,2.5106,0.3525,0,Non-SST
7661.5,82.5827,1.836,2.5048,0.3496,0,Non-SST
7662.0,83.8126,1.8109,2.5004,0.3389,0,Non-SST
7662.5,86.0968,1.8265,2.5386,0.3254,0,Non-SST
7663.0,85.394,1.7726,2.548,0.3164,0,Non-SST
7663.5,83.9883,1.809,2.5413,0.3293,0,Non-SST
7664.0,85.7454,1.8502,2.5388,0.3312,0,Non-SST
7664.5,86.4482,1.8314,2.5422,0.3396,0,Non-SST
7665.0,84.164,1.8158,2.5748,0.3431,0,Non-SST
7665.5,81.8799,1.7348,2.5495,0.3499,0,Non-SST
7666.0,82.407,1.8457,2.5471,0.3369,0,Non-SST
7666.5,82.2313,1.8047,2.5179,0.3272,0,Non-SST
7667.0,79.7714,1.78,2.5257,0.3296,0,Non-SST
7667.5,80.8256,1.8422,2.5264,0.3417,0,Non-SST
7668.0,84.6912,1.7698,2.5603,0.3361,0,Non-SST
7668.5,85.9211,1.8427,2.56,0.3298,0,Non-SST
7669.0,84.3398,1.7871,2.5366,0.3293,0,Non-SST
7669.5,84.164,1.7749,2.5224,0.3381,0,Non-SST
7670.0,85.0426,1.7838,2.5248,0.3422,0,Non-SST
7670.5,86.0968,1.8042,2.5351,0.3451,0,Non-SST
7671.0,88.2053,1.8071,2.5621,0.3397,0,Non-SST
7671.5,87.8539,1.7975,2.5618,0.3417,0,Non-SST
7672.0,84.5155,1.8324,2.5618,0.3434,0,Non-SST
7672.5,82.2313,1.8167,2.5442,0.3396,0,Non-SST
7673.0,81.3527,1.8439,2.5416,0.3335,0,Non-SST
7673.5,80.8256,1.8907,2.5315,0.3263,0,Non-SST
7674.0,81.5284,1.8779,2.5469,0.3306,0,Non-SST
7674.5,82.5827,1.7206,2.5213,0.3356,0,Non-SST
7675.0,83.9883,1.8134,2.5504,0.3329,0,Non-SST
7675.5,84.8669,1.8358,2.5245,0.3365,0,Non-SST
7676.0,83.2855,1.8314,2.5395,0.3253,0,Non-SST
7676.5,82.0556,1.799,2.5126,0.3298,0,Non-SST
7677.0,82.9341,1.6944,2.5076,0.335,0,Non-SST
7677.5,84.3398,1.7568,2.5084,0.3311,0,Non-SST
7678.0,85.0426,1.7431,2.5266,0.33,0,Non-SST
7678.5,83.2855,1.7619,2.5442,0.3281,0,Non-SST
7679.0,79.4199,1.7829,2.537,0.3405,0,Non-SST
7679.5,77.4872,1.767,2.5406,0.343,0,Non-SST
7680.0,80.4742,1.779,2.5506,0.3284,0,Non-SST
7680.5,84.8669,1.7852,2.5618,0.3268,0,Non-SST
7681.0,86.0968,1.7559,2.56,0.3214,0,Non-SST
7681.5,84.8669,1.7928,2.5523,0.3383,0,Non-SST
7682.0,83.9883,1.7796,2.527,0.3379,0,Non-SST
7682.5,82.7584,1.8275,2.5507,0.3473,0,Non-SST
7683.0,80.4742,1.7791,2.544,0.3296,0,Non-SST
7683.5,80.2985,1.8402,2.576,0.3259,0,Non-SST
7684.0,81.5284,1.7928,2.5223,0.3291,0,Non-SST
7684.5,82.0555,1.8784,2.5308,0.3458,0,Non-SST
7685.0,83.2855,1.8866,2.5232,0.3603,0,Non-SST
7685.5,83.2855,1.9247,2.5451,0.3569,0,Non-SST
7686.0,81.177,1.8447,2.524,0.3496,0,Non-SST
7686.5,81.8799,1.9115,2.5147,0.3354,0,Non-SST
7687.0,84.6912,1.9488,2.5015,0.3214,0,Non-SST
7687.5,86.4483,1.9716,2.5259,0.321,0,Non-SST
7688.0,85.394,1.7282,2.5436,0.3309,0,Non-SST
7688.5,81.8799,1.8897,2.5522,0.3328,0,Non-SST
7689.0,81.8799,2.0089,2.5522,0.3261,0,Non-SST
7689.5,84.3398,1.9205,2.5364,0.3204,0,Non-SST
7690.0,84.6912,1.8577,2.5444,0.3281,0,Non-SST
7690.5,84.164,1.8211,2.5289,0.3341,0,Non-SST
7691.0,82.2313,1.8692,2.5138,0.346,0,Non-SST
7691.5,78.8928,1.9068,2.4922,0.3433,0,Non-SST
7692.0,78.3657,1.9482,2.4975,0.329,0,Non-SST
7692.5,81.5284,1.8718,2.5183,0.3038,0,Non-SST
7693.0,84.3398,1.9194,2.5712,0.2868,0,Non-SST
7693.5,82.9341,1.9739,2.5949,0.2717,0,Non-SST
7694.0,76.96,2.234,2.5954,0.2434,0,Non-SST
7694.5,67.8232,2.5097,2.5826,0.2183,0,Non-SST
7695.0,59.0378,3.1599,2.5746,0.1988,0,Non-SST
7695.5,55.8751,3.2065,2.5796,0.1897,0,Non-SST
7696.0,56.2265,3.4217,2.6167,0.1881,0,Non-SST
7696.5,55.8751,3.5259,2.6274,0.1888,0,Non-SST
7697.0,54.8208,3.531,2.6454,0.1914,0,Non-SST
7697.5,52.7123,3.5233,2.6305,0.1921,0,Non-SST
7698.0,52.0095,3.499,2.5991,0.1994,0,Non-SST
7698.5,54.4694,3.3482,2.5693,0.2106,0,Non-SST
7699.0,57.2808,3.1398,2.5569,0.2176,0,Non-SST
7699.5,59.7407,3.3888,2.5644,0.2209,0,Non-SST
7700.0,62.2006,3.7773,2.5454,0.2161,0,Non-SST
7700.5,64.3091,3.7659,2.5302,0.2161,0,Non-SST
7701.0,67.1204,3.0262,2.5447,0.2174,0,Non-SST
7701.5,68.1746,2.6139,2.6235,0.2116,0,Non-SST
7702.0,64.8362,2.6307,2.6401,0.2026,0,Non-SST
7702.5,60.4435,2.9976,2.6126,0.1905,0,Non-SST
7703.0,58.1593,3.2309,2.5601,0.1843,0,Non-SST
7703.5,56.9293,3.3317,2.564,0.1857,0,Non-SST
7704.0,55.5237,3.3376,2.5954,0.1836,0,Non-SST
7704.5,55.8751,3.2761,2.6174,0.1837,0,Non-SST
7705.0,57.6322,3.5118,2.6537,0.1781,0,Non-SST
7705.5,57.2808,3.6858,2.6454,0.168,0,Non-SST
7706.0,53.7666,4.0654,2.6572,0.1525,0,Non-SST
7706.5,49.1982,4.9667,2.6366,0.1411,0,Non-SST
7707.0,46.0355,5.2508,2.6289,0.1399,0,Non-SST
7707.5,46.0355,5.2369,2.5981,0.1437,0,Non-SST
7708.0,50.9553,4.6792,2.5729,0.1562,0,Non-SST
7708.5,56.5779,4.0686,2.5643,0.171,0,Non-SST
7709.0,60.0921,3.6969,2.5769,0.1922,0,Non-SST
7709.5,64.1919,3.3876,2.5692,0.2022,0,Non-SST
7710.0,66.5347,3.138,2.5934,0.2107,0,Non-SST
7710.5,68.0575,2.811,2.5771,0.2199,0,Non-SST
7711.0,72.0402,2.6812,2.5543,0.2387,0,Non-SST
7711.5,77.6629,2.5128,2.5658,0.2509,0,Non-SST
7712.0,82.9341,2.281,2.56,0.267,0,Non-SST
7712.5,84.5155,2.3734,2.5839,0.2676,0,Non-SST
7713.0,85.394,2.2557,2.5427,0.2818,0,Non-SST
7713.5,89.7867,2.1326,2.5281,0.2881,0,Non-SST
7714.0,93.828,1.9618,2.5464,0.3009,0,Non-SST
7714.5,95.5851,2.0232,2.5443,0.3092,0,Non-SST
7715.0,96.9907,2.0175,2.5594,0.2972,0,Non-SST
7715.5,96.9907,2.0802,2.5206,0.2856,0,Non-SST
7716.0,92.598,2.3394,2.5199,0.2673,0,Non-SST
7716.5,85.0426,2.5011,2.5362,0.2618,0,Non-SST
7717.0,80.6499,2.64,2.5432,0.2591,0,Non-SST
7717.5,79.4199,2.427,2.5507,0.2593,0,Non-SST
7718.0,78.7171,2.3598,2.5291,0.2645,0,Non-SST
7718.5,79.4199,2.6164,2.5646,0.2633,0,Non-SST
7719.0,80.4742,2.7305,2.5842,0.2464,0,Non-SST
7719.5,79.7714,2.6056,2.6747,0.2214,0,Non-SST
7720.0,75.0272,2.6881,2.6966,0.2002,0,Non-SST
7720.5,64.4262,3.2796,2.6928,0.1726,0,Non-SST
7721.0,51.3653,4.3487,2.6098,0.1488,0,Non-SST
7721.5,45.0983,4.5446,2.5413,0.1372,0,Non-SST
7722.0,49.5496,4.5024,2.4657,0.1443,0,Non-SST
7722.5,57.105,4.3058,2.4484,0.1625,0,Non-SST
7723.0,58.335,4.3668,2.4759,0.1753,0,Non-SST
7723.5,54.9965,4.3886,2.5307,0.1803,0,Non-SST
7724.0,54.4694,4.385,2.5446,0.1818,0,Non-SST
7724.5,56.5779,4.5409,2.5582,0.1788,0,Non-SST
7725.0,57.2808,4.5043,2.5375,0.177,0,Non-SST
7725.5,57.9836,4.5024,2.5332,0.1795,0,Non-SST
7726.0,60.0921,4.374,2.5304,0.185,0,Non-SST
7726.5,59.7407,4.3795,2.5489,0.1927,0,Non-SST
7727.0,57.8079,4.3005,2.5705,0.2023,0,Non-SST
7727.5,61.4977,4.0881,2.5608,0.2212,0,Non-SST
7728.0,70.4588,3.2779,2.5548,0.243,0,Non-SST
7728.5,76.4329,3.0232,2.557,0.2625,0,Non-SST
7729.0,77.6629,2.9511,2.5624,0.2637,0,Non-SST
7729.5,78.19,2.9684,2.5812,0.2632,0,Non-SST
7730.0,80.4742,2.9151,2.5822,0.2585,0,Non-SST
7730.5,83.9883,2.8953,2.5738,0.2621,0,Non-SST
7731.0,85.7454,2.811,2.5453,0.2673,0,Non-SST
7731.5,83.2855,2.5965,2.5435,0.2731,0,Non-SST
7732.0,80.4742,2.7786,2.5463,0.2708,0,Non-SST
7732.5,81.177,2.7621,2.5547,0.2663,0,Non-SST
7733.0,80.8256,2.6899,2.5492,0.2645,0,Non-SST
7733.5,79.4199,2.5317,2.5331,0.2742,0,Non-SST
7734.0,81.177,2.5574,2.5301,0.2834,0,Non-SST
7734.5,84.3398,2.4995,2.563,0.2939,0,Non-SST
7735.0,84.5155,2.4455,2.59,0.2818,0,Non-SST
7735.5,81.177,2.4952,2.5983,0.2755,0,Non-SST
7736.0,78.8928,2.6708,2.5681,0.271,0,Non-SST
7736.5,78.3657,2.7004,2.5183,0.2737,0,Non-SST
7737.0,79.7714,2.4433,2.498,0.2846,0,Non-SST
7737.5,82.2313,2.4764,2.5097,0.2789,0,Non-SST
7738.0,80.1228,2.481,2.5548,0.2841,0,Non-SST
7738.5,77.3114,2.4833,2.5738,0.2815,0,Non-SST
7739.0,80.1228,2.3373,2.5915,0.2947,0,Non-SST
7739.5,84.6912,2.2082,2.5573,0.2906,0,Non-SST
7740.0,86.4482,2.3699,2.5368,0.2913,0,Non-SST
7740.5,84.6912,2.468,2.5544,0.2774,0,Non-SST
7741.0,80.4742,2.4779,2.5618,0.2776,0,Non-SST
7741.5,77.3114,2.5365,2.5782,0.2718,0,Non-SST
7742.0,78.0143,2.5341,2.5455,0.2684,0,Non-SST
7742.5,79.0685,2.6434,2.5559,0.2663,0,Non-SST
7743.0,78.0143,2.6164,2.5612,0.2711,0,Non-SST
7743.5,78.3657,2.6031,2.577,0.2714,0,Non-SST
7744.0,78.0143,2.6969,2.5799,0.2802,0,Non-SST
7744.5,75.9058,2.5207,2.5669,0.2858,0,Non-SST
7745.0,77.3114,2.279,2.568,0.2977,0,Non-SST
7745.5,82.2313,2.1679,2.5745,0.3017,0,Non-SST
7746.0,87.1511,2.0344,2.5976,0.3005,0,Non-SST
7746.5,89.9624,2.0879,2.5974,0.3039,0,Non-SST
7747.0,89.9624,1.9337,2.6069,0.3031,0,Non-SST
7747.5,87.8539,2.0227,2.5977,0.2958,0,Non-SST
7748.0,86.0968,2.0645,2.6018,0.2709,0,Non-SST
7748.5,81.5284,2.4273,2.5879,0.2376,0,Non-SST
7749.0,67.6475,2.3972,2.6049,0.1985,0,Non-SST
7749.5,52.7123,2.9704,2.598,0.1773,0,Non-SST
7750.0,49.3739,5.0905,2.6112,0.1709,0,Non-SST
7750.5,55.8751,4.9573,2.5846,0.1933,0,Non-SST
7751.0,65.1876,3.9843,2.5973,0.2294,0,Non-SST
7751.5,73.0945,3.4563,2.5795,0.2545,0,Non-SST
7752.0,77.4872,2.8317,2.6223,0.2767,0,Non-SST
7752.5,80.1228,2.4833,2.6038,0.2748,0,Non-SST
7753.0,83.9883,2.1409,2.6285,0.279,0,Non-SST
7753.5,87.1511,1.8897,2.5894,0.2747,0,Non-SST
7754.0,85.394,1.7408,2.5724,0.272,0,Non-SST
7754.5,79.7714,1.7341,2.553,0.2544,0,Non-SST
7755.0,74.5001,2.0177,2.5508,0.2377,0,Non-SST
7755.5,70.986,2.3777,2.5505,0.2232,0,Non-SST
7756.0,68.8775,2.2804,2.5343,0.2192,0,Non-SST
7756.5,67.1204,2.2912,2.5069,0.2143,0,Non-SST
7757.0,65.7147,2.5231,2.5286,0.2143,0,Non-SST
7757.5,66.4176,2.5493,2.5339,0.2155,0,Non-SST
7758.0,67.4718,2.8045,2.5626,0.2073,0,Non-SST
7758.5,67.4718,2.7887,2.5476,0.1985,0,Non-SST
7759.0,65.7147,3.0938,2.57,0.1783,0,Non-SST
7759.5,58.335,4.2323,2.5796,0.1589,0,Non-SST
7760.0,47.4411,5.7132,2.6166,0.1371,0,Non-SST
7760.5,39.8857,7.2072,2.6153,0.1183,0,Non-SST
7761.0,37.6015,7.1325,2.6021,0.1067,0,Non-SST
7761.5,37.7772,7.1362,2.5742,0.1034,0,Non-SST
7762.0,39.3586,7.1214,2.5686,0.1083,0,Non-SST
7762.5,41.467,6.9274,2.5401,0.1144,0,Non-SST
7763.0,42.1699,6.8566,2.5418,0.1219,0,Non-SST
7763.5,42.8727,6.9237,2.5696,0.1231,0,Non-SST
7764.0,42.8727,6.8116,2.619,0.1182,0,Non-SST
7764.5,41.1156,6.7902,2.579,0.1101,0,Non-SST
7765.0,40.0614,6.5489,2.5737,0.1138,0,Non-SST
7765.5,39.71,6.3055,2.5268,0.1241,0,Non-SST
7766.0,39.3586,5.7902,2.4733,0.1323,0,Non-SST
7766.5,40.0614,5.0806,2.432,0.1383,0,Non-SST
7767.0,41.467,4.651,2.413,0.1478,5,WTR
7767.5,42.8727,4.3505,2.3972,0.1668,5,WTR
7768.0,42.8727,4.222,2.3865,0.1787,5,WTR
7768.5,41.8185,4.1592,2.3902,0.1799,5,WTR
7769.0,41.8185,4.1676,2.4691,0.1778,0,Non-SST
7769.5,41.467,4.2032,2.4813,0.1724,0,Non-SST
7770.0,40.7642,4.2881,2.4764,0.1708,0,Non-SST
7770.5,41.467,4.3641,2.4289,0.1643,5,WTR
7771.0,42.8727,4.1862,2.4276,0.1649,5,WTR
7771.5,43.927,4.2584,2.4497,0.1639,5,WTR
7772.0,43.5755,4.3165,2.4561,0.1671,0,Non-SST
7772.5,43.7513,3.8459,2.4785,0.1751,0,Non-SST
7773.0,49.1982,3.3223,2.4981,0.1887,0,Non-SST
7773.5,58.1593,3.2568,2.5239,0.2056,0,Non-SST
7774.0,65.3633,3.1011,2.5238,0.2095,0,Non-SST
7774.5,69.5803,2.9553,2.5234,0.2156,0,Non-SST
7775.0,69.9317,3.1552,2.533,0.2149,0,Non-SST
7775.5,67.8232,3.1845,2.5439,0.2143,0,Non-SST
7776.0,66.4176,2.9592,2.5399,0.2142,0,Non-SST
7776.5,65.0119,2.8317,2.5375,0.2142,0,Non-SST
7777.0,62.9034,2.928,2.5246,0.2104,0,Non-SST
7777.5,61.1463,3.2765,2.5205,0.2024,0,Non-SST
7778.0,59.7407,3.4864,2.5025,0.1926,0,Non-SST
7778.5,58.6864,3.6761,2.5166,0.1836,0,Non-SST
7779.0,56.2265,4.2276,2.5142,0.1718,0,Non-SST
7779.5,50.2524,4.8503,2.4972,0.1597,0,Non-SST
7780.0,43.2241,4.7286,2.4542,0.1476,0,Non-SST
7780.5,39.0071,5.1117,2.4353,0.1363,0,Non-SST
7781.0,38.6557,5.3287,2.4867,0.129,0,Non-SST
7781.5,39.71,5.5633,2.5332,0.1224,0,Non-SST
7782.0,39.71,5.9841,2.4984,0.1222,0,Non-SST
7782.5,39.71,5.9115,2.4627,0.1221,0,Non-SST
7783.0,40.7642,6.1438,2.4609,0.1239,0,Non-SST
7783.5,42.5213,5.7536,2.4443,0.1302,0,Non-SST
7784.0,44.9812,5.5896,2.4047,0.1419,0,Non-SST
7784.5,47.0897,5.6617,2.3455,0.1552,5,WTR
7785.0,49.5496,5.8442,2.3418,0.1545,5,WTR
7785.5,52.8881,5.9974,2.351,0.1471,5,WTR
7786.0,53.9423,6.2,2.3343,0.1363,0,Non-SST
7786.5,53.7666,7.0845,2.279,0.1266,1,Gas
7787.0,54.2937,8.0446,2.2341,0.1159,1,Gas
7787.5,52.8881,8.5285,2.209,0.1048,1,Gas
7788.0,50.9553,9.3452,2.1624,0.0933,1,Gas
7788.5,50.0767,9.873,2.1458,0.0873,1,Gas
7789.0,47.4411,10.7186,2.1482,0.0818,1,Gas
7789.5,44.8055,11.4333,2.155,0.0796,1,Gas
7790.0,45.3326,11.9398,2.163,0.0771,1,Gas
7790.5,46.7383,12.7755,2.1452,0.0747,1,Gas
7791.0,45.3326,14.3274,2.1295,0.0722,1,Gas
7791.5,41.467,15.5271,2.1074,0.0666,1,Gas
7792.0,38.6557,16.4098,2.1164,0.0636,1,Gas
7792.5,37.6015,16.9793,2.1235,0.0611,1,Gas
7793.0,37.9529,17.3823,2.1407,0.0614,1,Gas
7793.5,40.0614,17.8197,2.1409,0.0613,1,Gas
7794.0,41.1156,17.8985,2.1202,0.0625,1,Gas
7794.5,39.1828,17.7354,2.0935,0.0622,1,Gas
7795.0,37.6015,17.6137,2.0993,0.0615,1,Gas
7795.5,38.1286,17.4486,2.1162,0.0613,1,Gas
7796.0,40.0614,17.3976,2.1684,0.0629,1,Gas
7796.5,43.5755,16.307,2.1666,0.0696,1,Gas
7797.0,44.9812,15.5524,2.1776,0.0746,1,Gas
7797.5,42.5213,15.6664,2.1471,0.08,1,Gas
7798.0,39.71,15.6155,2.1486,0.0787,1,Gas
7798.5,37.9529,15.6029,2.1215,0.0753,1,Gas
7799.0,36.5472,15.912,2.1275,0.0714,1,Gas
7799.5,35.8444,15.6988,2.1275,0.0667,1,Gas
7800.0,35.8444,14.6882,2.1273,0.0651,1,Gas
7800.5,35.1416,14.8441,2.1076,0.0634,1,Gas
7801.0,34.0873,14.3162,2.0875,0.0624,1,Gas
7801.5,33.3845,13.8297,2.0643,0.061,1,Gas
7802.0,31.6274,13.5243,2.0456,0.0596,1,Gas
7802.5,28.8161,13.4889,2.0646,0.0621,1,Gas
7803.0,29.1675,12.5718,2.1182,0.0671,1,Gas
7803.5,35.8444,11.7032,2.217,0.0783,1,Gas
7804.0,43.927,10.0812,2.2949,0.096,1,Gas
7804.5,44.2784,9.4152,2.2653,0.1108,1,Gas
7805.0,37.9529,9.7536,2.2004,0.1153,1,Gas
7805.5,33.7359,9.5397,2.1843,0.1096,1,Gas
7806.0,33.5602,9.0572,2.1872,0.1087,1,Gas
7806.5,35.493,8.2665,2.2421,0.1122,1,Gas
7807.0,36.7229,7.5191,2.2625,0.1239,1,Gas
7807.5,35.8444,6.707,2.2838,0.1357,1,Gas
7808.0,35.493,6.1665,2.249,0.1491,1,Gas
7808.5,36.1958,5.6707,2.2392,0.156,1,Gas
7809.0,35.8444,5.052,2.2564,0.1585,1,Gas
7809.5,34.0873,4.5177,2.2797,0.1626,5,WTR
7810.0,33.0331,4.2358,2.2621,0.1686,5,WTR
7810.5,33.0331,4.2829,2.2274,0.1729,1,Gas
7811.0,31.9788,4.021,2.2026,0.1684,1,Gas
7811.5,29.8703,3.9118,2.2187,0.162,5,WTR
7812.0,29.5189,3.7234,2.2253,0.1614,5,WTR
7812.5,31.6274,3.6556,2.23,0.166,5,WTR
7813.0,32.1386,3.6624,2.2228,0.173,5,WTR
7813.5,30.1898,3.5832,2.2058,0.1736,5,WTR
7814.0,28.9758,3.4826,2.176,0.1729,5,WTR
7814.5,28.4647,3.3655,2.164,0.1656,5,WTR
7815.0,28.1133,3.3352,2.147,0.1659,1,Gas
7815.5,28.1133,3.3072,2.1487,0.1632,1,Gas
7816.0,30.2217,3.3352,2.175,0.1657,5,WTR
7816.5,36.5472,3.2693,2.2609,0.1706,5,WTR
7817.0,46.7383,3.3049,2.4001,0.1783,5,WTR
7817.5,58.8621,3.1392,2.4999,0.1892,0,Non-SST
7818.0,65.7147,3.1924,2.5455,0.1965,0,Non-SST
7818.5,63.0791,3.6205,2.5246,0.2012,0,Non-SST
7819.0,57.6322,3.9656,2.5557,0.1952,0,Non-SST
7819.5,56.5779,4.1442,2.5653,0.183,0,Non-SST
7820.0,58.5107,4.5816,2.5753,0.1788,0,Non-SST
7820.5,56.2265,4.8778,2.546,0.1763,0,Non-SST
7821.0,51.8338,4.8019,2.5343,0.1746,0,Non-SST
7821.5,52.7123,4.3996,2.5318,0.1656,0,Non-SST
7822.0,54.4694,3.9785,2.5502,0.1675,0,Non-SST
7822.5,54.4694,3.7108,2.5623,0.174,0,Non-SST
7823.0,56.9293,3.6285,2.5329,0.1826,0,Non-SST
7823.5,61.322,3.495,2.5209,0.1858,0,Non-SST
7824.0,65.3633,3.2922,2.5189,0.1897,0,Non-SST
7824.5,67.6475,3.0803,2.5278,0.197,0,Non-SST
7825.0,68.8775,3.0836,2.5383,0.2041,0,Non-SST
7825.5,69.5803,3.0404,2.5454,0.2131,0,Non-SST
7826.0,69.5803,3.0679,2.5533,0.2177,0,Non-SST
7826.5,70.6345,3.0424,2.5275,0.2113,0,Non-SST
7827.0,72.2159,3.0272,2.5067,0.2054,0,Non-SST
7827.5,72.0402,2.9972,2.4925,0.2009,0,Non-SST
7828.0,72.2159,2.9623,2.5387,0.2084,0,Non-SST
7828.5,74.8515,2.8099,2.5684,0.2123,0,Non-SST
7829.0,76.96,2.6089,2.5837,0.2241,0,Non-SST
7829.5,78.0143,2.4118,2.5709,0.2362,0,Non-SST
7830.0,79.7714,2.2824,2.5311,0.2509,0,Non-SST
7830.5,81.5284,2.2082,2.5402,0.2585,0,Non-SST
7831.0,82.0555,2.3241,2.5234,0.2575,0,Non-SST
7831.5,81.177,2.1667,2.5685,0.2642,0,Non-SST
7832.0,81.3527,2.1654,2.5753,0.2707,0,Non-SST
7832.5,81.5284,2.0872,2.5799,0.285,0,Non-SST
7833.0,79.4199,2.103,2.5699,0.2768,0,Non-SST
7833.5,79.4199,2.0594,2.5625,0.2773,0,Non-SST
7834.0,81.8799,2.0634,2.5606,0.2638,0,Non-SST
7834.5,82.407,2.0457,2.5641,0.2662,0,Non-SST
7835.0,81.5284,2.0915,2.5679,0.259,0,Non-SST
7835.5,82.0555,2.1007,2.5746,0.2589,0,Non-SST
7836.0,84.6912,2.1233,2.5545,0.2594,0,Non-SST
7836.5,87.5025,2.0577,2.5429,0.2671,0,Non-SST
7837.0,87.5025,2.064,2.5247,0.2724,0,Non-SST
7837.5,84.3398,2.0755,2.5189,0.2795,0,Non-SST
7838.0,83.9883,2.0525,2.5128,0.2728,0,Non-SST
7838.5,87.1511,2.0188,2.5387,0.2798,0,Non-SST
7839.0,87.1511,2.0758,2.5532,0.282,0,Non-SST
7839.5,85.394,2.06,2.5665,0.2844,0,Non-SST
7840.0,85.394,1.999,2.568,0.2746,0,Non-SST
7840.5,86.7997,1.9761,2.5468,0.2704,0,Non-SST
7841.0,87.5025,1.9412,2.5426,0.2828,0,Non-SST
7841.5,86.4483,1.9189,2.5204,0.2981,0,Non-SST
7842.0,85.7454,1.9289,2.5546,0.3089,0,Non-SST
7842.5,85.7454,1.884,2.5462,0.3177,0,Non-SST
7843.0,85.394,1.8156,2.5541,0.3106,0,Non-SST
7843.5,83.9883,1.8004,2.5411,0.2905,0,Non-SST
7844.0,79.7714,1.7726,2.567,0.2668,0,Non-SST
7844.5,72.3916,2.0971,2.5776,0.2608,0,Non-SST
7845.0,65.3633,2.657,2.6008,0.2511,0,Non-SST
7845.5,62.9034,2.1048,2.5635,0.2333,0,Non-SST
7846.0,67.9404,1.6479,2.5709,0.2281,0,Non-SST
7846.5,76.7258,1.4216,2.5401,0.2395,0,Non-SST
7847.0,79.7714,1.9474,2.555,0.2543,0,Non-SST
7847.5,77.4286,2.0877,2.5544,0.2434,0,Non-SST
7848.0,76.4915,2.0645,2.5737,0.2371,0,Non-SST
7848.5,76.3158,2.1221,2.5879,0.2342,0,Non-SST
7849.0,75.3201,2.1167,2.6,0.2468,0,Non-SST
7849.5,75.4958,2.2114,2.5519,0.2478,0,Non-SST
7850.0,76.1401,2.2012,2.5488,0.2511,0,Non-SST
7850.5,75.7886,2.2379,2.5412,0.2452,0,Non-SST
7851.0,76.3158,2.1829,2.5512,0.2509,0,Non-SST
7851.5,77.4286,2.2166,2.5163,0.2593,0,Non-SST
7852.0,77.7214,2.1667,2.5095,0.2598,0,Non-SST
7852.5,77.4286,2.2243,2.5297,0.2585,0,Non-SST
7853.0,77.7214,2.1512,2.5659,0.2508,0,Non-SST
7853.5,79.1388,2.1674,2.551,0.2519,0,Non-SST
7854.0,79.7362,2.2463,2.5439,0.2507,0,Non-SST
7854.5,80.0173,2.1752,2.5253,0.2504,0,Non-SST
7855.0,80.1228,2.3483,2.5646,0.2459,0,Non-SST
7855.5,79.0685,2.4071,2.565,0.2427,0,Non-SST
7856.0,78.7171,2.393,2.5819,0.2367,0,Non-SST
7856.5,77.37,2.6244,2.5568,0.2274,0,Non-SST
7857.0,71.1031,2.7929,2.5766,0.2178,0,Non-SST
7857.5,62.7863,3.2382,2.5759,0.202,0,Non-SST
7858.0,56.4022,4.1508,2.5765,0.1851,0,Non-SST
7858.5,53.0638,4.7685,2.5436,0.1646,0,Non-SST
7859.0,50.9553,5.3754,2.5654,0.1509,0,Non-SST
7859.5,48.4954,5.6371,2.5539,0.1445,0,Non-SST
7860.0,48.8468,5.5598,2.5563,0.1441,0,Non-SST
7860.5,53.5909,4.8885,2.5179,0.1507,0,Non-SST
7861.0,59.9164,4.3672,2.5259,0.1635,0,Non-SST
7861.5,63.7819,3.8497,2.5232,0.1807,0,Non-SST
7862.0,65.8904,3.5551,2.5406,0.1974,0,Non-SST
7862.5,67.8232,3.4065,2.5396,0.2083,0,Non-SST
7863.0,69.0532,3.1721,2.5513,0.2106,0,Non-SST
7863.5,69.9317,2.8566,2.5613,0.2118,0,Non-SST
7864.0,70.6345,2.8112,2.5605,0.213,0,Non-SST
7864.5,72.0402,2.6454,2.5417,0.2217,0,Non-SST
7865.0,72.0402,2.6076,2.5222,0.2243,0,Non-SST
7865.5,70.2831,2.5473,2.5134,0.2243,0,Non-SST
7866.0,70.2831,2.5598,2.526,0.2171,0,Non-SST
7866.5,71.6888,2.5594,2.5345,0.2141,0,Non-SST
7867.0,71.6888,2.5102,2.5557,0.2122,0,Non-SST
7867.5,69.9317,2.4472,2.5508,0.2106,0,Non-SST
7868.0,69.2289,2.4902,2.5487,0.2135,0,Non-SST
7868.5,68.1746,2.5656,2.5674,0.2105,0,Non-SST
7869.0,66.0661,2.6986,2.5676,0.2044,0,Non-SST
7869.5,63.0791,2.9694,2.5975,0.1895,0,Non-SST
7870.0,56.5779,3.4221,2.5782,0.179,0,Non-SST
7870.5,50.9553,3.7248,2.5977,0.1721,0,Non-SST
7871.0,51.3067,3.8726,2.5613,0.1685,0,Non-SST
7871.5,56.0508,3.7516,2.5709,0.1633,0,Non-SST
7872.0,60.7949,3.4377,2.5743,0.1661,0,Non-SST
7872.5,64.3091,3.0006,2.6109,0.1756,0,Non-SST
7873.0,67.8232,2.7048,2.5899,0.1972,0,Non-SST
7873.5,69.9317,2.4964,2.6047,0.2124,0,Non-SST
7874.0,72.3916,2.4802,2.5813,0.2243,0,Non-SST
7874.5,76.96,2.3199,2.5809,0.2291,0,Non-SST
7875.0,79.7714,2.1741,2.5827,0.2369,0,Non-SST
7875.5,80.1228,2.2265,2.5604,0.2342,0,Non-SST
7876.0,79.0685,2.1257,2.5856,0.2337,0,Non-SST
7876.5,77.8386,2.1605,2.5583,0.2356,0,Non-SST
7877.0,77.6629,2.0244,2.5939,0.2485,0,Non-SST
7877.5,76.7843,2.1016,2.5301,0.2512,0,Non-SST
7878.0,76.2572,2.0948,2.5402,0.2456,0,Non-SST
7878.5,77.3114,2.0333,2.5389,0.234,0,Non-SST
7879.0,78.3657,1.98,2.5982,0.2392,0,Non-SST
7879.5,78.5414,1.9348,2.6133,0.2444,0,Non-SST
7880.0,78.3657,1.8928,2.6251,0.252,0,Non-SST
7880.5,78.8928,2.0039,2.5916,0.2469,0,Non-SST
7881.0,79.7714,2.0548,2.566,0.2421,0,Non-SST
7881.5,78.7171,2.048,2.5671,0.2312,0,Non-SST
7882.0,74.1487,2.7093,2.5768,0.2193,0,Non-SST
7882.5,66.4176,4.5389,2.6248,0.1947,0,Non-SST
7883.0,56.7536,5.8497,2.6613,0.1678,0,Non-SST
7883.5,47.7925,7.447,2.7006,0.1371,0,Non-SST
7884.0,41.2913,9.1515,2.7241,0.1154,0,Non-SST
7884.5,37.2501,11.0187,2.7193,0.0999,0,Non-SST
7885.0,36.1958,13.5761,2.7341,0.0906,0,Non-SST
7885.5,37.6015,15.2185,2.7048,0.0862,0,Non-SST
7886.0,39.3586,14.9292,2.7356,0.0879,0,Non-SST
7886.5,39.3586,14.6763,2.6927,0.0922,0,Non-SST
7887.0,37.6015,14.2707,2.6878,0.0939,0,Non-SST
7887.5,35.493,13.8728,2.6277,0.0979,0,Non-SST
7888.0,32.6817,18.2473,2.6375,0.0995,0,Non-SST
7888.5,29.5189,22.6218,2.6139,0.0941,0,Non-SST
7889.0,26.3562,24.9446,2.6377,0.0841,0,Non-SST
7889.5,22.842,25.2223,2.6309,0.0836,0,Non-SST
7890.0,21.7878,21.9006,2.6344,0.0957,0,Non-SST
7890.5,25.4776,16.591,2.6535,0.1012,0,Non-SST
7891.0,30.9246,16.0706,2.6835,0.0987,0,Non-SST
7891.5,33.9116,19.2084,2.7062,0.0972,0,Non-SST
7892.0,34.7901,18.0438,2.6771,0.1029,0,Non-SST
7892.5,36.1958,12.851,2.6294,0.1111,0,Non-SST
7893.0,37.9529,11.8586,2.5967,0.1119,0,Non-SST
7893.5,38.3043,13.2899,2.6306,0.11,0,Non-SST
7894.0,36.0201,14.8805,2.6414,0.1046,0,Non-SST
7894.5,33.0331,14.0362,2.6314,0.0973,0,Non-SST
7895.0,33.2088,10.8506,2.617,0.0886,0,Non-SST
7895.5,36.1958,8.6749,2.6199,0.087,0,Non-SST
7896.0,36.8986,7.613,2.6657,0.0942,0,Non-SST
7896.5,34.0873,7.8239,2.6636,0.1073,0,Non-SST
7897.0,33.3845,8.2713,2.6653,0.108,0,Non-SST
7897.5,35.8444,8.0628,2.6641,0.1019,0,Non-SST
7898.0,38.1286,7.7088,2.654,0.0996,0,Non-SST
7898.5,40.7642,7.1176,2.5975,0.1062,0,Non-SST
7899.0,45.1569,5.6443,2.5833,0.1189,0,Non-SST
7899.5,48.1439,5.1839,2.5577,0.1317,0,Non-SST
7900.0,48.4954,5.0215,2.5842,0.1459,0,Non-SST
7900.5,49.5496,4.8076,2.5548,0.1586,0,Non-SST
7901.0,50.2524,4.6914,2.5704,0.168,0,Non-SST
7901.5,50.4281,4.6631,2.5711,0.1605,0,Non-SST
7902.0,50.9553,4.7037,2.5775,0.1559,0,Non-SST
7902.5,50.6039,4.8014,2.5694,0.1474,0,Non-SST
7903.0,50.2524,4.4366,2.5696,0.1544,0,Non-SST
7903.5,50.4281,4.1177,2.5382,0.1589,0,Non-SST
7904.0,52.7123,4.0365,2.5237,0.1668,0,Non-SST
7904.5,55.5237,4.0525,2.5189,0.1669,0,Non-SST
7905.0,55.5237,4.0397,2.5263,0.1644,0,Non-SST
7905.5,54.2937,4.0301,2.5145,0.165,0,Non-SST
7906.0,52.5952,3.9202,2.5,0.1615,0,Non-SST
7906.5,52.3024,3.8636,2.5263,0.1612,0,Non-SST
7907.0,54.528,3.9194,2.5409,0.1609,0,Non-SST
7907.5,55.1723,3.8223,2.5805,0.165,0,Non-SST
7908.0,55.1723,3.8651,2.5678,0.1659,0,Non-SST
7908.5,57.2808,3.7637,2.5798,0.1681,0,Non-SST
7909.0,58.5107,3.746,2.543,0.1686,0,Non-SST
7909.5,57.2808,3.7438,2.5323,0.1682,0,Non-SST
7910.0,55.6994,3.8824,2.5086,0.1676,0,Non-SST
7910.5,55.1723,3.8891,2.5117,0.1655,0,Non-SST
7911.0,54.6451,4.031,2.511,0.1672,0,Non-SST
7911.5,53.4152,4.1028,2.5368,0.1599,0,Non-SST
7912.0,52.0095,4.2987,2.5442,0.1562,0,Non-SST
7912.5,50.6039,4.4014,2.5279,0.1571,0,Non-SST
7913.0,50.6039,4.4478,2.5173,0.1606,0,Non-SST
7913.5,52.3609,4.4488,2.4918,0.1626,0,Non-SST
7914.0,52.7123,4.4864,2.4888,0.1581,0,Non-SST
7914.5,51.6581,4.5466,2.4971,0.1553,0,Non-SST
7915.0,52.3609,4.7953,2.5343,0.1572,0,Non-SST
7915.5,52.7123,5.0717,2.5635,0.1591,0,Non-SST
7916.0,51.3067,5.5419,2.5891,0.1579,0,Non-SST
7916.5,51.3067,6.2092,2.5792,0.1487,0,Non-SST
7917.0,52.0095,6.5994,2.614,0.1374,0,Non-SST
7917.5,53.4152,6.8872,2.6307,0.1299,0,Non-SST
7918.0,55.8751,7.2509,2.6472,0.1277,0,Non-SST
7918.5,56.5779,7.3062,2.5615,0.1283,0,Non-SST
7919.0,56.2265,7.1884,2.5441,0.1322,0,Non-SST
7919.5,56.2265,6.9605,2.5629,0.138,0,Non-SST
7920.0,58.335,6.6437,2.4989,0.1464,0,Non-SST
7920.5,63.2548,6.2493,2.5275,0.1501,0,Non-SST
7921.0,67.8232,5.8581,2.5335,0.1552,0,Non-SST
7921.5,70.2831,5.6156,2.5431,0.1604,0,Non-SST
7922.0,70.986,5.3144,2.512,0.1684,0,Non-SST
7922.5,71.3374,5.0301,2.5396,0.1717,0,Non-SST
7923.0,71.3374,4.7118,2.5592,0.171,0,Non-SST
7923.5,71.3374,4.8417,2.5701,0.1698,0,Non-SST
7924.0,72.0402,4.7242,2.5464,0.1707,0,Non-SST
7924.5,72.0402,4.6792,2.5591,0.169,0,Non-SST
7925.0,71.6888,4.4759,2.5506,0.17,0,Non-SST
7925.5,73.0945,4.5369,2.5436,0.1702,0,Non-SST
7926.0,74.8515,4.5427,2.5378,0.1733,0,Non-SST
7926.5,74.8515,4.5777,2.5729,0.1757,0,Non-SST
7927.0,73.7973,4.5427,2.5468,0.173,0,Non-SST
7927.5,70.986,4.6732,2.5249,0.1734,0,Non-SST
7928.0,70.2831,4.3577,2.5016,0.1786,0,Non-SST
7928.5,74.8515,4.0126,2.5294,0.1922,0,Non-SST
7929.0,78.7171,3.513,2.539,0.2113,0,Non-SST
7929.5,81.177,3.1976,2.5283,0.2215,0,Non-SST
7930.0,85.0426,3.0404,2.558,0.2234,0,Non-SST
7930.5,87.5025,2.8875,2.5602,0.2213,0,Non-SST
7931.0,87.1511,3.0731,2.5711,0.2232,0,Non-SST
7931.5,83.6369,3.4902,2.4994,0.2186,0,Non-SST
7932.0,76.96,3.8311,2.4488,0.2083,0,Non-SST
7932.5,70.2831,4.0557,2.4461,0.1909,0,Non-SST
7933.0,64.6605,4.7448,2.4779,0.1856,0,Non-SST
7933.5,59.0378,4.9285,2.5157,0.1772,0,Non-SST
7934.0,55.1723,5.0983,2.4568,0.1757,0,Non-SST
7934.5,53.4152,5.216,2.4516,0.1714,0,Non-SST
7935.0,52.3609,5.3745,2.4574,0.1774,0,Non-SST
7935.5,52.7123,5.4184,2.4492,0.1825,0,Non-SST
7936.0,54.118,5.5639,2.3706,0.1902,5,WTR
7936.5,50.6039,5.668,2.2916,0.1903,5,WTR
7937.0,40.4128,5.6892,2.2657,0.1863,5,WTR
7937.5,32.3302,5.6,2.2752,0.183,5,WTR
7938.0,31.276,5.4331,2.2975,0.1842,5,WTR
7938.5,35.1416,5.223,2.36,0.1921,5,WTR
7939.0,39.71,4.9154,2.3924,0.1962,5,WTR
7939.5,41.8185,4.6894,2.4116,0.1933,5,WTR
7940.0,40.0614,4.653,2.3926,0.1906,5,WTR
7940.5,36.5472,4.6033,2.3845,0.1852,5,WTR
7941.0,36.1958,4.7016,2.4101,0.182,5,WTR
7941.5,37.6015,4.7698,2.452,0.1796,0,Non-SST
7942.0,39.5343,4.749,2.4936,0.1761,0,Non-SST
7942.5,43.5755,4.6792,2.528,0.1776,0,Non-SST
7943.0,46.914,4.6691,2.5284,0.1747,0,Non-SST
7943.5,47.7925,4.7677,2.5391,0.1756,0,Non-SST
7944.0,47.0897,4.8546,2.5193,0.174,0,Non-SST
7944.5,45.684,4.9154,2.5152,0.171,0,Non-SST
7945.0,46.3869,4.9573,2.5245,0.1707,0,Non-SST
7945.5,50.6039,4.9864,2.5258,0.1714,0,Non-SST
7946.0,53.4152,4.8632,2.529,0.177,0,Non-SST
7946.5,51.6581,4.8935,2.5031,0.182,0,Non-SST
7947.0,49.1982,4.9931,2.49,0.1831,0,Non-SST
7947.5,47.7925,5.0872,2.4695,0.184,0,Non-SST
7948.0,46.7383,5.1228,2.4529,0.1804,0,Non-SST
7948.5,46.7383,5.1386,2.4545,0.177,0,Non-SST
7949.0,47.0897,5.1885,2.4379,0.1794,5,WTR
7949.5,46.0355,5.1714,2.4454,0.1809,5,WTR
7950.0,46.0355,5.1476,2.4343,0.1857,5,WTR
7950.5,50.2524,5.0961,2.4154,0.1856,5,WTR
7951.0,53.7666,4.8331,2.3765,0.1954,5,WTR
7951.5,53.0638,4.5641,2.3955,0.2019,5,WTR
7952.0,52.3609,4.6191,2.4326,0.2036,5,WTR
7952.5,53.7666,4.5524,2.4638,0.1957,0,Non-SST
7953.0,53.4152,4.7708,2.4373,0.1895,5,WTR
7953.5,49.1982,4.9263,2.3925,0.1883,5,WTR
7954.0,46.0355,5.0171,2.4008,0.19,5,WTR
7954.5,47.4411,4.8761,2.4273,0.1946,5,WTR
7955.0,51.6581,4.7594,2.4523,0.1902,0,Non-SST
7955.5,54.8208,4.7824,2.4531,0.1947,0,Non-SST
7956.0,55.1723,4.8396,2.4528,0.1938,0,Non-SST
7956.5,55.1723,4.8935,2.4869,0.1981,0,Non-SST
7957.0,56.9293,4.7719,2.494,0.1963,0,Non-SST
7957.5,58.335,4.657,2.4869,0.1974,0,Non-SST
7958.0,56.9293,4.9044,2.4741,0.1996,0,Non-SST
7958.5,54.8208,4.8076,2.4665,0.199,0,Non-SST
7959.0,54.4694,4.6772,2.4832,0.2006,0,Non-SST
7959.5,55.8751,4.4273,2.4811,0.2044,0,Non-SST
7960.0,57.6322,4.5836,2.5201,0.2042,0,Non-SST
7960.5,57.9836,4.7262,2.5082,0.2065,0,Non-SST
7961.0,56.2265,4.9729,2.4591,0.1953,0,Non-SST
7961.5,52.7123,5.1611,2.3695,0.1866,5,WTR
7962.0,48.1439,5.6078,2.3272,0.1703,1,Gas
7962.5,43.927,5.7972,2.2994,0.1704,1,Gas
7963.0,41.8185,5.8833,2.2939,0.1746,1,Gas
7963.5,43.2241,5.8275,2.2875,0.1865,5,WTR
7964.0,46.3869,5.6052,2.3209,0.1954,5,WTR
7964.5,46.7383,4.8353,2.3254,0.2029,5,WTR
7965.0,44.2784,4.2846,2.3421,0.212,5,WTR
7965.5,42.5213,4.1525,2.3254,0.2162,5,WTR
7966.0,43.5755,3.9656,2.3441,0.2215,5,WTR
7966.5,46.7383,3.9012,2.399,0.2276,5,WTR
7967.0,51.3067,3.8562,2.4674,0.2334,0,Non-SST
7967.5,55.8751,3.8741,2.4717,0.23,0,Non-SST
7968.0,55.8751,3.8966,2.4366,0.2241,5,WTR
7968.5,53.0638,4.1409,2.4394,0.2168,5,WTR
7969.0,53.7666,4.0365,2.4627,0.2159,0,Non-SST
7969.5,56.9293,4.0525,2.451,0.2125,0,Non-SST
7970.0,56.9293,4.0784,2.418,0.2153,5,WTR
7970.5,54.4694,4.2272,2.4166,0.2144,5,WTR
7971.0,54.118,4.4948,2.4141,0.2088,5,WTR
7971.5,54.4694,4.5177,2.4022,0.2063,5,WTR
7972.0,52.7123,4.5718,2.3872,0.2026,5,WTR
7972.5,50.6039,4.631,2.4106,0.2025,5,WTR
7973.0,48.8468,4.5679,2.43,0.2014,5,WTR
7973.5,46.3869,4.536,2.4387,0.1962,5,WTR
7974.0,44.6298,4.6072,2.4022,0.1986,5,WTR
7974.5,44.2784,4.5914,2.3659,0.1921,5,WTR
7975.0,42.5213,4.6732,2.3055,0.1936,5,WTR
7975.5,38.3043,4.7594,2.2808,0.1891,5,WTR
7976.0,34.0873,4.7057,2.2627,0.1897,5,WTR
7976.5,33.3845,4.5466,2.2845,0.1951,5,WTR
7977.0,39.0071,4.3704,2.3325,0.2018,5,WTR
7977.5,50.2524,4.0963,2.4169,0.2061,5,WTR
7978.0,60.4435,3.8385,2.5031,0.2036,0,Non-SST
7978.5,62.552,3.9301,2.4797,0.195,0,Non-SST
7979.0,59.7407,4.3668,2.4709,0.186,0,Non-SST
7979.5,57.6322,4.5139,2.4239,0.1813,5,WTR
7980.0,54.8208,4.9662,2.4356,0.1819,5,WTR
7980.5,49.1982,4.3631,2.456,0.1847,5,WTR
7981.0,43.2241,4.647,2.4674,0.1849,0,Non-SST
7981.5,41.8185,4.7077,2.5283,0.1858,0,Non-SST
7982.0,46.0355,4.5895,2.5168,0.1895,0,Non-SST
7982.5,52.0095,4.5215,2.4993,0.1955,0,Non-SST
7983.0,57.2808,4.444,2.4614,0.1992,0,Non-SST
7983.5,60.4435,4.3959,2.4543,0.2035,0,Non-SST
7984.0,59.7407,4.6632,2.441,0.2013,0,Non-SST
7984.5,56.5779,5.0432,2.4467,0.2004,0,Non-SST
7985.0,52.3609,5.2578,2.4103,0.1887,5,WTR
7985.5,47.4411,5.3287,2.3821,0.1835,5,WTR
7986.0,44.6298,5.286,2.3748,0.1813,5,WTR
7986.5,44.2784,5.5105,2.3879,0.1871,5,WTR
7987.0,44.9812,5.279,2.4015,0.1959,5,WTR
7987.5,46.0355,5.0542,2.3933,0.1965,5,WTR
7988.0,44.2784,5.3672,2.4015,0.2006,5,WTR
7988.5,42.8727,5.6786,2.4211,0.1985,5,WTR
7989.0,47.0897,5.7836,2.4361,0.1981,5,WTR
7989.5,52.0095,5.8386,2.4633,0.1995,0,Non-SST
7990.0,53.4152,5.668,2.452,0.1995,0,Non-SST
7990.5,54.8208,5.508,2.4729,0.2117,0,Non-SST
7991.0,57.9836,5.5485,2.4788,0.213,0,Non-SST
7991.5,61.1463,5.3097,2.5484,0.2128,0,Non-SST
7992.0,63.9576,5.0651,2.5603,0.2049,0,Non-SST
7992.5,64.3091,5.1139,2.6055,0.1876,0,Non-SST
7993.0,59.7407,5.9371,2.6131,0.1786,0,Non-SST
7993.5,52.7123,5.9974,2.6329,0.1679,0,Non-SST
7994.0,47.4411,7.0847,2.6172,0.161,0,Non-SST
7994.5,46.7383,6.7973,2.5608,0.1558,0,Non-SST
7995.0,52.0095,5.168,2.5292,0.1507,0,Non-SST
7995.5,59.7407,4.5485,2.509,0.1526,0,Non-SST
7996.0,63.2548,4.32,2.5562,0.1621,0,Non-SST
7996.5,57.9836,4.5273,2.5287,0.1788,0,Non-SST
7997.0,45.684,4.8848,2.4882,0.1901,0,Non-SST
7997.5,36.8986,4.2117,2.4096,0.1806,5,WTR
7998.0,36.8986,3.7903,2.3813,0.1802,5,WTR
7998.5,40.4128,3.722,2.3796,0.1801,5,WTR
7999.0,43.5755,3.6611,2.4027,0.2002,5,WTR
7999.5,46.7383,3.5674,2.4258,0.2004,5,WTR
8000.0,52.3609,3.4131,2.4428,0.2076,5,WTR
8000.5,60.7949,3.3435,2.48,0.2076,0,Non-SST
8001.0,66.4176,3.3506,2.5204,0.2138,0,Non-SST
8001.5,66.0661,3.4838,2.5462,0.2128,0,Non-SST
8002.0,63.2548,3.6983,2.5302,0.2072,0,Non-SST
8002.5,61.4977,3.3949,2.5183,0.2075,0,Non-SST
8003.0,61.8492,3.2613,2.5114,0.2111,0,Non-SST
8003.5,63.6062,3.455,2.5091,0.2186,0,Non-SST
8004.0,66.0661,3.1955,2.5085,0.2219,0,Non-SST
8004.5,68.2918,2.935,2.4898,0.2208,0,Non-SST
8005.0,70.5174,3.3816,2.4766,0.2232,0,Non-SST
8005.5,72.1573,3.3458,2.4753,0.2194,0,Non-SST
8006.0,71.6888,3.3732,2.5079,0.221,0,Non-SST
8006.5,69.9317,3.429,2.5003,0.2202,0,Non-SST
8007.0,64.3091,3.8936,2.489,0.2248,0,Non-SST
8007.5,54.4694,5.1245,2.4205,0.2238,0,Non-SST
8008.0,47.7925,5.3085,2.4029,0.2264,5,WTR
8008.5,46.3869,5.6496,2.395,0.2183,5,WTR
8009.0,44.2784,5.9172,2.425,0.212,5,WTR
8009.5,40.7642,6.2773,2.4407,0.1998,5,WTR
8010.0,40.0614,6.2,2.4317,0.1928,5,WTR
8010.5,42.1699,5.9221,2.4178,0.1923,5,WTR
8011.0,43.927,5.6443,2.4205,0.196,5,WTR
8011.5,42.8727,5.3624,2.4094,0.2075,5,WTR
8012.0,40.7642,4.8117,2.4053,0.2116,5,WTR
8012.5,43.2241,4.6935,2.4292,0.2104,5,WTR
8013.0,52.7123,4.3704,2.4387,0.2115,5,WTR
8013.5,63.2548,3.9332,2.4464,0.2144,0,Non-SST
8014.0,67.1204,3.581,2.5241,0.2261,0,Non-SST
8014.5,65.0119,3.7431,2.5295,0.2322,0,Non-SST
8015.0,62.552,3.7304,2.5204,0.2345,0,Non-SST
8015.5,60.0921,3.8223,2.4865,0.2319,0,Non-SST
8016.0,56.2265,3.8399,2.4706,0.2325,0,Non-SST
8016.5,55.1723,3.6245,2.4643,0.2263,0,Non-SST
8017.0,58.6864,3.4389,2.5082,0.2182,0,Non-SST
8017.5,60.0921,3.6502,2.5189,0.2115,0,Non-SST
8018.0,55.1723,3.8607,2.5295,0.2093,0,Non-SST
8018.5,51.6581,4.0333,2.5501,0.2046,0,Non-SST
8019.0,56.5779,3.4538,2.5453,0.1991,0,Non-SST
8019.5,63.6062,3.3305,2.5265,0.2022,0,Non-SST
8020.0,65.7147,3.3648,2.5421,0.2077,0,Non-SST
8020.5,65.0119,3.4315,2.5406,0.2081,0,Non-SST
8021.0,63.2548,3.3188,2.5429,0.2028,0,Non-SST
8021.5,61.8492,3.1043,2.5337,0.2054,0,Non-SST
8022.0,63.2548,2.7092,2.5451,0.202,0,Non-SST
8022.5,66.0661,2.0813,2.5374,0.2053,0,Non-SST
8023.0,68.1746,1.6651,2.5054,0.2048,0,Non-SST
8023.5,67.8232,1.5455,2.5018,0.2223,0,Non-SST
8024.0,66.4176,1.5706,2.4972,0.2368,0,Non-SST
8024.5,65.7147,1.4955,2.4921,0.2445,0,Non-SST
8025.0,62.9034,1.5361,2.49,0.247,0,Non-SST
8025.5,57.6322,1.5889,2.4811,0.2392,0,Non-SST
8026.0,53.4152,1.7449,2.4911,0.2298,0,Non-SST
8026.5,52.3609,1.7318,2.4624,0.2162,5,WTR
8027.0,54.118,1.6008,2.4637,0.2182,5,WTR
8027.5,56.9293,1.6253,2.4566,0.2273,5,WTR
8028.0,59.3892,1.5757,2.4563,0.2408,0,Non-SST
8028.5,58.335,1.6306,2.4431,0.2409,5,WTR
8029.0,52.0095,1.8779,2.3931,0.244,5,WTR
8029.5,43.5755,2.1482,2.3268,0.2445,5,WTR
8030.0,38.6557,2.4074,2.2552,0.2485,5,WTR
8030.5,41.467,2.2012,2.2949,0.246,5,WTR
8031.0,49.5496,1.7688,2.3375,0.2467,5,WTR
8031.5,57.9836,1.2006,2.3906,0.2564,5,WTR
8032.0,63.6062,1.0944,2.4035,0.2688,0,Non-SST
8032.5,64.6605,1.1517,2.4687,0.2752,0,Non-SST
8033.0,62.2006,1.256,2.469,0.2701,0,Non-SST
8033.5,58.335,1.2391,2.4526,0.2547,0,Non-SST
8034.0,54.118,1.3909,2.4715,0.2486,5,WTR
8034.5,53.4152,1.9695,2.4588,0.2442,5,WTR
8035.0,56.5779,1.5272,2.4554,0.2398,0,Non-SST
8035.5,57.9836,1.2914,2.3929,0.2472,5,WTR
8036.0,55.5237,1.2557,2.3718,0.2494,5,WTR
8036.5,49.901,1.6144,2.3327,0.2661,5,WTR
8037.0,46.7383,1.6977,2.3452,0.2608,5,WTR
8037.5,52.0095,1.4564,2.3274,0.2682,5,WTR
8038.0,60.7949,1.1578,2.3705,0.2715,5,WTR
8038.5,65.0119,1.1062,2.4125,0.2856,0,Non-SST
8039.0,66.769,1.0832,2.4632,0.2907,0,Non-SST
8039.5,69.2289,1.0858,2.4607,0.2905,0,Non-SST
8040.0,68.526,1.1388,2.4631,0.2873,0,Non-SST
8040.5,65.0119,1.1692,2.45,0.2865,0,Non-SST
8041.0,61.4977,1.4529,2.4182,0.281,0,Non-SST
8041.5,57.6322,1.8835,2.3763,0.2736,5,WTR
8042.0,56.5779,1.6664,2.3436,0.2748,5,WTR
8042.5,61.1463,1.3052,2.3665,0.2826,5,WTR
8043.0,65.7147,1.1021,2.4175,0.289,0,Non-SST
8043.5,65.0119,1.2526,2.4765,0.2714,0,Non-SST
8044.0,59.3892,1.9162,2.5153,0.256,0,Non-SST
8044.5,53.4152,2.2379,2.5309,0.2383,0,Non-SST
8045.0,54.8208,1.2405,2.5539,0.2179,0,Non-SST
8045.5,61.4977,1.2151,2.5273,0.2073,0,Non-SST
8046.0,64.3091,1.4192,2.5377,0.211,0,Non-SST
8046.5,65.0119,1.6208,2.5207,0.23,0,Non-SST
8047.0,67.8232,1.5675,2.5213,0.2406,0,Non-SST
8047.5,72.0402,1.4738,2.4897,0.2424,0,Non-SST
8048.0,76.2572,1.606,2.4896,0.2474,0,Non-SST
8048.5,78.0143,1.9515,2.5053,0.2546,0,Non-SST
8049.0,77.3114,2.1555,2.5379,0.2513,0,Non-SST
8049.5,75.5544,2.3422,2.5629,0.2526,0,Non-SST
8050.0,75.5544,2.3234,2.5474,0.2483,0,Non-SST
8050.5,78.3657,2.434,2.5535,0.246,0,Non-SST
8051.0,80.4742,2.3972,2.5102,0.2342,0,Non-SST
8051.5,77.3114,2.5549,2.5099,0.2322,0,Non-SST
8052.0,70.2831,2.8691,2.4599,0.2414,0,Non-SST
8052.5,67.4718,2.7998,2.4614,0.25,0,Non-SST
8053.0,71.3374,2.6812,2.4486,0.2442,0,Non-SST
8053.5,75.9058,2.663,2.4613,0.2349,0,Non-SST
8054.0,74.8515,2.8546,2.4571,0.237,0,Non-SST
8054.5,70.6345,3.1043,2.4399,0.2382,0,Non-SST
8055.0,67.8232,3.1064,2.4019,0.2338,0,Non-SST
8055.5,65.0119,2.928,2.4007,0.2339,0,Non-SST
8056.0,62.552,2.7933,2.4304,0.2405,0,Non-SST
8056.5,62.2006,2.87,2.4207,0.2468,0,Non-SST
8057.0,63.6062,2.7172,2.437,0.2457,0,Non-SST
8057.5,66.4176,2.7612,2.4352,0.2468,0,Non-SST
8058.0,69.2289,2.6459,2.4961,0.2476,0,Non-SST
8058.5,70.986,2.594,2.4662,0.2552,0,Non-SST
8059.0,71.6888,2.8393,2.4297,0.2616,0,Non-SST
8059.5,67.9111,2.689,2.3942,0.2638,0,Non-SST
8060.0,57.4565,2.8729,2.3843,0.2514,5,WTR
8060.5,47.1776,2.8875,2.3832,0.2434,5,WTR
8061.0,43.2241,2.9848,2.3395,0.2351,5,WTR
8061.5,43.2241,2.8498,2.3252,0.2323,5,WTR
8062.0,43.5755,2.943,2.3208,0.2295,5,WTR
8062.5,41.1156,2.94,2.3243,0.2344,5,WTR
8063.0,37.6015,2.9151,2.3456,0.2376,5,WTR
8063.5,38.6557,2.827,2.3763,0.2355,5,WTR
8064.0,44.2784,2.8242,2.3854,0.2314,5,WTR
8064.5,52.0095,2.7961,2.4198,0.2307,5,WTR
8065.0,58.6864,2.7786,2.4189,0.2362,5,WTR
8065.5,60.4435,2.8537,2.5004,0.2474,0,Non-SST
8066.0,55.5237,2.846,2.4755,0.2529,0,Non-SST
8066.5,46.7383,2.9562,2.4407,0.2479,5,WTR
8067.0,42.5213,2.9111,2.3906,0.237,5,WTR
8067.5,47.0897,2.715,2.3925,0.2305,5,WTR
8068.0,54.4694,2.6665,2.3999,0.2339,5,WTR
8068.5,58.335,2.6934,2.3846,0.245,5,WTR
8069.0,57.8079,2.774,2.3894,0.2488,5,WTR
8069.5,54.8208,2.8895,2.3717,0.2524,5,WTR
8070.0,53.2395,3.0202,2.3858,0.2452,5,WTR
8070.5,53.298,3.1424,2.3858,0.2393,5,WTR
8071.0,51.5995,3.2556,2.4,0.2324,5,WTR
8071.5,48.3782,3.2455,2.3746,0.2324,5,WTR
8072.0,43.927,3.3684,2.3598,0.2311,5,WTR
8072.5,38.6557,3.3188,2.3462,0.2274,5,WTR
8073.0,37.2501,3.1955,2.343,0.2211,5,WTR
8073.5,39.3586,3.0162,2.3299,0.2202,5,WTR
8074.0,40.2371,2.919,2.3215,0.2224,5,WTR
8074.5,40.2371,2.7887,2.3294,0.2235,5,WTR
8075.0,40.7642,2.6777,2.3359,0.234,5,WTR
8075.5,40.5885,2.594,2.348,0.2443,5,WTR
8076.0,40.0614,2.6089,2.37,0.2497,5,WTR
8076.5,42.5213,2.6077,2.3951,0.2535,5,WTR
8077.0,49.901,2.5994,2.4336,0.2683,5,WTR
8077.5,60.7949,2.6864,2.425,0.2741,0,Non-SST
8078.0,67.1204,2.7278,2.421,0.2633,0,Non-SST
8078.5,66.0661,2.743,2.4303,0.2496,0,Non-SST
8079.0,66.4176,2.7865,2.4791,0.2471,0,Non-SST
8079.5,70.6345,2.8251,2.4882,0.2497,0,Non-SST
8080.0,73.0945,2.8417,2.4501,0.2502,0,Non-SST
8080.5,68.8775,2.8768,2.4029,0.2461,0,Non-SST
8081.0,61.4977,2.8822,2.3307,0.241,5,WTR
8081.5,57.4565,2.9694,2.3703,0.25,5,WTR
8082.0,59.0378,3.1714,2.3961,0.2677,0,Non-SST
8082.5,66.5933,3.1693,2.4944,0.2711,0,Non-SST
8083.0,73.4459,3.098,2.5606,0.2512,0,Non-SST
8083.5,73.4459,3.1988,2.522,0.2323,0,Non-SST
8084.0,69.2289,3.2242,2.5091,0.2313,0,Non-SST
8084.5,65.3633,3.6044,2.4675,0.2273,0,Non-SST
8085.0,65.0119,3.5156,2.4914,0.2309,0,Non-SST
8085.5,69.5803,3.5143,2.4968,0.2299,0,Non-SST
8086.0,74.8515,3.3529,2.5132,0.2382,0,Non-SST
8086.5,74.6758,3.4927,2.4786,0.2392,0,Non-SST
8087.0,71.3374,3.4914,2.4588,0.2396,0,Non-SST
8087.5,68.526,3.7066,2.433,0.2409,0,Non-SST
8088.0,63.7819,3.834,2.4313,0.2418,0,Non-SST
8088.5,59.9164,3.8607,2.4258,0.2474,0,Non-SST
8089.0,60.6192,3.8282,2.4416,0.2471,0,Non-SST
8089.5,60.9706,3.8019,2.4512,,0,Non-SST
8090.0,60.4435,3.7418,2.44,,0,Non-SST
8090.5,61.4977,3.6858,2.4333,,0,Non-SST
8091.0,59.565,3.6969,2.3999,,0,Non-SST
8091.5,54.6451,3.815,2.3785,,0,Non-SST
8092.0,52.0095,3.8194,2.3275,,0,Non-SST
8092.5,52.5366,3.7304,2.3157,,0,Non-SST
8093.0,52.1852,3.7616,,,1,Gas
8093.5,47.6168,4.0405,,,1,Gas
8094.0,43.2593,4.1542,,,1,Gas
8094.5,41.3616,4.199,,,1,Gas
8095.0,41.8536,4.1028,,,1,Gas
8095.5,45.684,3.996,,,1,Gas
8096.0,45.684,4.1419,,,1,Gas
8096.5,39.5019,4.6699,,,1,Gas
8097.0,35.2696,5.0353,,,1,Gas
8097.5,37.0331,4.8396,,,1,Gas
8098.0,40.9127,4.5855,,,1,Gas
8098.5,40.6188,4.5459,,,1,Gas
8099.0,36.0926,4.7322,,,1,Gas
8099.5,33.0359,4.7749,,,1,Gas
8100.0,31.919,4.1297,,,5,WTR
8100.5,32.0953,3.5991,,,5,WTR
8101.0,33.6825,3.5075,,,5,WTR
8101.5,33.8588,3.3336,,,5,WTR
8102.0,32.8007,3.2281,,,5,WTR
8102.5,33.1534,3.1548,,,5,WTR
8103.0,33.5061,3.097,,,5,WTR
8103.5,32.9771,3.0461,,,5,WTR
8104.0,33.5061,3.0297,,,5,WTR
8104.5,35.4459,3.097,,,5,WTR
8105.0,37.5621,3.1791,,,5,WTR
8105.5,37.3858,3.1758,,,5,WTR
8106.0,36.1513,3.1796,,,5,WTR
8106.5,36.6804,3.2628,,,5,WTR
8107.0,37.0331,3.3329,,,5,WTR
8107.5,38.4439,3.3447,,,1,Gas
8108.0,41.9708,3.279,,,1,Gas
8108.5,43.0289,3.2276,,,1,Gas
8109.0,40.56,3.1944,,,1,Gas
8109.5,37.0331,3.1872,,,5,WTR
8110.0,34.9169,3.1867,,,5,WTR
8110.5,34.5642,3.1106,,,5,WTR
8111.0,35.2696,3.1148,,,5,WTR
8111.5,37.7385,3.1006,,,5,WTR
8112.0,43.3816,3.0282,,,1,Gas
8112.5,51.1409,2.9778,,,0,Non-SST
8113.0,54.6679,3.0363,,,0,Non-SST
8113.5,51.8463,3.2021,,,0,Non-SST
8114.0,46.2032,3.0772,,,1,Gas
8114.5,40.2073,3.0293,,,1,Gas
8115.0,38.6202,2.9807,,,5,WTR
8115.5,42.6762,2.926,,,1,Gas
8116.0,48.143,2.8542,,,1,Gas
8116.5,55.0206,2.7413,,,0,Non-SST
8117.0,61.7218,2.6613,,,0,Non-SST
8117.5,65.6014,2.6282,,,0,Non-SST
8118.0,67.3649,2.7557,,,0,Non-SST
8118.5,65.6014,2.7449,,,0,Non-SST
8119.0,63.3089,2.6777,,,0,Non-SST
8119.5,64.1907,2.8233,,,0,Non-SST
8120.0,64.0143,2.8604,,,0,Non-SST
8120.5,60.311,2.9633,,,0,Non-SST
8121.0,56.784,2.8565,,,0,Non-SST
8121.5,55.726,2.7557,,,0,Non-SST
8122.0,56.0787,2.8092,,,0,Non-SST
8122.5,59.6056,2.8054,,,0,Non-SST
8123.0,61.7218,2.7417,,,0,Non-SST
8123.5,53.6098,2.8633,,,0,Non-SST
8124.0,41.9708,2.7594,,,1,Gas
8124.5,37.0331,2.7694,,,5,WTR
8125.0,38.0912,2.7795,,,5,WTR
8125.5,40.2073,2.8298,,,5,WTR
8126.0,41.2654,3.0112,,,1,Gas
8126.5,43.3816,3.0865,,,1,Gas
8127.0,49.0247,2.8658,,,0,Non-SST
8127.5,57.1367,2.7163,,,0,Non-SST
8128.0,63.4853,2.7136,,,0,Non-SST
8128.5,64.1907,2.7083,,,0,Non-SST
8129.0,61.3691,2.8865,,,0,Non-SST
8129.5,61.7218,2.923,,,0,Non-SST
8130.0,65.6014,2.8885,,,0,Non-SST
8130.5,68.5994,2.7494,,,0,Non-SST
8131.0,70.5392,2.5225,,,0,Non-SST
8131.5,72.8317,2.4281,,,0,Non-SST
8132.0,74.4188,2.3987,,,0,Non-SST
8132.5,74.4188,2.406,,,0,Non-SST
8133.0,72.6554,2.446,,,0,Non-SST
8133.5,69.4811,2.4619,,,0,Non-SST
8134.0,67.3649,2.6786,,,0,Non-SST
8134.5,69.6575,2.7314,,,0,Non-SST
8135.0,73.7135,2.5338,,,0,Non-SST
8135.5,75.3006,2.3878,,,0,Non-SST
8136.0,76.8877,2.4082,,,0,Non-SST
8136.5,76.8877,2.3834,,,0,Non-SST
8137.0,72.3027,2.3705,,,0,Non-SST
8137.5,68.0703,2.338,,,0,Non-SST
8138.0,68.9521,2.443,,,0,Non-SST
8138.5,71.5973,2.4355,,,0,Non-SST
8139.0,72.1263,2.4672,,,0,Non-SST
8139.5,71.95,2.4296,,,0,Non-SST
8140.0,71.95,2.4303,,,0,Non-SST
8140.5,72.6554,2.4918,,,0,Non-SST
8141.0,72.3027,2.5317,,,0,Non-SST
8141.5,68.5994,2.6072,,,0,Non-SST
8142.0,65.9541,2.7467,,,0,Non-SST
8142.5,66.8359,2.7775,,,0,Non-SST
8143.0,65.2487,2.9868,,,0,Non-SST
8143.5,62.4272,3.0608,,,0,Non-SST
8144.0,64.1907,3.1243,,,0,Non-SST
8144.5,66.6595,3.0485,,,0,Non-SST
8145.0,66.6595,3.2399,,,0,Non-SST
8145.5,65.6014,3.4978,,,0,Non-SST
8146.0,64.8961,3.4626,,,0,Non-SST
8146.5,65.2487,3.3985,,,0,Non-SST
8147.0,63.4853,3.522,,,0,Non-SST
8147.5,60.6637,3.6542,,,0,Non-SST
8148.0,62.0745,3.6044,,,0,Non-SST
8148.5,64.1907,3.4763,,,0,Non-SST
8149.0,63.6616,3.3913,,,0,Non-SST
8149.5,62.7799,3.3798,,,0,Non-SST
8150.0,61.8981,3.3247,,,0,Non-SST
8150.5,60.311,3.3177,,,0,Non-SST
8151.0,57.4894,3.3153,,,0,Non-SST
8151.5,56.4314,3.2534,,,0,Non-SST
8152.0,56.784,3.241,,,0,Non-SST
8152.5,54.6679,3.1955,,,0,Non-SST
8153.0,52.5517,3.1911,,,0,Non-SST
8153.5,51.1409,3.1039,,,0,Non-SST
8154.0,48.672,3.0142,,,1,Gas
8154.5,47.614,3.0293,,,1,Gas
8155.0,49.0247,3.0172,,,1,Gas
8155.5,50.0828,2.9889,,,0,Non-SST
8156.0,50.0828,2.9755,,,0,Non-SST
8156.5,52.3753,2.941,,,0,Non-SST
8157.0,54.6679,3.0257,,,0,Non-SST
8157.5,53.4334,3.0242,,,0,Non-SST
8158.0,53.9625,3.0303,,,0,Non-SST
8158.5,55.726,3.0232,,,0,Non-SST
8159.0,55.726,2.9899,,,0,Non-SST
8159.5,56.784,2.932,,,0,Non-SST
8160.0,58.5475,2.9868,,,0,Non-SST
8160.5,60.1347,3.0032,,,0,Non-SST
8161.0,61.3691,3.0293,,,0,Non-SST
8161.5,62.9562,3.0383,,,0,Non-SST
8162.0,64.5434,3.0394,,,0,Non-SST
8162.5,63.838,3.0546,,,0,Non-SST
8163.0,60.6637,2.9451,,,0,Non-SST
8163.5,56.4314,3.0938,,,0,Non-SST
8164.0,54.4915,3.2043,,,0,Non-SST
8164.5,56.4314,3.2432,,,0,Non-SST
8165.0,61.8981,3.2881,,,0,Non-SST
8165.5,67.0122,3.3352,,,0,Non-SST
8166.0,65.9541,3.166,,,0,Non-SST
8166.5,61.3691,3.2065,,,0,Non-SST
8167.0,58.9002,3.372,,,0,Non-SST
8167.5,61.0164,3.3235,,,0,Non-SST
8168.0,68.423,3.1552,,,0,Non-SST
8168.5,75.8296,3.1264,,,0,Non-SST
8169.0,74.7715,3.2466,,,0,Non-SST
8169.5,65.4251,3.3804,,,0,Non-SST
8170.0,55.3733,3.5233,,,0,Non-SST
8170.5,49.5538,3.6272,,,1,Gas
8171.0,48.3193,3.6844,,,1,Gas
8171.5,48.9072,3.5924,,,1,Gas
8172.0,49.495,3.465,,,1,Gas
8172.5,51.376,3.4783,,,1,Gas
8173.0,54.08,3.6693,,,0,Non-SST
8173.5,54.7854,3.6151,,,0,Non-SST
8174.0,53.1395,3.4675,,,0,Non-SST
8174.5,,3.4889,,,5,WTR
8175.0,,3.4513,,,5,WTR
8175.5,,3.3816,,,5,WTR
8176.0,,3.3037,,,5,WTR
8176.5,,3.2455,,,5,WTR
8177.0,,3.2348,,,5,WTR
8177.5,,3.2455,,,5,WTR
8178.0,,3.2835,,,5,WTR
8178.5,,3.3595,,,5,WTR
8179.0,,3.441,,,5,WTR
8179.5,,3.5345,,,5,WTR
8180.0,,3.7336,,,5,WTR
8180.5,,3.7995,,,1,Gas
8181.0,,3.7831,,,5,WTR
