DEPTH,GR,RT,RHOB,NPHI,PREDICTION,LABEL
1650.0,56.0831,,1.8418,0.6521,0,Non-SST
1650.5,53.5874,,1.8945,0.6804,0,Non-SST
1651.0,53.7822,,1.8528,0.6424,0,Non-SST
1651.5,53.6086,,1.8814,0.628,0,Non-SST
1652.0,56.494,,1.7826,0.6849,0,Non-SST
1652.5,55.5157,,1.7451,0.7431,0,Non-SST
1653.0,54.5374,,1.798,0.7693,0,Non-SST
1653.5,53.5634,,1.7968,0.7234,0,Non-SST
1654.0,54.4952,,1.8499,0.7268,0,Non-SST
1654.5,55.8433,,1.8682,0.7448,0,Non-SST
1655.0,55.4117,,1.8689,0.7675,0,Non-SST
1655.5,54.3274,,1.8389,0.8509,0,Non-SST
1656.0,52.7854,,1.7933,0.8609,0,Non-SST
1656.5,50.0817,,1.781,0.8836,0,Non-SST
1657.0,49.9462,,1.7279,0.7963,0,Non-SST
1657.5,50.0145,,1.7287,0.8406,0,Non-SST
1658.0,51.8494,,1.7172,0.8631,0,Non-SST
1658.5,50.4421,,1.7406,0.9612,0,Non-SST
1659.0,50.17,,1.7245,0.8903,0,Non-SST
1659.5,48.2526,,1.7132,0.8778,0,Non-SST
1660.0,50.1469,,1.689,0.7668,0,Non-SST
1660.5,52.8217,,1.6859,0.793,0,Non-SST
1661.0,56.3316,,1.7097,0.8124,0,Non-SST
1661.5,57.3706,,1.6965,0.8438,0,Non-SST
1662.0,55.8771,,1.6867,0.8586,0,Non-SST
1662.5,51.7861,,1.6891,0.8842,0,Non-SST
1663.0,49.1052,,1.6667,0.8948,0,Non-SST
1663.5,41.6366,,1.5984,0.9613,0,Non-SST
1664.0,32.7718,,1.4622,1.0733,0,Non-SST
1664.5,23.4053,,1.3765,1.1903,0,Non-SST
1665.0,17.302,,1.174,1.2673,0,Non-SST
1665.5,15.0614,,1.131,1.2673,0,Non-SST
1666.0,13.5049,,1.099,1.3,0,Non-SST
1666.5,13.3423,,1.1178,1.3,0,Non-SST
1667.0,11.8818,,1.1316,1.3,0,Non-SST
1667.5,11.0346,,1.0736,1.3,0,Non-SST
1668.0,10.1183,,1.1326,1.3,0,Non-SST
1668.5,10.521,,1.0992,1.2551,0,Non-SST
1669.0,10.7477,,1.2117,1.1453,0,Non-SST
1669.5,10.8359,,1.2423,1.1453,0,Non-SST
1670.0,10.0533,,1.403,1.1628,0,Non-SST
1670.5,10.5542,,1.5165,1.2229,0,Non-SST
1671.0,12.6887,,1.5641,1.0437,0,Non-SST
1671.5,13.5861,,1.7162,0.8858,0,Non-SST
1672.0,16.2371,,1.8567,0.732,0,Non-SST
1672.5,18.1227,,1.8405,0.7729,0,Non-SST
1673.0,22.067,,1.7944,0.8208,0,Non-SST
1673.5,23.0733,,1.7917,0.8631,0,Non-SST
1674.0,27.1843,,1.7862,0.8144,0,Non-SST
1674.5,33.4359,,1.7284,0.8715,0,Non-SST
1675.0,39.8739,,1.7713,0.8916,0,Non-SST
1675.5,42.3943,,1.7588,0.8983,0,Non-SST
1676.0,40.4495,,1.7354,0.8912,0,Non-SST
1676.5,37.2022,,1.7277,0.866,0,Non-SST
1677.0,40.3259,,1.8286,0.805,0,Non-SST
1677.5,44.3174,,2.0265,0.6258,0,Non-SST
1678.0,51.1308,,2.1503,0.53,0,Non-SST
1678.5,50.6844,,2.2388,0.4823,0,Non-SST
1679.0,53.9388,,2.2637,0.4608,0,Non-SST
1679.5,52.856,,2.2704,0.4373,0,Non-SST
1680.0,55.7903,,2.2278,0.4042,0,Non-SST
1680.5,53.224,,2.2479,0.3898,0,Non-SST
1681.0,52.9606,,2.2032,0.4116,0,Non-SST
1681.5,46.504,,2.1217,0.4293,0,Non-SST
1682.0,46.2401,,2.1192,0.4535,0,Non-SST
1682.5,46.2849,,2.0512,0.4633,0,Non-SST
1683.0,48.5988,,2.0788,0.4951,0,Non-SST
1683.5,50.2546,2.0947,2.051,0.5234,5,WTR
1684.0,54.6277,1.7071,2.0061,0.511,5,WTR
1684.5,61.2677,1.6352,2.0562,0.5154,5,WTR
1685.0,63.0737,1.4484,2.0621,0.5045,0,Non-SST
1685.5,65.7782,1.1517,2.0571,0.5043,0,Non-SST
1686.0,65.9764,1.1862,2.0439,0.5218,0,Non-SST
1686.5,69.7905,1.3019,2.0944,0.5442,0,Non-SST
1687.0,65.4813,1.2392,2.118,0.5585,0,Non-SST
1687.5,66.5046,1.3383,2.1141,0.5314,0,Non-SST
1688.0,65.5346,1.355,2.0342,0.5102,0,Non-SST
1688.5,67.4766,1.3169,1.9844,0.488,0,Non-SST
1689.0,68.8711,1.5041,1.9342,0.5285,0,Non-SST
1689.5,63.207,1.3491,1.9805,0.5203,0,Non-SST
1690.0,63.3343,1.3729,2.1002,0.5655,0,Non-SST
1690.5,61.9076,1.3948,2.0266,0.5085,0,Non-SST
1691.0,66.3637,1.4667,2.1951,0.4933,0,Non-SST
1691.5,68.9805,2.0515,2.1153,0.4141,0,Non-SST
1692.0,66.2769,1.1325,1.9426,0.3949,0,Non-SST
1692.5,66.5021,1.0749,1.7818,0.4266,5,WTR
1693.0,60.6825,1.2456,1.6406,0.5142,0,Non-SST
1693.5,56.5518,1.4145,1.6312,0.5771,0,Non-SST
1694.0,48.0391,1.7127,1.7438,0.5894,0,Non-SST
1694.5,47.1682,1.5767,1.8907,0.6206,0,Non-SST
1695.0,54.4025,1.4884,1.9895,0.6605,0,Non-SST
1695.5,68.5469,1.1325,1.9801,0.6721,0,Non-SST
1696.0,83.5947,1.112,1.9727,0.6836,0,Non-SST
1696.5,91.4441,1.0432,2.0478,0.6747,0,Non-SST
1697.0,91.0073,1.1288,2.1275,0.6921,0,Non-SST
1697.5,86.7215,1.2456,2.1579,0.642,0,Non-SST
1698.0,83.0202,1.3185,2.16,0.6023,0,Non-SST
1698.5,82.8903,1.3227,2.1285,0.5808,0,Non-SST
1699.0,79.7409,1.3549,2.0898,0.5497,0,Non-SST
1699.5,77.5006,1.4781,2.0571,0.5421,0,Non-SST
1700.0,75.3578,1.5893,2.0733,0.5126,0,Non-SST
1700.5,74.3837,1.6418,2.0937,0.5157,0,Non-SST
1701.0,72.3383,1.6418,2.1063,0.5194,0,Non-SST
1701.5,68.3447,1.6621,2.0952,0.5114,0,Non-SST
1702.0,66.9811,1.7,2.0783,0.5009,0,Non-SST
1702.5,65.033,1.7197,2.0726,0.5025,5,WTR
1703.0,66.5915,1.7345,2.0604,0.5132,0,Non-SST
1703.5,65.7473,1.7057,2.0583,0.5103,0,Non-SST
1704.0,65.4746,1.6853,2.0443,0.5112,0,Non-SST
1704.5,65.0363,1.7223,2.0228,0.4878,5,WTR
1705.0,64.322,1.7414,1.9856,0.4859,5,WTR
1705.5,63.8786,1.7891,1.9542,0.4637,5,WTR
1706.0,61.4923,1.8278,1.963,0.4816,5,WTR
1706.5,59.8905,1.9445,1.9735,0.4668,5,WTR
1707.0,61.7267,1.9621,1.9061,0.4742,5,WTR
1707.5,63.2852,1.8244,1.7585,0.4547,5,WTR
1708.0,63.7992,1.7923,1.5997,0.4998,5,WTR
1708.5,60.796,1.9101,1.5739,0.5498,0,Non-SST
1709.0,54.4323,2.1531,1.6599,0.598,0,Non-SST
1709.5,50.0004,2.4599,1.8698,0.5418,0,Non-SST
1710.0,50.9095,2.6305,2.0488,0.4703,0,Non-SST
1710.5,63.7018,1.9541,2.0994,0.4458,5,WTR
1711.0,75.6824,1.5341,2.1016,0.4679,0,Non-SST
1711.5,84.254,1.4169,2.0838,0.5122,0,Non-SST
1712.0,86.8838,1.4826,2.0846,0.4876,0,Non-SST
1712.5,88.215,1.3606,2.0845,0.4849,0,Non-SST
1713.0,86.3644,1.3774,2.0996,0.4515,0,Non-SST
1713.5,84.7085,1.5056,2.1137,0.4462,0,Non-SST
1714.0,83.0851,1.5651,2.1255,0.4357,0,Non-SST
1714.5,83.3124,1.527,2.1305,0.44,0,Non-SST
1715.0,64.0321,1.5292,2.1366,0.4238,5,WTR
1715.5,64.5383,1.5799,2.1488,0.4153,0,Non-SST
1716.0,64.3611,1.5987,2.149,0.3976,5,WTR
1716.5,64.8926,1.5838,2.1318,0.4274,0,Non-SST
1717.0,66.3605,1.5382,2.098,0.4467,0,Non-SST
1717.5,66.0315,1.4925,2.0738,0.4583,0,Non-SST
1718.0,62.9185,1.5762,2.0558,0.4525,5,WTR
1718.5,57.2239,1.8242,2.0426,0.4234,5,WTR
1719.0,52.7695,1.9814,2.0253,0.4104,5,WTR
1719.5,54.3893,1.9065,2.0201,0.3912,5,WTR
1720.0,57.5023,1.7514,2.0222,0.403,5,WTR
1720.5,62.3617,1.7155,2.0213,0.4016,5,WTR
1721.0,62.2604,1.7447,2.024,0.4034,5,WTR
1721.5,61.8049,1.8042,2.0309,0.4077,5,WTR
1722.0,62.2604,1.8309,2.0439,0.4242,5,WTR
1722.5,64.3105,1.7872,2.0493,0.4642,5,WTR
1723.0,64.3105,1.7271,2.0463,0.4589,5,WTR
1723.5,61.653,1.7964,2.0428,0.4499,5,WTR
1724.0,57.1733,1.8893,2.0464,0.4131,5,WTR
1724.5,56.49,1.9163,2.0635,0.4147,5,WTR
1725.0,57.477,1.8667,2.0753,0.4152,5,WTR
1725.5,61.9567,1.7946,2.0851,0.4303,5,WTR
1726.0,64.0068,1.6714,2.0902,0.4411,5,WTR
1726.5,66.2846,1.618,2.1006,0.4575,0,Non-SST
1727.0,64.9938,1.5118,2.1134,0.4521,0,Non-SST
1727.5,67.955,1.5552,2.1205,0.4588,0,Non-SST
1728.0,66.4364,1.6942,2.1208,0.4358,0,Non-SST
1728.5,63.3487,1.7314,2.1156,0.4219,5,WTR
1729.0,56.1356,1.761,2.111,0.4131,0,Non-SST
1729.5,54.2374,1.7799,2.0999,0.4158,5,WTR
1730.0,55.5788,1.8005,2.0946,0.4274,5,WTR
1730.5,57.9073,1.8135,2.0822,0.4415,5,WTR
1731.0,57.148,1.7791,2.0786,0.4674,5,WTR
1731.5,56.3128,1.7317,2.0615,0.4863,5,WTR
1732.0,54.364,1.7271,2.0568,0.51,5,WTR
1732.5,53.5794,1.6808,2.0426,0.4823,5,WTR
1733.0,52.8961,1.7014,2.0449,0.4568,5,WTR
1733.5,50.3905,1.7028,2.0382,0.4167,5,WTR
1734.0,50.5676,1.7067,2.0431,0.427,5,WTR
1734.5,50.6942,1.6857,2.0279,0.4454,5,WTR
1735.0,53.4276,1.6961,1.9975,0.4206,5,WTR
1735.5,50.2386,1.75,1.9624,0.4333,5,WTR
1736.0,46.999,1.7272,1.9303,0.431,5,WTR
1736.5,41.76,1.7521,1.9177,0.5011,5,WTR
1737.0,39.4063,1.8462,1.9066,0.5206,5,WTR
1737.5,35.6859,1.8101,1.9041,0.5216,5,WTR
1738.0,34.7368,1.6695,1.9119,0.5061,5,WTR
1738.5,33.5219,1.6291,1.9255,0.4943,5,WTR
1739.0,34.5596,1.7975,1.9462,0.5123,5,WTR
1739.5,32.374,1.865,1.9576,0.502,5,WTR
1740.0,31.5388,1.7915,1.9586,0.4769,5,WTR
1740.5,29.8937,1.8903,1.9546,0.4697,5,WTR
1741.0,28.4981,2.0643,1.9438,0.438,5,WTR
1741.5,25.5369,2.2282,1.9451,0.4395,5,WTR
1742.0,23.7906,2.3705,1.954,0.4288,0,Non-SST
1742.5,23.6893,2.4241,1.9624,0.4805,0,Non-SST
1743.0,24.8029,2.1718,1.9588,0.4922,5,WTR
1743.5,25.7141,2.0203,1.9505,0.4926,5,WTR
1744.0,26.0937,2.0619,1.9253,0.4432,5,WTR
1744.5,23.7653,2.5639,1.8931,0.4454,0,Non-SST
1745.0,19.9183,2.725,1.8834,0.4404,0,Non-SST
1745.5,21.0572,2.3454,1.9223,0.4674,5,WTR
1746.0,25.461,2.0577,1.985,0.4709,5,WTR
1746.5,34.3951,1.7413,1.9891,0.4849,5,WTR
1747.0,37.2297,1.6021,1.9209,0.5126,5,WTR
1747.5,35.7112,1.6087,1.863,0.5676,5,WTR
1748.0,28.4221,1.7301,1.8257,0.5444,5,WTR
1748.5,22.3986,1.7586,1.8733,0.492,5,WTR
1749.0,19.893,1.7114,1.9537,0.4099,5,WTR
1749.5,21.1837,1.6335,2.0751,0.4125,0,Non-SST
1750.0,26.9542,1.5638,2.1259,0.4107,0,Non-SST
1750.5,36.192,1.6112,2.1256,0.4423,0,Non-SST
1751.0,44.62,1.7295,2.1332,0.4528,5,WTR
1751.5,49.859,1.7561,2.1398,0.446,5,WTR
1752.0,53.9084,1.7379,2.148,0.4294,5,WTR
1752.5,56.5153,1.7741,2.1236,0.4401,5,WTR
1753.0,57.882,1.7905,2.097,0.4724,5,WTR
1753.5,56.743,1.824,2.0789,0.4938,5,WTR
1754.0,56.7937,1.8577,2.0686,0.4822,5,WTR
1754.5,57.5276,1.8517,2.0844,0.4838,5,WTR
1755.0,60.9444,1.8532,2.1058,0.4519,5,WTR
1755.5,60.3369,1.8946,2.1351,0.4197,5,WTR
1756.0,56.7937,1.9245,2.1498,0.4033,5,WTR
1756.5,54.364,1.8983,2.1453,0.4062,5,WTR
1757.0,53.3769,1.8617,2.126,0.4042,5,WTR
1757.5,56.1862,1.8439,2.1048,0.3871,5,WTR
1758.0,55.5282,1.7933,2.0904,0.3891,5,WTR
1758.5,60.9191,1.738,2.112,0.404,5,WTR
1759.0,67.297,1.6406,2.1262,0.4228,0,Non-SST
1759.5,71.2199,1.5678,2.129,0.4297,0,Non-SST
1760.0,71.5742,1.606,2.0896,0.4381,0,Non-SST
1760.5,66.9426,1.7527,2.0473,0.416,5,WTR
1761.0,64.0574,1.7594,2.0176,0.3932,5,WTR
1761.5,56.2622,1.7345,2.012,0.3724,5,WTR
1762.0,54.0856,1.706,2.0168,0.3822,5,WTR
1762.5,56.3634,1.6704,2.0083,0.3965,5,WTR
1763.0,63.5512,1.6086,2.0013,0.4144,5,WTR
1763.5,69.3723,1.4924,1.9933,0.428,0,Non-SST
1764.0,74.1557,1.3538,1.9801,0.4404,0,Non-SST
1764.5,76.2311,1.2771,1.9689,0.4555,0,Non-SST
1765.0,75.649,1.2632,1.9732,0.457,0,Non-SST
1765.5,69.3723,1.3506,2.0003,0.4533,0,Non-SST
1766.0,65.6519,1.4779,2.0078,0.4473,5,WTR
1766.5,63.6524,1.5582,2.0024,0.4345,5,WTR
1767.0,66.5124,1.5492,1.9795,0.4356,0,Non-SST
1767.5,70.5871,1.4469,1.9679,0.4307,0,Non-SST
1768.0,75.0668,1.4177,1.9551,0.4685,0,Non-SST
1768.5,75.5983,1.3981,1.9553,0.4823,0,Non-SST
1769.0,75.3199,1.3825,1.9635,0.4833,0,Non-SST
1769.5,72.3588,1.38,1.9771,0.4405,0,Non-SST
1770.0,69.3976,1.4761,2.0008,0.4244,0,Non-SST
1770.5,65.829,1.5064,2.0118,0.4407,5,WTR
1771.0,65.905,1.4752,2.0145,0.4589,0,Non-SST
1771.5,67.1957,1.4753,2.0117,0.4658,0,Non-SST
1772.0,69.4735,1.4957,2.0147,0.442,0,Non-SST
1772.5,68.3346,1.4924,2.0154,0.4287,0,Non-SST
1773.0,70.6124,1.4439,2.0108,0.4357,0,Non-SST
1773.5,68.0309,1.3682,2.0,0.4389,0,Non-SST
1774.0,70.4606,1.2742,2.0051,0.4599,0,Non-SST
1774.5,69.2458,1.1984,2.0211,0.4483,0,Non-SST
1775.0,70.8402,1.189,2.0362,0.4494,0,Non-SST
1775.5,69.018,1.2925,2.0199,0.4333,0,Non-SST
1776.0,69.3976,1.5149,2.0026,0.4039,5,WTR
1776.5,69.9291,1.3818,1.9839,0.429,0,Non-SST
1777.0,71.9791,1.2423,1.9864,0.4311,0,Non-SST
1777.5,72.9156,1.169,1.9883,0.4745,0,Non-SST
1778.0,73.523,1.128,1.9974,0.4484,0,Non-SST
1778.5,73.0674,1.1295,2.0152,0.4718,0,Non-SST
1779.0,71.2958,1.2573,2.0241,0.4744,0,Non-SST
1779.5,68.2587,1.5019,2.0349,0.4649,0,Non-SST
1780.0,64.1586,1.5936,2.0306,0.4515,5,WTR
1780.5,64.842,1.5503,2.0317,0.4217,5,WTR
1781.0,64.437,1.5334,2.0341,0.4519,5,WTR
1781.5,64.8926,1.5226,2.0334,0.4703,5,WTR
1782.0,63.2981,1.5201,2.0354,0.5087,0,Non-SST
1782.5,63.7874,1.5377,2.0282,0.4688,5,WTR
1783.0,61.7374,1.5806,2.0266,0.4359,5,WTR
1783.5,62.6485,1.6161,2.0187,0.4267,5,WTR
1784.0,60.7925,1.6282,2.0056,0.4456,5,WTR
1784.5,59.7295,1.6659,1.9941,0.4205,5,WTR
1785.0,54.7183,1.7144,1.9807,0.3693,5,WTR
1785.5,52.0862,1.7502,1.9831,0.3515,5,WTR
1786.0,56.6418,1.7686,1.978,0.3782,5,WTR
1786.5,56.2875,1.8163,1.979,0.4229,5,WTR
1787.0,56.5153,1.8439,1.9599,0.4412,5,WTR
1787.5,52.643,1.8017,1.9314,0.4521,5,WTR
1788.0,52.6936,1.7725,1.9109,0.4248,5,WTR
1788.5,52.4658,1.7501,1.8901,0.4194,5,WTR
1789.0,50.0361,1.733,1.8941,0.4134,5,WTR
1789.5,49.3781,1.7063,1.9047,0.3979,5,WTR
1790.0,51.2275,1.677,1.9035,0.3875,5,WTR
1790.5,51.1515,1.6896,1.8882,0.3663,5,WTR
1791.0,50.9744,1.7076,1.904,0.3876,5,WTR
1791.5,49.8083,1.6935,1.9214,0.4171,5,WTR
1792.0,49.4287,1.6505,1.9335,0.4269,5,WTR
1792.5,49.6565,1.633,1.9038,0.4129,5,WTR
1793.0,53.0732,1.6264,1.8945,0.3839,5,WTR
1793.5,57.0974,1.6204,1.8751,0.4155,5,WTR
1794.0,60.2863,1.6337,1.8652,0.4462,5,WTR
1794.5,60.1851,1.6415,1.8514,0.4834,5,WTR
1795.0,64.8167,1.5728,1.8485,0.4753,5,WTR
1795.5,68.4612,1.4808,1.8506,0.4842,0,Non-SST
1796.0,70.9415,1.3952,1.8772,0.4565,0,Non-SST
1796.5,66.0821,1.4107,1.9032,0.4185,0,Non-SST
1797.0,57.7301,1.5981,1.9425,0.3914,5,WTR
1797.5,49.4287,2.0705,1.9569,0.3808,5,WTR
1798.0,45.1515,2.7814,1.9588,0.3789,0,Non-SST
1798.5,47.733,2.8111,1.9269,0.3624,0,Non-SST
1799.0,47.4293,2.237,1.8928,0.3408,5,WTR
1799.5,45.9361,1.9715,1.8742,0.3236,5,WTR
1800.0,41.6841,1.8892,1.8599,0.3295,5,WTR
1800.5,40.4693,1.8704,1.8283,0.3557,5,WTR
1801.0,39.2544,1.7904,1.8083,0.3737,5,WTR
1801.5,39.4822,1.6384,1.8073,0.3678,5,WTR
1802.0,41.507,1.5434,1.8223,0.36,5,WTR
1802.5,46.2145,1.5175,1.8439,0.3603,5,WTR
1803.0,50.2386,1.5201,1.8484,0.3615,5,WTR
1803.5,53.0732,1.5344,1.8312,0.3812,5,WTR
1804.0,52.9973,1.5824,1.817,0.4294,5,WTR
1804.5,55.0473,1.5947,1.8265,0.4388,5,WTR
1805.0,57.0974,1.5685,1.8479,0.4204,5,WTR
1805.5,58.9196,1.5283,1.8716,0.3982,5,WTR
1806.0,59.3752,1.4937,1.8779,0.4144,5,WTR
1806.5,60.0585,1.4831,1.8755,0.4267,5,WTR
1807.0,64.1586,1.4794,1.8788,0.4409,5,WTR
1807.5,66.5124,1.4786,1.8852,0.4309,0,Non-SST
1808.0,71.6754,1.4218,1.8955,0.4529,0,Non-SST
1808.5,72.131,1.3198,1.9138,0.4381,0,Non-SST
1809.0,71.4223,1.2966,1.9258,0.4564,0,Non-SST
1809.5,68.689,1.3207,1.9388,0.4599,0,Non-SST
1810.0,67.7019,1.4114,1.9567,0.4585,0,Non-SST
1810.5,65.2216,1.5885,1.9608,0.446,5,WTR
1811.0,62.9944,1.7971,1.9864,0.4376,5,WTR
1811.5,64.3611,1.7125,2.0016,0.4287,5,WTR
1812.0,67.7019,1.5583,2.012,0.4396,0,Non-SST
1812.5,70.5365,1.4085,2.0178,0.4456,0,Non-SST
1813.0,70.8149,1.3482,2.0181,0.461,0,Non-SST
1813.5,73.6242,1.3614,2.0191,0.4864,0,Non-SST
1814.0,73.0928,1.3515,2.0182,0.4921,0,Non-SST
1814.5,77.0663,1.294,2.0256,0.4901,0,Non-SST
1815.0,77.3447,1.2598,2.0218,0.4746,0,Non-SST
1815.5,78.028,1.2486,1.9902,0.4882,0,Non-SST
1816.0,75.0668,1.2779,1.9726,0.5313,0,Non-SST
1816.5,75.1175,1.4211,2.0956,0.5329,0,Non-SST
1817.0,79.2175,1.5515,2.0566,0.5449,0,Non-SST
1817.5,81.4194,1.5377,2.0378,0.564,0,Non-SST
1818.0,80.8247,1.4075,2.0293,0.5647,0,Non-SST
1818.5,78.1637,1.286,2.0339,0.5369,0,Non-SST
1819.0,75.2785,1.2594,2.0476,0.4811,0,Non-SST
1819.5,77.4424,1.259,2.0948,0.4818,0,Non-SST
1820.0,79.1392,1.2305,2.1201,0.4966,0,Non-SST
1820.5,82.5559,1.1616,2.1297,0.5201,0,Non-SST
1821.0,80.8281,1.1256,2.1288,0.5215,0,Non-SST
1821.5,82.1719,1.1339,2.1322,0.4979,0,Non-SST
1822.0,80.9571,1.2105,2.1325,0.4694,0,Non-SST
1822.5,79.1067,1.2236,2.1145,0.4695,0,Non-SST
1823.0,75.6877,1.1861,2.0975,0.4842,0,Non-SST
1823.5,71.5877,1.1731,2.0813,0.4828,0,Non-SST
1824.0,69.7497,1.2762,2.062,0.4875,0,Non-SST
1824.5,65.0418,1.583,2.0298,0.4817,0,Non-SST
1825.0,66.4038,1.4458,2.0214,0.5047,0,Non-SST
1825.5,67.6407,1.2019,2.0149,0.5056,0,Non-SST
1826.0,71.6863,1.1322,2.0316,0.4881,0,Non-SST
1826.5,68.853,1.1363,2.0359,0.4525,0,Non-SST
1827.0,63.6124,1.2722,2.0511,0.4423,0,Non-SST
1827.5,57.29,1.6237,2.0719,0.4363,5,WTR
1828.0,55.1143,1.7942,2.0929,0.4147,5,WTR
1828.5,56.7136,1.7326,2.1137,0.3951,0,Non-SST
1829.0,56.7625,1.7031,2.1186,0.3895,0,Non-SST
1829.5,60.7101,1.727,2.1243,0.4116,5,WTR
1830.0,62.9092,1.7124,2.1325,0.3939,5,WTR
1830.5,64.4565,1.6804,2.1427,0.3852,5,WTR
1831.0,63.2411,1.6747,2.1626,0.3549,0,Non-SST
1831.5,62.634,1.6567,2.1681,0.362,0,Non-SST
1832.0,67.5663,1.5935,2.1786,0.3771,0,Non-SST
1832.5,73.4092,1.4806,2.1753,0.4306,0,Non-SST
1833.0,78.4735,1.351,2.1734,0.4528,0,Non-SST
1833.5,79.305,1.2402,2.1601,0.4664,0,Non-SST
1834.0,79.9918,1.1608,2.1433,0.4699,0,Non-SST
1834.5,80.6934,1.1209,2.1237,0.4812,0,Non-SST
1835.0,81.1281,1.1044,2.1223,0.5173,0,Non-SST
1835.5,81.8077,1.1594,2.1274,0.5104,0,Non-SST
1836.0,83.0246,1.2376,2.1332,0.525,0,Non-SST
1836.5,83.8873,1.1993,2.1275,0.5317,0,Non-SST
1837.0,81.3063,1.1787,2.0951,0.5498,0,Non-SST
1837.5,75.0094,1.2931,1.9536,0.6467,0,Non-SST
1838.0,65.6927,1.5118,1.7327,0.7032,0,Non-SST
1838.5,60.0025,1.6784,1.5883,0.7761,5,WTR
1839.0,61.363,1.5664,1.6115,0.6986,0,Non-SST
1839.5,69.1612,1.2425,1.7636,0.656,0,Non-SST
1840.0,74.8813,1.0626,1.983,0.6048,0,Non-SST
1840.5,79.6709,0.992,2.0869,0.5622,0,Non-SST
1841.0,78.3011,0.9836,2.1222,0.5279,0,Non-SST
1841.5,76.9048,1.0522,2.1309,0.5228,0,Non-SST
1842.0,72.598,1.1038,2.1116,0.5246,0,Non-SST
1842.5,73.2086,1.0979,2.1381,0.5068,0,Non-SST
1843.0,74.5022,1.0965,2.1415,0.5203,0,Non-SST
1843.5,77.432,1.0628,2.1596,0.5254,0,Non-SST
1844.0,79.3508,1.0378,2.1209,0.539,0,Non-SST
1844.5,77.6048,1.0556,2.1009,0.5142,0,Non-SST
1845.0,73.6609,1.1186,2.0908,0.5136,0,Non-SST
1845.5,67.586,1.3103,2.0982,0.5207,0,Non-SST
1846.0,60.2216,1.531,2.0989,0.4862,0,Non-SST
1846.5,54.227,1.6835,2.0939,0.4695,5,WTR
1847.0,52.3064,1.6886,2.0804,0.4357,5,WTR
1847.5,52.8628,1.6888,2.0688,0.4296,5,WTR
1848.0,54.4596,1.7125,2.0592,0.4192,5,WTR
1848.5,51.1954,1.726,2.0437,0.417,5,WTR
1849.0,52.6889,1.7695,2.0102,0.4165,5,WTR
1849.5,50.359,1.7885,2.0053,0.4127,5,WTR
1850.0,52.2571,1.7438,2.0186,0.3991,5,WTR
1850.5,55.1394,1.6579,2.0569,0.3944,5,WTR
1851.0,60.124,1.5777,2.1065,0.4022,5,WTR
1851.5,60.4786,1.5902,2.1604,0.3816,5,WTR
1852.0,52.3602,1.728,2.1726,0.3708,0,Non-SST
1852.5,43.6295,1.8237,2.1586,0.3443,0,Non-SST
1853.0,37.4051,1.8562,2.1448,0.3417,0,Non-SST
1853.5,37.6293,1.8348,2.1502,0.3233,0,Non-SST
1854.0,43.2497,1.7861,2.1537,0.3106,0,Non-SST
1854.5,48.2081,1.7364,2.1655,0.3245,0,Non-SST
1855.0,52.2712,1.6691,2.1591,0.3394,0,Non-SST
1855.5,54.774,1.5594,2.1643,0.3635,0,Non-SST
1856.0,63.6343,1.4932,2.1793,0.3766,0,Non-SST
1856.5,68.6831,1.4735,2.1959,0.4142,0,Non-SST
1857.0,74.0732,1.4388,2.2219,0.4309,0,Non-SST
1857.5,72.9533,1.3742,2.2179,0.4398,0,Non-SST
1858.0,75.6622,1.3332,2.2233,0.425,0,Non-SST
1858.5,77.5604,1.303,2.2052,0.4202,0,Non-SST
1859.0,83.7892,1.2623,2.1968,0.42,0,Non-SST
1859.5,85.7123,1.2554,2.1899,0.4409,0,Non-SST
1860.0,84.27,1.252,2.195,0.4684,0,Non-SST
1860.5,82.0415,1.2559,2.1998,0.4909,0,Non-SST
1861.0,81.2017,1.3122,2.1976,0.4748,0,Non-SST
1861.5,83.0731,1.3712,2.182,0.4736,0,Non-SST
1862.0,81.8125,1.3763,2.1708,0.4731,0,Non-SST
1862.5,83.3307,1.2652,2.1543,0.5007,0,Non-SST
1863.0,83.5354,1.1913,2.1424,0.521,0,Non-SST
1863.5,85.5855,1.1473,2.1319,0.5382,0,Non-SST
1864.0,81.7141,1.1782,2.0112,0.6107,0,Non-SST
1864.5,77.5914,1.3299,1.8368,0.6394,0,Non-SST
1865.0,73.6599,1.5534,1.7185,0.6792,0,Non-SST
1865.5,79.9604,1.4832,1.7537,0.6497,0,Non-SST
1866.0,88.9154,1.1757,1.8366,0.6455,0,Non-SST
1866.5,97.8327,1.0075,1.9471,0.6306,0,Non-SST
1867.0,104.2944,1.0574,1.9707,0.5952,0,Non-SST
1867.5,103.5115,1.0891,1.9995,0.5899,0,Non-SST
1868.0,101.5544,1.1118,2.0302,0.5772,0,Non-SST
1868.5,91.5285,1.1125,2.0904,0.5762,0,Non-SST
1869.0,87.1204,1.1184,2.1411,0.517,0,Non-SST
1869.5,82.6996,1.2245,2.1922,0.4909,0,Non-SST
1870.0,83.5309,1.2914,2.2157,0.4622,0,Non-SST
1870.5,82.1967,1.2387,2.2282,0.4539,0,Non-SST
1871.0,82.0883,1.1787,2.2306,0.435,0,Non-SST
1871.5,82.2655,1.2017,2.2199,0.4708,0,Non-SST
1872.0,81.7271,1.1979,2.2264,0.4947,0,Non-SST
1872.5,83.0935,1.2348,2.2208,0.5033,0,Non-SST
1873.0,84.8978,1.2072,2.2115,0.4743,0,Non-SST
1873.5,86.7705,1.1513,2.1915,0.5022,0,Non-SST
1874.0,86.1199,1.1101,2.1851,0.4678,0,Non-SST
1874.5,81.7855,1.1039,2.1938,0.4226,0,Non-SST
1875.0,79.8369,1.1639,2.2055,0.3848,0,Non-SST
1875.5,75.6314,1.2261,2.216,0.3864,0,Non-SST
1876.0,77.0011,1.2796,2.2124,0.4123,0,Non-SST
1876.5,75.2552,1.2487,2.1919,0.421,0,Non-SST
1877.0,75.99,1.282,2.1603,0.4514,0,Non-SST
1877.5,70.4215,1.3281,2.1267,0.4616,0,Non-SST
1878.0,67.1546,1.3639,2.1255,0.4313,0,Non-SST
1878.5,61.0553,1.5181,2.1436,0.4042,5,WTR
1879.0,58.422,1.6864,2.1705,0.3741,0,Non-SST
1879.5,59.6686,1.7356,2.1473,0.3758,5,WTR
1880.0,64.7083,1.6008,2.1166,0.3763,5,WTR
1880.5,66.9893,1.621,2.0723,0.4061,5,WTR
1881.0,65.0624,1.6353,2.0327,0.4095,5,WTR
1881.5,59.5171,1.6533,2.0264,0.43,5,WTR
1882.0,58.1504,1.7022,1.7286,0.4631,5,WTR
1882.5,55.9489,1.7195,1.6897,0.4925,5,WTR
1883.0,59.059,1.7231,1.6809,0.5005,5,WTR
1883.5,58.7547,1.7242,1.6683,0.4712,5,WTR
1884.0,60.555,1.7054,1.6545,0.4766,5,WTR
1884.5,56.2282,1.6388,2.0603,0.4606,5,WTR
1885.0,55.2514,1.7122,2.0603,0.4789,5,WTR
1885.5,53.4562,1.857,2.0624,0.4651,5,WTR
1886.0,53.3847,1.8236,2.0809,0.4657,5,WTR
1886.5,52.9973,1.7379,2.0968,0.4327,5,WTR
1887.0,53.6806,1.6494,2.1114,0.4178,5,WTR
1887.5,56.2622,1.6133,2.1097,0.4309,0,Non-SST
1888.0,56.819,1.6319,2.1172,0.4258,0,Non-SST
1888.5,57.4264,1.7108,2.1164,0.4439,5,WTR
1889.0,56.2875,1.8666,2.1312,0.4183,0,Non-SST
1889.5,53.8325,2.0255,2.142,0.403,5,WTR
1890.0,53.1238,1.9473,2.1518,0.3636,5,WTR
1890.5,55.1739,1.7391,2.159,0.3555,0,Non-SST
1891.0,59.3499,1.5878,2.1762,0.3811,0,Non-SST
1891.5,63.0956,1.4764,2.1882,0.4114,0,Non-SST
1892.0,64.6901,1.4168,2.1846,0.432,0,Non-SST
1892.5,65.9809,1.4114,2.1742,0.4292,0,Non-SST
1893.0,65.4241,1.4864,2.1686,0.4148,0,Non-SST
1893.5,67.1704,1.396,2.1812,0.4481,0,Non-SST
1894.0,72.1057,1.2345,2.179,0.4518,0,Non-SST
1894.5,74.4341,1.2633,2.1735,0.4583,0,Non-SST
1895.0,74.3582,1.3833,2.1642,0.418,0,Non-SST
1895.5,73.523,1.5465,2.1578,0.4366,0,Non-SST
1896.0,70.9921,1.5454,2.145,0.4529,0,Non-SST
1896.5,70.9921,1.5047,2.1263,0.4609,0,Non-SST
1897.0,70.5365,1.4549,2.1147,0.4722,0,Non-SST
1897.5,75.0162,1.3696,2.11,0.4601,0,Non-SST
1898.0,74.8644,1.331,2.102,0.4685,0,Non-SST
1898.5,73.8267,1.3732,2.0736,0.4606,0,Non-SST
1899.0,69.4229,1.4481,2.0304,0.4605,0,Non-SST
1899.5,73.2952,1.4657,1.9886,0.4618,0,Non-SST
1900.0,75.8514,1.3246,1.9697,0.4756,0,Non-SST
1900.5,85.6461,0.9768,1.9623,0.5201,0,Non-SST
1901.0,92.6314,1.0205,1.9515,0.5558,0,Non-SST
1901.5,100.7556,1.1404,1.9388,0.5669,0,Non-SST
1902.0,100.2494,1.1669,1.9631,0.5742,0,Non-SST
1902.5,91.6696,1.1889,2.029,0.5857,0,Non-SST
1903.0,80.2805,1.397,2.1048,0.5554,0,Non-SST
1903.5,71.6754,1.5572,2.1439,0.494,0,Non-SST
1904.0,70.8655,1.5204,2.1585,0.4452,0,Non-SST
1904.5,71.3211,1.4661,2.1741,0.4301,0,Non-SST
1905.0,71.0174,1.4137,2.1969,0.4716,0,Non-SST
1905.5,70.7643,1.3441,2.2,0.4948,0,Non-SST
1906.0,71.2199,1.2741,2.2094,0.4986,0,Non-SST
1906.5,74.1051,1.2839,2.2097,0.467,0,Non-SST
1907.0,76.6107,1.3143,2.2207,0.4461,0,Non-SST
1907.5,75.244,1.3094,2.2238,0.4534,0,Non-SST
1908.0,74.3835,1.3033,2.2365,0.4746,0,Non-SST
1908.5,68.689,1.3382,2.235,0.4701,0,Non-SST
1909.0,68.3093,1.344,2.2209,0.435,0,Non-SST
1909.5,66.234,1.3785,2.1959,0.4268,0,Non-SST
1910.0,66.234,1.4302,2.1773,0.4376,0,Non-SST
1910.5,63.2728,1.5808,2.1808,0.4296,0,Non-SST
1911.0,61.3493,1.8153,2.1844,0.4096,5,WTR
1911.5,59.2233,1.6973,2.1855,0.3757,0,Non-SST
1912.0,60.59,1.6492,2.1669,0.3987,5,WTR
1912.5,63.0956,1.6014,2.137,0.4096,5,WTR
1913.0,64.5383,1.5618,2.0935,0.4216,5,WTR
1913.5,63.121,1.6225,2.0668,0.4138,5,WTR
1914.0,58.9449,1.6415,2.1075,0.4153,5,WTR
1914.5,57.6542,1.6734,2.0666,0.4361,5,WTR
1915.0,57.7554,1.626,2.058,0.4309,5,WTR
1915.5,56.085,1.6415,2.0684,0.4232,5,WTR
1916.0,55.8186,1.6661,2.0883,0.3977,5,WTR
1916.5,56.9801,1.6581,2.0834,0.4042,5,WTR
1917.0,60.6246,1.6187,2.0863,0.4171,5,WTR
1917.5,64.6346,1.5466,2.0916,0.4306,5,WTR
1918.0,66.8364,1.4523,2.113,0.438,0,Non-SST
1918.5,71.3887,1.3877,2.1295,0.4319,0,Non-SST
1919.0,72.6531,1.3556,2.1527,0.4192,0,Non-SST
1919.5,73.9424,1.3673,2.1661,0.417,0,Non-SST
1920.0,77.2032,1.3936,2.1848,0.4233,0,Non-SST
1920.5,79.8603,1.3735,2.1865,0.4301,0,Non-SST
1921.0,82.0388,1.3228,2.1845,0.4613,0,Non-SST
1921.5,79.0025,1.3595,2.1789,0.4262,0,Non-SST
1922.0,77.2598,1.4944,2.1688,0.4094,0,Non-SST
1922.5,75.386,1.5544,2.1716,0.3885,0,Non-SST
1923.0,76.4237,1.5362,2.1733,0.4348,0,Non-SST
1923.5,77.0311,1.5535,2.1786,0.4524,0,Non-SST
1924.0,76.2688,1.5906,2.1619,0.4486,0,Non-SST
1924.5,76.8322,1.5626,2.1494,0.4202,0,Non-SST
1925.0,77.8928,1.5153,2.1344,0.4291,0,Non-SST
1925.5,80.8564,1.4676,2.0983,0.4657,0,Non-SST
1926.0,78.8064,1.3893,2.0003,0.5371,0,Non-SST
1926.5,76.5274,1.3867,1.9182,0.5576,0,Non-SST
1927.0,77.0096,1.3466,1.9226,0.5374,0,Non-SST
1927.5,80.1909,1.3381,1.9995,0.4861,0,Non-SST
1928.0,82.2412,1.4455,2.0986,0.51,0,Non-SST
1928.5,79.508,1.5018,2.1405,0.4958,0,Non-SST
1929.0,77.8383,1.5453,2.1412,0.4868,0,Non-SST
1929.5,76.5477,1.5399,2.1421,0.4689,0,Non-SST
1930.0,77.053,1.5403,2.1253,0.4853,0,Non-SST
1930.5,76.8781,1.538,2.1055,0.4758,0,Non-SST
1931.0,78.5517,1.4606,2.0816,0.4433,0,Non-SST
1931.5,84.705,1.3291,2.0739,0.4653,0,Non-SST
1932.0,92.3234,1.2025,2.065,0.525,0,Non-SST
1932.5,98.6001,1.1728,2.0076,0.5644,0,Non-SST
1933.0,101.1772,1.1873,1.9454,0.5396,0,Non-SST
1933.5,97.4531,1.2904,1.9452,0.5017,0,Non-SST
1934.0,93.5302,1.3532,2.0139,0.4649,0,Non-SST
1934.5,85.9648,1.3522,2.1316,0.4388,0,Non-SST
1935.0,84.147,1.2826,2.1976,0.428,0,Non-SST
1935.5,79.8951,1.2325,2.2436,0.4288,0,Non-SST
1936.0,80.4762,1.3118,2.2496,0.4175,0,Non-SST
1936.5,77.898,1.3759,2.2619,0.4272,0,Non-SST
1937.0,77.0565,1.3079,2.2486,0.4083,0,Non-SST
1937.5,74.0229,1.2409,2.2412,0.4327,0,Non-SST
1938.0,69.4673,1.3056,2.229,0.4368,0,Non-SST
1938.5,67.9519,1.4535,2.2281,0.4469,0,Non-SST
1939.0,66.2056,1.6151,2.2206,0.4494,0,Non-SST
1939.5,64.5858,1.6882,2.2204,0.4338,0,Non-SST
1940.0,60.1296,1.7564,2.2083,0.4307,0,Non-SST
1940.5,55.0425,1.8804,2.1902,0.4056,0,Non-SST
1941.0,50.9635,2.0657,2.1503,0.3828,5,WTR
1941.5,49.1448,2.1205,2.112,0.3658,0,Non-SST
1942.0,48.71,1.9065,2.0887,0.3591,0,Non-SST
1942.5,51.2198,1.748,2.0869,0.3739,5,WTR
1943.0,56.6859,1.7025,2.0872,0.4214,5,WTR
1943.5,67.923,1.6015,2.0738,0.4655,0,Non-SST
1944.0,75.9678,1.451,2.0431,0.4713,0,Non-SST
1944.5,80.6726,1.3417,2.0256,0.4944,0,Non-SST
1945.0,80.8761,1.2567,2.0167,0.4858,0,Non-SST
1945.5,79.3611,1.216,2.0027,0.4961,0,Non-SST
1946.0,78.4261,1.2279,1.9939,0.4661,0,Non-SST
1946.5,77.6596,1.3433,2.0209,0.4739,0,Non-SST
1947.0,77.8073,1.4472,2.0675,0.465,0,Non-SST
1947.5,77.1998,1.4551,2.0897,0.4553,0,Non-SST
1948.0,75.9166,1.4346,2.1006,0.4457,0,Non-SST
1948.5,75.5646,1.2994,2.1101,0.4329,0,Non-SST
1949.0,75.7893,1.1235,2.1397,0.4433,0,Non-SST
1949.5,73.135,1.1303,2.1744,0.4334,0,Non-SST
1950.0,74.0986,1.225,2.2015,0.4322,0,Non-SST
1950.5,69.0939,1.362,2.228,0.4139,0,Non-SST
1951.0,68.0778,1.4817,2.2372,0.4004,0,Non-SST
1951.5,64.9647,1.4967,2.241,0.3891,0,Non-SST
1952.0,66.4833,1.4573,2.2359,0.4062,0,Non-SST
1952.5,69.018,1.433,2.2241,0.4296,0,Non-SST
1953.0,72.2828,1.3274,2.2246,0.4488,0,Non-SST
1953.5,76.1484,1.2425,2.2234,0.4354,0,Non-SST
1954.0,78.4229,1.2254,2.2242,0.4526,0,Non-SST
1954.5,76.5944,1.1727,2.2174,0.4681,0,Non-SST
1955.0,76.0675,1.1084,2.2154,0.498,0,Non-SST
1955.5,75.9157,1.0862,2.2207,0.4809,0,Non-SST
1956.0,74.0207,1.1585,2.2163,0.4752,0,Non-SST
1956.5,71.2875,1.325,2.2071,0.4519,0,Non-SST
1957.0,68.2474,1.2671,2.1889,0.4472,0,Non-SST
1957.5,74.0209,1.0791,2.1913,0.4463,0,Non-SST
1958.0,77.3616,1.0095,2.2,0.4519,0,Non-SST
1958.5,79.8482,1.0203,2.2042,0.4587,0,Non-SST
1959.0,80.1243,1.1222,2.2069,0.4759,0,Non-SST
1959.5,80.4278,1.1357,2.2064,0.4861,0,Non-SST
1960.0,82.1943,1.1125,2.2068,0.4966,0,Non-SST
1960.5,82.5256,1.1566,2.2019,0.4952,0,Non-SST
1961.0,86.0928,1.0954,2.1884,0.5189,0,Non-SST
1961.5,87.5633,1.0211,2.1761,0.5382,0,Non-SST
1962.0,90.8282,0.9524,2.1454,0.5922,0,Non-SST
1962.5,89.8373,0.9906,2.1199,0.612,0,Non-SST
1963.0,88.8204,1.0057,2.1158,0.6036,0,Non-SST
1963.5,85.682,0.9634,2.1441,0.5555,0,Non-SST
1964.0,86.1451,0.9197,2.1845,0.5001,0,Non-SST
1964.5,86.3041,0.9111,2.2007,0.4936,0,Non-SST
1965.0,84.8868,0.8461,2.2142,0.475,0,Non-SST
1965.5,81.0904,0.87,2.1967,0.4996,0,Non-SST
1966.0,78.8126,0.8775,2.1947,0.5115,0,Non-SST
1966.5,76.2247,0.8611,2.1979,0.5305,0,Non-SST
1967.0,73.9447,0.8983,2.2278,0.5259,0,Non-SST
1967.5,72.1225,0.9615,2.234,0.4993,0,Non-SST
1968.0,71.2177,1.0254,2.2334,0.4682,0,Non-SST
1968.5,69.392,1.217,2.232,0.3723,0,Non-SST
1969.0,62.3025,1.5998,2.2443,0.3115,0,Non-SST
1969.5,60.4043,1.6325,2.238,0.3089,0,Non-SST
1970.0,61.9984,1.4721,2.228,0.3746,0,Non-SST
1970.5,66.1993,1.5141,2.2306,0.4014,0,Non-SST
1971.0,65.0551,1.5259,2.2424,0.3713,0,Non-SST
1971.5,62.2468,1.7671,2.2473,0.3417,0,Non-SST
1972.0,61.1112,1.8197,2.2288,0.3376,5,WTR
1972.5,61.7974,1.7551,2.2223,0.355,5,WTR
1973.0,63.7222,1.6598,2.2093,0.3683,0,Non-SST
1973.5,66.0001,1.5078,2.2115,0.3705,0,Non-SST
1974.0,67.5426,1.3771,2.1855,0.3747,0,Non-SST
1974.5,68.8117,1.298,2.1551,0.3854,0,Non-SST
1975.0,68.6447,1.2706,2.1354,0.4218,0,Non-SST
1975.5,69.419,1.2626,2.1136,0.4325,0,Non-SST
1976.0,68.8396,1.2727,2.1596,0.4687,0,Non-SST
1976.5,70.753,1.2885,2.0803,0.4676,0,Non-SST
1977.0,70.729,1.2817,2.0678,0.4801,0,Non-SST
1977.5,68.6876,1.2895,2.0281,0.4694,0,Non-SST
1978.0,65.4683,1.332,1.9834,0.4828,0,Non-SST
1978.5,62.2808,1.3967,1.9764,0.4453,0,Non-SST
1979.0,62.2442,1.3527,1.9838,0.4219,0,Non-SST
1979.5,62.972,1.3088,1.9919,0.4098,0,Non-SST
1980.0,65.0524,1.2333,1.9865,0.4631,0,Non-SST
1980.5,68.0136,1.1954,1.9632,0.4928,0,Non-SST
1981.0,67.544,1.169,1.9566,0.4665,0,Non-SST
1981.5,67.3476,1.1458,1.9475,0.4487,0,Non-SST
1982.0,66.4364,1.1136,1.9647,0.426,0,Non-SST
1982.5,70.3847,1.072,1.9771,0.5133,0,Non-SST
1983.0,72.8903,1.0207,1.9933,0.5133,0,Non-SST
1983.5,73.8014,1.0339,2.0236,0.507,0,Non-SST
1984.0,71.5995,1.0678,2.0393,0.4463,0,Non-SST
1984.5,69.7772,1.0807,2.0627,0.4431,0,Non-SST
1985.0,65.2216,1.2233,2.0973,0.4371,0,Non-SST
1985.5,59.2993,1.3787,2.1231,0.438,0,Non-SST
1986.0,52.1621,1.4625,2.1395,0.4172,5,WTR
1986.5,48.8213,1.5606,2.1542,0.4215,5,WTR
1987.0,45.9361,1.691,2.1701,0.3989,5,WTR
1987.5,50.2133,1.7514,2.1755,0.4061,5,WTR
1988.0,53.8578,1.7446,2.176,0.3741,5,WTR
1988.5,59.7042,1.6483,2.1769,0.3696,0,Non-SST
1989.0,63.9562,1.4642,2.1769,0.3891,0,Non-SST
1989.5,67.1451,1.3306,2.1952,0.4161,0,Non-SST
1990.0,67.3729,1.3861,2.208,0.4004,0,Non-SST
1990.5,62.5641,1.6099,2.2111,0.3685,0,Non-SST
1991.0,62.716,1.6467,2.2215,0.368,0,Non-SST
1991.5,63.6271,1.5939,2.2286,0.3949,0,Non-SST
1992.0,65.4494,1.4492,2.2408,0.4114,0,Non-SST
1992.5,65.6751,1.3656,2.2298,0.4204,0,Non-SST
1993.0,68.4813,1.4128,2.2165,0.4079,0,Non-SST
1993.5,68.1017,1.4666,2.2015,0.42,0,Non-SST
1994.0,68.3273,1.4914,2.1984,0.413,0,Non-SST
1994.5,65.2174,1.4568,2.2023,0.4196,0,Non-SST
1995.0,68.2514,1.4242,2.2026,0.4157,0,Non-SST
1995.5,69.543,1.3858,2.1832,0.4264,0,Non-SST
1996.0,70.5553,1.3685,2.1581,0.4576,0,Non-SST
1996.5,72.0011,1.3463,2.1251,0.508,0,Non-SST
1997.0,73.523,1.3214,2.1109,0.5354,0,Non-SST
1997.5,77.2148,1.3051,2.1111,0.5084,0,Non-SST
1998.0,75.6414,1.3096,2.1074,0.4561,0,Non-SST
1998.5,70.858,1.3248,2.0946,0.4271,0,Non-SST
1999.0,65.6954,1.4021,2.069,0.4461,0,Non-SST
1999.5,62.865,1.4908,2.0663,0.4288,0,Non-SST
2000.0,61.1439,1.4079,2.0512,0.4587,0,Non-SST
2000.5,62.6654,1.3139,2.0483,0.4499,0,Non-SST
2001.0,61.2961,1.3024,2.0317,0.458,0,Non-SST
2001.5,62.3084,1.3168,2.0317,0.4619,0,Non-SST
2002.0,63.4444,1.3442,2.0325,0.5029,0,Non-SST
2002.5,63.6748,1.361,2.0417,0.5274,0,Non-SST
2003.0,63.5483,1.3978,2.0462,0.4912,0,Non-SST
2003.5,56.3368,1.5057,2.0363,0.4593,5,WTR
2004.0,55.3497,1.725,2.0408,0.428,5,WTR
2004.5,54.2108,1.7439,2.0666,0.4104,5,WTR
2005.0,58.9167,1.6025,2.1021,0.3997,5,WTR
2005.5,61.444,1.5217,2.1427,0.3978,0,Non-SST
2006.0,65.0885,1.4771,2.1629,0.3833,0,Non-SST
2006.5,62.8136,1.4925,2.1854,0.3684,0,Non-SST
2007.0,57.323,1.5755,2.1836,0.3647,0,Non-SST
2007.5,49.6291,1.7312,2.1747,0.3967,5,WTR
2008.0,46.3622,1.8379,2.1582,0.3646,5,WTR
2008.5,44.0069,1.7451,2.1497,0.3507,5,WTR
2009.0,45.271,1.6653,2.1524,0.3128,0,Non-SST
2009.5,47.017,1.6284,2.1775,0.3285,0,Non-SST
2010.0,53.1656,1.6364,2.1988,0.3411,0,Non-SST
2010.5,57.014,1.6382,2.2177,0.371,0,Non-SST
2011.0,61.3676,1.6115,2.2202,0.3866,0,Non-SST
2011.5,64.1062,1.5761,2.2289,0.3724,0,Non-SST
2012.0,64.4804,1.5874,2.2349,0.3508,0,Non-SST
2012.5,64.0013,1.6529,2.2403,0.3553,0,Non-SST
2013.0,62.1013,1.6079,2.2341,0.37,0,Non-SST
2013.5,62.1013,1.5262,2.217,0.4142,0,Non-SST
2014.0,56.7086,1.543,2.1942,0.4046,0,Non-SST
2014.5,53.0659,1.7449,2.1738,0.4112,5,WTR
2015.0,47.5765,1.9499,2.1843,0.3662,5,WTR
2015.5,45.4524,2.0707,2.2003,0.3394,5,WTR
2016.0,39.4542,2.103,2.1941,0.322,5,WTR
2016.5,34.142,2.0581,2.1326,0.3295,5,WTR
2017.0,30.8754,1.9401,2.037,0.337,5,WTR
2017.5,31.9384,1.8364,2.0025,0.3395,5,WTR
2018.0,33.4064,1.7822,2.0043,0.3218,5,WTR
2018.5,35.8124,1.7397,2.0258,0.3358,5,WTR
2019.0,39.0773,1.6948,2.0285,0.3403,5,WTR
2019.5,43.4051,1.5903,2.0251,0.3729,5,WTR
2020.0,48.4417,1.4576,2.0488,0.3627,5,WTR
2020.5,54.2628,1.411,2.0817,0.3609,0,Non-SST
2021.0,59.3438,1.3636,2.119,0.3706,5,WTR
2021.5,64.2731,1.3226,2.1598,0.4003,0,Non-SST
2022.0,64.9789,1.2909,2.1753,0.4509,0,Non-SST
2022.5,67.4633,1.2592,2.1939,0.4348,0,Non-SST
2023.0,70.4272,1.2139,2.2219,0.4484,0,Non-SST
2023.5,71.9486,1.2584,2.2318,0.4471,0,Non-SST
2024.0,71.4424,1.3271,2.252,0.4666,0,Non-SST
2024.5,67.4188,1.433,2.2555,0.4417,0,Non-SST
2025.0,61.7978,1.6076,2.2625,0.3972,0,Non-SST
2025.5,55.1941,1.7552,2.2336,0.4032,0,Non-SST
2026.0,46.6423,1.8635,2.2158,0.4277,5,WTR
2026.5,42.2409,1.9594,2.1939,0.4291,5,WTR
2027.0,41.0241,2.0837,2.1836,0.3896,5,WTR
2027.5,47.7563,1.9572,2.1616,0.3833,5,WTR
2028.0,54.5392,1.7074,2.1653,0.4317,5,WTR
2028.5,60.9191,1.5251,2.1764,0.4645,0,Non-SST
2029.0,62.9662,1.4685,2.1761,0.4632,0,Non-SST
2029.5,63.5483,1.554,2.1675,0.4358,0,Non-SST
2030.0,58.6131,1.7056,2.1649,0.4257,0,Non-SST
2030.5,54.6677,1.847,2.1559,0.4202,5,WTR
2031.0,57.3222,1.8399,2.1474,0.4014,5,WTR
2031.5,59.9037,1.7619,2.1265,0.4054,5,WTR
2032.0,60.0809,1.7765,2.1192,0.4188,5,WTR
2032.5,57.2745,1.8044,2.1232,0.4472,5,WTR
2033.0,58.4868,1.7597,2.138,0.4524,5,WTR
2033.5,62.9412,1.6824,2.157,0.434,0,Non-SST
2034.0,63.093,1.6146,2.1757,0.4188,0,Non-SST
2034.5,65.4494,1.543,2.1886,0.4245,0,Non-SST
2035.0,68.1794,1.5015,2.1907,0.4654,0,Non-SST
2035.5,71.6974,1.4659,2.1746,0.4839,0,Non-SST
2036.0,73.8928,1.4476,2.1611,0.4937,0,Non-SST
2036.5,73.9721,1.2599,2.1525,0.4884,0,Non-SST
2037.0,76.1454,1.0436,2.1439,0.4854,0,Non-SST
2037.5,78.7288,0.9715,2.1441,0.4966,0,Non-SST
2038.0,78.346,0.9827,2.1489,0.5066,0,Non-SST
2038.5,75.9925,1.0597,2.1725,0.5023,0,Non-SST
2039.0,73.947,1.1743,2.1604,0.4874,0,Non-SST
2039.5,74.3044,1.2098,2.1377,0.4601,0,Non-SST
2040.0,79.9982,1.1547,2.1369,0.4792,0,Non-SST
2040.5,83.2631,1.1825,2.1403,0.5038,0,Non-SST
2041.0,85.3384,1.1969,2.1746,0.5034,0,Non-SST
2041.5,81.3148,1.2385,2.2006,0.4684,0,Non-SST
2042.0,79.7204,1.3623,2.2316,0.4284,0,Non-SST
2042.5,77.4425,1.4122,2.2386,0.43,0,Non-SST
2043.0,78.1799,1.35,2.2398,0.4416,0,Non-SST
2043.5,74.4564,1.3578,2.2373,0.4708,0,Non-SST
2044.0,74.3046,1.4758,2.2531,0.4499,0,Non-SST
2044.5,70.4576,1.5781,2.2582,0.4258,0,Non-SST
2045.0,68.9907,1.5755,2.2688,0.3968,0,Non-SST
2045.5,66.561,1.71,2.2547,0.3966,0,Non-SST
2046.0,65.9536,1.6511,2.2453,0.438,0,Non-SST
2046.5,70.1569,1.4816,2.2403,0.4402,0,Non-SST
2047.0,72.8373,1.3555,2.2336,0.4405,0,Non-SST
2047.5,78.3005,1.2862,2.2229,0.4403,0,Non-SST
2048.0,79.819,1.2248,2.211,0.453,0,Non-SST
2048.5,81.593,1.1801,2.2076,0.4675,0,Non-SST
2049.0,80.9892,1.142,2.2142,0.4659,0,Non-SST
2049.5,79.4706,1.1354,2.2104,0.4756,0,Non-SST
2050.0,75.9274,1.1478,2.2009,0.4985,0,Non-SST
2050.5,74.0501,1.1481,2.1763,0.503,0,Non-SST
2051.0,72.3005,1.128,2.1494,0.5113,0,Non-SST
2051.5,73.5912,1.0984,2.1349,0.508,0,Non-SST
2052.0,73.0388,1.0846,2.1294,0.5048,0,Non-SST
2052.5,73.0146,1.1185,2.1502,0.4833,0,Non-SST
2053.0,69.2153,1.2796,2.1701,0.4756,0,Non-SST
2053.5,68.0764,1.4857,2.1875,0.4672,0,Non-SST
2054.0,67.721,1.4185,2.183,0.4767,0,Non-SST
2054.5,69.9237,1.3164,2.1653,0.4454,0,Non-SST
2055.0,70.4522,1.2961,2.1566,0.4209,0,Non-SST
2055.5,70.987,1.3465,2.1523,0.4138,0,Non-SST
2056.0,70.7339,1.4591,2.1376,0.4525,0,Non-SST
2056.5,71.4899,1.5193,2.1263,0.5038,0,Non-SST
2057.0,73.916,1.4385,2.1107,0.4866,0,Non-SST
2057.5,77.36,1.1695,2.1028,0.4869,0,Non-SST
2058.0,81.3146,0.9965,2.0897,0.499,0,Non-SST
2058.5,80.9892,0.9462,2.0854,0.5276,0,Non-SST
2059.0,78.2558,1.0606,2.0844,0.5044,0,Non-SST
2059.5,73.3965,1.1536,2.0936,0.459,0,Non-SST
2060.0,71.7239,1.144,2.1048,0.4459,0,Non-SST
2060.5,71.1924,1.1623,2.128,0.4626,0,Non-SST
2061.0,69.2942,1.2203,2.1518,0.4376,0,Non-SST
2061.5,67.6482,1.3095,2.1789,0.4315,0,Non-SST
2062.0,66.9142,1.3818,2.1938,0.4276,0,Non-SST
2062.5,66.079,1.4124,2.202,0.4358,0,Non-SST
2063.0,65.7025,1.4336,2.2088,0.4118,0,Non-SST
2063.5,65.1457,1.5411,2.2182,0.3601,0,Non-SST
2064.0,63.018,1.7193,2.2261,0.3571,0,Non-SST
2064.5,57.2476,1.7758,2.227,0.3616,5,WTR
2065.0,54.0586,1.7611,2.2045,0.3691,5,WTR
2065.5,53.6806,1.7534,2.1356,0.4092,5,WTR
2066.0,55.2989,1.7595,2.0106,0.4298,5,WTR
2066.5,54.3877,1.7794,1.9545,0.4394,5,WTR
2067.0,53.472,1.8026,1.9779,0.3833,5,WTR
2067.5,49.1963,1.8402,2.0796,0.354,5,WTR
2068.0,47.1716,1.792,2.1474,0.3467,5,WTR
2068.5,47.4016,1.6926,2.1687,0.3535,5,WTR
2069.0,54.6879,1.5704,2.1903,0.3803,0,Non-SST
2069.5,60.4566,1.443,2.2082,0.398,0,Non-SST
2070.0,65.3153,1.3289,2.2372,0.4206,0,Non-SST
2070.5,67.368,1.3357,2.226,0.4131,0,Non-SST
2071.0,68.3286,1.3243,2.2107,0.4089,0,Non-SST
2071.5,68.0767,1.3851,2.1195,0.402,0,Non-SST
2072.0,69.5922,1.2966,2.0911,0.4123,0,Non-SST
2072.5,68.6814,1.2327,2.072,0.4201,0,Non-SST
2073.0,68.3289,1.1917,2.0684,0.4296,0,Non-SST
2073.5,70.1036,1.1746,2.0861,0.4691,0,Non-SST
2074.0,71.3211,1.152,2.1088,0.4705,0,Non-SST
2074.5,75.056,1.1095,2.125,0.4809,0,Non-SST
2075.0,74.1196,1.0977,2.1629,0.432,0,Non-SST
2075.5,77.2326,1.1206,2.2069,0.4312,0,Non-SST
2076.0,71.2199,1.1588,2.2508,0.4085,0,Non-SST
2076.5,65.829,1.2839,2.2514,0.4087,0,Non-SST
2077.0,62.4882,1.4972,2.2556,0.4039,0,Non-SST
2077.5,61.8049,1.5647,2.2604,0.4093,0,Non-SST
2078.0,60.1345,1.557,2.2615,0.3874,0,Non-SST
2078.5,56.414,1.6556,2.2377,0.3781,0,Non-SST
2079.0,58.9956,1.8641,2.2142,0.3688,0,Non-SST
2079.5,62.8971,1.6733,2.1987,0.3713,0,Non-SST
2080.0,67.0731,1.3377,2.1965,0.3867,0,Non-SST
2080.5,66.0101,1.2562,2.1767,0.4045,0,Non-SST
2081.0,65.4494,1.2704,2.1766,0.4365,0,Non-SST
2081.5,65.9303,1.2419,2.1728,0.4376,0,Non-SST
2082.0,71.4122,1.1957,2.1918,0.4323,0,Non-SST
2082.5,74.9049,1.1094,2.1784,0.4092,0,Non-SST
2083.0,74.1962,1.0584,2.1631,0.4279,0,Non-SST
2083.5,74.257,1.0589,2.1309,0.4672,0,Non-SST
2084.0,73.6495,1.1049,2.1174,0.5161,0,Non-SST
2084.5,74.1051,1.1145,2.1329,0.5031,0,Non-SST
2085.0,74.9403,1.0793,2.1365,0.5028,0,Non-SST
2085.5,71.5995,1.0833,2.1523,0.4902,0,Non-SST
2086.0,72.6625,1.1191,2.1407,0.5414,0,Non-SST
2086.5,71.068,1.1388,2.1471,0.4997,0,Non-SST
2087.0,74.8644,1.154,2.142,0.525,0,Non-SST
2087.5,76.2817,1.1385,2.145,0.4797,0,Non-SST
2088.0,76.2817,1.1229,2.1561,0.4701,0,Non-SST
2088.5,76.7373,1.1342,2.1725,0.4153,0,Non-SST
2089.0,73.4218,1.1912,2.1793,0.4044,0,Non-SST
2089.5,69.6254,1.3205,2.1747,0.4045,0,Non-SST
2090.0,66.2087,1.3915,2.162,0.4133,0,Non-SST
2090.5,64.9938,1.4446,2.1512,0.4103,0,Non-SST
2091.0,63.1209,1.4955,2.1382,0.4147,0,Non-SST
2091.5,60.3116,1.5544,2.1306,0.3779,0,Non-SST
2092.0,57.1986,1.5385,2.1119,0.3471,0,Non-SST
2092.5,57.3252,1.4513,2.0961,0.339,0,Non-SST
2093.0,52.6177,1.3756,2.0704,0.3503,5,WTR
2093.5,48.1379,1.3304,2.0571,0.3904,5,WTR
2094.0,41.0767,1.2776,2.058,0.4093,5,WTR
2094.5,37.5081,1.2215,2.0852,0.4323,5,WTR
2095.0,40.6211,1.1749,2.1273,0.4358,5,WTR
2095.5,48.9731,1.1123,2.1566,0.4456,0,Non-SST
2096.0,62.0326,1.1157,2.1538,0.4322,0,Non-SST
2096.5,68.7143,1.1696,2.1529,0.4273,0,Non-SST
2097.0,71.8526,1.1436,2.1524,0.4092,0,Non-SST
2097.5,72.9156,1.094,2.1645,0.4222,0,Non-SST
2098.0,71.5489,1.0911,2.1804,0.4403,0,Non-SST
2098.5,70.8908,1.0767,2.1882,0.4695,0,Non-SST
2099.0,69.676,1.063,2.2111,0.4652,0,Non-SST
2099.5,71.5742,1.1459,2.2056,0.4748,0,Non-SST
2100.0,72.6625,1.0911,2.2185,0.4586,0,Non-SST
2100.5,73.0421,1.0735,2.2091,0.4775,0,Non-SST
2101.0,71.9791,1.1137,2.2111,0.4455,0,Non-SST
2101.5,73.8014,1.0828,2.2025,0.4505,0,Non-SST
2102.0,72.4347,1.063,2.1974,0.4654,0,Non-SST
2102.5,74.8391,1.0276,2.1924,0.4925,0,Non-SST
2103.0,72.1816,1.0109,2.1873,0.4917,0,Non-SST
2103.5,71.1186,1.0467,2.1821,0.513,0,Non-SST
2104.0,70.6884,1.102,2.1802,0.5078,0,Non-SST
2104.5,70.7896,1.0808,2.1724,0.4981,0,Non-SST
2105.0,71.0174,1.0626,2.171,0.4583,0,Non-SST
2105.5,69.4229,1.1041,2.1802,0.4635,0,Non-SST
2106.0,68.3093,1.1538,2.191,0.4892,0,Non-SST
2106.5,68.2334,1.1681,2.1861,0.5276,0,Non-SST
2107.0,68.3061,1.1581,2.1616,0.541,0,Non-SST
2107.5,67.721,1.2338,2.1318,0.5238,0,Non-SST
2108.0,69.4927,1.2463,2.0974,0.4766,0,Non-SST
2108.5,72.0015,1.2038,2.0885,0.4528,0,Non-SST
2109.0,76.1805,1.222,2.0921,0.4619,0,Non-SST
2109.5,78.3519,1.2163,2.1135,0.5002,0,Non-SST
2110.0,77.2824,1.2073,2.1344,0.4969,0,Non-SST
2110.5,72.4963,1.2892,2.1517,0.4605,0,Non-SST
2111.0,66.6278,1.4444,2.1648,0.3996,0,Non-SST
2111.5,58.6574,1.6151,2.16,0.3829,0,Non-SST
2112.0,52.2823,1.69,2.1393,0.3765,5,WTR
2112.5,47.1464,1.648,2.1253,0.3678,5,WTR
2113.0,46.5658,1.5975,2.1139,0.3531,0,Non-SST
2113.5,48.5399,1.5527,2.1248,0.3497,0,Non-SST
2114.0,55.3702,1.5079,2.1344,0.3662,0,Non-SST
2114.5,60.66,1.4464,2.1598,0.3846,0,Non-SST
2115.0,67.4175,1.3513,2.1796,0.4139,0,Non-SST
2115.5,71.2102,1.2657,2.1904,0.4228,0,Non-SST
2116.0,75.5409,1.2388,2.1937,0.4265,0,Non-SST
2116.5,77.2838,1.2456,2.196,0.4497,0,Non-SST
2117.0,73.4183,1.29,2.205,0.4508,0,Non-SST
2117.5,73.4877,1.302,2.2098,0.4739,0,Non-SST
2118.0,73.7676,1.328,2.2072,0.4551,0,Non-SST
2118.5,74.2991,1.3957,2.2069,0.4655,0,Non-SST
2119.0,70.737,1.4994,2.2148,0.4482,0,Non-SST
2119.5,69.9291,1.513,2.2279,0.4508,0,Non-SST
2120.0,69.7501,1.5072,2.23,0.4452,0,Non-SST
2120.5,69.2128,1.5338,2.2171,0.4344,0,Non-SST
2121.0,68.8332,1.5586,2.2024,0.4284,0,Non-SST
2121.5,68.8819,1.4874,2.2004,0.4249,0,Non-SST
2122.0,70.7826,1.4561,2.1991,0.4221,0,Non-SST
2122.5,69.9474,1.5247,2.2046,0.4338,0,Non-SST
2123.0,73.7981,1.4686,2.1991,0.4751,0,Non-SST
2123.5,74.0545,1.34,2.1868,0.4989,0,Non-SST
2124.0,73.368,1.3179,2.1842,0.4833,0,Non-SST
2124.5,70.5587,1.3178,2.188,0.4539,0,Non-SST
2125.0,68.7111,1.4321,2.2065,0.4618,0,Non-SST
2125.5,68.6383,1.5241,2.2166,0.4683,0,Non-SST
2126.0,69.018,1.4791,2.2117,0.453,0,Non-SST
2126.5,68.4865,1.4747,2.2084,0.4139,0,Non-SST
2127.0,67.3476,1.5423,2.2136,0.4225,0,Non-SST
2127.5,67.6513,1.4598,2.2144,0.4436,0,Non-SST
2128.0,72.4315,1.2593,2.2192,0.4817,0,Non-SST
2128.5,76.2278,1.1302,2.2036,0.461,0,Non-SST
2129.0,74.9624,1.1103,2.2134,0.4839,0,Non-SST
2129.5,73.0674,1.0666,2.2102,0.5206,0,Non-SST
2130.0,75.0415,1.0385,2.2158,0.5343,0,Non-SST
2130.5,76.8385,1.0114,2.2035,0.5015,0,Non-SST
2131.0,75.7755,1.0343,2.1972,0.4495,0,Non-SST
2131.5,69.5495,1.0796,2.1938,0.4499,0,Non-SST
2132.0,69.0906,1.2352,2.1896,0.5073,0,Non-SST
2132.5,70.1536,1.267,2.175,0.5104,0,Non-SST
2133.0,72.1024,1.2603,2.1726,0.5145,0,Non-SST
2133.5,73.3205,1.3005,2.1646,0.4508,0,Non-SST
2134.0,73.2446,1.2693,2.1802,0.4908,0,Non-SST
2134.5,72.5106,1.4216,2.1717,0.4899,0,Non-SST
2135.0,69.4988,1.5243,2.1893,0.5056,0,Non-SST
2135.5,69.7996,1.416,2.1759,0.4388,0,Non-SST
2136.0,72.4538,1.3012,2.1975,0.4217,0,Non-SST
2136.5,74.9341,1.2761,2.2096,0.4075,0,Non-SST
2137.0,73.7951,1.2741,2.2274,0.4373,0,Non-SST
2137.5,73.7948,1.3173,2.2293,0.4444,0,Non-SST
2138.0,74.5541,1.2955,2.228,0.4338,0,Non-SST
2138.5,77.8936,1.2293,2.2259,0.4195,0,Non-SST
2139.0,78.5771,1.3204,2.2378,0.4188,0,Non-SST
2139.5,75.7678,1.49,2.258,0.3966,0,Non-SST
2140.0,69.47,1.7603,2.2765,0.3805,0,Non-SST
2140.5,66.7655,1.6408,2.2742,0.3773,0,Non-SST
2141.0,66.99,1.5318,2.2558,0.3916,0,Non-SST
2141.5,68.3567,1.4165,2.2433,0.4203,0,Non-SST
2142.0,67.1165,1.3707,2.2465,0.4093,0,Non-SST
2142.5,68.8914,1.3638,2.2611,0.4174,0,Non-SST
2143.0,69.7266,1.3938,2.2807,0.4003,0,Non-SST
2143.5,70.6378,1.5074,2.2819,0.3982,0,Non-SST
2144.0,69.7266,1.7328,2.2873,0.4115,0,Non-SST
2144.5,71.473,1.5389,2.2689,0.413,0,Non-SST
2145.0,73.523,1.3212,2.2566,0.4304,0,Non-SST
2145.5,74.3329,1.2209,2.2409,0.4319,0,Non-SST
2146.0,72.6372,1.3907,2.235,0.4374,0,Non-SST
2146.5,71.7261,1.5025,2.2233,0.4591,0,Non-SST
2147.0,72.4094,1.423,2.2156,0.4541,0,Non-SST
2147.5,74.026,1.3307,2.2011,0.4401,0,Non-SST
2148.0,75.747,1.282,2.2023,0.4448,0,Non-SST
2148.5,78.7841,1.2484,2.2065,0.4739,0,Non-SST
2149.0,81.2893,1.2538,2.2212,0.4684,0,Non-SST
2149.5,85.2854,1.319,2.2343,0.4624,0,Non-SST
2150.0,83.156,1.3421,2.2287,0.4594,0,Non-SST
2150.5,85.5893,1.2061,2.2129,0.4997,0,Non-SST
2151.0,82.2224,1.1528,2.1962,0.4994,0,Non-SST
2151.5,87.1585,1.2421,2.1894,0.5003,0,Non-SST
2152.0,90.2678,1.1985,2.1705,0.5197,0,Non-SST
2152.5,92.6249,1.1704,2.1534,0.5331,0,Non-SST
2153.0,90.4221,1.1926,2.1428,0.5041,0,Non-SST
2153.5,84.2483,1.2718,2.1598,0.4402,0,Non-SST
2154.0,74.3752,1.3614,2.1776,0.4341,0,Non-SST
2154.5,66.3306,1.4663,2.1903,0.4187,0,Non-SST
2155.0,59.3727,1.5332,2.1934,0.4275,0,Non-SST
2155.5,59.7295,1.5324,2.194,0.3911,0,Non-SST
2156.0,59.3471,1.4963,2.1996,0.3779,0,Non-SST
2156.5,64.5102,1.4808,2.2059,0.3808,0,Non-SST
2157.0,65.7756,1.4895,2.2053,0.3799,0,Non-SST
2157.5,63.8802,1.487,2.1987,0.4137,0,Non-SST
2158.0,60.6127,1.4532,2.186,0.4191,0,Non-SST
2158.5,64.3838,1.3733,2.1896,0.3848,0,Non-SST
2159.0,72.4574,1.2594,2.2032,0.3476,0,Non-SST
2159.5,80.5083,1.1661,2.2216,0.3626,0,Non-SST
2160.0,81.0366,1.1688,2.2222,0.416,0,Non-SST
2160.5,83.0613,1.167,2.2084,0.4594,0,Non-SST
2161.0,80.1761,1.1376,2.1905,0.4675,0,Non-SST
2161.5,84.3553,1.0915,2.1849,0.4671,0,Non-SST
2162.0,78.1259,1.0989,2.1897,0.4718,0,Non-SST
2162.5,76.0506,1.1889,2.1886,0.4499,0,Non-SST
2163.0,72.2542,1.3004,2.1826,0.4438,0,Non-SST
2163.5,76.5095,1.1994,2.1657,0.427,0,Non-SST
2164.0,79.3405,1.0969,2.1622,0.4316,0,Non-SST
2164.5,80.1205,1.038,2.1415,0.4441,0,Non-SST
2165.0,80.4171,1.023,2.0132,0.4405,0,Non-SST
2165.5,77.6113,1.0467,2.0166,0.458,0,Non-SST
2166.0,78.373,1.0326,2.0138,0.45,0,Non-SST
2166.5,74.7326,1.0096,2.0235,0.4686,0,Non-SST
2167.0,74.8053,1.0427,2.0314,0.4632,0,Non-SST
2167.5,74.0989,1.0598,2.03,0.4921,0,Non-SST
2168.0,74.6565,1.1639,2.0424,0.4795,0,Non-SST
2168.5,71.0125,1.29,2.0441,0.4628,0,Non-SST
2169.0,64.7836,1.3793,2.0554,0.438,0,Non-SST
2169.5,62.0561,1.4697,2.0479,0.4253,0,Non-SST
2170.0,64.033,1.5117,2.0371,0.4121,5,WTR
2170.5,67.0223,1.5623,2.0204,0.3843,5,WTR
2171.0,66.4618,1.5348,2.0328,0.3745,5,WTR
2171.5,64.8926,1.4795,2.0409,0.3848,5,WTR
2172.0,64.9432,1.4924,2.0446,0.3994,5,WTR
2172.5,66.563,1.5465,2.0229,0.4153,5,WTR
2173.0,66.9173,1.5426,2.022,0.4263,5,WTR
2173.5,65.3988,1.5191,2.0268,0.4529,0,Non-SST
2174.0,67.4994,1.4974,2.0238,0.4373,0,Non-SST
2174.5,70.1316,1.4888,2.0249,0.4378,0,Non-SST
2175.0,74.915,1.4672,2.0282,0.422,0,Non-SST
2175.5,78.3823,1.2519,2.0463,0.4237,0,Non-SST
2176.0,80.6095,1.1285,2.0496,0.4342,0,Non-SST
2176.5,82.1028,1.1945,1.9913,0.4316,0,Non-SST
2177.0,78.8632,1.1722,1.9271,0.4293,0,Non-SST
2177.5,74.6113,1.1864,1.9219,0.4189,0,Non-SST
2178.0,70.3847,1.3598,1.995,0.459,0,Non-SST
2178.5,71.0933,1.3605,2.1135,0.5283,0,Non-SST
2179.0,79.3694,1.1226,2.1578,0.5566,0,Non-SST
2179.5,85.722,1.079,2.1503,0.5316,0,Non-SST
2180.0,85.9245,1.0974,2.1399,0.4772,0,Non-SST
2180.5,82.9633,1.1671,2.1337,0.4375,0,Non-SST
2181.0,76.0286,1.2385,2.1358,0.4075,0,Non-SST
2181.5,72.46,1.276,2.1351,0.4176,0,Non-SST
2182.0,68.3093,1.3018,2.1374,0.4298,0,Non-SST
2182.5,68.7396,1.2582,2.1247,0.4185,0,Non-SST
2183.0,69.8279,1.2336,2.1152,0.4162,0,Non-SST
2183.5,71.9285,1.2136,2.1089,0.4124,0,Non-SST
2184.0,72.4094,1.1943,2.1016,0.4385,0,Non-SST
2184.5,74.3582,1.1913,2.0832,0.4622,0,Non-SST
2185.0,74.9909,1.1088,2.0696,0.4716,0,Non-SST
2185.5,74.5101,1.0624,2.0532,0.4763,0,Non-SST
2186.0,70.8402,1.1435,2.041,0.4621,0,Non-SST
2186.5,68.7649,1.1959,2.0432,0.4692,0,Non-SST
2187.0,70.41,1.2091,2.0702,0.4451,0,Non-SST
2187.5,73.2446,1.1703,2.1067,0.4557,0,Non-SST
2188.0,73.7508,1.1984,2.137,0.457,0,Non-SST
2188.5,74.4594,1.1894,2.1618,0.4756,0,Non-SST
2189.0,75.0669,1.1634,2.1919,0.4571,0,Non-SST
2189.5,74.3329,1.1894,2.2125,0.4378,0,Non-SST
2190.0,70.334,1.2478,2.2286,0.4223,0,Non-SST
2190.5,63.2475,1.3815,2.2287,0.4122,0,Non-SST
2191.0,58.9196,1.5833,2.2376,0.395,0,Non-SST
2191.5,56.6418,1.5564,2.2394,0.3954,0,Non-SST
2192.0,57.3505,1.4969,2.2494,0.3851,0,Non-SST
2192.5,54.9714,1.5422,2.231,0.377,0,Non-SST
2193.0,52.2127,1.6284,2.2319,0.363,0,Non-SST
2193.5,50.4917,1.7254,2.2217,0.3654,5,WTR
2194.0,49.3022,1.7094,2.2171,0.365,5,WTR
2194.5,52.972,1.6964,2.2287,0.3893,0,Non-SST
2195.0,55.4523,1.6593,2.2296,0.3682,0,Non-SST
2195.5,58.5653,1.6452,2.2407,0.3688,0,Non-SST
2196.0,58.3881,1.6769,2.235,0.3548,0,Non-SST
2196.5,57.4264,1.7262,2.2396,0.3589,0,Non-SST
2197.0,56.8949,1.6558,2.2275,0.3503,0,Non-SST
2197.5,57.3098,1.5765,2.2195,0.3384,0,Non-SST
2198.0,57.5882,1.5757,2.2082,0.3559,0,Non-SST
2198.5,58.5734,1.6023,2.1913,0.3679,0,Non-SST
2199.0,60.8818,1.5923,2.1856,0.3814,0,Non-SST
2199.5,63.0819,1.5301,2.1858,0.3889,0,Non-SST
2200.0,67.4083,1.4385,2.1894,0.4074,0,Non-SST
2200.5,67.798,1.4042,2.1748,0.4279,0,Non-SST
2201.0,71.7458,1.4475,2.1621,0.4245,0,Non-SST
2201.5,72.5814,1.4289,2.1479,0.4171,0,Non-SST
2202.0,73.2351,1.3392,2.1573,0.4119,0,Non-SST
2202.5,71.3392,1.3314,2.1707,0.4161,0,Non-SST
2203.0,69.3153,1.4094,2.1969,0.3997,0,Non-SST
2203.5,68.6616,1.4476,2.2068,0.3935,0,Non-SST
2204.0,69.7478,1.4257,2.2021,0.3875,0,Non-SST
2204.5,73.6694,1.351,2.1958,0.448,0,Non-SST
2205.0,75.8966,1.3037,2.1876,0.4574,0,Non-SST
2205.5,76.933,1.2739,2.1693,0.4741,0,Non-SST
2206.0,76.2024,1.2539,2.1632,0.4396,0,Non-SST
2206.5,77.0882,1.2573,2.163,0.4206,0,Non-SST
2207.0,77.2688,1.2618,2.166,0.4384,0,Non-SST
2207.5,76.9397,1.3017,2.1735,0.4441,0,Non-SST
2208.0,76.4082,1.3195,2.1711,0.5116,0,Non-SST
2208.5,78.8885,1.254,2.1768,0.4824,0,Non-SST
2209.0,81.4663,1.2065,2.1706,0.4886,0,Non-SST
2209.5,82.3728,1.2144,2.1684,0.4419,0,Non-SST
2210.0,82.2172,1.2511,2.1774,0.4576,0,Non-SST
2210.5,79.0044,1.3178,2.1995,0.4362,0,Non-SST
2211.0,73.1548,1.4522,2.2261,0.4294,0,Non-SST
2211.5,66.5257,1.6055,2.244,0.4011,0,Non-SST
2212.0,61.2384,1.6983,2.2335,0.3933,0,Non-SST
2212.5,58.943,1.7498,2.2441,0.3649,0,Non-SST
2213.0,54.9461,1.81,2.2516,0.3431,0,Non-SST
2213.5,53.6537,1.8316,2.2752,0.3339,0,Non-SST
2214.0,55.9907,1.6878,2.2808,0.3287,0,Non-SST
2214.5,61.2025,1.6748,2.2788,0.3462,0,Non-SST
2215.0,65.3042,1.5943,2.2678,0.389,0,Non-SST
2215.5,68.6321,1.4067,2.2574,0.4253,0,Non-SST
2216.0,70.6334,1.3049,2.2354,0.4333,0,Non-SST
2216.5,70.8359,1.2685,2.2233,0.4381,0,Non-SST
2217.0,71.7954,1.2294,2.2105,0.4448,0,Non-SST
2217.5,70.1991,1.25,2.2094,0.4789,0,Non-SST
2218.0,70.2216,1.2907,2.22,0.4873,0,Non-SST
2218.5,65.8712,1.302,2.2178,0.4653,0,Non-SST
2219.0,63.2103,1.3746,2.2311,0.4382,0,Non-SST
2219.5,61.9203,1.5192,2.2191,0.4143,0,Non-SST
2220.0,63.4625,1.5771,2.2146,0.422,0,Non-SST
2220.5,65.7709,1.5042,2.1883,0.4066,0,Non-SST
2221.0,66.6081,1.3972,2.1753,0.4005,0,Non-SST
2221.5,66.7342,1.3552,2.1717,0.4314,0,Non-SST
2222.0,66.4811,1.3223,2.1655,0.4526,0,Non-SST
2222.5,69.4843,1.3072,2.1723,0.4479,0,Non-SST
2223.0,70.2715,1.2748,2.1748,0.4114,0,Non-SST
2223.5,66.4246,1.3268,2.1899,0.4276,0,Non-SST
2224.0,58.8658,1.4906,2.2081,0.432,0,Non-SST
2224.5,54.9461,1.7097,2.2176,0.4402,0,Non-SST
2225.0,55.7509,1.7212,2.2215,0.4163,0,Non-SST
2225.5,59.5708,1.6123,2.2168,0.3954,0,Non-SST
2226.0,60.1529,1.5689,2.2117,0.3732,0,Non-SST
2226.5,61.2715,1.5768,2.2118,0.361,0,Non-SST
2227.0,57.7554,1.6629,2.202,0.3472,0,Non-SST
2227.5,53.7804,1.771,2.1986,0.3604,0,Non-SST
2228.0,49.4779,1.787,2.1741,0.3894,0,Non-SST
2228.5,42.9735,1.819,2.156,0.3907,5,WTR
2229.0,44.5923,1.8314,2.1087,0.3622,5,WTR
2229.5,45.0479,1.7242,2.1125,0.3193,0,Non-SST
2230.0,50.6144,1.6894,2.1052,0.3131,0,Non-SST
2230.5,47.2721,1.6953,2.1802,0.3399,0,Non-SST
2231.0,47.9808,1.6956,2.2106,0.3488,0,Non-SST
2231.5,47.7774,1.6676,2.2237,0.3702,0,Non-SST
2232.0,54.4085,1.62,2.1999,0.3807,0,Non-SST
2232.5,62.5768,1.4995,2.1841,0.389,0,Non-SST
2233.0,69.51,1.3729,2.191,0.4054,0,Non-SST
2233.5,68.2711,1.3781,2.2047,0.384,0,Non-SST
2234.0,60.3544,1.4163,2.215,0.3833,0,Non-SST
2234.5,50.5362,1.4238,2.204,0.3812,0,Non-SST
2235.0,47.1694,1.3873,2.1885,0.3754,0,Non-SST
2235.5,45.6777,1.3653,2.1818,0.4038,0,Non-SST
2236.0,52.1066,1.378,2.1898,0.394,0,Non-SST
2236.5,59.7974,1.373,2.2164,0.4183,0,Non-SST
2237.0,67.4618,1.3215,2.2405,0.4041,0,Non-SST
2237.5,69.0017,1.3082,2.2517,0.4122,0,Non-SST
2238.0,66.9326,1.3206,2.2478,0.3985,0,Non-SST
2238.5,62.2294,1.3635,2.2378,0.4047,0,Non-SST
2239.0,61.3458,1.4891,2.2422,0.4165,0,Non-SST
2239.5,61.2166,1.4443,2.2401,0.4171,0,Non-SST
2240.0,65.819,1.3792,2.252,0.4075,0,Non-SST
2240.5,71.4917,1.3745,2.2438,0.4024,0,Non-SST
2241.0,74.8058,1.4474,2.252,0.433,0,Non-SST
2241.5,78.2517,1.4023,2.2322,0.4424,0,Non-SST
2242.0,74.8077,1.4131,2.2092,0.4657,0,Non-SST
2242.5,75.5205,1.3227,2.1856,0.4541,0,Non-SST
2243.0,74.3009,1.2124,2.2001,0.462,0,Non-SST
2243.5,76.1504,1.2375,2.2195,0.4694,0,Non-SST
2244.0,76.5047,1.2263,2.2387,0.4888,0,Non-SST
2244.5,77.9752,1.1826,2.23,0.4929,0,Non-SST
2245.0,80.7086,1.1734,2.2307,0.4714,0,Non-SST
2245.5,82.5308,1.1827,2.2353,0.4518,0,Non-SST
2246.0,80.4577,1.2594,2.2395,0.4581,0,Non-SST
2246.5,77.5933,1.3199,2.2439,0.4443,0,Non-SST
2247.0,71.5387,1.3538,2.2433,0.4477,0,Non-SST
2247.5,64.5227,1.456,2.2506,0.4067,0,Non-SST
2248.0,56.4514,1.5705,2.2488,0.3815,0,Non-SST
2248.5,51.0274,1.6717,2.2486,0.3446,0,Non-SST
2249.0,49.4877,1.7606,2.2567,0.3332,0,Non-SST
2249.5,49.4898,1.7579,2.2557,0.3305,0,Non-SST
2250.0,51.0451,1.7269,2.2519,0.3346,0,Non-SST
2250.5,51.2446,1.6671,2.2124,0.3571,0,Non-SST
2251.0,47.4725,1.5587,2.1818,0.3675,0,Non-SST
2251.5,41.0186,1.4436,2.1674,0.3592,0,Non-SST
2252.0,37.1116,1.3849,2.1611,0.3074,0,Non-SST
2252.5,39.4411,1.3603,2.1666,0.2814,5,WTR
2253.0,41.947,1.3928,2.165,0.3225,0,Non-SST
2253.5,43.731,1.4158,2.1836,0.3534,0,Non-SST
2254.0,46.0433,1.4331,2.1904,0.3698,0,Non-SST
2254.5,52.2696,1.438,2.199,0.3468,0,Non-SST
2255.0,57.9616,1.4782,2.1965,0.3781,0,Non-SST
2255.5,62.9852,1.4406,2.1942,0.4074,0,Non-SST
2256.0,67.9584,1.3264,2.1742,0.4212,0,Non-SST
2256.5,73.3509,1.2002,2.1745,0.4317,0,Non-SST
2257.0,73.8691,1.1291,2.1569,0.4291,0,Non-SST
2257.5,72.384,1.1527,2.1674,0.446,0,Non-SST
2258.0,70.1068,1.2572,2.1647,0.4299,0,Non-SST
2258.5,67.7666,1.2603,2.1774,0.4292,0,Non-SST
2259.0,67.8471,1.276,2.1958,0.4101,0,Non-SST
2259.5,69.1117,1.2524,2.2194,0.4165,0,Non-SST
2260.0,69.4063,1.2381,2.1361,0.412,0,Non-SST
2260.5,62.8023,1.2709,2.0577,0.3977,0,Non-SST
2261.0,53.6047,1.428,2.0359,0.3742,0,Non-SST
2261.5,46.1752,1.7591,2.0415,0.3553,0,Non-SST
2262.0,43.7455,2.0179,2.03,0.3312,5,WTR
2262.5,43.581,1.9604,2.0361,0.311,0,Non-SST
2263.0,44.8806,1.8644,2.0381,0.3078,0,Non-SST
2263.5,44.8299,1.8216,2.0189,0.3192,0,Non-SST
2264.0,44.3491,1.8105,2.0085,0.3546,5,WTR
2264.5,43.2533,1.8068,2.0066,0.3501,5,WTR
2265.0,44.5947,1.7322,2.048,0.3657,5,WTR
2265.5,49.9349,1.6193,2.0913,0.3628,0,Non-SST
2266.0,56.781,1.4605,2.1234,0.4066,0,Non-SST
2266.5,64.0954,1.3261,2.1299,0.4325,0,Non-SST
2267.0,67.1831,1.2916,2.1471,0.4356,0,Non-SST
2267.5,70.41,1.314,2.1494,0.4354,0,Non-SST
2268.0,74.1051,1.274,2.159,0.4359,0,Non-SST
2268.5,75.0162,1.2249,2.1489,0.4441,0,Non-SST
2269.0,76.7246,1.1978,2.1428,0.4629,0,Non-SST
2269.5,72.827,1.204,2.1471,0.4546,0,Non-SST
2270.0,71.6122,1.2267,2.1623,0.4415,0,Non-SST
2270.5,69.3976,1.2508,2.1784,0.4077,0,Non-SST
2271.0,71.8779,1.2899,2.1834,0.4002,0,Non-SST
2271.5,75.6237,1.2181,2.1805,0.4065,0,Non-SST
2272.0,74.2063,1.2133,2.1797,0.4172,0,Non-SST
2272.5,72.789,1.3271,2.1886,0.4115,0,Non-SST
2273.0,67.3223,1.2536,2.2052,0.4042,0,Non-SST
2273.5,68.3852,1.3344,2.2124,0.386,0,Non-SST
2274.0,69.347,1.3165,2.2224,0.3834,0,Non-SST
2274.5,75.573,1.2434,2.212,0.3861,0,Non-SST
2275.0,77.9521,1.2193,2.1874,0.3667,0,Non-SST
2275.5,75.7249,1.2227,2.1473,0.3647,0,Non-SST
2276.0,66.2087,1.3275,2.1223,0.369,0,Non-SST
2276.5,56.2875,1.557,2.1226,0.379,0,Non-SST
2277.0,48.0367,1.6736,2.1193,0.3693,0,Non-SST
2277.5,45.8728,1.7017,2.0923,0.3533,0,Non-SST
2278.0,47.3913,1.6856,2.0328,0.3864,5,WTR
2278.5,47.1889,1.6436,1.9644,0.4198,5,WTR
2279.0,44.2403,1.5936,1.9293,0.4485,5,WTR
2279.5,37.255,1.525,1.9142,0.4192,5,WTR
2280.0,34.3192,1.4709,1.9423,0.4064,5,WTR
2280.5,35.1797,1.464,1.9605,0.3953,5,WTR
2281.0,36.4958,1.4626,1.9528,0.4019,5,WTR
2281.5,36.1414,1.4499,1.9591,0.4036,5,WTR
2282.0,34.471,1.4282,1.9669,0.3953,5,WTR
2282.5,34.471,1.3946,2.0092,0.3993,5,WTR
2283.0,35.7365,1.3583,2.0528,0.385,5,WTR
2283.5,36.8501,1.294,2.1044,0.3783,5,WTR
2284.0,38.318,1.233,2.1298,0.352,5,WTR
2284.5,42.9749,1.2015,2.15,0.3511,5,WTR
2285.0,45.6576,1.2514,2.1317,0.3583,0,Non-SST
2285.5,52.2886,1.2932,2.1484,0.3877,0,Non-SST
2286.0,57.1986,1.3212,2.1728,0.406,0,Non-SST
2286.5,63.121,1.3443,2.1963,0.4404,0,Non-SST
2287.0,68.1828,1.3371,2.2142,0.4389,0,Non-SST
2287.5,70.6631,1.3304,2.2255,0.4409,0,Non-SST
2288.0,74.8787,1.3188,2.2247,0.4391,0,Non-SST
2288.5,76.7009,1.2648,2.2047,0.4662,0,Non-SST
2289.0,77.7087,1.2048,2.1902,0.4823,0,Non-SST
2289.5,76.1853,1.1523,2.1756,0.5128,0,Non-SST
2290.0,69.8563,1.1601,2.1015,0.5846,0,Non-SST
2290.5,63.5526,1.2755,1.9647,0.5956,0,Non-SST
2291.0,59.3885,1.4136,1.9171,0.5558,0,Non-SST
2291.5,60.4772,1.4678,1.9697,0.4587,0,Non-SST
2292.0,61.9261,1.564,2.1432,0.4161,0,Non-SST
2292.5,62.0784,1.6484,2.2539,0.3792,0,Non-SST
2293.0,60.1309,1.7051,2.2718,0.3651,0,Non-SST
2293.5,60.1274,1.7543,2.2487,0.3505,0,Non-SST
2294.0,57.5494,1.7529,2.2213,0.3491,0,Non-SST
2294.5,57.6455,1.6931,2.1913,0.3485,0,Non-SST
2295.0,55.4708,1.6487,2.169,0.3488,0,Non-SST
2295.5,54.1518,1.5925,2.154,0.3638,0,Non-SST
2296.0,52.7888,1.5518,2.1484,0.3655,0,Non-SST
2296.5,50.6612,1.5345,2.1541,0.3727,0,Non-SST
2297.0,53.9544,1.5598,2.1728,0.3716,0,Non-SST
2297.5,52.6859,1.5989,2.1813,0.3658,0,Non-SST
2298.0,54.157,1.6264,2.1761,0.3665,0,Non-SST
2298.5,53.1397,1.5899,2.148,0.3584,0,Non-SST
2299.0,54.9665,1.5303,2.1407,0.3546,0,Non-SST
2299.5,56.3316,1.5001,2.1528,0.3507,0,Non-SST
2300.0,58.26,1.5254,2.1867,0.3449,0,Non-SST
2300.5,59.4749,1.5765,2.2183,0.3416,0,Non-SST
2301.0,61.9021,1.6541,2.2388,0.3422,0,Non-SST
2301.5,61.5478,1.7031,2.2473,0.3572,0,Non-SST
2302.0,64.6842,1.7152,2.2505,0.3821,0,Non-SST
2302.5,64.5363,1.6809,2.2491,0.3882,0,Non-SST
2303.0,65.3443,1.6655,2.2588,0.4099,0,Non-SST
2303.5,64.6844,1.6664,2.2515,0.4018,0,Non-SST
2304.0,65.1381,1.6696,2.2496,0.3909,0,Non-SST
2304.5,62.604,1.667,2.2444,0.3733,0,Non-SST
2305.0,61.4922,1.6697,2.2457,0.3658,0,Non-SST
2305.5,60.5306,1.6921,2.2452,0.3711,0,Non-SST
2306.0,63.974,1.6845,2.2423,0.3727,0,Non-SST
2306.5,63.3162,1.6915,2.2395,0.3903,0,Non-SST
2307.0,63.4192,1.7046,2.2236,0.4335,0,Non-SST
2307.5,60.5832,1.6232,2.2056,0.4502,0,Non-SST
2308.0,63.7211,1.576,2.1736,0.4665,0,Non-SST
2308.5,63.9723,1.5733,2.1666,0.4624,0,Non-SST
2309.0,63.5201,1.614,2.1506,0.4412,0,Non-SST
2309.5,59.419,1.5824,2.1502,0.453,0,Non-SST
2310.0,54.1046,1.486,2.1242,0.4375,0,Non-SST
2310.5,52.7902,1.4481,2.1089,0.4388,0,Non-SST
2311.0,53.8563,1.5371,2.1234,0.3901,0,Non-SST
2311.5,60.0839,1.4799,2.16,0.3685,0,Non-SST
2312.0,64.4858,1.5173,2.2043,0.3742,0,Non-SST
2312.5,67.9763,1.5255,2.2309,0.3841,0,Non-SST
2313.0,69.4948,1.5463,2.2339,0.3972,0,Non-SST
2313.5,73.4931,1.5441,2.2385,0.3828,0,Non-SST
2314.0,74.3493,1.5185,2.2343,0.391,0,Non-SST
2314.5,74.4443,1.5048,2.249,0.3773,0,Non-SST
2315.0,69.7897,1.5266,2.2695,0.3747,0,Non-SST
2315.5,65.2912,1.6064,2.2855,0.3657,0,Non-SST
2316.0,59.1206,1.7655,2.2838,0.3803,0,Non-SST
2316.5,53.1957,1.8801,2.2567,0.4156,0,Non-SST
2317.0,44.2363,1.8166,2.2375,0.4052,5,WTR
2317.5,38.6686,1.7103,2.2088,0.4034,5,WTR
2318.0,36.5934,1.6424,2.192,0.3552,0,Non-SST
2318.5,38.1625,1.5657,2.1776,0.3476,0,Non-SST
2319.0,43.2255,1.5969,2.1844,0.3416,0,Non-SST
2319.5,47.2268,1.5945,2.2024,0.3727,0,Non-SST
2320.0,53.8038,1.5109,2.2148,0.4081,0,Non-SST
2320.5,57.7482,1.4612,2.2134,0.4288,0,Non-SST
2321.0,61.239,1.4311,2.212,0.4333,0,Non-SST
2321.5,62.0001,1.4117,2.1924,0.4384,0,Non-SST
2322.0,64.1238,1.4037,2.1746,0.4495,0,Non-SST
2322.5,65.942,1.3813,2.1545,0.457,0,Non-SST
2323.0,69.4846,1.338,2.1444,0.4482,0,Non-SST
2323.5,67.8184,1.3263,2.172,0.4294,0,Non-SST
2324.0,68.911,1.3375,2.1674,0.4353,0,Non-SST
2324.5,69.9191,1.2974,2.2167,0.4394,0,Non-SST
2325.0,75.183,1.2783,2.2322,0.4499,0,Non-SST
2325.5,77.6375,1.2764,2.2592,0.434,0,Non-SST
2326.0,76.7835,1.3207,2.2565,0.4388,0,Non-SST
2326.5,76.6824,1.385,2.2588,0.4384,0,Non-SST
2327.0,76.6822,1.362,2.2586,0.4383,0,Non-SST
2327.5,78.8037,1.3298,2.2565,0.4313,0,Non-SST
2328.0,78.1458,1.3093,2.2521,0.42,0,Non-SST
2328.5,75.1071,1.3561,2.2526,0.4033,0,Non-SST
2329.0,67.1138,1.6111,2.2594,0.3781,0,Non-SST
2329.5,59.0676,1.857,2.2761,0.3617,0,Non-SST
2330.0,55.1202,1.9702,2.2907,0.3654,0,Non-SST
2330.5,58.5116,1.8993,2.2965,0.3576,0,Non-SST
2331.0,61.3423,1.749,2.2839,0.3604,0,Non-SST
2331.5,66.6561,1.6345,2.2741,0.3593,0,Non-SST
2332.0,68.122,1.558,2.267,0.3803,0,Non-SST
2332.5,72.6287,1.5187,2.2724,0.4015,0,Non-SST
2333.0,74.6556,1.4701,2.2884,0.4117,0,Non-SST
2333.5,77.336,1.5055,2.3006,0.4234,0,Non-SST
2334.0,78.146,1.5535,2.2966,0.4413,0,Non-SST
2334.5,79.6642,1.3656,2.2649,0.4845,0,Non-SST
2335.0,79.3648,1.2476,2.252,0.4855,0,Non-SST
2335.5,82.729,1.2076,2.2418,0.4815,0,Non-SST
2336.0,84.3809,1.1757,2.2368,0.4601,0,Non-SST
2336.5,89.9904,1.1633,2.2302,0.4699,0,Non-SST
2337.0,90.4763,1.1434,2.2212,0.4933,0,Non-SST
2337.5,90.3742,1.1249,2.1936,0.5608,0,Non-SST
2338.0,88.5754,1.1789,2.0582,0.6237,0,Non-SST
2338.5,88.5806,1.3014,1.856,0.6455,0,Non-SST
2339.0,88.3386,1.4224,1.741,0.6576,0,Non-SST
2339.5,90.6576,1.4535,1.7327,0.6239,0,Non-SST
2340.0,91.3802,1.2182,1.8701,0.5914,0,Non-SST
2340.5,93.9164,1.0331,2.0568,0.5163,0,Non-SST
2341.0,92.2886,1.0256,2.2051,0.49,0,Non-SST
2341.5,90.4677,1.0245,2.2531,0.4694,0,Non-SST
2342.0,87.4579,1.0527,2.2631,0.4845,0,Non-SST
2342.5,87.7615,1.0298,2.2623,0.5053,0,Non-SST
2343.0,88.1722,1.0176,2.2566,0.508,0,Non-SST
2343.5,86.4584,1.0362,2.2627,0.4701,0,Non-SST
2344.0,80.3842,1.1263,2.2623,0.4325,0,Non-SST
2344.5,68.8131,1.3412,2.2637,0.4109,0,Non-SST
2345.0,55.268,1.4934,2.2376,0.3978,0,Non-SST
2345.5,45.1577,1.5328,2.1893,0.3883,0,Non-SST
2346.0,42.0465,1.5243,2.1718,0.36,0,Non-SST
2346.5,44.5966,1.542,2.1664,0.3205,0,Non-SST
2347.0,48.0642,1.56,2.1763,0.2839,0,Non-SST
2347.5,52.2393,1.5804,2.1536,0.3052,0,Non-SST
2348.0,54.4723,1.5887,2.1374,0.3208,0,Non-SST
2348.5,53.917,1.5716,2.138,0.365,0,Non-SST
2349.0,53.6141,1.5911,2.1295,0.3438,0,Non-SST
2349.5,52.319,1.6184,2.1242,0.3406,0,Non-SST
2350.0,54.0888,1.6439,2.1067,0.3231,0,Non-SST
2350.5,56.8938,1.6582,2.1028,0.3488,0,Non-SST
2351.0,63.5276,1.5909,2.1083,0.3848,0,Non-SST
2351.5,70.5582,1.4319,2.0981,0.4149,0,Non-SST
2352.0,73.0109,1.3458,2.1008,0.4219,0,Non-SST
2352.5,74.4047,1.2614,2.1004,0.4063,0,Non-SST
2353.0,72.8272,1.2868,2.0471,0.3849,0,Non-SST
2353.5,74.6296,1.4432,2.0351,0.381,5,WTR
2354.0,78.1248,1.4979,1.993,0.4194,0,Non-SST
2354.5,83.9711,1.3973,1.9353,0.465,0,Non-SST
2355.0,90.3369,1.2683,1.9133,0.4836,0,Non-SST
2355.5,94.5551,1.1706,1.9077,0.4779,0,Non-SST
2356.0,98.878,1.0004,1.912,0.4945,0,Non-SST
2356.5,102.2823,1.0204,1.9139,0.5641,0,Non-SST
2357.0,106.4764,1.086,1.9317,0.6031,0,Non-SST
2357.5,108.0464,1.1275,1.9572,0.6245,0,Non-SST
2358.0,106.9666,1.1582,1.9696,0.5947,0,Non-SST
2358.5,102.9819,1.1701,1.9838,0.6208,0,Non-SST
2359.0,98.1557,1.2025,2.0065,0.5625,0,Non-SST
2359.5,92.1758,1.2557,2.0483,0.5294,0,Non-SST
2360.0,87.0634,1.2505,2.0865,0.4695,0,Non-SST
2360.5,80.0781,1.2818,2.1229,0.4635,0,Non-SST
2361.0,75.6237,1.3118,2.1483,0.4634,0,Non-SST
2361.5,72.6878,1.2942,2.1691,0.4324,0,Non-SST
2362.0,72.2322,1.3017,2.1903,0.4277,0,Non-SST
2362.5,67.5754,1.4156,2.2102,0.3855,0,Non-SST
2363.0,63.4753,1.4347,2.2115,0.3698,0,Non-SST
2363.5,63.9815,1.4262,2.2104,0.3363,0,Non-SST
2364.0,72.7384,1.3724,2.2122,0.3439,0,Non-SST
2364.5,81.6472,1.3015,2.2202,0.3585,0,Non-SST
2365.0,86.6078,1.2618,2.224,0.3998,0,Non-SST
2365.5,83.3682,1.2121,2.2109,0.4134,0,Non-SST
2366.0,79.0151,1.2982,2.1969,0.4272,0,Non-SST
2366.5,76.0792,1.3667,2.1933,0.4223,0,Non-SST
2367.0,76.2311,1.2897,2.1885,0.4182,0,Non-SST
2367.5,78.2558,1.1667,2.1748,0.414,0,Non-SST
2368.0,78.762,1.1401,2.1453,0.4022,0,Non-SST
2368.5,80.8373,1.2308,2.0818,0.4149,0,Non-SST
2369.0,80.1793,1.2472,2.0062,0.4224,0,Non-SST
2369.5,80.9892,1.3434,1.9385,0.4511,0,Non-SST
2370.0,83.5201,1.3051,1.8997,0.4777,0,Non-SST
2370.5,88.7971,1.1918,1.8943,0.507,0,Non-SST
2371.0,91.986,1.1676,1.8899,0.5116,0,Non-SST
2371.5,91.328,1.1459,1.9078,0.5102,0,Non-SST
2372.0,84.2288,1.1792,1.9251,0.4746,0,Non-SST
2372.5,77.8509,1.2106,1.961,0.4658,0,Non-SST
2373.0,71.3211,1.235,1.9833,0.444,0,Non-SST
2373.5,69.9544,1.3345,2.0079,0.4644,0,Non-SST
2374.0,67.3223,1.3539,2.0295,0.4426,0,Non-SST
2374.5,65.3988,1.3627,2.0686,0.4405,0,Non-SST
2375.0,63.121,1.355,2.1093,0.406,0,Non-SST
2375.5,62.058,1.3278,2.1454,0.3801,0,Non-SST
2376.0,65.5506,1.296,2.1578,0.3895,0,Non-SST
2376.5,71.2199,1.2778,2.1776,0.4538,0,Non-SST
2377.0,77.2941,1.2427,2.1855,0.4869,0,Non-SST
2377.5,80.6855,1.2023,2.1968,0.4631,0,Non-SST
2378.0,84.6843,1.1613,2.174,0.4098,0,Non-SST
2378.5,89.0881,1.0916,2.1671,0.4092,0,Non-SST
2379.0,91.9227,1.0357,2.1508,0.4173,0,Non-SST
2379.5,90.556,1.0286,2.1372,0.4696,0,Non-SST
2380.0,88.2782,1.0105,2.1159,0.4911,0,Non-SST
2380.5,88.8097,0.9921,2.1007,0.5016,0,Non-SST
2381.0,84.3047,1.0321,2.089,0.4663,0,Non-SST
2381.5,78.1293,1.0669,2.2345,0.4706,0,Non-SST
2382.0,66.2846,1.1465,2.1248,0.4722,0,Non-SST
2382.5,61.5771,1.169,2.1074,0.4728,0,Non-SST
2383.0,54.9461,1.1794,2.0628,0.4306,0,Non-SST
2383.5,51.909,1.1724,2.0222,0.4079,5,WTR
2384.0,49.125,1.1343,2.0027,0.3923,5,WTR
2384.5,54.3387,1.1258,1.9921,0.414,0,Non-SST
2385.0,59.198,1.0536,1.998,0.447,0,Non-SST
2385.5,61.6766,1.092,1.9749,0.4609,0,Non-SST
2386.0,61.1704,1.1315,1.9523,0.4653,0,Non-SST
2386.5,58.5113,1.1164,1.9368,0.4349,0,Non-SST
2387.0,61.5501,1.1428,1.9518,0.4283,0,Non-SST
2387.5,65.6984,1.1379,1.9873,0.4031,0,Non-SST
2388.0,81.4367,1.0523,2.0327,0.4012,0,Non-SST
2388.5,92.0622,0.8726,2.0751,0.3954,0,Non-SST
2389.0,102.4858,0.8363,2.1062,0.4286,0,Non-SST
2389.5,105.6236,0.8344,2.1268,0.4445,0,Non-SST
2390.0,115.7262,0.8427,2.13,0.4571,0,Non-SST
2390.5,130.4117,0.7973,2.119,0.4463,0,Non-SST
2391.0,143.3677,0.7026,2.1006,0.4783,0,Non-SST
2391.5,142.6733,0.7001,2.1088,0.4748,0,Non-SST
2392.0,123.9952,0.8761,2.1427,0.4574,0,Non-SST
2392.5,101.8303,1.0477,2.1978,0.4208,0,Non-SST
2393.0,86.1208,1.0891,2.2222,0.4228,0,Non-SST
2393.5,81.1558,1.1008,2.2379,0.4355,0,Non-SST
2394.0,80.7507,1.135,2.2375,0.421,0,Non-SST
2394.5,77.6349,1.163,2.2518,0.4007,0,Non-SST
2395.0,75.6146,1.1711,2.2576,0.3873,0,Non-SST
2395.5,72.3232,1.2203,2.2912,0.3609,0,Non-SST
2396.0,67.0116,1.3937,2.3666,0.2983,0,Non-SST
2396.5,56.7339,2.1191,2.4383,0.242,0,Non-SST
2397.0,45.0439,3.3896,2.5352,0.2366,0,Non-SST
2397.5,43.2247,3.2936,2.4513,0.3091,0,Non-SST
2398.0,47.5752,2.2456,2.3263,0.3421,0,Non-SST
2398.5,55.9736,1.7262,2.2218,0.357,0,Non-SST
2399.0,60.2199,1.5676,2.1937,0.3421,0,Non-SST
2399.5,61.8431,1.5144,2.1789,0.3595,0,Non-SST
2400.0,62.6547,1.4898,2.1807,0.4335,0,Non-SST
2400.5,63.6474,1.4302,2.1919,0.4619,0,Non-SST
2401.0,68.1981,1.3766,2.1955,0.4892,0,Non-SST
2401.5,72.9851,1.3624,2.201,0.4629,0,Non-SST
2402.0,73.0045,1.2646,2.1979,0.4687,0,Non-SST
2402.5,75.3372,1.1865,2.1683,0.503,0,Non-SST
2403.0,74.6505,1.1762,2.1235,0.5025,0,Non-SST
2403.5,79.5084,1.1509,2.0945,0.5024,0,Non-SST
2404.0,77.708,1.1207,2.0842,0.4716,0,Non-SST
2404.5,77.6318,1.0802,2.1085,0.4567,0,Non-SST
2405.0,75.2053,1.1313,2.1394,0.4497,0,Non-SST
2405.5,75.1834,1.2077,2.18,0.4499,0,Non-SST
2406.0,75.3357,1.2205,2.2006,0.4669,0,Non-SST
2406.5,76.0948,1.1592,2.2145,0.4493,0,Non-SST
2407.0,76.6976,1.1372,2.2153,0.4374,0,Non-SST
2407.5,74.9483,1.2452,2.2363,0.4155,0,Non-SST
2408.0,72.5695,1.3337,2.2547,0.4303,0,Non-SST
2408.5,72.4707,1.3687,2.2678,0.45,0,Non-SST
2409.0,72.7013,1.3386,2.2811,0.4717,0,Non-SST
2409.5,74.2724,1.3616,2.2807,0.4617,0,Non-SST
2410.0,72.4521,1.4248,2.2929,0.4222,0,Non-SST
2410.5,74.05,1.5698,2.2887,0.3974,0,Non-SST
2411.0,71.7198,1.6518,2.2844,0.3928,0,Non-SST
2411.5,70.1509,1.6363,2.2702,0.4049,0,Non-SST
2412.0,68.8571,1.6093,2.2558,0.4005,0,Non-SST
2412.5,69.1121,1.6272,2.2468,0.4062,0,Non-SST
2413.0,69.1647,1.6356,2.2479,0.3838,0,Non-SST
2413.5,63.8505,1.6507,2.2487,0.4099,0,Non-SST
2414.0,63.245,1.6943,2.235,0.391,0,Non-SST
2414.5,61.0162,1.7155,2.2111,0.417,0,Non-SST
2415.0,60.2593,1.7295,2.178,0.4013,0,Non-SST
2415.5,55.2987,1.7476,2.1362,0.4241,0,Non-SST
2416.0,52.7173,1.7422,2.0952,0.4066,5,WTR
2416.5,50.2834,1.7009,2.0557,0.4188,5,WTR
2417.0,49.4215,1.6444,2.0476,0.431,5,WTR
2417.5,49.3219,1.625,2.056,0.4148,5,WTR
2418.0,54.2614,1.6625,2.0981,0.395,0,Non-SST
2418.5,61.3472,1.6727,2.1348,0.3824,0,Non-SST
2419.0,66.3562,1.6197,2.2151,0.404,0,Non-SST
2419.5,69.6907,1.5957,2.2523,0.4022,0,Non-SST
2420.0,70.7515,1.5632,2.2814,0.3959,0,Non-SST
2420.5,73.9932,1.5321,2.2798,0.3989,0,Non-SST
2421.0,73.9995,1.5063,2.2776,0.3956,0,Non-SST
2421.5,76.4311,1.5023,2.27,0.38,0,Non-SST
2422.0,80.8272,1.4832,2.2603,0.3913,0,Non-SST
2422.5,84.4644,1.3358,2.2201,0.4205,0,Non-SST
2423.0,89.1186,1.2435,2.1756,0.5066,0,Non-SST
2423.5,92.4582,1.2417,2.0988,0.5686,0,Non-SST
2424.0,97.8477,1.1771,2.0158,0.6505,0,Non-SST
2424.5,96.9367,1.3041,1.907,0.6667,0,Non-SST
2425.0,95.6772,1.3186,1.8194,0.7024,0,Non-SST
2425.5,95.0743,1.415,1.7608,0.6995,0,Non-SST
2426.0,96.6459,1.3583,1.7854,0.6393,0,Non-SST
2426.5,97.1758,1.2031,1.8477,0.5882,0,Non-SST
2427.0,96.2915,1.1034,1.946,0.5515,0,Non-SST
2427.5,92.0901,1.2544,2.002,0.5578,0,Non-SST
2428.0,83.1325,1.4273,2.0689,0.5157,0,Non-SST
2428.5,75.6942,1.5638,2.1564,0.4651,0,Non-SST
2429.0,71.1367,1.5818,2.2259,0.4224,0,Non-SST
2429.5,73.7418,1.5396,2.2627,0.3963,0,Non-SST
2430.0,74.1909,1.6194,2.2728,0.3868,0,Non-SST
2430.5,75.5115,1.71,2.2638,0.408,0,Non-SST
2431.0,73.9955,1.6785,2.239,0.4246,0,Non-SST
2431.5,73.0908,1.585,2.1926,0.452,0,Non-SST
2432.0,74.3542,1.3035,2.1694,0.4627,0,Non-SST
2432.5,74.065,1.0687,2.164,0.4781,0,Non-SST
2433.0,74.5183,1.1266,2.1912,0.4416,0,Non-SST
2433.5,72.2299,1.2854,2.2195,0.4056,0,Non-SST
2434.0,67.5984,1.4318,2.2351,0.3765,0,Non-SST
2434.5,65.0661,1.4666,2.239,0.3677,0,Non-SST
2435.0,63.6977,1.4626,2.2595,0.3747,0,Non-SST
2435.5,68.8558,1.4033,2.2739,0.3838,0,Non-SST
2436.0,75.1216,1.3304,2.2924,0.3807,0,Non-SST
2436.5,79.8874,1.3065,2.2833,0.3998,0,Non-SST
2437.0,82.5462,1.3182,2.2849,0.4128,0,Non-SST
2437.5,81.4471,1.3591,2.293,0.4413,0,Non-SST
2438.0,78.6161,1.3983,2.3022,0.4379,0,Non-SST
2438.5,76.7826,1.3405,2.3009,0.4176,0,Non-SST
2439.0,75.3003,1.2926,2.3,0.4129,0,Non-SST
2439.5,76.6652,1.342,2.3024,0.4144,0,Non-SST
2440.0,75.5775,1.4454,2.2991,0.4265,0,Non-SST
2440.5,70.68,1.4418,2.2871,0.4073,0,Non-SST
2441.0,64.9879,1.4765,2.2569,0.3527,0,Non-SST
2441.5,57.8512,1.5168,2.2346,0.3124,0,Non-SST
2442.0,52.1195,1.4822,2.2194,0.3086,0,Non-SST
2442.5,50.1698,1.5139,2.2139,0.3238,0,Non-SST
2443.0,51.3858,1.4871,2.2084,0.3454,0,Non-SST
2443.5,56.2438,1.4767,2.186,0.3409,0,Non-SST
2444.0,60.0167,1.4135,2.163,0.3541,0,Non-SST
2444.5,64.6103,1.3053,2.1494,0.3547,0,Non-SST
2445.0,70.6973,1.2669,2.1572,0.3757,0,Non-SST
2445.5,73.584,1.2316,2.1805,0.395,0,Non-SST
2446.0,76.2396,1.2316,2.1936,0.412,0,Non-SST
2446.5,76.7934,1.2466,2.1989,0.4119,0,Non-SST
2447.0,79.1978,1.2131,2.1915,0.4151,0,Non-SST
2447.5,79.4601,1.2109,2.1778,0.4069,0,Non-SST
2448.0,78.4387,1.1812,2.1595,0.3952,0,Non-SST
2448.5,76.79,1.1565,2.1589,0.4212,0,Non-SST
2449.0,76.7927,1.1576,2.0996,0.4434,0,Non-SST
2449.5,78.2355,1.1122,2.0814,0.4826,0,Non-SST
2450.0,80.3236,1.1058,2.0856,0.4676,0,Non-SST
2450.5,79.7171,1.1629,2.0854,0.456,0,Non-SST
2451.0,78.8409,1.2267,2.0966,0.4503,0,Non-SST
2451.5,79.6019,1.2855,2.0868,0.4448,0,Non-SST
2452.0,82.409,1.2561,2.09,0.4587,0,Non-SST
2452.5,85.5297,1.162,2.0946,0.4462,0,Non-SST
2453.0,87.2652,1.1261,2.0984,0.4506,0,Non-SST
2453.5,88.7116,1.0841,2.0699,0.4444,0,Non-SST
2454.0,90.961,1.1131,2.0309,0.4775,0,Non-SST
2454.5,94.2512,1.0283,1.9951,0.5233,0,Non-SST
2455.0,99.5155,1.0228,1.9725,0.5462,0,Non-SST
2455.5,102.9069,1.0502,1.934,0.555,0,Non-SST
2456.0,106.9057,1.0454,1.8975,0.564,0,Non-SST
2456.5,107.7662,0.808,1.8755,0.6089,0,Non-SST
2457.0,106.0958,0.8216,1.8942,0.5991,0,Non-SST
2457.5,101.1859,0.9661,1.9158,0.5802,0,Non-SST
2458.0,93.0363,1.0729,1.955,0.563,0,Non-SST
2458.5,86.4053,1.1985,1.9974,0.5583,0,Non-SST
2459.0,76.636,1.402,2.0643,0.5518,0,Non-SST
2459.5,71.068,1.5293,2.1271,0.4867,0,Non-SST
2460.0,68.6383,1.5672,2.1599,0.4768,0,Non-SST
2460.5,71.6248,1.542,2.1829,0.4372,0,Non-SST
2461.0,73.5989,1.401,2.1759,0.4367,0,Non-SST
2461.5,72.1816,1.2965,2.1769,0.4128,0,Non-SST
2462.0,68.284,1.3944,2.1743,0.4018,0,Non-SST
2462.5,65.905,1.3252,2.1828,0.4036,0,Non-SST
2463.0,65.2469,1.385,2.1874,0.3814,0,Non-SST
2463.5,64.7407,1.4581,2.1845,0.3955,0,Non-SST
2464.0,66.7655,1.3636,2.1711,0.4049,0,Non-SST
2464.5,71.8273,1.307,2.1452,0.4314,0,Non-SST
2465.0,76.7879,1.2156,2.1389,0.4264,0,Non-SST
2465.5,79.0151,1.1354,2.1437,0.4375,0,Non-SST
2466.0,77.0916,1.0918,2.1433,0.4508,0,Non-SST
2466.5,73.9026,1.1716,2.1436,0.4691,0,Non-SST
2467.0,71.7767,1.3338,2.1537,0.4777,0,Non-SST
2467.5,70.7643,1.3313,2.1799,0.4482,0,Non-SST
2468.0,73.9026,1.1985,2.1988,0.4493,0,Non-SST
2468.5,76.4842,1.1505,2.2152,0.3949,0,Non-SST
2469.0,79.5213,1.1298,2.2204,0.4109,0,Non-SST
2469.5,76.7373,1.1447,2.2364,0.3879,0,Non-SST
2470.0,76.3829,1.2612,2.2345,0.4138,0,Non-SST
2470.5,74.0039,1.4067,2.2353,0.3967,0,Non-SST
2471.0,73.3965,1.4606,2.2268,0.3897,0,Non-SST
2471.5,69.0939,1.4892,2.2197,0.3725,0,Non-SST
2472.0,64.7914,1.5422,2.2153,0.3589,0,Non-SST
2472.5,62.5641,1.5577,2.2037,0.3455,0,Non-SST
2473.0,59.5777,1.5419,2.2005,0.3526,0,Non-SST
2473.5,59.3246,1.512,2.1972,0.3581,0,Non-SST
2474.0,59.9826,1.4543,2.197,0.3538,0,Non-SST
2474.5,62.8172,1.4195,2.197,0.3703,0,Non-SST
2475.0,62.058,1.3868,2.1982,0.3796,0,Non-SST
2475.5,62.8172,1.3784,2.1918,0.4126,0,Non-SST
2476.0,62.7666,1.3663,2.1849,0.4012,0,Non-SST
2476.5,67.5753,1.3517,2.1784,0.4181,0,Non-SST
2477.0,69.1951,1.3565,2.1743,0.4253,0,Non-SST
2477.5,72.4347,1.3643,2.1837,0.4211,0,Non-SST
2478.0,71.068,1.3674,2.1899,0.4148,0,Non-SST
2478.5,70.8655,1.3289,2.2088,0.3971,0,Non-SST
2479.0,65.3988,1.3404,2.1676,0.4159,0,Non-SST
2479.5,59.8814,1.4216,1.9686,0.4074,0,Non-SST
2480.0,52.3899,1.5295,1.6967,0.4236,5,WTR
2480.5,49.7577,1.641,1.4982,0.5165,5,WTR
2481.0,50.3652,1.846,1.4062,0.6298,5,WTR
2481.5,54.6677,2.1118,1.4038,0.7763,5,WTR
2482.0,65.4494,2.2472,1.4873,0.8469,5,WTR
2482.5,85.1905,2.2624,1.6487,0.8629,0,Non-SST
2483.0,107.007,2.1778,1.8704,0.7503,0,Non-SST
2483.5,120.6633,1.901,2.0124,0.653,0,Non-SST
2484.0,119.6646,1.5319,2.0686,0.5789,0,Non-SST
2484.5,110.0441,1.1353,2.1224,0.5851,0,Non-SST
2485.0,98.8681,0.9703,2.1795,0.5499,0,Non-SST
2485.5,92.2206,1.0787,2.1919,0.5153,0,Non-SST
2486.0,87.2468,1.1238,2.1756,0.493,0,Non-SST
2486.5,85.2195,1.1946,2.1589,0.4792,0,Non-SST
2487.0,84.3543,1.127,2.1433,0.4975,0,Non-SST
2487.5,87.3542,1.0472,2.1312,0.5005,0,Non-SST
2488.0,86.19,0.9788,2.1072,0.5178,0,Non-SST
2488.5,85.5344,0.9879,2.092,0.5,0,Non-SST
2489.0,83.8162,1.0435,2.0921,0.4857,0,Non-SST
2489.5,80.7269,1.1043,2.1001,0.4579,0,Non-SST
2490.0,80.4259,1.1343,2.1011,0.4613,0,Non-SST
2490.5,75.9672,1.1238,2.0915,0.4683,0,Non-SST
2491.0,76.0522,1.1568,2.0853,0.4748,0,Non-SST
2491.5,66.94,1.2255,2.0903,0.4719,0,Non-SST
2492.0,64.9178,1.3102,2.0952,0.4522,0,Non-SST
2492.5,69.438,1.2168,2.1015,0.4377,0,Non-SST
2493.0,81.9439,1.176,2.1111,0.4323,0,Non-SST
2493.5,88.8273,1.1471,2.1309,0.4453,0,Non-SST
2494.0,88.7791,1.1559,2.1334,0.4514,0,Non-SST
2494.5,83.6621,1.2524,2.1399,0.4504,0,Non-SST
2495.0,80.4735,1.3056,2.1199,0.4258,0,Non-SST
2495.5,71.9705,1.3526,2.0938,0.4158,0,Non-SST
2496.0,65.2935,1.3483,2.0597,0.4272,0,Non-SST
2496.5,55.6783,1.2996,2.0252,0.4549,0,Non-SST
2497.0,48.4898,1.2359,2.0123,0.4655,5,WTR
2497.5,39.176,1.1967,1.9912,0.4387,5,WTR
2498.0,33.5554,1.1541,1.9702,0.3999,5,WTR
2498.5,29.6603,1.1402,1.9317,0.379,5,WTR
2499.0,30.3183,1.1581,1.8993,0.3845,5,WTR
2499.5,30.3699,1.1624,1.8812,0.4013,5,WTR
2500.0,31.028,1.1944,1.8836,0.3925,5,WTR
2500.5,32.5465,1.2517,1.9227,0.3858,5,WTR
2501.0,35.4834,1.2677,1.9895,0.3651,5,WTR
2501.5,43.886,1.2515,2.0749,0.3647,0,Non-SST
2502.0,52.3908,1.2625,2.1465,0.3669,0,Non-SST
2502.5,59.2258,1.3417,2.174,0.3755,0,Non-SST
2503.0,61.5262,1.3892,2.192,0.3865,0,Non-SST
2503.5,61.1677,1.3903,2.2033,0.3778,0,Non-SST
2504.0,61.4273,1.3499,2.2136,0.3924,0,Non-SST
2504.5,62.7306,1.3237,2.2123,0.4037,0,Non-SST
2505.0,61.3278,1.2997,2.2095,0.4269,0,Non-SST
2505.5,60.7756,1.3221,2.2137,0.4133,0,Non-SST
2506.0,61.019,1.3259,2.2288,0.4018,0,Non-SST
2506.5,64.6966,1.3038,2.228,0.393,0,Non-SST
2507.0,66.6035,1.3003,2.2195,0.3871,0,Non-SST
2507.5,68.5249,1.296,2.2067,0.414,0,Non-SST
2508.0,70.0456,1.2927,2.188,0.4337,0,Non-SST
2508.5,70.402,1.2828,2.1665,0.4569,0,Non-SST
2509.0,69.5902,1.2936,2.1435,0.4575,0,Non-SST
2509.5,66.4054,1.3192,2.1335,0.4645,0,Non-SST
2510.0,64.0281,1.3227,2.1136,0.4661,0,Non-SST
2510.5,61.0926,1.2984,2.0878,0.4526,0,Non-SST
2511.0,60.1274,1.299,2.0634,0.4556,0,Non-SST
2511.5,58.5044,1.2864,2.076,0.4676,0,Non-SST
2512.0,56.9861,1.2653,2.0998,0.4611,0,Non-SST
2512.5,56.4817,1.2963,2.1548,0.4355,0,Non-SST
2513.0,59.0139,1.3277,2.1542,0.4242,0,Non-SST
2513.5,63.2147,1.3166,2.1308,0.4501,0,Non-SST
2514.0,67.2133,1.3138,2.1193,0.4815,0,Non-SST
2514.5,67.163,1.2858,2.1195,0.4863,0,Non-SST
2515.0,64.1279,1.242,2.1093,0.473,0,Non-SST
2515.5,57.3424,1.2026,2.081,0.4635,0,Non-SST
2516.0,53.1935,1.1734,2.052,0.4635,0,Non-SST
2516.5,50.9174,1.1552,2.0615,0.4886,0,Non-SST
2517.0,51.1229,1.1452,2.076,0.4914,0,Non-SST
2517.5,56.5355,1.121,2.1024,0.48,0,Non-SST
2518.0,60.0606,1.1672,2.119,0.4431,0,Non-SST
2518.5,56.1139,1.1139,2.1178,0.4365,0,Non-SST
2519.0,45.6373,1.086,2.1565,0.4534,0,Non-SST
2519.5,42.4159,1.0567,2.1767,0.4411,5,WTR
2520.0,50.5619,1.022,2.2343,0.3972,0,Non-SST
2520.5,64.7352,1.1018,2.2357,0.3606,0,Non-SST
2521.0,72.0704,1.0891,2.2209,0.3828,0,Non-SST
2521.5,74.4023,1.1543,2.1892,0.3945,0,Non-SST
2522.0,73.139,1.2679,2.1706,0.4234,0,Non-SST
2522.5,74.6475,1.2157,2.1771,0.4222,0,Non-SST
2523.0,75.0019,1.1938,2.1761,0.4448,0,Non-SST
2523.5,68.8248,1.2138,2.195,0.4366,0,Non-SST
2524.0,60.2308,1.2363,2.1958,0.4187,0,Non-SST
2524.5,58.2117,1.2378,2.2354,0.3946,0,Non-SST
2525.0,64.49,1.2085,2.2535,0.3881,0,Non-SST
2525.5,72.086,1.227,2.2719,0.3913,0,Non-SST
2526.0,76.2751,1.258,2.2741,0.392,0,Non-SST
2526.5,74.8031,1.2847,2.283,0.3914,0,Non-SST
2527.0,74.6974,1.3048,2.2981,0.3878,0,Non-SST
2527.5,74.3589,1.3141,2.2861,0.3934,0,Non-SST
2528.0,78.8174,1.3227,2.2824,0.3896,0,Non-SST
2528.5,80.4126,1.2909,2.2736,0.4123,0,Non-SST
2529.0,83.5417,1.2393,2.2787,0.4208,0,Non-SST
2529.5,85.0602,1.1767,2.2832,0.4178,0,Non-SST
2530.0,85.1399,1.1438,2.2835,0.3996,0,Non-SST
2530.5,85.393,1.1554,2.2864,0.4053,0,Non-SST
2531.0,86.8074,1.1855,2.287,0.4208,0,Non-SST
2531.5,92.4261,1.1831,2.2821,0.4457,0,Non-SST
2532.0,91.9705,1.1582,2.2974,0.4264,0,Non-SST
2532.5,86.3524,1.1903,2.2946,0.4237,0,Non-SST
2533.0,77.5448,1.3546,2.3072,0.3941,0,Non-SST
2533.5,73.0398,1.4274,2.3109,0.3917,0,Non-SST
2534.0,71.3717,1.4491,2.3116,0.3779,0,Non-SST
2534.5,68.4865,1.472,2.3197,0.3644,0,Non-SST
2535.0,67.8749,1.5642,2.3185,0.3536,0,Non-SST
2535.5,64.9375,1.5783,2.3064,0.3119,0,Non-SST
2536.0,60.9863,1.467,2.2643,0.2871,0,Non-SST
2536.5,56.3842,1.4411,2.246,0.297,0,Non-SST
2537.0,56.2592,1.41,2.2375,0.3369,0,Non-SST
2537.5,66.0821,1.3982,2.258,0.3625,0,Non-SST
2538.0,69.573,1.4037,2.2727,0.4024,0,Non-SST
2538.5,71.699,1.4265,2.2776,0.3947,0,Non-SST
2539.0,68.0038,1.4642,2.2672,0.3999,0,Non-SST
2539.5,66.8414,1.4367,2.2498,0.3705,0,Non-SST
2540.0,66.0062,1.3779,2.2373,0.3951,0,Non-SST
2540.5,63.9308,1.3905,2.2277,0.3947,0,Non-SST
2541.0,62.0073,1.4562,2.2212,0.3883,0,Non-SST
2541.5,61.7008,1.4825,2.2235,0.37,0,Non-SST
2542.0,62.207,1.4943,2.2151,0.3886,0,Non-SST
2542.5,69.6985,1.464,2.0863,0.4152,0,Non-SST
2543.0,74.9403,1.326,2.0772,0.4442,0,Non-SST
2543.5,80.4049,1.1959,2.0803,0.4302,0,Non-SST
2544.0,76.0011,1.1935,2.062,0.4075,0,Non-SST
2544.5,71.3696,1.2955,2.0176,0.3773,0,Non-SST
2545.0,69.0433,1.4018,1.9766,0.3946,0,Non-SST
2545.5,69.4482,1.395,1.9629,0.4158,0,Non-SST
2546.0,68.0791,1.3881,1.9781,0.4237,0,Non-SST
2546.5,66.0543,1.4461,2.0049,0.3928,0,Non-SST
2547.0,65.7415,1.4215,2.0216,0.3633,0,Non-SST
2547.5,68.7305,1.4496,2.0474,0.3551,0,Non-SST
2548.0,66.6551,1.4841,2.0315,0.3681,0,Non-SST
2548.5,61.9061,1.5058,1.9677,0.3721,0,Non-SST
2549.0,54.8196,1.5288,1.9076,0.3952,5,WTR
2549.5,48.8972,1.5243,1.8305,0.3857,5,WTR
2550.0,44.4428,1.4659,1.7818,0.3908,5,WTR
2550.5,37.255,1.3536,1.7715,0.3691,5,WTR
2551.0,29.2067,1.1857,1.7759,0.3918,5,WTR
2551.5,19.6399,1.0322,1.7711,0.372,5,WTR
2552.0,14.1225,0.9609,1.7551,0.37,5,WTR
2552.5,10.8829,0.9023,1.7354,0.3555,5,WTR
2553.0,11.4903,0.8741,1.774,0.3863,5,WTR
2553.5,14.9324,0.8571,1.8709,0.3897,5,WTR
2554.0,21.4621,0.8803,1.9872,0.3908,5,WTR
2554.5,32.6488,0.9897,2.0828,0.3557,0,Non-SST
2555.0,44.4934,1.1354,2.147,0.3495,0,Non-SST
2555.5,58.869,1.2871,2.1818,0.351,0,Non-SST
2556.0,69.1445,1.3348,2.1996,0.3669,0,Non-SST
2556.5,78.4077,1.2961,2.21,0.3933,0,Non-SST
2557.0,81.2929,1.2205,2.2169,0.4106,0,Non-SST
2557.5,82.5077,1.1472,2.2261,0.4087,0,Non-SST
2558.0,82.4571,1.1133,2.2376,0.4125,0,Non-SST
2558.5,85.393,1.0959,2.2463,0.4313,0,Non-SST
2559.0,88.2782,1.0997,2.2475,0.4844,0,Non-SST
2559.5,87.6708,1.1201,2.2516,0.4811,0,Non-SST
2560.0,87.6202,1.1586,2.2527,0.4757,0,Non-SST
2560.5,87.8353,1.1689,2.3413,0.4444,0,Non-SST
2561.0,86.7217,1.2193,2.3934,0.4456,0,Non-SST
2561.5,77.661,1.4085,2.505,0.3735,0,Non-SST
2562.0,62.3111,1.5794,2.5279,0.2968,0,Non-SST
2562.5,48.6441,2.8126,2.4877,0.2029,0,Non-SST
2563.0,41.76,4.5655,2.3631,0.2026,0,Non-SST
2563.5,43.1267,4.4663,2.2959,0.2304,0,Non-SST
2564.0,50.5676,3.0975,2.2172,0.2659,0,Non-SST
2564.5,58.6159,2.2125,2.1797,0.2883,0,Non-SST
2565.0,63.374,1.8642,2.1783,0.297,0,Non-SST
2565.5,63.2728,1.6666,2.1706,0.3157,0,Non-SST
2566.0,58.1604,1.6613,2.1587,0.317,0,Non-SST
2566.5,55.8319,1.7054,2.1328,0.3409,0,Non-SST
2567.0,52.8454,1.6898,2.1118,0.3536,0,Non-SST
2567.5,52.8454,1.6661,2.0839,0.3545,0,Non-SST
2568.0,51.4787,1.6136,2.0343,0.3417,0,Non-SST
2568.5,51.5294,1.5812,2.0089,0.339,0,Non-SST
2569.0,50.6689,1.5588,2.0082,0.3519,0,Non-SST
2569.5,51.4787,1.5637,2.0646,0.3648,0,Non-SST
2570.0,53.0985,1.614,2.1244,0.3653,0,Non-SST
2570.5,56.8443,1.66,2.1669,0.3652,0,Non-SST
2571.0,59.5271,1.7081,2.1947,0.3565,0,Non-SST
2571.5,61.8049,1.7416,2.2128,0.3586,0,Non-SST
2572.0,61.4505,1.7564,2.2203,0.3564,0,Non-SST
2572.5,59.7801,1.7255,2.2146,0.3487,0,Non-SST
2573.0,54.693,1.7287,2.2024,0.3388,0,Non-SST
2573.5,51.7572,1.7731,2.186,0.3237,0,Non-SST
2574.0,46.5941,1.7852,2.1723,0.3297,0,Non-SST
2574.5,43.9366,1.7294,2.1668,0.3447,0,Non-SST
2575.0,40.8489,1.6553,2.1516,0.3316,0,Non-SST
2575.5,38.8748,1.5832,2.1467,0.319,0,Non-SST
2576.0,39.8619,1.5369,2.1403,0.2933,0,Non-SST
2576.5,39.9631,1.4974,2.1274,0.3331,0,Non-SST
2577.0,39.1532,1.4129,2.1105,0.3443,0,Non-SST
2577.5,35.9643,1.2988,2.0814,0.3637,5,WTR
2578.0,34.142,1.2486,2.0617,0.3467,0,Non-SST
2578.5,35.1544,1.1943,2.038,0.3565,5,WTR
2579.0,37.66,1.1706,2.0377,0.3574,5,WTR
2579.5,38.4192,1.1201,2.0429,0.3664,5,WTR
2580.0,38.2674,1.1088,2.0551,0.3522,5,WTR
2580.5,39.5582,1.1287,2.0528,0.3401,0,Non-SST
2581.0,40.9249,1.1381,2.0698,0.3303,0,Non-SST
2581.5,42.0384,1.1373,2.0795,0.3386,0,Non-SST
2582.0,39.732,1.1549,2.0731,0.3512,5,WTR
2582.5,39.0486,1.1721,2.0546,0.3711,5,WTR
2583.0,37.0239,1.1484,2.0463,0.3785,5,WTR
2583.5,37.9384,1.1223,2.07,0.3886,5,WTR
2584.0,37.9367,1.1357,2.0823,0.3734,5,WTR
2584.5,40.3145,1.1488,2.1328,0.3441,0,Non-SST
2585.0,43.6047,1.181,2.1883,0.3117,0,Non-SST
2585.5,51.2695,1.2583,2.2404,0.2984,0,Non-SST
2586.0,57.8005,1.3974,2.2482,0.3103,0,Non-SST
2586.5,61.7487,1.525,2.2313,0.342,0,Non-SST
2587.0,64.4117,1.6034,2.1769,0.3548,0,Non-SST
2587.5,62.9931,1.5955,2.1222,0.3715,0,Non-SST
2588.0,57.3729,1.4813,2.0856,0.3977,0,Non-SST
2588.5,47.4239,1.2652,2.0857,0.4153,0,Non-SST
2589.0,42.134,1.1456,2.0831,0.4146,5,WTR
2589.5,41.022,1.1193,2.0953,0.3854,5,WTR
2590.0,42.5936,1.1241,2.1019,0.4011,5,WTR
2590.5,42.5952,1.1312,2.1216,0.4106,5,WTR
2591.0,41.9334,1.1214,2.1216,0.4232,5,WTR
2591.5,41.1235,1.151,2.112,0.3977,5,WTR
2592.0,42.4649,1.1948,2.0906,0.386,5,WTR
2592.5,44.4416,1.2105,2.0824,0.3792,0,Non-SST
2593.0,46.6673,1.2186,2.0941,0.3797,0,Non-SST
2593.5,50.9446,1.3051,2.1161,0.3893,0,Non-SST
2594.0,56.5645,1.4081,2.1452,0.3813,0,Non-SST
2594.5,65.0444,1.4522,2.1641,0.3907,0,Non-SST
2595.0,73.7229,1.4488,2.1874,0.4104,0,Non-SST
2595.5,83.6896,1.3771,2.206,0.4448,0,Non-SST
2596.0,90.6749,1.285,2.2218,0.4519,0,Non-SST
2596.5,93.8108,1.2214,2.1398,0.4498,0,Non-SST
2597.0,93.7146,1.1895,2.0072,0.4522,0,Non-SST
2597.5,95.9165,1.1934,1.9234,0.4946,0,Non-SST
2598.0,99.8698,1.2725,1.9359,0.5532,0,Non-SST
2598.5,108.7718,1.3667,2.0004,0.6104,0,Non-SST
2599.0,115.2202,1.201,2.0725,0.6058,0,Non-SST
2599.5,118.4136,1.2125,2.1198,0.5919,0,Non-SST
2600.0,116.7945,1.2413,2.1589,0.5355,0,Non-SST
2600.5,110.2613,1.2655,2.1783,0.532,0,Non-SST
2601.0,103.9772,1.2709,2.1785,0.5126,0,Non-SST
2601.5,97.4482,1.2796,2.1807,0.5456,0,Non-SST
2602.0,95.175,1.2706,2.1741,0.5194,0,Non-SST
2602.5,92.0397,1.2827,2.162,0.5036,0,Non-SST
2603.0,86.5734,1.2777,2.1331,0.4827,0,Non-SST
2603.5,77.7701,1.2923,2.1009,0.4789,0,Non-SST
2604.0,70.3798,1.3139,2.072,0.4746,0,Non-SST
2604.5,62.7399,1.2964,2.0266,0.4636,0,Non-SST
2605.0,54.0842,1.2613,1.9951,0.4442,0,Non-SST
2605.5,45.3272,1.2517,1.967,0.4454,5,WTR
2606.0,36.4188,1.2729,1.9547,0.435,5,WTR
2606.5,30.7243,1.2485,1.9633,0.4256,5,WTR
2607.0,25.9662,1.2393,2.0179,0.3867,5,WTR
2607.5,24.7516,1.231,2.0969,0.3795,0,Non-SST
2608.0,26.0423,1.2187,2.1592,0.3615,0,Non-SST
2608.5,33.2301,1.2454,2.2086,0.3647,0,Non-SST
2609.0,43.8607,1.2767,2.2042,0.3388,0,Non-SST
2609.5,54.1868,1.2772,2.1723,0.3677,0,Non-SST
2610.0,54.4905,1.1821,2.1186,0.3925,0,Non-SST
2610.5,43.7595,1.0365,2.0815,0.4219,5,WTR
2611.0,28.574,0.938,2.0646,0.4114,0,Non-SST
2611.5,17.893,0.8781,2.0699,0.3872,5,WTR
2612.0,15.817,0.8694,2.1168,0.3736,5,WTR
2612.5,20.4486,0.9774,2.1776,0.358,0,Non-SST
2613.0,28.9518,1.0623,2.2339,0.3437,0,Non-SST
2613.5,42.1132,1.1956,2.2717,0.3196,0,Non-SST
2614.0,53.8819,1.3521,2.2874,0.3234,0,Non-SST
2614.5,62.8914,1.4531,2.3021,0.3392,0,Non-SST
2615.0,67.8014,1.5507,2.2896,0.3656,0,Non-SST
2615.5,70.8384,1.5953,2.2708,0.4051,0,Non-SST
2616.0,71.802,1.5936,2.2689,0.4026,0,Non-SST
2616.5,69.676,1.5901,2.2724,0.393,0,Non-SST
2617.0,69.0414,1.5508,2.2544,0.3726,0,Non-SST
2617.5,65.2956,1.4264,2.2431,0.3734,0,Non-SST
2618.0,60.8159,1.3668,2.2401,0.3697,0,Non-SST
2618.5,57.0214,1.4201,2.2755,0.3609,0,Non-SST
2619.0,61.423,1.3455,2.3132,0.3681,0,Non-SST
2619.5,74.027,1.321,2.3195,0.3701,0,Non-SST
2620.0,81.1498,1.3631,2.314,0.3703,0,Non-SST
2620.5,81.9599,1.4331,2.2923,0.3819,0,Non-SST
2621.0,78.0347,1.4737,2.2797,0.3929,0,Non-SST
2621.5,79.5651,1.3449,2.2503,0.4164,0,Non-SST
2622.0,87.8659,1.1482,2.1705,0.425,0,Non-SST
2622.5,95.0503,1.1163,1.961,0.4667,0,Non-SST
2623.0,101.2252,1.0881,1.7521,0.5492,0,Non-SST
2623.5,103.3261,1.2057,1.613,0.6432,0,Non-SST
2624.0,104.6448,1.565,1.5758,0.734,0,Non-SST
2624.5,100.4945,1.5242,1.6319,0.7383,0,Non-SST
2625.0,96.77,1.6203,1.7956,0.6858,0,Non-SST
2625.5,94.8495,1.6689,2.0563,0.5545,0,Non-SST
2626.0,94.4411,1.5176,2.2849,0.4539,0,Non-SST
2626.5,94.979,1.4982,2.3322,0.3919,0,Non-SST
2627.0,93.2479,1.5019,2.3297,0.3696,0,Non-SST
2627.5,89.6095,1.5279,2.3105,0.3551,0,Non-SST
2628.0,83.9402,1.5677,2.3052,0.3453,0,Non-SST
2628.5,81.1141,1.5876,2.2905,0.3469,0,Non-SST
2629.0,82.4808,1.5664,2.3024,0.3534,0,Non-SST
2629.5,84.9864,1.5304,2.3215,0.3425,0,Non-SST
2630.0,85.9281,1.517,2.3287,0.334,0,Non-SST
2630.5,85.3713,1.4692,2.3317,0.3099,0,Non-SST
2631.0,83.6604,1.4211,2.3288,0.3275,0,Non-SST
2631.5,82.8418,1.4638,2.3167,0.3815,0,Non-SST
2632.0,81.7572,1.4362,2.2931,0.4371,0,Non-SST
2632.5,85.341,1.3892,2.2794,0.459,0,Non-SST
2633.0,89.1951,1.3013,2.2822,0.4527,0,Non-SST
2633.5,94.5928,1.149,2.2885,0.4468,0,Non-SST
2634.0,94.4391,1.1521,2.3072,0.4469,0,Non-SST
2634.5,88.7172,1.284,2.3016,0.4419,0,Non-SST
2635.0,82.4085,1.4103,2.3089,0.4589,0,Non-SST
2635.5,80.2579,1.4272,2.3162,0.4474,0,Non-SST
2636.0,83.3709,1.4213,2.3125,0.4408,0,Non-SST
2636.5,85.5815,1.4101,2.3089,0.4224,0,Non-SST
2637.0,84.3311,1.4425,2.3154,0.4401,0,Non-SST
2637.5,81.4079,1.4695,2.2259,0.417,0,Non-SST
2638.0,77.1611,1.4894,2.1982,0.4014,0,Non-SST
2638.5,74.6388,1.527,2.1852,0.3869,0,Non-SST
2639.0,72.2735,1.5344,2.1765,0.3954,0,Non-SST
2639.5,75.9869,1.5166,2.1649,0.4091,0,Non-SST
2640.0,78.6307,1.5099,2.1643,0.4113,0,Non-SST
2640.5,83.4256,1.4391,2.1485,0.3833,0,Non-SST
2641.0,83.0542,1.3873,2.1476,0.3682,0,Non-SST
2641.5,81.9892,1.4044,2.1628,0.3559,0,Non-SST
2642.0,75.8518,1.3622,2.1753,0.38,0,Non-SST
2642.5,71.1253,1.3067,2.1733,0.3786,0,Non-SST
2643.0,67.9297,1.3883,2.1371,0.3599,0,Non-SST
2643.5,67.3223,1.3815,2.109,0.3505,0,Non-SST
2644.0,69.347,1.4165,2.0848,0.3748,0,Non-SST
2644.5,69.0433,1.4857,2.0724,0.3907,0,Non-SST
2645.0,68.1321,1.4632,2.0816,0.3918,0,Non-SST
2645.5,66.3605,1.467,2.095,0.366,0,Non-SST
2646.0,67.7272,1.4783,2.1139,0.3862,0,Non-SST
2646.5,72.5865,1.391,2.1041,0.3998,0,Non-SST
2647.0,79.5213,1.3017,2.0972,0.4253,0,Non-SST
2647.5,84.4312,1.2732,2.0565,0.408,0,Non-SST
2648.0,85.4436,1.1914,1.9996,0.4456,0,Non-SST
2648.5,86.7597,1.1882,1.976,0.4913,0,Non-SST
2649.0,86.051,1.193,1.9896,0.5268,0,Non-SST
2649.5,85.2411,1.2037,2.0744,0.4851,0,Non-SST
2650.0,78.3064,1.4489,2.1211,0.4055,0,Non-SST
2650.5,75.1175,1.5925,2.1414,0.3692,0,Non-SST
2651.0,71.3717,1.6202,2.1333,0.3553,0,Non-SST
2651.5,72.2322,1.5827,2.1525,0.3587,0,Non-SST
2652.0,71.0174,1.5316,2.1656,0.3635,0,Non-SST
2652.5,71.8779,1.4981,2.1803,0.3766,0,Non-SST
2653.0,71.5742,1.4623,2.1906,0.3822,0,Non-SST
2653.5,73.852,1.4577,2.193,0.3665,0,Non-SST
2654.0,74.3076,1.4689,2.1816,0.3568,0,Non-SST
2654.5,73.4977,1.4585,2.1187,0.3582,0,Non-SST
2655.0,71.8273,1.4511,2.0453,0.3576,5,WTR
2655.5,67.221,1.3874,2.0007,0.3798,0,Non-SST
2656.0,58.6159,1.2301,1.9871,0.392,0,Non-SST
2656.5,50.922,1.1682,1.9848,0.4106,5,WTR
2657.0,45.2527,1.0346,1.9737,0.4065,5,WTR
2657.5,43.1774,1.0016,1.9573,0.4098,5,WTR
2658.0,40.8995,1.0052,1.9369,0.4077,5,WTR
2658.5,41.5829,1.0085,1.9292,0.4174,5,WTR
2659.0,42.7471,1.0125,1.9201,0.4018,5,WTR
2659.5,40.115,1.022,1.9411,0.4191,5,WTR
2660.0,39.381,1.0296,1.9214,0.4144,5,WTR
2660.5,38.2621,1.0485,1.9366,0.354,5,WTR
2661.0,40.3875,1.056,1.9489,0.3826,5,WTR
2661.5,35.2974,1.0128,1.9276,0.4419,5,WTR
2662.0,29.8324,0.9929,1.8818,0.436,5,WTR
2662.5,23.761,0.9467,1.8346,0.4316,5,WTR
2663.0,20.9535,0.9016,1.8137,0.3772,5,WTR
2663.5,24.7498,0.8863,1.8158,0.4256,5,WTR
2664.0,26.4215,0.8551,1.8223,0.4228,5,WTR
2664.5,29.7623,0.8396,1.8408,0.4296,5,WTR
2665.0,33.1031,0.8818,1.8819,0.3935,5,WTR
2665.5,37.5069,0.9498,1.9227,0.3834,5,WTR
2666.0,41.0008,0.9305,1.9544,0.4278,5,WTR
2666.5,42.1397,0.9896,1.9574,0.425,5,WTR
2667.0,45.9361,0.9478,1.9884,0.4343,5,WTR
2667.5,56.4871,0.9847,2.0403,0.4099,0,Non-SST
2668.0,67.041,1.1102,2.1345,0.4331,0,Non-SST
2668.5,75.6967,1.2975,2.1876,0.4531,0,Non-SST
2669.0,76.7626,1.3614,2.1932,0.4864,0,Non-SST
2669.5,76.7626,1.3299,2.1985,0.4783,0,Non-SST
2670.0,76.0792,1.3261,2.2246,0.4368,0,Non-SST
2670.5,78.433,1.2882,2.2719,0.4038,0,Non-SST
2671.0,79.1131,1.2771,2.2897,0.4115,0,Non-SST
2671.5,77.0631,1.2935,2.2945,0.4284,0,Non-SST
2672.0,72.8111,1.339,2.3046,0.4243,0,Non-SST
2672.5,71.9791,1.3908,2.307,0.3943,0,Non-SST
2673.0,72.7384,1.4508,2.3135,0.3743,0,Non-SST
2673.5,74.5607,1.4326,2.2884,0.3695,0,Non-SST
2674.0,77.4389,1.4326,2.2841,0.3941,0,Non-SST
2674.5,82.0705,1.4036,2.2677,0.4215,0,Non-SST
2675.0,85.1076,1.3947,2.2575,0.4538,0,Non-SST
2675.5,85.6461,1.3664,2.2396,0.4352,0,Non-SST
2676.0,87.6881,1.3519,2.2243,0.4088,0,Non-SST
2676.5,85.4862,1.3463,2.2274,0.3781,0,Non-SST
2677.0,83.7399,1.3855,2.2241,0.3777,0,Non-SST
2677.5,79.4959,1.414,2.2376,0.3722,0,Non-SST
2678.0,79.6478,1.4237,2.2398,0.3962,0,Non-SST
2678.5,76.9144,1.4321,2.2578,0.4173,0,Non-SST
2679.0,74.2539,1.4795,2.2735,0.4165,0,Non-SST
2679.5,73.5705,1.5919,2.278,0.3608,0,Non-SST
2680.0,70.9131,1.8591,2.2973,0.3284,0,Non-SST
2680.5,65.5253,2.2861,2.29,0.3308,0,Non-SST
2681.0,61.6503,2.5009,2.3057,0.3341,0,Non-SST
2681.5,67.193,2.0885,2.2964,0.3334,0,Non-SST
2682.0,71.6727,1.7966,2.3055,0.3262,0,Non-SST
2682.5,75.8514,1.7273,2.3057,0.3542,0,Non-SST
2683.0,73.4218,1.6684,2.3005,0.3535,0,Non-SST
2683.5,74.4817,1.6193,2.2868,0.3574,0,Non-SST
2684.0,73.5706,1.5927,2.2701,0.352,0,Non-SST
2684.5,71.29,1.6048,2.2622,0.3352,0,Non-SST
2685.0,69.6985,1.5453,2.2505,0.3708,0,Non-SST
2685.5,67.8763,1.493,2.2483,0.3826,0,Non-SST
2686.0,76.9903,1.4117,2.2413,0.4204,0,Non-SST
2686.5,81.3182,1.3763,2.2393,0.4066,0,Non-SST
2687.0,84.659,1.4312,2.2321,0.3871,0,Non-SST
2687.5,79.5686,1.5228,2.2365,0.374,0,Non-SST
2688.0,78.4229,1.603,2.2285,0.3677,0,Non-SST
2688.5,75.4587,1.618,2.2299,0.3791,0,Non-SST
2689.0,74.7787,1.575,2.1965,0.4094,0,Non-SST
2689.5,77.0559,1.5398,2.1662,0.4446,0,Non-SST
2690.0,82.1425,1.5266,2.1198,0.4476,0,Non-SST
2690.5,85.6352,1.4849,2.0712,0.4252,0,Non-SST
2691.0,88.8273,1.4427,2.0357,0.4403,0,Non-SST
2691.5,89.7344,1.4211,2.0128,0.4153,0,Non-SST
2692.0,90.7136,1.3852,2.0075,0.4466,0,Non-SST
2692.5,92.5399,1.3514,1.9644,0.4054,0,Non-SST
2693.0,92.5477,1.2532,1.9178,0.4572,0,Non-SST
2693.5,87.772,1.2458,1.9308,0.4327,0,Non-SST
2694.0,82.3812,1.3515,2.0158,0.4125,0,Non-SST
2694.5,86.1776,1.3657,2.1447,0.3932,0,Non-SST
2695.0,90.5054,1.3682,2.2198,0.3784,0,Non-SST
2695.5,94.3777,1.3257,2.2408,0.3948,0,Non-SST
2696.0,94.5296,1.2764,2.2633,0.3797,0,Non-SST
2696.5,102.6538,1.2452,2.2581,0.3882,0,Non-SST
2697.0,106.9057,1.2415,2.2267,0.4178,0,Non-SST
2697.5,112.3725,1.1791,2.1739,0.4717,0,Non-SST
2698.0,117.3837,1.0556,2.1182,0.4722,0,Non-SST
2698.5,123.6097,1.0061,2.0982,0.5025,0,Non-SST
2699.0,126.7987,0.9711,2.0755,0.5175,0,Non-SST
2699.5,119.3578,0.9263,2.0792,0.5643,0,Non-SST
2700.0,109.1835,0.9388,2.0709,0.5911,0,Non-SST
2700.5,99.6167,1.0333,2.0734,0.5764,0,Non-SST
2701.0,93.3907,1.0746,2.0758,0.5496,0,Non-SST
2701.5,89.898,1.0863,2.0667,0.4738,0,Non-SST
2702.0,86.5499,1.0678,2.0529,0.422,0,Non-SST
2702.5,88.6758,1.0534,2.0335,0.4201,0,Non-SST
2703.0,97.3316,1.0335,2.0261,0.5015,0,Non-SST
2703.5,99.0093,1.0302,2.0302,0.5203,0,Non-SST
2704.0,99.1611,1.015,2.0364,0.5171,0,Non-SST
2704.5,98.0982,1.0133,2.037,0.4583,0,Non-SST
2705.0,103.7168,0.929,2.0221,0.5185,0,Non-SST
2705.5,106.602,0.8593,2.0077,0.5368,0,Non-SST
2706.0,110.7021,0.8212,2.0075,0.5799,0,Non-SST
2706.5,110.9248,0.808,2.0087,0.5343,0,Non-SST
2707.0,116.1638,0.7693,2.0008,0.5395,0,Non-SST
2707.5,118.4416,0.749,1.9733,0.5163,0,Non-SST
2708.0,121.5597,0.7313,1.9599,0.497,0,Non-SST
2708.5,122.6986,0.6944,1.9512,0.503,0,Non-SST
2709.0,121.6356,0.6752,1.9499,0.472,0,Non-SST
2709.5,123.7616,0.7062,1.9359,0.492,0,Non-SST
2710.0,125.0524,0.6653,1.9411,0.4866,0,Non-SST
2710.5,121.4079,0.6362,1.9462,0.4803,0,Non-SST
2711.0,111.0058,0.8111,1.9713,0.4508,0,Non-SST
2711.5,100.5959,0.8922,1.9696,0.4421,0,Non-SST
2712.0,89.6624,0.8471,1.9473,0.4686,0,Non-SST
2712.5,79.2603,0.8493,1.9136,0.4673,0,Non-SST
2713.0,66.2846,0.9217,1.8872,0.4425,0,Non-SST
2713.5,55.0473,0.9815,1.8577,0.426,5,WTR
2714.0,47.9102,1.0038,1.8585,0.4267,5,WTR
2714.5,43.5823,0.9796,1.859,0.4452,5,WTR
2715.0,40.9249,0.958,1.8808,0.4545,5,WTR
2715.5,41.5323,0.9672,1.8719,0.4585,5,WTR
2716.0,41.9878,1.0321,1.8608,0.4208,5,WTR
2716.5,43.123,1.0194,1.8379,0.3812,5,WTR
2717.0,42.8952,1.0213,1.8375,0.3809,5,WTR
2717.5,45.173,1.0284,1.845,0.4044,5,WTR
2718.0,51.0991,0.9246,1.8581,0.4011,5,WTR
2718.5,62.2604,0.79,1.8801,0.4264,0,Non-SST
2719.0,67.8791,0.7268,1.9059,0.4212,0,Non-SST
2719.5,74.8574,0.7365,1.9763,0.4467,0,Non-SST
2720.0,75.237,0.7676,1.9853,0.4533,0,Non-SST
2720.5,78.8747,0.8194,1.966,0.44,0,Non-SST
2721.0,77.515,0.8913,1.9778,0.4295,0,Non-SST
2721.5,74.8545,0.92,1.9853,0.4224,0,Non-SST
2722.0,73.1909,0.8738,1.9963,0.4551,0,Non-SST
2722.5,74.0988,0.8268,1.9783,0.4531,0,Non-SST
2723.0,79.8723,0.8035,1.9808,0.4312,0,Non-SST
2723.5,79.9449,0.7902,1.9811,0.407,0,Non-SST
2724.0,80.2518,0.7824,1.9956,0.4171,0,Non-SST
2724.5,78.3465,0.6917,2.0221,0.4256,0,Non-SST
2725.0,82.8221,0.6238,2.0286,0.4233,0,Non-SST
2725.5,84.1129,0.5124,2.0259,0.411,0,Non-SST
2726.0,82.5188,0.478,2.033,0.4188,0,Non-SST
2726.5,83.8851,0.4511,2.0382,0.4703,0,Non-SST
2727.0,87.7492,0.4995,2.024,0.4829,0,Non-SST
2727.5,90.6411,0.6251,2.0389,0.4825,0,Non-SST
2728.0,91.8557,0.7675,2.0418,0.4465,0,Non-SST
2728.5,88.9027,0.8956,2.0473,0.4557,0,Non-SST
2729.0,85.1789,0.9663,2.0836,0.4346,0,Non-SST
2729.5,76.5314,1.3112,2.1127,0.4344,0,Non-SST
2730.0,72.0517,1.5688,2.1468,0.4024,0,Non-SST
2730.5,71.2199,1.5704,2.1721,0.3929,0,Non-SST
2731.0,74.257,1.4556,2.2128,0.3752,0,Non-SST
2731.5,71.8243,1.4388,2.2431,0.3625,0,Non-SST
2732.0,72.128,1.5713,2.2721,0.3593,0,Non-SST
2732.5,71.141,1.6042,2.2878,0.3575,0,Non-SST
2733.0,71.2564,1.695,2.2963,0.357,0,Non-SST
2733.5,68.2194,1.8658,2.3121,0.3526,0,Non-SST
2734.0,62.6767,1.9742,2.3199,0.3369,0,Non-SST
2734.5,60.8178,2.0166,2.3144,0.3322,0,Non-SST
2735.0,57.477,2.0116,2.3063,0.325,0,Non-SST
2735.5,58.0145,2.0543,2.3049,0.3311,0,Non-SST
2736.0,56.7724,2.091,2.309,0.3373,0,Non-SST
2736.5,57.075,2.1116,2.2981,0.3359,0,Non-SST
2737.0,55.3607,2.1324,2.2856,0.3344,0,Non-SST
2737.5,55.5778,2.1156,2.2756,0.3333,0,Non-SST
2738.0,56.9455,2.0792,2.285,0.3285,0,Non-SST
2738.5,60.2471,2.0491,2.2968,0.3195,0,Non-SST
2739.0,63.207,2.0088,2.3071,0.3234,0,Non-SST
2739.5,65.1374,1.9879,2.3057,0.3319,0,Non-SST
2740.0,66.3535,1.9679,2.3088,0.3557,0,Non-SST
2740.5,66.4181,1.9737,2.3144,0.3558,0,Non-SST
2741.0,68.246,1.9503,2.3255,0.3635,0,Non-SST
2741.5,68.1687,1.9254,2.3201,0.3588,0,Non-SST
2742.0,68.066,1.9066,2.3162,0.3514,0,Non-SST
2742.5,65.32,1.8956,2.3055,0.3426,0,Non-SST
2743.0,63.422,1.8689,2.2998,0.3324,0,Non-SST
2743.5,64.2206,1.838,2.2929,0.3371,5,WTR
2744.0,68.3696,1.8523,2.2992,0.3431,5,WTR
2744.5,69.5841,1.8893,2.3123,0.3506,5,WTR
2745.0,71.0995,1.8881,2.3238,0.3466,5,WTR
2745.5,72.0107,1.8504,2.3261,0.339,5,WTR
2746.0,76.6043,1.7788,2.3318,0.3508,5,WTR
2746.5,77.7464,1.7074,2.3314,0.3665,0,Non-SST
2747.0,78.9122,1.6953,2.3348,0.3863,0,Non-SST
2747.5,76.7879,1.72,2.3325,0.3727,0,Non-SST
2748.0,75.573,1.7432,2.3342,0.3606,5,WTR
2748.5,74.219,1.7552,2.3275,0.3588,5,WTR
2749.0,76.345,1.7077,2.3166,0.3744,0,Non-SST
2749.5,77.3953,1.6154,2.3125,0.3815,0,Non-SST
2750.0,79.4833,1.5932,2.3113,0.3862,0,Non-SST
2750.5,78.0374,1.6276,2.3055,0.3954,0,Non-SST
2751.0,77.6289,1.7009,2.2965,0.4093,0,Non-SST
2751.5,75.7307,1.7408,2.2751,0.3835,0,Non-SST
2752.0,76.1103,1.7495,2.2609,0.3702,5,WTR
2752.5,77.6306,1.7227,2.2372,0.3525,0,Non-SST
2753.0,75.5789,1.673,2.2321,0.3566,5,WTR
2753.5,72.1641,1.6849,2.2438,0.3417,5,WTR
2754.0,70.8475,1.948,2.2452,0.342,0,Non-SST
2754.5,78.0221,1.7155,2.2456,0.3675,0,Non-SST
2755.0,92.217,1.5048,2.2378,0.4064,0,Non-SST
2755.5,104.5782,1.3935,2.2367,0.4325,0,Non-SST
2756.0,111.5498,1.2009,2.227,0.445,0,Non-SST
2756.5,111.2131,1.0825,2.2214,0.4465,0,Non-SST
2757.0,104.1945,1.1928,2.2321,0.4682,0,Non-SST
2757.5,92.5536,1.3324,2.2521,0.4583,0,Non-SST
2758.0,83.9463,1.3442,2.2732,0.454,0,Non-SST
2758.5,82.9195,1.3414,2.2859,0.4246,0,Non-SST
2759.0,85.1956,1.2688,2.2951,0.441,0,Non-SST
2759.5,85.3734,1.261,2.2995,0.4421,0,Non-SST
2760.0,82.1862,1.3469,2.3046,0.4451,0,Non-SST
2760.5,80.8208,1.3558,2.3092,0.4428,0,Non-SST
2761.0,81.5039,1.3616,2.3028,0.4443,0,Non-SST
2761.5,83.1327,1.2787,2.2933,0.4449,0,Non-SST
2762.0,83.6285,1.2309,2.2899,0.4575,0,Non-SST
2762.5,85.0477,1.2223,2.2879,0.4591,0,Non-SST
2763.0,83.1531,1.2451,2.2965,0.4633,0,Non-SST
2763.5,84.0263,1.3282,2.2826,0.4472,0,Non-SST
2764.0,81.6978,1.4594,2.2765,0.4451,0,Non-SST
2764.5,82.8114,1.3852,2.2643,0.4295,0,Non-SST
2765.0,82.6576,1.3632,2.27,0.4325,0,Non-SST
2765.5,83.679,1.3333,2.2694,0.4424,0,Non-SST
2766.0,86.7754,1.3026,2.2676,0.4521,0,Non-SST
2766.5,85.5608,1.3105,2.2597,0.4456,0,Non-SST
2767.0,86.5613,1.3291,2.26,0.4377,0,Non-SST
2767.5,86.1477,1.3009,2.2484,0.4607,0,Non-SST
2768.0,91.4644,1.2663,2.2196,0.5002,0,Non-SST
2768.5,95.5166,1.214,2.1795,0.5233,0,Non-SST
2769.0,103.5649,1.1631,2.148,0.5257,0,Non-SST
2769.5,109.1783,1.1258,2.1398,0.5276,0,Non-SST
2770.0,111.9093,1.0813,2.1452,0.5211,0,Non-SST
2770.5,110.6138,1.0252,2.1507,0.5458,0,Non-SST
2771.0,113.8026,1.0075,2.1389,0.5845,0,Non-SST
2771.5,120.2768,1.0479,2.0866,0.6152,0,Non-SST
2772.0,124.4169,1.134,2.0071,0.6266,0,Non-SST
2772.5,121.9926,1.2493,1.9175,0.6045,0,Non-SST
2773.0,114.192,1.3497,1.8664,0.6159,0,Non-SST
2773.5,102.1603,1.519,1.8515,0.6349,0,Non-SST
2774.0,92.3656,1.4438,1.8725,0.6179,0,Non-SST
2774.5,87.061,1.3535,1.9185,0.5794,0,Non-SST
2775.0,90.1342,1.1736,2.0101,0.53,0,Non-SST
2775.5,94.2722,1.0181,2.1402,0.5025,0,Non-SST
2776.0,102.538,1.0336,2.2432,0.4805,0,Non-SST
2776.5,118.5572,1.2478,2.2674,0.4882,0,Non-SST
2777.0,142.3947,1.2848,2.242,0.5394,0,Non-SST
2777.5,157.9941,1.2718,2.1531,0.5912,0,Non-SST
2778.0,150.3997,1.4281,2.0377,0.6363,0,Non-SST
2778.5,128.5205,1.4005,1.9384,0.6232,0,Non-SST
2779.0,107.9099,1.2459,1.8975,0.6201,0,Non-SST
2779.5,99.563,1.0926,1.9152,0.5686,0,Non-SST
2780.0,93.4286,1.1241,1.9847,0.5411,0,Non-SST
2780.5,87.6939,1.242,2.0803,0.4954,0,Non-SST
2781.0,85.0345,1.3274,2.1758,0.4604,0,Non-SST
2781.5,79.9473,1.3324,2.2468,0.4072,0,Non-SST
2782.0,77.0643,1.293,2.3068,0.3646,0,Non-SST
2782.5,72.7005,1.3712,2.3399,0.3339,0,Non-SST
2783.0,73.3394,1.4518,2.3587,0.3303,0,Non-SST
2783.5,74.8184,1.5909,2.3541,0.3322,0,Non-SST
2784.0,74.5891,1.6997,2.3349,0.3371,0,Non-SST
2784.5,75.0496,1.7559,2.3081,0.3394,5,WTR
2785.0,74.4796,1.7474,2.2815,0.3586,5,WTR
2785.5,75.1645,1.7264,2.27,0.3845,0,Non-SST
2786.0,74.5205,1.7251,2.2567,0.4052,0,Non-SST
2786.5,76.6848,1.7128,2.2442,0.4047,0,Non-SST
2787.0,77.0265,1.6993,2.227,0.4047,0,Non-SST
2787.5,81.2657,1.6832,2.2046,0.3965,0,Non-SST
2788.0,79.8596,1.6234,2.1895,0.4,0,Non-SST
2788.5,79.8926,1.5601,2.1725,0.4106,0,Non-SST
2789.0,73.869,1.6256,2.1776,0.4026,0,Non-SST
2789.5,70.6328,1.6348,2.1855,0.3983,0,Non-SST
2790.0,66.5756,1.6245,2.198,0.3741,0,Non-SST
2790.5,66.0808,1.6252,2.1976,0.3798,0,Non-SST
2791.0,67.9916,1.6044,2.2005,0.3717,0,Non-SST
2791.5,69.8518,1.5703,2.2064,0.3741,0,Non-SST
2792.0,71.764,1.5579,2.2172,0.3798,0,Non-SST
2792.5,73.5087,1.5083,2.2195,0.3961,0,Non-SST
2793.0,74.9513,1.5512,2.2179,0.4172,0,Non-SST
2793.5,76.4951,1.6578,2.2045,0.4254,0,Non-SST
2794.0,73.4977,1.6988,2.1789,0.4336,0,Non-SST
2794.5,72.9134,1.7251,2.1689,0.421,0,Non-SST
2795.0,71.3932,1.7101,2.1769,0.3977,0,Non-SST
2795.5,73.0619,1.6916,2.1862,0.3585,0,Non-SST
2796.0,72.5832,1.6794,2.2193,0.3418,0,Non-SST
2796.5,75.4448,1.6842,2.2516,0.3507,5,WTR
2797.0,71.9538,1.6418,2.2789,0.3704,5,WTR
2797.5,69.7884,1.5495,2.2579,0.3764,0,Non-SST
2798.0,62.7145,1.4274,2.2367,0.3755,0,Non-SST
2798.5,58.8802,1.3432,2.2094,0.3724,0,Non-SST
2799.0,56.0597,1.2453,2.1932,0.3642,0,Non-SST
2799.5,54.7677,1.1576,2.1852,0.3664,0,Non-SST
2800.0,55.374,1.179,2.1803,0.3591,0,Non-SST
2800.5,54.9665,1.1628,2.1883,0.3781,0,Non-SST
2801.0,56.3454,1.129,2.1886,0.3751,0,Non-SST
2801.5,54.1827,1.1466,2.1797,0.3853,0,Non-SST
2802.0,51.4518,1.0241,2.1628,0.3737,0,Non-SST
2802.5,45.3286,0.9643,2.1366,0.3905,0,Non-SST
2803.0,41.6841,0.9331,2.1178,0.4016,5,WTR
2803.5,38.9507,0.8937,2.1055,0.4127,5,WTR
2804.0,36.7868,0.9142,2.1065,0.3978,5,WTR
2804.5,32.9145,0.9153,2.1079,0.385,5,WTR
2805.0,26.9163,0.8783,2.1014,0.3729,0,Non-SST
2805.5,21.7904,0.8566,2.0954,0.366,0,Non-SST
2806.0,19.702,0.8334,2.0842,0.3655,0,Non-SST
2806.5,19.6256,0.8212,2.0758,0.3544,0,Non-SST
2807.0,19.7012,0.8327,2.0683,0.3587,0,Non-SST
2807.5,23.3833,0.8029,2.0756,0.3484,0,Non-SST
2808.0,24.6999,0.8747,2.0863,0.3521,0,Non-SST
2808.5,24.549,0.9283,2.0923,0.3531,0,Non-SST
2809.0,22.0442,0.8389,2.0861,0.3547,0,Non-SST
2809.5,22.2847,0.8501,2.0797,0.3647,0,Non-SST
2810.0,24.5878,0.8706,2.0772,0.3671,0,Non-SST
2810.5,27.8527,0.851,2.0789,0.3833,0,Non-SST
2811.0,33.8889,0.8369,2.0521,0.4432,5,WTR
2811.5,46.3916,0.9857,1.8853,0.5573,5,WTR
2812.0,51.7041,1.5067,1.6531,0.6842,5,WTR
2812.5,53.8791,2.089,1.4884,0.7214,5,WTR
2813.0,53.3462,2.1681,1.4831,0.7373,5,WTR
2813.5,62.9155,1.846,1.5824,0.6724,5,WTR
2814.0,77.1408,1.4776,1.7796,0.6575,0,Non-SST
2814.5,87.443,1.2786,1.9508,0.5713,0,Non-SST
2815.0,95.0358,1.1724,2.0646,0.5546,0,Non-SST
2815.5,95.6052,1.1306,2.1661,0.5225,0,Non-SST
2816.0,95.4407,1.1186,2.2327,0.5279,0,Non-SST
2816.5,92.6314,1.1586,2.264,0.5128,0,Non-SST
2817.0,91.5304,1.0272,2.2704,0.4861,0,Non-SST
2817.5,92.777,0.9388,2.2711,0.4784,0,Non-SST
2818.0,91.748,0.9811,2.2699,0.4763,0,Non-SST
2818.5,90.3053,0.9778,2.2629,0.4837,0,Non-SST
2819.0,89.5503,1.038,2.2635,0.4757,0,Non-SST
2819.5,93.4266,1.01,2.2681,0.4699,0,Non-SST
2820.0,94.1479,1.1644,2.269,0.4519,0,Non-SST
2820.5,92.353,1.1987,2.2771,0.4295,0,Non-SST
2821.0,90.7585,1.223,2.2792,0.426,0,Non-SST
2821.5,92.7305,1.2302,2.2637,0.4553,0,Non-SST
2822.0,94.1478,1.1842,2.2356,0.5092,0,Non-SST
2822.5,92.1318,1.1617,2.2066,0.5171,0,Non-SST
2823.0,89.9422,1.121,2.2125,0.5174,0,Non-SST
2823.5,88.5736,1.1052,2.2263,0.4925,0,Non-SST
2824.0,89.9802,1.0597,2.2447,0.4926,0,Non-SST
2824.5,90.4636,1.102,2.253,0.4726,0,Non-SST
2825.0,92.5379,1.1159,2.2485,0.4685,0,Non-SST
2825.5,89.6167,1.0445,2.2498,0.4729,0,Non-SST
2826.0,89.4648,1.0543,2.2464,0.4779,0,Non-SST
2826.5,86.1016,1.0832,2.2518,0.477,0,Non-SST
2827.0,85.8342,1.2016,2.2618,0.4759,0,Non-SST
2827.5,79.6841,1.2489,2.2253,0.5407,0,Non-SST
2828.0,65.8641,1.3573,2.0185,0.7061,0,Non-SST
2828.5,45.5294,1.7513,1.6703,0.855,5,WTR
2829.0,29.0532,2.5748,1.4363,0.9288,0,Non-SST
2829.5,23.4737,2.9537,1.3129,0.8872,0,Non-SST
2830.0,27.6802,3.0772,1.2999,0.829,0,Non-SST
2830.5,36.7523,3.0641,1.4052,0.7096,5,WTR
2831.0,50.3798,2.3396,1.6129,0.5744,5,WTR
2831.5,66.4321,1.3286,1.948,0.464,0,Non-SST
2832.0,78.339,1.157,2.199,0.4576,0,Non-SST
2832.5,83.8813,1.1172,2.2902,0.4607,0,Non-SST
2833.0,82.0227,1.1831,2.3092,0.4514,0,Non-SST
2833.5,77.5579,1.397,2.3235,0.4308,0,Non-SST
2834.0,75.8388,1.4996,2.3229,0.4081,0,Non-SST
2834.5,76.4824,1.4694,2.3238,0.4095,0,Non-SST
2835.0,78.5704,1.4342,2.3144,0.4084,0,Non-SST
2835.5,80.3653,1.4063,2.3118,0.423,0,Non-SST
2836.0,82.8854,1.3265,2.301,0.4541,0,Non-SST
2836.5,87.247,1.1986,2.2898,0.472,0,Non-SST
2837.0,89.4108,1.1335,2.2904,0.4802,0,Non-SST
2837.5,88.1416,1.1262,2.2897,0.4491,0,Non-SST
2838.0,85.8661,1.1446,2.2929,0.4149,0,Non-SST
2838.5,84.2865,1.1647,2.2874,0.4022,0,Non-SST
2839.0,84.8976,1.199,2.2829,0.4012,0,Non-SST
2839.5,85.7328,1.1746,2.2791,0.4219,0,Non-SST
2840.0,83.0988,1.2198,2.2842,0.4262,0,Non-SST
2840.5,84.1618,1.2728,2.2954,0.4456,0,Non-SST
2841.0,84.1239,1.2622,2.3054,0.4619,0,Non-SST
2841.5,83.6669,1.296,2.303,0.4723,0,Non-SST
2842.0,80.1724,1.346,2.3017,0.4633,0,Non-SST
2842.5,79.601,1.3646,2.2967,0.437,0,Non-SST
2843.0,80.5154,1.3793,2.2931,0.4283,0,Non-SST
2843.5,82.9832,1.3578,2.2859,0.421,0,Non-SST
2844.0,80.861,1.3253,2.2877,0.4202,0,Non-SST
2844.5,80.3295,1.3211,2.2915,0.3999,0,Non-SST
2845.0,80.3691,1.3706,2.3052,0.396,0,Non-SST
2845.5,81.9509,1.4027,2.3129,0.4105,0,Non-SST
2846.0,83.3936,1.3675,2.3142,0.4295,0,Non-SST
2846.5,84.6822,1.2656,2.3047,0.4458,0,Non-SST
2847.0,85.606,1.2263,2.3013,0.4383,0,Non-SST
2847.5,85.5023,1.1951,2.2971,0.4618,0,Non-SST
2848.0,80.6811,1.3155,2.3004,0.4546,0,Non-SST
2848.5,77.9079,1.4132,2.3024,0.4501,0,Non-SST
2849.0,77.3626,1.4339,2.3144,0.4202,0,Non-SST
2849.5,81.4647,1.4551,2.3218,0.4082,0,Non-SST
2850.0,82.5547,1.409,2.3217,0.3995,0,Non-SST
2850.5,85.2917,1.3568,2.3156,0.4043,0,Non-SST
2851.0,83.8112,1.3428,2.3019,0.405,0,Non-SST
2851.5,88.3015,1.3491,2.292,0.4029,0,Non-SST
2852.0,90.7312,1.3141,2.28,0.3887,0,Non-SST
2852.5,100.6741,1.2383,2.2688,0.3862,0,Non-SST
2853.0,105.6447,1.1399,2.2644,0.3793,0,Non-SST
2853.5,102.7194,1.2647,2.2787,0.3706,0,Non-SST
2854.0,91.2164,1.4433,2.2995,0.3626,0,Non-SST
2854.5,82.7148,1.5308,2.3154,0.3663,0,Non-SST
2855.0,79.6418,1.5813,2.3092,0.3803,0,Non-SST
2855.5,78.6947,1.6018,2.3037,0.3813,0,Non-SST
2856.0,75.5461,1.6159,2.3056,0.3737,0,Non-SST
2856.5,75.2045,1.6202,2.3106,0.3672,0,Non-SST
2857.0,76.2675,1.6028,2.3062,0.3676,0,Non-SST
2857.5,78.3176,1.5978,2.3075,0.3864,0,Non-SST
2858.0,78.126,1.5866,2.3102,0.374,0,Non-SST
2858.5,76.1519,1.5627,2.3158,0.382,0,Non-SST
2859.0,71.8854,1.6537,2.3103,0.3629,0,Non-SST
2859.5,70.2137,1.7275,2.2984,0.3519,0,Non-SST
2860.0,68.923,1.7145,2.2945,0.3419,5,WTR
2860.5,69.2033,1.6971,2.2894,0.3374,0,Non-SST
2861.0,66.8146,1.6702,2.2896,0.3347,0,Non-SST
2861.5,67.9915,1.6143,2.2862,0.3226,0,Non-SST
2862.0,68.0674,1.683,2.2929,0.3243,0,Non-SST
2862.5,71.7499,1.6885,2.2996,0.3482,5,WTR
2863.0,75.1301,1.6245,2.3137,0.3544,0,Non-SST
2863.5,79.076,1.5754,2.3156,0.3734,0,Non-SST
2864.0,80.1751,1.5891,2.3224,0.37,0,Non-SST
2864.5,79.6419,1.6005,2.3186,0.3831,0,Non-SST
2865.0,79.8668,1.5552,2.3222,0.3999,0,Non-SST
2865.5,82.7899,1.5025,2.3213,0.4101,0,Non-SST
2866.0,82.0323,1.4538,2.3177,0.4298,0,Non-SST
2866.5,83.1005,1.4218,2.3024,0.4398,0,Non-SST
2867.0,81.3562,1.4163,2.2968,0.4448,0,Non-SST
2867.5,81.7719,1.4303,2.3041,0.4268,0,Non-SST
2868.0,81.5948,1.4961,2.3041,0.4043,0,Non-SST
2868.5,81.329,1.6494,2.3091,0.4189,0,Non-SST
2869.0,82.3179,1.6603,2.3203,0.4164,0,Non-SST
2869.5,80.5969,1.6992,2.3253,0.4192,0,Non-SST
2870.0,81.9357,1.6824,2.3256,0.4089,0,Non-SST
2870.5,80.1497,1.6691,2.3042,0.4186,0,Non-SST
2871.0,80.866,1.6302,2.3037,0.4324,0,Non-SST
2871.5,80.8541,1.5927,2.2981,0.4277,0,Non-SST
2872.0,84.043,1.5499,2.2992,0.4364,0,Non-SST
2872.5,86.7181,1.5098,2.3049,0.4282,0,Non-SST
2873.0,86.53,1.4946,2.3042,0.4423,0,Non-SST
2873.5,87.0634,1.4448,2.3042,0.4356,0,Non-SST
2874.0,88.1137,1.4057,2.3076,0.4438,0,Non-SST
2874.5,90.0851,1.4767,2.3123,0.4438,0,Non-SST
2875.0,89.0963,1.4506,2.3124,0.4426,0,Non-SST
2875.5,88.9444,1.4461,2.3103,0.4565,0,Non-SST
2876.0,90.881,1.3894,2.2953,0.4653,0,Non-SST
2876.5,92.3994,1.3391,2.2553,0.5151,0,Non-SST
2877.0,93.371,1.4035,2.1631,0.5361,0,Non-SST
2877.5,92.0446,1.4318,2.0705,0.5457,0,Non-SST
2878.0,88.6261,1.4417,2.0437,0.5022,0,Non-SST
2878.5,84.2378,1.506,2.1128,0.4528,0,Non-SST
2879.0,79.3784,1.3405,2.2383,0.4009,0,Non-SST
2879.5,80.483,1.2893,2.3465,0.3816,0,Non-SST
2880.0,79.798,1.303,2.364,0.3524,0,Non-SST
2880.5,79.9859,1.3854,2.366,0.3629,0,Non-SST
2881.0,78.9609,1.4613,2.3498,0.3635,0,Non-SST
2881.5,80.4431,1.471,2.3392,0.3933,0,Non-SST
2882.0,80.7108,1.3885,2.3287,0.3674,0,Non-SST
2882.5,81.9238,1.3861,2.3245,0.3672,0,Non-SST
2883.0,80.0997,1.4861,2.3242,0.3579,0,Non-SST
2883.5,79.4375,1.5933,2.3255,0.3585,0,Non-SST
2884.0,73.3272,1.6941,2.3394,0.3458,0,Non-SST
2884.5,68.014,1.7749,2.3474,0.3173,0,Non-SST
2885.0,62.8679,1.8353,2.3583,0.3132,0,Non-SST
2885.5,61.653,1.821,2.3558,0.3111,0,Non-SST
2886.0,62.1592,1.8199,2.3535,0.319,0,Non-SST
2886.5,62.9564,1.8095,2.3494,0.3324,0,Non-SST
2887.0,63.3713,1.7965,2.3429,0.3322,0,Non-SST
2887.5,63.0929,1.7902,2.3414,0.3233,0,Non-SST
2888.0,63.5092,1.7574,2.3428,0.3301,0,Non-SST
2888.5,65.4336,1.7457,2.3431,0.3459,0,Non-SST
2889.0,68.6195,1.6601,2.3337,0.3677,0,Non-SST
2889.5,73.7839,1.5807,2.3236,0.3707,0,Non-SST
2890.0,77.2134,1.5347,2.317,0.3725,0,Non-SST
2890.5,78.3919,1.5189,2.3298,0.3724,0,Non-SST
2891.0,75.6945,1.5473,2.348,0.3574,0,Non-SST
2891.5,71.672,1.6246,2.3578,0.3395,0,Non-SST
2892.0,68.4465,1.7617,2.357,0.3364,0,Non-SST
2892.5,65.2596,1.8756,2.3426,0.332,0,Non-SST
2893.0,63.1336,1.8253,2.3414,0.3233,0,Non-SST
2893.5,60.8558,1.7342,2.3373,0.303,0,Non-SST
2894.0,59.2221,1.7026,2.3419,0.3044,0,Non-SST
2894.5,57.1695,1.709,2.3397,0.3113,0,Non-SST
2895.0,56.9012,1.7259,2.3396,0.3146,0,Non-SST
2895.5,56.1052,1.7187,2.3321,0.3081,0,Non-SST
2896.0,56.5633,1.6911,2.3219,0.3066,0,Non-SST
2896.5,55.0853,1.6755,2.3136,0.3012,0,Non-SST
2897.0,54.7436,1.6437,2.3115,0.3004,0,Non-SST
2897.5,52.5417,1.641,2.3127,0.3087,0,Non-SST
2898.0,52.9214,1.6391,2.3132,0.3105,0,Non-SST
2898.5,52.6924,1.6376,2.3148,0.33,0,Non-SST
2899.0,54.7006,1.6381,2.3174,0.3346,5,WTR
2899.5,56.634,1.6405,2.3172,0.3454,5,WTR
2900.0,56.9009,1.6538,2.3243,0.3443,5,WTR
2900.5,57.7129,1.6592,2.3245,0.3342,5,WTR
2901.0,59.0429,1.6677,2.3286,0.3403,5,WTR
2901.5,60.1059,1.6654,2.3239,0.326,5,WTR
2902.0,62.7525,1.6645,2.3217,0.3273,5,WTR
2902.5,61.5771,1.6752,2.326,0.3215,5,WTR
2903.0,64.6142,1.6917,2.3286,0.3285,5,WTR
2903.5,62.1453,1.7071,2.3351,0.3195,0,Non-SST
2904.0,60.8546,1.7199,2.3359,0.3241,5,WTR
2904.5,57.7781,1.645,2.3287,0.3307,5,WTR
2905.0,56.8919,1.6422,2.32,0.3391,5,WTR
2905.5,58.1013,1.6675,2.3142,0.3308,5,WTR
2906.0,61.632,1.6923,2.3175,0.3243,5,WTR
2906.5,65.2892,1.692,2.3225,0.3291,5,WTR
2907.0,68.215,1.687,2.3239,0.3182,0,Non-SST
2907.5,71.2535,1.6876,2.3217,0.3176,0,Non-SST
2908.0,75.0513,1.677,2.3155,0.3321,5,WTR
2908.5,78.5089,1.6205,2.2996,0.3904,0,Non-SST
2909.0,82.1534,1.4758,2.272,0.4353,0,Non-SST
2909.5,86.4939,1.2492,2.2397,0.471,0,Non-SST
2910.0,90.7079,1.1905,2.2068,0.4905,0,Non-SST
2910.5,90.2885,1.1375,2.1931,0.4886,0,Non-SST
2911.0,88.7155,1.1298,2.2082,0.475,0,Non-SST
2911.5,85.3722,1.2527,2.2486,0.4597,0,Non-SST
2912.0,86.8885,1.2974,2.2963,0.4755,0,Non-SST
2912.5,87.3422,1.2326,2.316,0.468,0,Non-SST
2913.0,90.9491,1.2203,2.3153,0.4512,0,Non-SST
2913.5,89.0529,1.2214,2.3059,0.432,0,Non-SST
2914.0,87.9426,1.2917,2.2976,0.4329,0,Non-SST
2914.5,85.1354,1.4067,2.3025,0.4275,0,Non-SST
2915.0,85.8588,1.438,2.3084,0.4121,0,Non-SST
2915.5,84.2414,1.5275,2.3159,0.3893,0,Non-SST
2916.0,80.2932,1.6147,2.3123,0.3746,0,Non-SST
2916.5,74.2443,1.6468,2.3007,0.3712,5,WTR
2917.0,68.6243,1.6656,2.2817,0.3659,5,WTR
2917.5,63.7638,1.7037,2.2698,0.3689,5,WTR
2918.0,62.7104,1.6893,2.2712,0.3579,5,WTR
2918.5,62.2563,1.654,2.2787,0.352,5,WTR
2919.0,61.1565,1.629,2.2736,0.3408,5,WTR
2919.5,58.2363,1.6053,2.2581,0.3479,5,WTR
2920.0,58.1604,1.5458,2.2601,0.3452,5,WTR
2920.5,59.4891,1.5314,2.2692,0.3341,5,WTR
2921.0,63.1569,1.5847,2.2831,0.3378,5,WTR
2921.5,67.7489,1.5955,2.2746,0.3711,5,WTR
2922.0,76.2494,1.5486,2.2647,0.4056,0,Non-SST
2922.5,82.6779,1.5136,2.2607,0.4069,0,Non-SST
2923.0,86.3584,1.5516,2.269,0.4077,0,Non-SST
2923.5,92.1108,1.4879,2.2744,0.4365,0,Non-SST
2924.0,99.9032,1.4081,2.2446,0.494,0,Non-SST
2924.5,108.3348,1.2948,2.1955,0.5218,0,Non-SST
2925.0,116.7462,1.2149,2.1442,0.5813,0,Non-SST
2925.5,119.2793,1.1951,2.1182,0.5896,0,Non-SST
2926.0,121.9368,1.1702,2.1035,0.6087,0,Non-SST
2926.5,117.1154,1.1739,2.1033,0.5576,0,Non-SST
2927.0,117.1507,1.1532,2.0961,0.5754,0,Non-SST
2927.5,116.0338,1.1717,2.0937,0.5945,0,Non-SST
2928.0,116.3351,1.1812,2.0886,0.6129,0,Non-SST
2928.5,112.5037,1.1856,2.087,0.5866,0,Non-SST
2929.0,109.1561,1.1461,2.0726,0.5859,0,Non-SST
2929.5,106.6885,1.1219,2.046,0.5848,0,Non-SST
2930.0,103.1602,1.1054,2.0511,0.5602,0,Non-SST
2930.5,101.6244,1.0982,2.0937,0.514,0,Non-SST
2931.0,98.0943,1.1298,2.1838,0.4661,0,Non-SST
2931.5,96.2594,1.1459,2.2435,0.4424,0,Non-SST
2932.0,90.7946,1.1645,2.2761,0.4428,0,Non-SST
2932.5,85.2158,1.2587,2.2814,0.4619,0,Non-SST
2933.0,80.7848,1.4024,2.2881,0.4719,0,Non-SST
2933.5,81.1645,1.265,2.2785,0.4611,0,Non-SST
2934.0,84.1218,1.1712,2.2752,0.4461,0,Non-SST
2934.5,87.121,1.1163,2.2696,0.4332,0,Non-SST
2935.0,87.1173,1.1242,2.2727,0.4456,0,Non-SST
2935.5,85.7797,1.1293,2.2712,0.4461,0,Non-SST
2936.0,84.5668,1.1456,2.2722,0.4779,0,Non-SST
2936.5,85.8232,1.1932,2.2728,0.4763,0,Non-SST
2937.0,84.8848,1.1976,2.2734,0.474,0,Non-SST
2937.5,83.7459,1.215,2.2806,0.4546,0,Non-SST
2938.0,83.1005,1.217,2.2802,0.4541,0,Non-SST
2938.5,83.7082,1.2293,2.2839,0.4603,0,Non-SST
2939.0,85.1471,1.1865,2.2752,0.4659,0,Non-SST
2939.5,84.1221,1.1738,2.2764,0.4559,0,Non-SST
2940.0,84.2377,1.2009,2.2738,0.4511,0,Non-SST
2940.5,82.8874,1.2181,2.2774,0.4587,0,Non-SST
2941.0,81.2153,1.2817,2.2839,0.4774,0,Non-SST
2941.5,81.7468,1.3158,2.2911,0.4648,0,Non-SST
2942.0,80.0602,1.3307,2.3027,0.4569,0,Non-SST
2942.5,79.969,1.337,2.3076,0.4135,0,Non-SST
2943.0,76.1315,1.3787,2.3179,0.4115,0,Non-SST
2943.5,74.9168,1.4617,2.3314,0.3852,0,Non-SST
2944.0,72.8458,1.5453,2.3377,0.3857,0,Non-SST
2944.5,72.7731,1.5814,2.3402,0.3851,0,Non-SST
2945.0,73.4977,1.548,2.3336,0.3763,0,Non-SST
2945.5,72.3967,1.5604,2.3397,0.3792,0,Non-SST
2946.0,72.4727,1.6334,2.3416,0.3744,0,Non-SST
2946.5,70.23,1.6935,2.3415,0.3652,0,Non-SST
2947.0,72.2904,1.6631,2.3247,0.3623,5,WTR
2947.5,74.3768,1.6343,2.3143,0.3638,5,WTR
2948.0,78.9336,1.5867,2.3118,0.3778,0,Non-SST
2948.5,82.8713,1.5138,2.3078,0.3737,0,Non-SST
2949.0,85.3154,1.4441,2.3056,0.3876,0,Non-SST
2949.5,86.456,1.3663,2.2976,0.4122,0,Non-SST
2950.0,87.6689,1.3917,2.294,0.4227,0,Non-SST
2950.5,90.3834,1.3532,2.2798,0.4383,0,Non-SST
2951.0,92.9249,1.307,2.2609,0.4457,0,Non-SST
2951.5,92.2787,1.2923,2.252,0.4843,0,Non-SST
2952.0,91.3722,1.239,2.2516,0.4973,0,Non-SST
2952.5,91.2983,1.1616,2.2512,0.5198,0,Non-SST
2953.0,89.9723,1.1292,2.2475,0.5189,0,Non-SST
2953.5,90.0878,1.1421,2.2463,0.497,0,Non-SST
2954.0,86.2139,1.1736,2.2616,0.4746,0,Non-SST
2954.5,85.7926,1.3404,2.2861,0.4699,0,Non-SST
2955.0,84.0804,1.4865,2.2988,0.4825,0,Non-SST
2955.5,87.0407,1.3656,2.2956,0.503,0,Non-SST
2956.0,89.2044,1.2692,2.284,0.494,0,Non-SST
2956.5,90.1952,1.2845,2.2863,0.4964,0,Non-SST
2957.0,87.6541,1.2751,2.2953,0.4448,0,Non-SST
2957.5,83.8238,1.3133,2.3137,0.4365,0,Non-SST
2958.0,78.4158,1.4554,2.3312,0.4346,0,Non-SST
2958.5,77.1233,1.463,2.3452,0.4373,0,Non-SST
2959.0,76.93,1.3906,2.3424,0.4477,0,Non-SST
2959.5,79.3009,1.3436,2.3317,0.4099,0,Non-SST
2960.0,79.1864,1.3033,2.3238,0.4315,0,Non-SST
2960.5,78.7344,1.267,2.3234,0.3939,0,Non-SST
2961.0,77.1761,1.3044,2.3325,0.3934,0,Non-SST
2961.5,73.4959,1.515,2.3467,0.3758,0,Non-SST
2962.0,73.4564,1.7233,2.3634,0.3701,5,WTR
2962.5,71.735,1.5391,2.3639,0.3619,0,Non-SST
2963.0,73.4027,1.5482,2.3635,0.3397,0,Non-SST
2963.5,70.2532,1.6276,2.3738,0.3411,0,Non-SST
2964.0,68.256,1.7353,2.3871,0.3252,0,Non-SST
2964.5,68.1448,1.8455,2.3947,0.3195,0,Non-SST
2965.0,67.917,1.9035,2.3766,0.3205,0,Non-SST
2965.5,71.2181,1.8334,2.3605,0.3423,5,WTR
2966.0,76.3432,1.7142,2.3348,0.3699,5,WTR
2966.5,82.3541,1.5387,2.314,0.389,0,Non-SST
2967.0,83.2999,1.4634,2.3033,0.4096,0,Non-SST
2967.5,84.3969,1.3369,2.2916,0.4363,0,Non-SST
2968.0,82.9416,1.2892,2.284,0.4692,0,Non-SST
2968.5,85.7541,1.284,2.2735,0.4774,0,Non-SST
2969.0,83.4802,1.3434,2.2791,0.4682,0,Non-SST
2969.5,84.0857,1.3305,2.2952,0.4596,0,Non-SST
2970.0,83.8219,1.2924,2.2972,0.4535,0,Non-SST
2970.5,84.1236,1.3192,2.3047,0.4343,0,Non-SST
2971.0,83.1746,1.3539,2.3074,0.4151,0,Non-SST
2971.5,81.411,1.4944,2.3324,0.3939,0,Non-SST
2972.0,80.1207,1.6093,2.3351,0.4085,0,Non-SST
2972.5,81.641,1.5766,2.3274,0.3924,0,Non-SST
2973.0,83.1009,1.466,2.3157,0.4094,0,Non-SST
2973.5,83.0242,1.4599,2.3113,0.4151,0,Non-SST
2974.0,83.3279,1.489,2.3122,0.418,0,Non-SST
2974.5,82.3392,1.5267,2.3185,0.4299,0,Non-SST
2975.0,81.5787,1.5448,2.325,0.4095,0,Non-SST
2975.5,79.777,1.5274,2.3364,0.4238,0,Non-SST
2976.0,77.6526,1.5422,2.3306,0.4089,0,Non-SST
2976.5,77.1609,1.5427,2.3268,0.4242,0,Non-SST
2977.0,76.6848,1.4828,2.3273,0.4337,0,Non-SST
2977.5,77.3302,1.4845,2.3297,0.4385,0,Non-SST
2978.0,80.2526,1.4689,2.3315,0.436,0,Non-SST
2978.5,84.123,1.4439,2.3192,0.4235,0,Non-SST
2979.0,86.1713,1.4076,2.3122,0.4304,0,Non-SST
2979.5,86.0546,1.3405,2.315,0.4223,0,Non-SST
2980.0,84.3354,1.3461,2.3243,0.4156,0,Non-SST
2980.5,86.0076,1.607,2.3376,0.4073,0,Non-SST
2981.0,86.1631,1.4588,2.3404,0.423,0,Non-SST
2981.5,87.8462,1.4409,2.3253,0.4374,0,Non-SST
2982.0,87.049,1.3903,2.311,0.4473,0,Non-SST
2982.5,89.3384,1.3515,2.2932,0.4361,0,Non-SST
2983.0,86.2995,1.3501,2.2987,0.4409,0,Non-SST
2983.5,86.332,1.3617,2.2982,0.456,0,Non-SST
2984.0,83.399,1.3624,2.3053,0.4825,0,Non-SST
2984.5,84.8054,1.3064,2.3054,0.4918,0,Non-SST
2985.0,86.0979,1.3613,2.3087,0.4702,0,Non-SST
2985.5,87.6924,1.3973,2.3109,0.4572,0,Non-SST
2986.0,89.2869,1.3909,2.308,0.4465,0,Non-SST
2986.5,88.1118,1.3939,2.2776,0.4781,0,Non-SST
2987.0,83.7818,1.4419,2.1545,0.5649,0,Non-SST
2987.5,74.097,1.6342,1.9302,0.6519,0,Non-SST
2988.0,62.6328,2.0789,1.744,0.6707,5,WTR
2988.5,59.7877,2.2388,1.7409,0.5799,5,WTR
2989.0,63.9677,1.9148,1.8552,0.4921,5,WTR
2989.5,73.6749,1.6038,2.1366,0.4441,0,Non-SST
2990.0,81.1157,1.4802,2.3002,0.4401,0,Non-SST
2990.5,84.6789,1.4416,2.3584,0.4393,0,Non-SST
2991.0,88.0684,1.3646,2.3621,0.4283,0,Non-SST
2991.5,87.2206,1.3106,2.3619,0.4039,0,Non-SST
2992.0,85.8938,1.3474,2.3521,0.3828,0,Non-SST
2992.5,79.2505,1.4793,2.3483,0.3574,0,Non-SST
2993.0,75.4668,1.551,2.3457,0.3505,0,Non-SST
2993.5,73.648,1.5907,2.346,0.3309,5,WTR
2994.0,73.8119,1.6239,2.3472,0.3223,5,WTR
2994.5,72.6351,1.6688,2.344,0.3067,0,Non-SST
2995.0,69.1788,1.724,2.35,0.3102,0,Non-SST
2995.5,68.749,1.7311,2.3592,0.3316,5,WTR
2996.0,71.68,1.6875,2.371,0.3561,5,WTR
2996.5,75.742,1.6244,2.3661,0.3629,0,Non-SST
2997.0,78.2113,1.5186,2.3549,0.3717,0,Non-SST
2997.5,77.3758,1.4809,2.3422,0.3796,0,Non-SST
2998.0,80.6425,1.4672,2.3314,0.4079,0,Non-SST
2998.5,81.4017,1.4816,2.3203,0.4149,0,Non-SST
2999.0,85.1248,1.4733,2.3129,0.4231,0,Non-SST
2999.5,82.9953,1.441,2.3117,0.4214,0,Non-SST
3000.0,83.4112,1.4396,2.314,0.4176,0,Non-SST
3000.5,81.313,1.408,2.3171,0.4353,0,Non-SST
3001.0,81.9998,1.4503,2.3208,0.4356,0,Non-SST
3001.5,81.0651,1.4046,2.3148,0.4504,0,Non-SST
3002.0,80.192,1.4168,2.3202,0.4299,0,Non-SST
3002.5,80.9114,1.4659,2.3214,0.4287,0,Non-SST
3003.0,83.5904,1.5096,2.3403,0.4098,0,Non-SST
3003.5,85.1925,1.4629,2.3456,0.3966,0,Non-SST
3004.0,84.5091,1.544,2.3428,0.401,0,Non-SST
3004.5,82.4628,1.4516,2.3341,0.4483,0,Non-SST
3005.0,83.8219,1.3963,2.318,0.4685,0,Non-SST
3005.5,84.5451,1.4496,2.3212,0.486,0,Non-SST
3006.0,84.0136,1.4044,2.3166,0.4631,0,Non-SST
3006.5,82.1914,1.4456,2.3209,0.4714,0,Non-SST
3007.0,80.5934,1.4204,2.3167,0.4364,0,Non-SST
3007.5,79.8705,1.4243,2.3287,0.437,0,Non-SST
3008.0,79.7799,1.4172,2.3288,0.4285,0,Non-SST
3008.5,80.6168,1.439,2.3274,0.4536,0,Non-SST
3009.0,83.3518,1.4537,2.3164,0.4297,0,Non-SST
3009.5,80.8609,1.4423,2.3242,0.4278,0,Non-SST
3010.0,78.2284,1.5167,2.3333,0.4107,0,Non-SST
3010.5,75.0394,1.619,2.3527,0.4002,0,Non-SST
3011.0,73.407,1.6529,2.3647,0.3766,0,Non-SST
3011.5,68.4094,1.7341,2.3816,0.3509,0,Non-SST
3012.0,64.6746,1.8004,2.3817,0.3505,0,Non-SST
3012.5,62.9267,1.8801,2.3853,0.3413,0,Non-SST
3013.0,61.9788,1.9133,2.3762,0.3318,0,Non-SST
3013.5,58.6903,1.9367,2.3581,0.3101,0,Non-SST
3014.0,52.0102,1.9291,2.3348,0.3047,0,Non-SST
3014.5,49.4276,1.8862,2.3113,0.3099,5,WTR
3015.0,48.6282,1.818,2.3011,0.3154,5,WTR
3015.5,51.6641,1.7504,2.2864,0.301,5,WTR
3016.0,53.6393,1.7341,2.3005,0.2968,5,WTR
3016.5,55.2992,1.7677,2.3133,0.3051,0,Non-SST
3017.0,59.5875,1.8046,2.3399,0.3293,5,WTR
3017.5,65.6237,1.7279,2.3379,0.3291,5,WTR
3018.0,70.0385,1.6815,2.3378,0.324,5,WTR
3018.5,75.6219,1.6589,2.3292,0.3395,5,WTR
3019.0,76.8776,1.6346,2.3296,0.3627,0,Non-SST
3019.5,79.7972,1.6047,2.3244,0.3615,0,Non-SST
3020.0,80.6646,1.5636,2.3208,0.367,0,Non-SST
3020.5,79.6729,1.5409,2.3241,0.368,0,Non-SST
3021.0,78.1165,1.5336,2.3315,0.386,0,Non-SST
3021.5,77.5834,1.5173,2.3469,0.3888,0,Non-SST
3022.0,80.4254,1.5813,2.345,0.4085,0,Non-SST
3022.5,82.5391,1.5635,2.3431,0.4339,0,Non-SST
3023.0,82.5808,1.475,2.3265,0.4407,0,Non-SST
3023.5,84.3324,1.4462,2.323,0.417,0,Non-SST
3024.0,84.9555,1.4597,2.3183,0.3955,0,Non-SST
3024.5,83.5116,1.3799,2.3268,0.3869,0,Non-SST
3025.0,83.0922,1.3766,2.3313,0.4206,0,Non-SST
3025.5,81.4186,1.493,2.3315,0.4285,0,Non-SST
3026.0,82.3274,1.5262,2.325,0.4274,0,Non-SST
3026.5,80.578,1.5055,2.3274,0.406,0,Non-SST
3027.0,81.8817,1.55,2.345,0.3886,0,Non-SST
3027.5,77.9738,1.6983,2.3649,0.3905,0,Non-SST
3028.0,75.2407,1.7619,2.367,0.3941,0,Non-SST
3028.5,74.5856,1.7634,2.3556,0.4032,0,Non-SST
3029.0,78.4429,1.7157,2.3388,0.3836,0,Non-SST
3029.5,81.6314,1.6878,2.3308,0.3704,0,Non-SST
3030.0,82.391,1.6155,2.3175,0.3692,0,Non-SST
3030.5,82.7084,1.59,2.3146,0.3802,0,Non-SST
3031.0,82.2574,1.6359,2.3179,0.3637,0,Non-SST
3031.5,81.7619,1.6362,2.3198,0.3608,0,Non-SST
3032.0,82.4851,1.6511,2.3178,0.3778,0,Non-SST
3032.5,86.7713,1.6014,2.3072,0.4102,0,Non-SST
3033.0,92.9923,1.4475,2.2908,0.4398,0,Non-SST
3033.5,99.0662,1.377,2.2655,0.4592,0,Non-SST
3034.0,104.7478,1.2629,2.2333,0.4722,0,Non-SST
3034.5,109.9169,1.2447,2.2088,0.4873,0,Non-SST
3035.0,112.9485,1.1453,2.1956,0.5054,0,Non-SST
3035.5,115.4657,1.19,2.1934,0.5208,0,Non-SST
3036.0,112.713,1.242,2.1961,0.5103,0,Non-SST
3036.5,110.8957,1.2972,2.198,0.4696,0,Non-SST
3037.0,105.6215,1.3314,2.208,0.4319,0,Non-SST
3037.5,104.0803,1.4008,2.2242,0.4119,0,Non-SST
3038.0,103.2439,1.4219,2.2456,0.4223,0,Non-SST
3038.5,101.6119,1.3982,2.2659,0.4202,0,Non-SST
3039.0,99.4862,1.3749,2.297,0.3862,0,Non-SST
3039.5,94.8587,1.319,2.34,0.3545,0,Non-SST
3040.0,90.7556,1.4666,2.3755,0.3453,0,Non-SST
3040.5,86.8822,1.6461,2.3944,0.3583,0,Non-SST
3041.0,84.9841,1.541,2.3974,0.3507,0,Non-SST
3041.5,83.7766,1.5037,2.394,0.3467,0,Non-SST
3042.0,84.1941,1.5214,2.3787,0.3353,0,Non-SST
3042.5,80.7957,1.5702,2.3681,0.3299,0,Non-SST
3043.0,79.4241,1.6804,2.3737,0.335,0,Non-SST
3043.5,74.9819,1.8413,2.3946,0.3442,5,WTR
3044.0,75.9474,2.0755,2.3883,0.356,0,Non-SST
3044.5,76.2894,1.7668,2.3702,0.3482,5,WTR
3045.0,78.3024,1.5901,2.3404,0.3733,0,Non-SST
3045.5,79.5928,1.5462,2.333,0.3857,0,Non-SST
3046.0,80.4651,1.4787,2.3254,0.4118,0,Non-SST
3046.5,82.1009,1.4665,2.3246,0.4244,0,Non-SST
3047.0,79.2905,1.4535,2.3296,0.4451,0,Non-SST
3047.5,79.0666,1.4235,2.3278,0.4374,0,Non-SST
3048.0,79.5922,1.421,2.3306,0.4463,0,Non-SST
3048.5,79.7885,1.458,2.3271,0.4359,0,Non-SST
3049.0,79.1931,1.4566,2.3316,0.4291,0,Non-SST
3049.5,77.1508,1.4618,2.3339,0.3931,0,Non-SST
3050.0,77.7152,1.4618,2.3321,0.3901,0,Non-SST
3050.5,77.2822,1.4871,2.331,0.3928,0,Non-SST
3051.0,76.2438,1.5035,2.3334,0.4041,0,Non-SST
3051.5,78.1073,1.5227,2.3328,0.391,0,Non-SST
3052.0,77.5017,1.5208,2.3361,0.3914,0,Non-SST
3052.5,79.9807,1.5383,2.3399,0.3746,0,Non-SST
3053.0,76.2208,1.6033,2.3514,0.3721,0,Non-SST
3053.5,73.3622,1.721,2.3662,0.3731,5,WTR
3054.0,67.2508,1.7621,2.3715,0.3687,0,Non-SST
3054.5,67.5134,1.7349,2.3684,0.3753,0,Non-SST
3055.0,66.6871,1.738,2.3511,0.3592,5,WTR
3055.5,67.4855,1.7359,2.3494,0.3526,5,WTR
3056.0,65.5148,1.7467,2.3476,0.3354,5,WTR
3056.5,65.5557,1.7558,2.3524,0.3461,5,WTR
3057.0,62.5558,1.7608,2.334,0.3622,5,WTR
3057.5,57.2771,1.7597,2.3265,0.3664,5,WTR
3058.0,51.7327,1.7242,2.3146,0.3591,5,WTR
3058.5,45.6981,1.6495,2.3028,0.3358,5,WTR
3059.0,43.1562,1.5735,2.2914,0.3218,5,WTR
3059.5,42.0949,1.5068,2.2718,0.3107,5,WTR
3060.0,44.3483,1.4814,2.2665,0.3232,5,WTR
3060.5,45.3731,1.5048,2.26,0.335,5,WTR
3061.0,45.6777,1.507,2.2679,0.329,5,WTR
3061.5,44.3324,1.4895,2.2756,0.3211,5,WTR
3062.0,44.0532,1.4513,2.2726,0.3218,5,WTR
3062.5,44.7366,1.411,2.269,0.3349,5,WTR
3063.0,45.9523,1.3828,2.2622,0.3372,5,WTR
3063.5,48.7381,1.3885,2.2595,0.328,5,WTR
3064.0,49.8745,1.4274,2.2649,0.3223,5,WTR
3064.5,54.2034,1.4823,2.2786,0.3289,5,WTR
3065.0,58.2227,1.529,2.2969,0.3524,5,WTR
3065.5,64.8284,1.5342,2.3029,0.3699,5,WTR
3066.0,71.4741,1.5323,2.2999,0.3975,0,Non-SST
3066.5,79.0643,1.4514,2.2864,0.416,0,Non-SST
3067.0,85.8264,1.3579,2.28,0.4492,0,Non-SST
3067.5,91.4408,1.2765,2.2741,0.4669,0,Non-SST
3068.0,92.6972,1.2749,2.2725,0.469,0,Non-SST
3068.5,93.6042,1.301,2.2621,0.4746,0,Non-SST
3069.0,92.1224,1.3535,2.245,0.4866,0,Non-SST
3069.5,93.7524,1.3909,2.2195,0.5011,0,Non-SST
3070.0,93.1053,1.3375,2.1997,0.5152,0,Non-SST
3070.5,97.1683,1.3147,2.1902,0.51,0,Non-SST
3071.0,99.5746,1.3054,2.1862,0.53,0,Non-SST
3071.5,105.1186,1.2916,2.1804,0.5401,0,Non-SST
3072.0,103.2587,1.2878,2.1739,0.5495,0,Non-SST
3072.5,102.6765,1.2698,2.17,0.5592,0,Non-SST
3073.0,99.7537,1.2779,2.1695,0.5556,0,Non-SST
3073.5,100.5816,1.2051,2.1643,0.5374,0,Non-SST
3074.0,101.414,1.1617,2.1693,0.5317,0,Non-SST
3074.5,102.285,1.3311,2.1671,0.5168,0,Non-SST
3075.0,103.9623,1.2467,2.1778,0.5328,0,Non-SST
3075.5,105.1296,1.2304,2.186,0.5356,0,Non-SST
3076.0,104.9038,1.2482,2.1915,0.5702,0,Non-SST
3076.5,103.5287,1.2295,2.1839,0.5955,0,Non-SST
3077.0,103.6949,1.233,2.1699,0.5709,0,Non-SST
3077.5,105.0995,1.2375,2.1641,0.5537,0,Non-SST
3078.0,107.5394,1.2061,2.1579,0.5471,0,Non-SST
3078.5,104.842,1.2436,2.1654,0.5489,0,Non-SST
3079.0,104.3439,1.2192,2.1726,0.5516,0,Non-SST
3079.5,102.0266,1.1983,2.1782,0.5219,0,Non-SST
3080.0,104.4089,1.2136,2.171,0.5314,0,Non-SST
3080.5,104.7574,1.2057,2.1749,0.5171,0,Non-SST
3081.0,106.9231,1.1841,2.1848,0.5396,0,Non-SST
3081.5,106.0591,1.2027,2.1854,0.5549,0,Non-SST
3082.0,108.4835,1.2545,2.1743,0.5392,0,Non-SST
3082.5,108.1285,1.2765,2.1615,0.5515,0,Non-SST
3083.0,109.6087,1.2917,2.1616,0.5253,0,Non-SST
3083.5,106.9564,1.2853,2.1577,0.5411,0,Non-SST
3084.0,106.55,1.3314,2.1455,0.5065,0,Non-SST
3084.5,103.7038,1.4301,2.134,0.5278,0,Non-SST
3085.0,104.3067,1.4353,2.1292,0.536,0,Non-SST
3085.5,101.4556,1.4082,2.146,0.5206,0,Non-SST
3086.0,97.8115,1.471,2.1787,0.4508,0,Non-SST
3086.5,92.3464,1.5341,2.2334,0.4105,0,Non-SST
3087.0,88.139,1.5726,2.2834,0.3899,0,Non-SST
3087.5,86.7001,1.4488,2.3138,0.3965,0,Non-SST
3088.0,85.2589,1.4682,2.3198,0.3771,0,Non-SST
3088.5,84.534,1.5149,2.3309,0.3828,0,Non-SST
3089.0,81.775,1.5382,2.333,0.3803,0,Non-SST
3089.5,77.5616,1.5386,2.3382,0.3867,0,Non-SST
3090.0,75.0201,1.5752,2.3286,0.372,0,Non-SST
3090.5,74.8876,1.6115,2.3298,0.3748,5,WTR
3091.0,77.1006,1.6092,2.3323,0.3747,0,Non-SST
3091.5,77.0264,1.6205,2.3548,0.3795,0,Non-SST
3092.0,75.5523,1.5814,2.3706,0.3783,0,Non-SST
3092.5,75.5772,1.6842,2.3751,0.3841,0,Non-SST
3093.0,77.0652,1.5312,2.3511,0.3965,0,Non-SST
3093.5,79.0772,1.4472,2.3326,0.4071,0,Non-SST
3094.0,79.6106,1.3898,2.3252,0.4077,0,Non-SST
3094.5,79.9015,1.3734,2.3297,0.4005,0,Non-SST
3095.0,78.9855,1.3841,2.3306,0.4097,0,Non-SST
3095.5,77.7197,1.3521,2.3309,0.4116,0,Non-SST
3096.0,76.4669,1.3458,2.3272,0.4245,0,Non-SST
3096.5,76.8861,1.3431,2.3304,0.4101,0,Non-SST
3097.0,77.1283,1.2733,2.3307,0.4168,0,Non-SST
3097.5,78.8782,1.1606,2.3185,0.4247,0,Non-SST
3098.0,80.9917,1.3625,2.3116,0.4531,0,Non-SST
3098.5,79.6221,1.2777,2.3032,0.4578,0,Non-SST
3099.0,80.3433,1.2748,2.3176,0.4403,0,Non-SST
3099.5,79.3272,1.3676,2.322,0.4129,0,Non-SST
3100.0,80.3547,1.5255,2.3297,0.3929,0,Non-SST
3100.5,75.6446,1.6039,2.3413,0.3835,0,Non-SST
3101.0,72.6509,1.6689,2.3641,0.3679,5,WTR
3101.5,67.2205,1.8102,2.3795,0.3646,0,Non-SST
3102.0,66.9821,1.9237,2.3819,0.3632,0,Non-SST
3102.5,67.6276,1.829,2.3641,0.371,0,Non-SST
3103.0,72.0288,1.7214,2.3492,0.3616,5,WTR
3103.5,73.1037,1.6266,2.3455,0.3626,5,WTR
3104.0,74.5473,1.5903,2.3497,0.3613,0,Non-SST
3104.5,77.0558,1.544,2.3522,0.3768,0,Non-SST
3105.0,80.2045,1.4306,2.3438,0.3791,0,Non-SST
3105.5,80.1239,1.3645,2.3337,0.3992,0,Non-SST
3106.0,76.6202,1.3594,2.3369,0.3949,0,Non-SST
3106.5,75.1812,1.4052,2.3406,0.3929,0,Non-SST
3107.0,75.6383,1.4598,2.3507,0.3793,0,Non-SST
3107.5,77.508,1.2723,2.3377,0.3966,0,Non-SST
3108.0,77.0008,1.2511,2.3295,0.4169,0,Non-SST
3108.5,77.2699,1.2568,2.3131,0.4513,0,Non-SST
3109.0,77.5771,1.1872,2.3113,0.4579,0,Non-SST
3109.5,80.2462,1.2039,2.3134,0.4681,0,Non-SST
3110.0,82.2925,1.3043,2.3216,0.4587,0,Non-SST
3110.5,82.2392,1.2947,2.321,0.4682,0,Non-SST
3111.0,83.4139,1.2561,2.3116,0.4634,0,Non-SST
3111.5,82.9566,1.1838,2.309,0.4615,0,Non-SST
3112.0,84.4869,1.1801,2.3096,0.4555,0,Non-SST
3112.5,84.3882,1.2306,2.3148,0.4523,0,Non-SST
3113.0,81.1651,1.2766,2.3203,0.4359,0,Non-SST
3113.5,78.2597,1.3783,2.3284,0.4068,0,Non-SST
3114.0,73.5779,1.4888,2.3445,0.3932,0,Non-SST
3114.5,72.1312,1.5589,2.3546,0.3766,0,Non-SST
3115.0,70.1021,1.6659,2.3659,0.3587,5,WTR
3115.5,65.5187,1.7681,2.3627,0.3403,0,Non-SST
3116.0,62.7915,1.8282,2.3577,0.325,0,Non-SST
3116.5,57.9712,1.8329,2.3387,0.3054,0,Non-SST
3117.0,56.2525,1.8256,2.3219,0.2893,5,WTR
3117.5,52.0496,1.7982,2.3127,0.285,5,WTR
3118.0,52.6949,1.7639,2.3161,0.2845,5,WTR
3118.5,54.3295,1.7689,2.3267,0.3046,0,Non-SST
3119.0,57.3165,1.8028,2.3318,0.2988,0,Non-SST
3119.5,58.9107,1.8241,2.3411,0.2973,0,Non-SST
3120.0,59.6546,1.8383,2.343,0.308,0,Non-SST
3120.5,60.3769,1.8289,2.3448,0.3275,5,WTR
3121.0,62.9959,1.8868,2.3464,0.3289,0,Non-SST
3121.5,61.6826,2.011,2.3501,0.3563,0,Non-SST
3122.0,62.6836,2.0025,2.3513,0.3525,0,Non-SST
3122.5,60.8983,1.8799,2.3379,0.3859,0,Non-SST
3123.0,62.9075,1.7516,2.3262,0.3755,0,Non-SST
3123.5,63.6103,1.7218,2.3197,0.3689,0,Non-SST
3124.0,65.2717,1.698,2.3152,0.3369,5,WTR
3124.5,67.6252,1.709,2.3209,0.3365,5,WTR
3125.0,68.4236,1.7272,2.3158,0.3507,5,WTR
3125.5,69.8793,1.7504,2.3022,0.3652,5,WTR
3126.0,69.5753,1.7418,2.2929,0.3841,5,WTR
3126.5,73.9419,1.6916,2.2839,0.4677,0,Non-SST
3127.0,76.4271,1.6676,2.274,0.4864,0,Non-SST
3127.5,78.1745,1.6208,2.2679,0.4932,0,Non-SST
3128.0,76.6118,1.5853,2.2578,0.4362,0,Non-SST
3128.5,75.8331,1.5616,2.24,0.4414,0,Non-SST
3129.0,149.8493,1.5581,2.2088,0.4467,0,Non-SST
3129.5,154.7145,1.6027,2.1892,0.4528,0,Non-SST
3130.0,161.0154,1.273,2.2033,0.459,0,Non-SST
3130.5,175.5898,1.0939,2.2399,0.4651,0,Non-SST
3131.0,177.647,1.0229,2.2891,0.4889,0,Non-SST
3131.5,172.098,1.0442,2.314,0.4952,0,Non-SST
3132.0,160.573,1.0801,2.3202,0.5234,0,Non-SST
3132.5,151.6832,1.0075,2.315,0.5123,0,Non-SST
3133.0,146.8373,1.0148,2.3,0.5086,0,Non-SST
3133.5,133.768,1.0921,2.2926,0.4363,0,Non-SST
3134.0,121.3129,1.2441,2.28,0.4131,0,Non-SST
3134.5,101.6477,1.322,2.2542,0.3744,0,Non-SST
3135.0,85.634,1.3036,2.2082,0.3686,0,Non-SST
3135.5,68.6305,1.1881,2.1508,0.3539,0,Non-SST
3136.0,57.7683,1.0298,2.1206,0.349,5,WTR
3136.5,51.6969,0.9289,2.1035,0.357,5,WTR
3137.0,48.6649,0.8636,2.1035,0.3529,5,WTR
3137.5,46.919,0.8945,2.0991,0.353,5,WTR
3138.0,51.7024,0.8777,2.1096,0.3481,5,WTR
3138.5,54.583,0.9019,2.1199,0.3494,5,WTR
3139.0,55.1926,0.9122,2.1362,0.3465,5,WTR
3139.5,50.4809,0.935,2.1393,0.3518,5,WTR
3140.0,47.904,0.9507,2.147,0.3478,5,WTR
3140.5,46.1558,0.9616,2.1453,0.3671,5,WTR
3141.0,45.5507,0.9571,2.1501,0.3659,5,WTR
3141.5,26.3038,0.9773,2.1482,0.3767,5,WTR
3142.0,26.0367,0.9715,2.1405,0.3651,5,WTR
3142.5,26.2645,0.9207,2.1388,0.3556,5,WTR
3143.0,25.0516,0.8907,2.1245,0.3524,5,WTR
3143.5,24.9746,0.9034,2.1329,0.3522,5,WTR
3144.0,30.2514,1.0165,2.1418,0.3477,5,WTR
3144.5,37.0815,1.1054,2.1729,0.3381,5,WTR
3145.0,47.1809,1.2387,2.2081,0.3473,5,WTR
3145.5,56.5912,1.337,2.2465,0.3719,5,WTR
3146.0,67.0689,1.3362,2.268,0.3911,0,Non-SST
3146.5,75.3075,1.3143,2.282,0.3987,0,Non-SST
3147.0,80.247,1.3035,2.2876,0.4192,0,Non-SST
3147.5,83.0892,1.3206,2.298,0.4384,0,Non-SST
3148.0,82.2745,1.3289,2.3035,0.4548,0,Non-SST
3148.5,82.954,1.319,2.3073,0.45,0,Non-SST
3149.0,82.1591,1.3855,2.3154,0.439,0,Non-SST
3149.5,82.5133,1.4579,2.3229,0.4211,0,Non-SST
3150.0,78.3364,1.4434,2.3322,0.414,0,Non-SST
3150.5,77.9085,1.4327,2.3328,0.4102,0,Non-SST
3151.0,76.925,1.4476,2.3183,0.4134,0,Non-SST
3151.5,77.7652,1.4891,2.3094,0.4086,0,Non-SST
3152.0,78.1206,1.5169,2.3152,0.4032,0,Non-SST
3152.5,77.0819,1.5127,2.3175,0.3963,0,Non-SST
3153.0,80.1531,1.495,2.3155,0.409,0,Non-SST
3153.5,79.0558,1.4731,2.308,0.4199,0,Non-SST
3154.0,81.1177,1.4674,2.3235,0.4249,0,Non-SST
3154.5,80.172,1.4278,2.337,0.4192,0,Non-SST
3155.0,80.9278,1.3948,2.3419,0.4203,0,Non-SST
3155.5,80.2876,1.4068,2.3403,0.419,0,Non-SST
3156.0,77.5911,1.4101,2.3318,0.4275,0,Non-SST
3156.5,78.2707,1.3629,2.3291,0.4369,0,Non-SST
3157.0,76.2947,1.4344,2.3263,0.4291,0,Non-SST
3157.5,76.8276,1.4446,2.3387,0.403,0,Non-SST
3158.0,73.4151,1.4922,2.3281,0.3902,0,Non-SST
3158.5,76.6005,1.5232,2.3242,0.4109,0,Non-SST
3159.0,78.4049,1.4032,2.3132,0.4377,0,Non-SST
3159.5,81.2879,1.3773,2.3158,0.4544,0,Non-SST
3160.0,82.5406,1.315,2.3085,0.4675,0,Non-SST
3160.5,82.7086,1.3039,2.2974,0.4798,0,Non-SST
3161.0,84.7981,1.2778,2.2929,0.472,0,Non-SST
3161.5,85.1654,1.2378,2.2889,0.4741,0,Non-SST
3162.0,86.4957,1.245,2.2936,0.457,0,Non-SST
3162.5,83.8764,1.2797,2.2921,0.467,0,Non-SST
3163.0,82.0991,1.2722,2.2931,0.4587,0,Non-SST
3163.5,83.9939,1.2584,2.2919,0.4745,0,Non-SST
3164.0,87.1067,1.2991,2.2924,0.457,0,Non-SST
3164.5,87.6796,1.2935,2.2957,0.4571,0,Non-SST
3165.0,84.7617,1.257,2.2877,0.4698,0,Non-SST
3165.5,80.319,1.3852,2.2256,0.5467,0,Non-SST
3166.0,74.5879,1.6308,2.0931,0.5895,0,Non-SST
3166.5,66.4586,2.2729,1.8889,0.6498,0,Non-SST
3167.0,61.2598,2.9903,1.7523,0.618,0,Non-SST
3167.5,62.0976,2.9194,1.7545,0.5972,0,Non-SST
3168.0,68.5923,1.9051,1.8752,0.5039,0,Non-SST
3168.5,78.0043,1.6041,2.0917,0.4659,0,Non-SST
3169.0,85.1408,1.513,2.2319,0.4384,0,Non-SST
3169.5,88.6718,1.4522,2.2907,0.4396,0,Non-SST
3170.0,87.3831,1.409,2.3203,0.4455,0,Non-SST
3170.5,84.0189,1.3716,2.3337,0.4228,0,Non-SST
3171.0,79.5345,1.4359,2.3356,0.4038,0,Non-SST
3171.5,76.2321,1.5974,2.3347,0.3737,0,Non-SST
3172.0,76.2562,1.6249,2.3366,0.3702,0,Non-SST
3172.5,78.3734,1.4975,2.333,0.3698,0,Non-SST
3173.0,81.5619,1.4655,2.3288,0.4041,0,Non-SST
3173.5,83.4198,1.4152,2.328,0.4289,0,Non-SST
3174.0,84.3025,1.3453,2.3318,0.4333,0,Non-SST
3174.5,85.8229,1.3475,2.3332,0.4256,0,Non-SST
3175.0,86.1145,1.3656,2.3307,0.406,0,Non-SST
3175.5,83.423,1.4072,2.3303,0.3948,0,Non-SST
3176.0,77.6909,1.5763,2.3357,0.3928,0,Non-SST
3176.5,67.6063,1.7936,2.3439,0.3751,0,Non-SST
3177.0,60.504,1.879,2.3424,0.3565,5,WTR
3177.5,55.0703,1.9251,2.3389,0.3231,5,WTR
3178.0,56.6252,1.9607,2.3285,0.3151,0,Non-SST
3178.5,59.1344,1.9906,2.3395,0.3053,0,Non-SST
3179.0,60.0885,2.0204,2.3415,0.3104,0,Non-SST
3179.5,59.8156,2.0084,2.3524,0.31,0,Non-SST
3180.0,61.4843,1.963,2.3528,0.3227,0,Non-SST
3180.5,65.5433,1.9219,2.3568,0.3225,0,Non-SST
3181.0,69.044,1.8939,2.3574,0.3467,5,WTR
3181.5,74.0131,1.8313,2.3487,0.3679,5,WTR
3182.0,77.5306,1.7902,2.3417,0.38,0,Non-SST
3182.5,79.6183,1.7586,2.338,0.3744,0,Non-SST
3183.0,77.8726,1.7487,2.3444,0.3738,5,WTR
3183.5,77.0894,1.7799,2.3572,0.3667,5,WTR
3184.0,75.6473,1.8237,2.3626,0.3578,5,WTR
3184.5,75.6107,1.8598,2.365,0.3406,5,WTR
3185.0,74.6207,1.8786,2.3641,0.3379,5,WTR
3185.5,72.7969,1.8965,2.3603,0.337,5,WTR
3186.0,70.6365,1.8806,2.3634,0.3505,5,WTR
3186.5,69.1689,1.8408,2.3646,0.3564,5,WTR
3187.0,71.7515,1.8408,2.3717,0.3572,5,WTR
3187.5,71.4827,1.8609,2.3661,0.3378,5,WTR
3188.0,72.0377,1.7445,2.3557,0.3333,5,WTR
3188.5,73.453,1.6563,2.348,0.3462,5,WTR
3189.0,77.8919,1.5905,2.3413,0.3729,0,Non-SST
3189.5,79.6808,1.5551,2.3402,0.3813,0,Non-SST
3190.0,80.2775,1.5182,2.3349,0.3924,0,Non-SST
3190.5,80.851,1.4828,2.3299,0.3828,0,Non-SST
3191.0,80.5357,1.4639,2.3303,0.3851,0,Non-SST
3191.5,80.7271,1.4564,2.3338,0.3945,0,Non-SST
3192.0,78.5597,1.4604,2.3396,0.4032,0,Non-SST
3192.5,77.6555,1.4835,2.3412,0.4064,0,Non-SST
3193.0,74.6913,1.4968,2.3399,0.3793,0,Non-SST
3193.5,74.4259,1.5446,2.3462,0.3875,0,Non-SST
3194.0,76.4788,1.5908,2.3437,0.3715,0,Non-SST
3194.5,75.5314,1.6169,2.3411,0.3776,0,Non-SST
3195.0,74.4432,1.6715,2.3406,0.3552,5,WTR
3195.5,69.2811,1.7512,2.3494,0.3493,5,WTR
3196.0,65.2185,1.8275,2.3633,0.3304,0,Non-SST
3196.5,60.1606,1.87,2.366,0.326,0,Non-SST
3197.0,58.959,1.9234,2.3682,0.318,0,Non-SST
3197.5,58.5806,1.916,2.3591,0.3137,0,Non-SST
3198.0,56.4572,1.8983,2.3457,0.3097,0,Non-SST
3198.5,55.1561,1.8687,2.3249,0.3034,0,Non-SST
3199.0,54.0717,1.8469,2.3142,0.2987,5,WTR
3199.5,56.7253,1.826,2.3094,0.2999,0,Non-SST
3200.0,56.5687,1.8055,2.3057,0.3004,0,Non-SST
3200.5,56.4384,1.7705,2.3091,0.3018,0,Non-SST
3201.0,53.8309,1.7657,2.311,0.306,0,Non-SST
3201.5,52.0514,1.793,2.3163,0.3091,0,Non-SST
3202.0,52.016,1.8447,2.3217,0.31,0,Non-SST
3202.5,53.1038,1.9665,2.3277,0.2946,0,Non-SST
3203.0,55.9867,2.0324,2.3413,0.3026,0,Non-SST
3203.5,61.3348,1.9745,2.3476,0.3072,0,Non-SST
3204.0,67.2954,1.8983,2.3519,0.3169,0,Non-SST
3204.5,72.6054,1.6975,2.3525,0.3359,5,WTR
3205.0,74.4699,1.6364,2.3436,0.3747,0,Non-SST
3205.5,76.4316,1.6416,2.3415,0.4014,0,Non-SST
3206.0,79.2815,1.5984,2.3312,0.4116,0,Non-SST
3206.5,83.417,1.5242,2.3279,0.3975,0,Non-SST
3207.0,85.137,1.4986,2.3131,0.3961,0,Non-SST
3207.5,84.0094,1.5333,2.3203,0.3825,0,Non-SST
3208.0,80.8093,1.5614,2.3192,0.3833,0,Non-SST
3208.5,77.7399,1.6178,2.3316,0.3717,0,Non-SST
3209.0,73.8225,1.717,2.3317,0.3655,5,WTR
3209.5,72.661,1.7993,2.3464,0.3552,5,WTR
3210.0,72.952,1.7742,2.3619,0.3458,5,WTR
3210.5,75.7216,1.7625,2.3706,0.3352,5,WTR
3211.0,76.5913,1.8714,2.3706,0.33,5,WTR
3211.5,77.0199,1.8184,2.3654,0.338,5,WTR
3212.0,76.7574,1.7146,2.3524,0.3772,0,Non-SST
3212.5,77.2906,1.6652,2.3484,0.3787,0,Non-SST
3213.0,77.6001,1.556,2.3423,0.3697,0,Non-SST
3213.5,76.1543,1.6767,2.3487,0.3507,5,WTR
3214.0,72.8911,1.8144,2.3579,0.362,5,WTR
3214.5,70.5839,1.8376,2.3761,0.3586,5,WTR
3215.0,68.9151,1.8784,2.3908,0.3359,0,Non-SST
3215.5,69.2188,2.1711,2.3964,0.3436,0,Non-SST
3216.0,68.9024,2.0746,2.3798,0.3527,0,Non-SST
3216.5,69.1319,2.0239,2.3557,0.3605,5,WTR
3217.0,71.2544,2.0307,2.3393,0.3444,5,WTR
3217.5,71.672,2.0065,2.3358,0.3333,5,WTR
3218.0,72.6195,1.9636,2.346,0.3237,5,WTR
3218.5,69.6997,1.9143,2.35,0.3184,5,WTR
3219.0,68.8899,1.8976,2.3597,0.3325,5,WTR
3219.5,70.3324,1.9012,2.3623,0.3346,5,WTR
3220.0,75.1139,1.827,2.3547,0.3621,5,WTR
3220.5,80.859,1.5956,2.3435,0.3677,0,Non-SST
3221.0,83.4802,1.4319,2.3399,0.3845,0,Non-SST
3221.5,81.2149,1.4027,2.3507,0.3703,0,Non-SST
3222.0,76.656,1.6666,2.3726,0.369,0,Non-SST
3222.5,70.884,1.8524,2.3884,0.3627,0,Non-SST
3223.0,69.0876,1.9734,2.3857,0.3512,0,Non-SST
3223.5,67.8,1.921,2.3707,0.3621,0,Non-SST
3224.0,70.8893,1.7897,2.3477,0.3586,5,WTR
3224.5,71.9159,1.7582,2.3353,0.3539,5,WTR
3225.0,75.3674,1.7363,2.3287,0.3417,5,WTR
3225.5,77.1337,1.7224,2.3276,0.349,5,WTR
3226.0,77.7514,1.7042,2.3293,0.3546,0,Non-SST
3226.5,74.2619,1.6982,2.3296,0.3595,5,WTR
3227.0,71.9514,1.7304,2.3372,0.3585,5,WTR
3227.5,69.7772,1.7925,2.3449,0.3588,5,WTR
3228.0,71.9412,1.811,2.3456,0.3484,5,WTR
3228.5,71.3211,1.7267,2.3389,0.348,5,WTR
3229.0,73.2556,1.7131,2.3227,0.3478,5,WTR
3229.5,73.4054,1.6566,2.3075,0.3688,5,WTR
3230.0,77.67,1.4777,2.2868,0.3896,0,Non-SST
3230.5,81.1011,1.3245,2.2729,0.4027,0,Non-SST
3231.0,85.5408,1.2413,2.2628,0.4049,0,Non-SST
3231.5,85.0451,1.2096,2.2553,0.4055,0,Non-SST
3232.0,84.915,1.1684,2.2477,0.4216,0,Non-SST
3232.5,84.117,1.1134,2.238,0.4284,0,Non-SST
3233.0,84.9124,1.0854,2.2263,0.4263,0,Non-SST
3233.5,84.5347,1.0736,2.2151,0.4367,0,Non-SST
3234.0,83.5525,1.0672,2.1989,0.4435,0,Non-SST
3234.5,81.5789,1.0235,2.186,0.4492,0,Non-SST
3235.0,78.997,1.0175,2.1769,0.4512,0,Non-SST
3235.5,77.8566,1.028,2.1679,0.428,0,Non-SST
3236.0,80.4018,1.0173,2.1559,0.4374,0,Non-SST
3236.5,86.7017,1.0078,2.1432,0.4279,0,Non-SST
3237.0,96.6214,1.0064,2.1329,0.4743,0,Non-SST
3237.5,104.8566,0.992,2.1282,0.4659,0,Non-SST
3238.0,114.7287,0.9507,2.1242,0.4593,0,Non-SST
3238.5,122.0431,0.8756,2.1214,0.4575,0,Non-SST
3239.0,132.0534,0.8449,2.1137,0.4828,0,Non-SST
3239.5,155.6313,0.7958,2.0995,0.5292,0,Non-SST
3240.0,191.396,0.7405,2.0783,0.5353,0,Non-SST
3240.5,222.4951,0.6421,2.0562,0.5399,0,Non-SST
3241.0,232.7403,0.6249,2.0333,0.5756,0,Non-SST
3241.5,222.5602,0.6275,2.0144,0.5884,0,Non-SST
3242.0,217.4452,0.5937,1.9943,0.6234,0,Non-SST
3242.5,215.438,0.5529,1.9741,0.6024,0,Non-SST
3243.0,216.4309,0.5198,1.9538,0.6327,0,Non-SST
3243.5,208.9268,0.5094,1.947,0.6637,0,Non-SST
3244.0,198.2551,0.5197,1.9668,0.6563,0,Non-SST
3244.5,177.5621,0.601,2.0027,0.6075,0,Non-SST
3245.0,152.0378,0.8182,2.0702,0.5477,0,Non-SST
3245.5,123.2273,0.9725,2.1244,0.5282,0,Non-SST
3246.0,106.7159,0.9692,2.1717,0.5233,0,Non-SST
3246.5,93.9601,0.9857,2.1952,0.4945,0,Non-SST
3247.0,86.6711,1.043,2.2127,0.4604,0,Non-SST
3247.5,83.2141,1.0972,2.2274,0.4294,0,Non-SST
3248.0,83.0726,1.0762,2.2351,0.3991,0,Non-SST
3248.5,86.6084,1.0516,2.2249,0.4027,0,Non-SST
3249.0,87.5241,1.0676,2.2271,0.4242,0,Non-SST
3249.5,88.2532,1.1294,2.2215,0.4419,0,Non-SST
3250.0,87.364,1.1842,2.2429,0.4516,0,Non-SST
3250.5,89.3688,1.1821,2.2424,0.431,0,Non-SST
3251.0,92.198,1.1734,2.2444,0.4487,0,Non-SST
3251.5,93.3477,1.2204,2.2412,0.4529,0,Non-SST
3252.0,91.7962,1.2196,2.2507,0.4544,0,Non-SST
3252.5,93.3865,1.1953,2.2528,0.4437,0,Non-SST
3253.0,94.0926,1.1936,2.2537,0.4204,0,Non-SST
3253.5,90.5584,1.2067,2.2504,0.4093,0,Non-SST
3254.0,82.2486,1.3504,2.2599,0.4065,0,Non-SST
3254.5,75.4303,1.445,2.2653,0.419,0,Non-SST
3255.0,69.7393,1.4718,2.2734,0.4182,0,Non-SST
3255.5,69.9671,1.5008,2.2761,0.3951,0,Non-SST
3256.0,70.7248,1.5603,2.2879,0.3593,5,WTR
3256.5,68.977,1.6133,2.2949,0.3657,0,Non-SST
3257.0,64.6492,1.6161,2.2971,0.3651,0,Non-SST
3257.5,62.2046,1.6045,2.2807,0.3643,5,WTR
3258.0,66.2302,1.5897,2.2762,0.3533,5,WTR
3258.5,71.9231,1.5517,2.2649,0.355,5,WTR
3259.0,76.4192,1.5165,2.2672,0.3808,0,Non-SST
3259.5,80.861,1.4753,2.2638,0.3802,0,Non-SST
3260.0,88.9616,1.4477,2.2678,0.3937,0,Non-SST
3260.5,95.603,1.3725,2.2745,0.3968,0,Non-SST
3261.0,102.93,1.3041,2.272,0.4266,0,Non-SST
3261.5,106.8986,1.2764,2.2742,0.4439,0,Non-SST
3262.0,110.4409,1.2142,2.2705,0.4613,0,Non-SST
3262.5,113.2502,1.1807,2.2739,0.4644,0,Non-SST
3263.0,114.389,1.1801,2.2736,0.4605,0,Non-SST
3263.5,121.4028,1.1951,2.2683,0.4491,0,Non-SST
3264.0,125.4649,1.1915,2.2605,0.4295,0,Non-SST
3264.5,123.6948,1.1918,2.2465,0.412,0,Non-SST
3265.0,106.2673,1.2727,2.2424,0.373,0,Non-SST
3265.5,85.1975,1.4151,2.2513,0.3435,0,Non-SST
3266.0,64.0416,1.4967,2.2657,0.3336,5,WTR
3266.5,53.6515,1.5559,2.2745,0.3314,5,WTR
3267.0,44.8429,1.5752,2.2626,0.3424,5,WTR
3267.5,41.806,1.5533,2.2484,0.3238,5,WTR
3268.0,39.4785,1.5243,2.2341,0.3478,5,WTR
3268.5,40.3387,1.499,2.2298,0.3453,5,WTR
3269.0,41.9341,1.4804,2.2196,0.3534,5,WTR
3269.5,42.6563,1.434,2.2105,0.3383,5,WTR
3270.0,44.4536,1.4077,2.2109,0.3429,5,WTR
3270.5,46.6911,1.4044,2.2145,0.3352,5,WTR
3271.0,48.1966,1.4143,2.2268,0.3275,5,WTR
3271.5,47.8559,1.4468,2.2302,0.3095,5,WTR
3272.0,45.6544,1.4759,2.2423,0.3123,5,WTR
3272.5,45.4395,1.5168,2.2459,0.3099,5,WTR
3273.0,45.2484,1.5536,2.2487,0.3142,5,WTR
3273.5,42.706,1.5688,2.2517,0.3013,5,WTR
3274.0,41.9098,1.562,2.2504,0.2931,5,WTR
3274.5,40.8851,1.552,2.2422,0.2846,5,WTR
3275.0,43.2387,1.5034,2.2262,0.2917,5,WTR
3275.5,44.4029,1.4321,2.2198,0.312,5,WTR
3276.0,44.8974,1.396,2.2108,0.3374,5,WTR
3276.5,44.7465,1.3656,2.2092,0.3593,5,WTR
3277.0,42.7851,1.3499,2.2018,0.3412,5,WTR
3277.5,42.0511,1.3277,2.2004,0.322,5,WTR
3278.0,42.6945,1.3229,2.1953,0.3092,5,WTR
3278.5,43.3009,1.3321,2.1978,0.3276,5,WTR
3279.0,45.893,1.3477,2.2019,0.3277,5,WTR
3279.5,45.8769,1.3711,2.2108,0.3307,5,WTR
3280.0,47.6232,1.38,2.2106,0.3176,5,WTR
3280.5,47.5874,1.3952,2.2164,0.3145,5,WTR
3281.0,49.8832,1.4148,2.2174,0.3017,5,WTR
3281.5,51.1371,1.4297,2.2208,0.3088,5,WTR
3282.0,51.3142,1.4599,2.2219,0.322,5,WTR
3282.5,52.6797,1.508,2.231,0.3316,5,WTR
3283.0,54.9184,1.5686,2.2429,0.3281,5,WTR
3283.5,57.8136,1.6298,2.2601,0.3113,5,WTR
3284.0,58.8145,1.6642,2.27,0.3034,5,WTR
3284.5,59.1574,1.6993,2.2797,0.3159,5,WTR
3285.0,61.3999,1.7447,2.2935,0.3308,0,Non-SST
3285.5,62.4882,1.7988,2.3009,0.3406,5,WTR
3286.0,64.9432,1.8572,2.3149,0.329,0,Non-SST
3286.5,64.6761,1.9263,2.3214,0.3169,0,Non-SST
3287.0,63.8005,1.9763,2.3267,0.3073,0,Non-SST
3287.5,59.3703,1.9912,2.3291,0.2958,0,Non-SST
3288.0,56.2697,1.9763,2.3179,0.2973,0,Non-SST
3288.5,52.8934,1.911,2.3052,0.2959,5,WTR
3289.0,50.9583,1.8934,2.2899,0.3031,5,WTR
3289.5,49.087,1.8945,2.281,0.2935,5,WTR
3290.0,48.4037,1.8884,2.2907,0.2933,0,Non-SST
3290.5,49.3528,1.9102,2.3036,0.2829,5,WTR
3291.0,52.6544,1.919,2.3211,0.2925,5,WTR
3291.5,55.8787,1.9194,2.3227,0.2988,5,WTR
3292.0,59.065,1.9506,2.3275,0.305,0,Non-SST
3292.5,62.7487,1.9885,2.3331,0.3005,0,Non-SST
3293.0,65.8249,2.0427,2.3446,0.2905,0,Non-SST
3293.5,65.6378,2.0532,2.349,0.2868,0,Non-SST
3294.0,62.6387,2.0673,2.3475,0.2918,0,Non-SST
3294.5,60.6894,2.0708,2.3442,0.2933,0,Non-SST
3295.0,60.7626,2.0398,2.3384,0.2973,0,Non-SST
3295.5,62.963,2.0176,2.3438,0.2922,0,Non-SST
3296.0,64.6464,2.0123,2.3436,0.2927,0,Non-SST
3296.5,66.9396,2.0263,2.3531,0.2963,0,Non-SST
3297.0,66.2944,2.0355,2.353,0.3089,0,Non-SST
3297.5,68.308,2.0407,2.3524,0.3161,0,Non-SST
3298.0,68.1055,2.0419,2.3526,0.3132,0,Non-SST
3298.5,70.4078,2.0392,2.3486,0.3314,0,Non-SST
3299.0,70.2163,2.0418,2.3514,0.3274,0,Non-SST
3299.5,72.3408,2.0298,2.348,0.3301,5,WTR
3300.0,72.5834,2.0366,2.3503,0.3172,5,WTR
3300.5,72.7369,2.0192,2.3446,0.3253,5,WTR
3301.0,73.293,2.0218,2.3504,0.337,5,WTR
3301.5,72.9514,2.0078,2.3506,0.3252,5,WTR
3302.0,74.8116,1.9762,2.349,0.3339,5,WTR
3302.5,75.2759,1.9491,2.3435,0.3486,5,WTR
3303.0,76.4081,1.8843,2.3407,0.3618,5,WTR
3303.5,75.8283,1.8842,2.3455,0.3611,5,WTR
3304.0,75.8426,1.8843,2.3494,0.3669,5,WTR
3304.5,76.4786,1.8641,2.3516,0.3666,5,WTR
3305.0,75.4424,1.8452,2.3499,0.3732,0,Non-SST
3305.5,77.291,1.8522,2.3494,0.3642,0,Non-SST
3306.0,76.9605,1.8653,2.3481,0.3684,0,Non-SST
3306.5,79.7897,1.8627,2.3462,0.3669,0,Non-SST
3307.0,79.372,1.8966,2.3423,0.3489,0,Non-SST
3307.5,77.4744,1.9114,2.3458,0.3473,5,WTR
3308.0,76.1438,1.9508,2.3503,0.3364,5,WTR
3308.5,75.9126,1.9694,2.3503,0.3573,5,WTR
3309.0,75.7238,1.9776,2.3449,0.3585,5,WTR
3309.5,76.6367,1.9999,2.3443,0.3648,0,Non-SST
3310.0,76.272,2.0004,2.3442,0.348,5,WTR
3310.5,76.9176,1.9877,2.3451,0.3577,5,WTR
3311.0,76.0033,1.9643,2.3392,0.3637,5,WTR
3311.5,76.6371,1.9294,2.3387,0.368,0,Non-SST
3312.0,77.2477,1.9712,2.3457,0.366,0,Non-SST
3312.5,76.2207,1.9484,2.3512,0.3722,0,Non-SST
3313.0,73.4119,1.8723,2.3541,0.3823,0,Non-SST
3313.5,74.701,1.8812,2.3457,0.3824,0,Non-SST
3314.0,76.2448,1.8528,2.339,0.3873,0,Non-SST
3314.5,80.5321,1.8132,2.3318,0.3826,0,Non-SST
3315.0,79.8125,1.7935,2.3281,0.391,0,Non-SST
3315.5,79.1436,1.7725,2.3252,0.3766,0,Non-SST
3316.0,78.388,1.7751,2.3284,0.3886,0,Non-SST
3316.5,79.3717,1.7463,2.3272,0.3801,0,Non-SST
3317.0,80.8527,1.7315,2.3276,0.3741,0,Non-SST
3317.5,77.9264,1.721,2.3264,0.3709,0,Non-SST
3318.0,79.1735,1.7195,2.3315,0.3663,0,Non-SST
3318.5,78.412,1.7126,2.3348,0.3669,0,Non-SST
3319.0,79.7309,1.7223,2.3332,0.3736,0,Non-SST
3319.5,80.7612,1.7228,2.3313,0.3785,0,Non-SST
3320.0,81.748,1.7317,2.3271,0.3972,0,Non-SST
3320.5,81.0714,1.7468,2.3223,0.3969,0,Non-SST
3321.0,80.3466,1.7294,2.3161,0.3946,0,Non-SST
3321.5,81.9431,1.7111,2.3156,0.404,0,Non-SST
3322.0,82.8194,1.7138,2.317,0.4125,0,Non-SST
3322.5,83.1646,1.6989,2.3213,0.4078,0,Non-SST
3323.0,80.8865,1.6858,2.3149,0.3983,0,Non-SST
3323.5,82.861,1.6737,2.3152,0.3867,0,Non-SST
3324.0,83.0149,1.6756,2.3161,0.413,0,Non-SST
3324.5,84.0779,1.7004,2.3166,0.4111,0,Non-SST
3325.0,82.8642,1.7058,2.3148,0.4279,0,Non-SST
3325.5,80.5731,1.6708,2.3119,0.4312,0,Non-SST
3326.0,80.5767,1.6527,2.3128,0.4483,0,Non-SST
3326.5,80.1972,1.6198,2.3168,0.4511,0,Non-SST
3327.0,81.2301,1.6223,2.3107,0.4342,0,Non-SST
3327.5,82.4067,1.6144,2.3085,0.4221,0,Non-SST
3328.0,82.7853,1.6079,2.3059,0.4192,0,Non-SST
3328.5,83.2047,1.6048,2.3056,0.4146,0,Non-SST
3329.0,82.6695,1.6169,2.3069,0.4292,0,Non-SST
3329.5,84.6826,1.6167,2.3068,0.4137,0,Non-SST
3330.0,86.3154,1.6074,2.3091,0.4253,0,Non-SST
3330.5,85.71,1.5882,2.3051,0.4261,0,Non-SST
3331.0,85.2143,1.522,2.3045,0.4327,0,Non-SST
3331.5,83.5416,1.4682,2.2992,0.4495,0,Non-SST
3332.0,83.6544,1.4207,2.3057,0.4373,0,Non-SST
3332.5,83.8101,1.4027,2.2975,0.4461,0,Non-SST
3333.0,86.2411,1.3654,2.2983,0.4342,0,Non-SST
3333.5,89.3148,1.3405,2.2921,0.4526,0,Non-SST
3334.0,90.0701,1.3331,2.2964,0.4601,0,Non-SST
3334.5,86.2221,1.3368,2.2938,0.4596,0,Non-SST
3335.0,83.9807,1.3575,2.2926,0.4653,0,Non-SST
3335.5,82.842,1.3906,2.2924,0.4581,0,Non-SST
3336.0,85.2477,1.4348,2.2927,0.4612,0,Non-SST
3336.5,85.7844,1.4763,2.2998,0.4361,0,Non-SST
3337.0,82.2179,1.5203,2.3004,0.4372,0,Non-SST
3337.5,79.637,1.5358,2.3156,0.4307,0,Non-SST
3338.0,79.0285,1.5459,2.3248,0.4228,0,Non-SST
3338.5,81.1003,1.6275,2.3346,0.4237,0,Non-SST
3339.0,83.0341,1.6863,2.3381,0.4385,0,Non-SST
3339.5,81.4016,1.6652,2.3312,0.4636,0,Non-SST
3340.0,81.1857,1.6221,2.3282,0.4516,0,Non-SST
3340.5,80.0125,1.6169,2.3233,0.4213,0,Non-SST
3341.0,82.6052,1.6506,2.3349,0.4015,0,Non-SST
3341.5,82.3818,1.6507,2.3525,0.3891,0,Non-SST
3342.0,83.7464,1.601,2.3538,0.4083,0,Non-SST
3342.5,83.5452,1.5336,2.3456,0.4117,0,Non-SST
3343.0,84.7964,1.4553,2.3347,0.4074,0,Non-SST
3343.5,86.5824,1.4383,2.3217,0.4068,0,Non-SST
3344.0,87.1101,1.3884,2.3126,0.4048,0,Non-SST
3344.5,91.1711,1.332,2.2949,0.4291,0,Non-SST
3345.0,91.5088,1.2978,2.2977,0.4236,0,Non-SST
3345.5,91.4357,1.3015,2.3023,0.437,0,Non-SST
3346.0,90.2229,1.2887,2.3031,0.4486,0,Non-SST
3346.5,91.5155,1.279,2.3026,0.4729,0,Non-SST
3347.0,90.3382,1.27,2.3002,0.492,0,Non-SST
3347.5,92.7003,1.2845,2.3008,0.4837,0,Non-SST
3348.0,91.8652,1.2834,2.3036,0.4803,0,Non-SST
3348.5,96.3441,1.2797,2.3071,0.4682,0,Non-SST
3349.0,97.6957,1.2451,2.3039,0.4801,0,Non-SST
3349.5,97.8874,1.2302,2.2929,0.4813,0,Non-SST
3350.0,96.9192,1.2108,2.2801,0.4787,0,Non-SST
3350.5,94.53,1.2161,2.2802,0.4675,0,Non-SST
3351.0,96.5039,1.2205,2.294,0.4497,0,Non-SST
3351.5,101.6068,1.2659,2.3063,0.4367,0,Non-SST
3352.0,105.0736,1.2862,2.3054,0.4453,0,Non-SST
3352.5,111.9822,1.2481,2.2904,0.4697,0,Non-SST
3353.0,113.7685,1.231,2.2782,0.4678,0,Non-SST
3353.5,113.8336,1.1781,2.2839,0.4428,0,Non-SST
3354.0,104.4956,1.3606,2.2923,0.4214,0,Non-SST
3354.5,95.4804,1.4227,2.2964,0.4154,0,Non-SST
3355.0,90.2004,1.3994,2.2942,0.4353,0,Non-SST
3355.5,89.4811,1.3826,2.2923,0.4241,0,Non-SST
3356.0,88.8535,1.3752,2.3002,0.4387,0,Non-SST
3356.5,90.7309,1.3691,2.3035,0.4252,0,Non-SST
3357.0,89.8922,1.3819,2.3099,0.4372,0,Non-SST
3357.5,91.1068,1.3725,2.3023,0.4432,0,Non-SST
3358.0,85.1325,1.3518,2.3025,0.4587,0,Non-SST
3358.5,84.2449,1.3413,2.3035,0.4545,0,Non-SST
3359.0,83.5635,1.3441,2.3138,0.4547,0,Non-SST
3359.5,88.4976,1.3563,2.3144,0.4533,0,Non-SST
3360.0,87.337,1.3546,2.3107,0.4757,0,Non-SST
3360.5,86.8456,1.3603,2.306,0.4692,0,Non-SST
3361.0,82.6223,1.3758,2.3082,0.466,0,Non-SST
3361.5,85.3574,1.3947,2.3105,0.4654,0,Non-SST
3362.0,86.2643,1.3388,2.3084,0.4737,0,Non-SST
3362.5,89.5784,1.3075,2.3029,0.4726,0,Non-SST
3363.0,90.2306,1.277,2.2954,0.4484,0,Non-SST
3363.5,89.819,1.2642,2.2892,0.4518,0,Non-SST
3364.0,90.6905,1.2467,2.2869,0.473,0,Non-SST
3364.5,92.5777,1.2322,2.2949,0.4866,0,Non-SST
3365.0,89.2238,1.224,2.2939,0.4998,0,Non-SST
3365.5,84.8984,1.2142,2.2988,0.4784,0,Non-SST
3366.0,82.1695,1.226,2.2929,0.4884,0,Non-SST
3366.5,84.8723,1.2648,2.305,0.4905,0,Non-SST
3367.0,86.9925,1.266,2.3105,0.5285,0,Non-SST
3367.5,85.5136,1.2997,2.3181,0.5215,0,Non-SST
3368.0,84.3408,1.2921,2.3152,0.5074,0,Non-SST
3368.5,85.2969,1.279,2.3056,0.4766,0,Non-SST
3369.0,87.1153,1.2789,2.3035,0.4815,0,Non-SST
3369.5,88.1617,1.2798,2.2966,0.4894,0,Non-SST
3370.0,88.6172,1.2794,2.2966,0.4931,0,Non-SST
3370.5,86.8352,1.2907,2.2884,0.4935,0,Non-SST
3371.0,86.6601,1.2896,2.2876,0.4865,0,Non-SST
3371.5,85.4365,1.3044,2.2903,0.4821,0,Non-SST
3372.0,87.0705,1.325,2.2945,0.4708,0,Non-SST
3372.5,84.6809,1.3499,2.3017,0.4588,0,Non-SST
3373.0,83.0558,1.3604,2.3024,0.4527,0,Non-SST
3373.5,81.1557,1.373,2.3074,0.4707,0,Non-SST
3374.0,82.6603,1.379,2.3127,0.4601,0,Non-SST
3374.5,83.949,1.3699,2.313,0.4596,0,Non-SST
3375.0,83.9074,1.3691,2.3087,0.4542,0,Non-SST
3375.5,85.819,1.3541,2.3072,0.4549,0,Non-SST
3376.0,83.9362,1.3955,2.3103,0.4569,0,Non-SST
3376.5,84.9612,1.3816,2.3127,0.4566,0,Non-SST
3377.0,82.5335,1.3819,2.3127,0.4667,0,Non-SST
3377.5,86.5418,1.3987,2.3083,0.4768,0,Non-SST
3378.0,88.0126,1.397,2.312,0.4622,0,Non-SST
3378.5,87.4398,1.4177,2.3122,0.469,0,Non-SST
3379.0,85.4316,1.4273,2.3146,0.4674,0,Non-SST
3379.5,83.3533,1.4019,2.3097,0.4706,0,Non-SST
3380.0,85.7029,1.3714,2.3054,0.4777,0,Non-SST
3380.5,85.5728,1.3807,2.3066,0.477,0,Non-SST
3381.0,86.5219,1.4028,2.3046,0.479,0,Non-SST
3381.5,86.7914,1.4145,2.312,0.4733,0,Non-SST
3382.0,87.681,1.3832,2.311,0.4764,0,Non-SST
3382.5,86.7833,1.378,2.3159,0.4804,0,Non-SST
3383.0,86.2917,1.3784,2.3087,0.483,0,Non-SST
3383.5,84.6578,1.3661,2.3122,0.4623,0,Non-SST
3384.0,85.5518,1.36,2.3128,0.4545,0,Non-SST
3384.5,83.5009,1.342,2.316,0.4456,0,Non-SST
3385.0,84.9847,1.3856,2.3094,0.4648,0,Non-SST
3385.5,83.3579,1.3535,2.3074,0.4858,0,Non-SST
3386.0,83.2436,1.3677,2.3077,0.4904,0,Non-SST
3386.5,83.2128,1.3432,2.3056,0.4921,0,Non-SST
3387.0,85.8336,1.3691,2.3028,0.4716,0,Non-SST
3387.5,85.8352,1.3912,2.3001,0.4744,0,Non-SST
3388.0,86.8894,1.3888,2.3073,0.4755,0,Non-SST
3388.5,85.606,1.393,2.3081,0.4809,0,Non-SST
3389.0,88.2614,1.4251,2.3057,0.4809,0,Non-SST
3389.5,88.0733,1.4237,2.2983,0.4844,0,Non-SST
3390.0,88.0624,1.42,2.2958,0.494,0,Non-SST
3390.5,88.8599,1.3996,2.293,0.5076,0,Non-SST
3391.0,87.7193,1.3816,2.2983,0.5187,0,Non-SST
3391.5,88.2147,1.3764,2.3022,0.5028,0,Non-SST
3392.0,84.9536,1.3724,2.3073,0.4681,0,Non-SST
3392.5,84.0186,1.4044,2.3042,0.4333,0,Non-SST
3393.0,84.0148,1.4261,2.2995,0.4483,0,Non-SST
3393.5,85.6034,1.4055,2.301,0.4655,0,Non-SST
3394.0,84.4868,1.4197,2.3063,0.4832,0,Non-SST
3394.5,83.999,1.4603,2.3101,0.4828,0,Non-SST
3395.0,83.3892,1.491,2.306,0.4778,0,Non-SST
3395.5,82.894,1.4772,2.2981,0.4572,0,Non-SST
3396.0,82.2432,1.4756,2.2924,0.4495,0,Non-SST
3396.5,82.0197,1.4728,2.2927,0.4614,0,Non-SST
3397.0,83.3988,1.4421,2.2902,0.4638,0,Non-SST
3397.5,82.5409,1.4325,2.291,0.4486,0,Non-SST
3398.0,80.1861,1.4405,2.294,0.4416,0,Non-SST
3398.5,79.3993,1.4576,2.3026,0.4683,0,Non-SST
3399.0,79.9956,1.4404,2.302,0.477,0,Non-SST
3399.5,78.6691,1.4304,2.3019,0.4576,0,Non-SST
3400.0,78.9859,1.4162,2.3003,0.4379,0,Non-SST
3400.5,77.5775,1.4069,2.3076,0.43,0,Non-SST
3401.0,80.6139,1.3967,2.3043,0.4585,0,Non-SST
3401.5,81.4906,1.3926,2.302,0.4692,0,Non-SST
3402.0,82.8207,1.3789,2.2969,0.4864,0,Non-SST
3402.5,83.1624,1.3719,2.2966,0.4716,0,Non-SST
3403.0,83.7978,1.3692,2.2984,0.4721,0,Non-SST
3403.5,83.9858,1.3699,2.3003,0.4754,0,Non-SST
3404.0,84.5551,1.3792,2.2998,0.4782,0,Non-SST
3404.5,84.5253,1.4004,2.2935,0.4739,0,Non-SST
3405.0,82.9634,1.3966,2.2897,0.4781,0,Non-SST
3405.5,84.9748,1.3889,2.2874,0.4935,0,Non-SST
3406.0,83.9097,1.3829,2.2917,0.4887,0,Non-SST
3406.5,85.3957,1.3948,2.2936,0.4854,0,Non-SST
3407.0,85.3738,1.3825,2.2977,0.4575,0,Non-SST
3407.5,86.8582,1.3798,2.2907,0.4678,0,Non-SST
3408.0,88.0002,1.3769,2.2868,0.4353,0,Non-SST
3408.5,86.0106,1.3593,2.2833,0.466,0,Non-SST
3409.0,84.6043,1.3981,2.2868,0.4626,0,Non-SST
3409.5,84.7096,1.3973,2.2967,0.4784,0,Non-SST
3410.0,85.431,1.3828,2.2982,0.4961,0,Non-SST
3410.5,86.23,1.371,2.3024,0.5028,0,Non-SST
3411.0,84.7188,1.3649,2.297,0.5322,0,Non-SST
3411.5,85.7431,1.3596,2.2982,0.4949,0,Non-SST
3412.0,85.8523,1.3676,2.2934,0.4884,0,Non-SST
3412.5,85.5866,1.3761,2.293,0.468,0,Non-SST
3413.0,81.9792,1.3908,2.2985,0.4678,0,Non-SST
3413.5,81.1125,1.4104,2.3056,0.4746,0,Non-SST
3414.0,81.8358,1.4049,2.3061,0.4899,0,Non-SST
3414.5,85.2796,1.395,2.2989,0.5218,0,Non-SST
3415.0,86.0767,1.3812,2.2921,0.5253,0,Non-SST
3415.5,85.8073,1.3651,2.2866,0.5281,0,Non-SST
3416.0,85.7793,1.3663,2.2797,0.4931,0,Non-SST
3416.5,87.6306,1.3658,2.2828,0.4696,0,Non-SST
3417.0,88.8852,1.3663,2.2894,0.4628,0,Non-SST
3417.5,87.6723,1.3591,2.2979,0.4852,0,Non-SST
3418.0,84.2594,1.3403,2.2984,0.4999,0,Non-SST
3418.5,87.106,1.337,2.2922,0.4831,0,Non-SST
3419.0,86.8043,1.3473,2.2965,0.4686,0,Non-SST
3419.5,88.5141,1.3684,2.2955,0.4658,0,Non-SST
3420.0,86.2405,1.3621,2.295,0.48,0,Non-SST
3420.5,87.1877,1.3392,2.2894,0.5199,0,Non-SST
3421.0,87.8258,1.3259,2.2843,0.5211,0,Non-SST
3421.5,84.7872,1.3204,2.2823,0.5105,0,Non-SST
3422.0,85.2423,1.3018,2.2782,0.4925,0,Non-SST
3422.5,87.4547,1.2851,2.2752,0.4817,0,Non-SST
3423.0,88.6681,1.2619,2.2761,0.5004,0,Non-SST
3423.5,88.1388,1.2428,2.2713,0.4788,0,Non-SST
3424.0,82.5952,1.2347,2.2768,0.4821,0,Non-SST
3424.5,81.1573,1.2466,2.2866,0.4817,0,Non-SST
3425.0,77.2169,1.2555,2.3058,0.5004,0,Non-SST
3425.5,79.2666,1.2909,2.3116,0.5018,0,Non-SST
3426.0,80.6261,1.3284,2.307,0.5123,0,Non-SST
3426.5,82.399,1.3422,2.2995,0.5062,0,Non-SST
3427.0,84.2946,1.3301,2.2974,0.522,0,Non-SST
3427.5,85.3372,1.3065,2.3024,0.4959,0,Non-SST
3428.0,86.8195,1.2868,2.3039,0.5011,0,Non-SST
3428.5,85.4173,1.2735,2.3022,0.4986,0,Non-SST
3429.0,87.3792,1.2994,2.2985,0.5134,0,Non-SST
3429.5,87.9721,1.3241,2.2952,0.4868,0,Non-SST
3430.0,88.1259,1.3191,2.3016,0.4784,0,Non-SST
3430.5,86.9452,1.3274,2.3034,0.4793,0,Non-SST
3431.0,87.0321,1.3596,2.3035,0.4986,0,Non-SST
3431.5,87.292,1.3677,2.2999,0.5129,0,Non-SST
3432.0,87.3657,1.3868,2.3001,0.4923,0,Non-SST
3432.5,87.1452,1.3649,2.3027,0.4773,0,Non-SST
3433.0,86.5057,1.3349,2.3004,0.4524,0,Non-SST
3433.5,88.4797,1.3367,2.3029,0.4612,0,Non-SST
3434.0,89.6788,1.3274,2.299,0.4786,0,Non-SST
3434.5,90.2101,1.3233,2.2973,0.4929,0,Non-SST
3435.0,87.669,1.3298,2.2915,0.4991,0,Non-SST
3435.5,86.2347,1.3277,2.292,0.4894,0,Non-SST
3436.0,84.4342,1.3105,2.2932,0.4842,0,Non-SST
3436.5,83.789,1.3122,2.2923,0.4795,0,Non-SST
3437.0,84.9297,1.3111,2.2888,0.4971,0,Non-SST
3437.5,84.8686,1.2906,2.2913,0.4784,0,Non-SST
3438.0,85.6297,1.2866,2.2863,0.4711,0,Non-SST
3438.5,86.4291,1.2764,2.2961,0.4466,0,Non-SST
3439.0,88.7425,1.2604,2.2976,0.4583,0,Non-SST
3439.5,90.7161,1.3131,2.3039,0.4698,0,Non-SST
3440.0,91.3668,1.3165,2.3019,0.4843,0,Non-SST
3440.5,90.9925,1.3091,2.2958,0.5002,0,Non-SST
3441.0,91.3364,1.285,2.2942,0.4854,0,Non-SST
3441.5,88.332,1.2657,2.2971,0.4785,0,Non-SST
3442.0,88.5924,1.2669,2.2911,0.4632,0,Non-SST
3442.5,86.3697,1.2911,2.2872,0.4811,0,Non-SST
3443.0,86.8629,1.3015,2.2733,0.4787,0,Non-SST
3443.5,87.474,1.2796,2.2674,0.5006,0,Non-SST
3444.0,87.1495,1.289,2.2645,0.4968,0,Non-SST
3444.5,88.7436,1.3022,2.2734,0.5004,0,Non-SST
3445.0,88.8214,1.281,2.2844,0.4976,0,Non-SST
3445.5,90.0381,1.2824,2.2894,0.4924,0,Non-SST
3446.0,88.9372,1.2743,2.2839,0.503,0,Non-SST
3446.5,88.4416,1.2453,2.2809,0.5047,0,Non-SST
3447.0,87.9592,1.2622,2.2818,0.506,0,Non-SST
3447.5,90.9942,1.2639,2.2818,0.4967,0,Non-SST
3448.0,90.0092,1.2509,2.2834,0.4733,0,Non-SST
3448.5,91.2886,1.2557,2.2796,0.4985,0,Non-SST
3449.0,88.5581,1.2575,2.2936,0.5011,0,Non-SST
3449.5,87.987,1.1787,2.3211,0.5184,0,Non-SST
3450.0,83.8117,1.2102,2.3545,0.4917,0,Non-SST
3450.5,84.4583,1.4121,2.3548,0.496,0,Non-SST
3451.0,86.6579,1.2541,2.3339,0.5109,0,Non-SST
3451.5,90.2627,1.2528,2.3065,0.5302,0,Non-SST
3452.0,91.0579,1.2328,2.2963,0.5263,0,Non-SST
3452.5,89.4656,1.21,2.2863,0.5278,0,Non-SST
3453.0,90.0743,1.2347,2.2861,0.5164,0,Non-SST
3453.5,85.5451,1.2376,2.2864,0.5332,0,Non-SST
3454.0,84.2164,1.2582,2.2907,0.5183,0,Non-SST
3454.5,81.3279,1.244,2.2935,0.4997,0,Non-SST
3455.0,85.667,1.249,2.2905,0.4827,0,Non-SST
3455.5,87.1852,1.2389,2.2858,0.4743,0,Non-SST
3456.0,90.9806,1.2349,2.2754,0.5017,0,Non-SST
3456.5,91.2847,1.2201,2.2745,0.5149,0,Non-SST
3457.0,92.0063,1.2139,2.2805,0.5265,0,Non-SST
3457.5,89.1216,1.2202,2.2819,0.5356,0,Non-SST
3458.0,87.5672,1.228,2.2832,0.5297,0,Non-SST
3458.5,86.789,1.2308,2.2802,0.5393,0,Non-SST
3459.0,87.9676,1.2306,2.2806,0.5527,0,Non-SST
3459.5,88.7626,1.2173,2.2772,0.5617,0,Non-SST
3460.0,89.8823,1.1912,2.2705,0.5762,0,Non-SST
3460.5,89.5048,1.1877,2.2677,0.5763,0,Non-SST
3461.0,88.9354,1.1929,2.267,0.5569,0,Non-SST
3461.5,85.2902,1.1932,2.2686,0.5388,0,Non-SST
3462.0,85.9695,1.1946,2.2809,0.5003,0,Non-SST
3462.5,82.9693,1.2634,2.2903,0.5169,0,Non-SST
3463.0,86.8762,1.203,2.301,0.5087,0,Non-SST
3463.5,86.8159,1.1602,2.2932,0.5109,0,Non-SST
3464.0,88.7895,1.1897,2.2863,0.4995,0,Non-SST
3464.5,89.5885,1.197,2.2789,0.5005,0,Non-SST
3465.0,86.6523,1.1761,2.2852,0.5121,0,Non-SST
3465.5,87.1134,1.1788,2.2842,0.5123,0,Non-SST
3466.0,84.482,1.1938,2.2871,0.5232,0,Non-SST
3466.5,85.7687,1.1965,2.2932,0.5272,0,Non-SST
3467.0,85.9906,1.2128,2.2959,0.516,0,Non-SST
3467.5,85.3958,1.1954,2.2945,0.4983,0,Non-SST
3468.0,83.8565,1.2161,2.2789,0.5076,0,Non-SST
3468.5,80.6701,1.321,2.2757,0.5066,0,Non-SST
3469.0,79.3002,1.3227,2.2675,0.5301,0,Non-SST
3469.5,76.1367,1.3191,2.2607,0.4903,0,Non-SST
3470.0,73.9717,1.3232,2.2536,0.5145,0,Non-SST
3470.5,71.739,1.323,2.2564,0.4943,0,Non-SST
3471.0,73.637,1.3581,2.2586,0.5,0,Non-SST
3471.5,78.0018,1.3687,2.2552,0.463,0,Non-SST
3472.0,79.329,1.3507,2.2421,0.4587,0,Non-SST
3472.5,79.1793,1.4302,2.2419,0.44,0,Non-SST
3473.0,74.3621,1.4879,2.2496,0.4649,0,Non-SST
3473.5,68.0214,1.5309,2.2637,0.4346,0,Non-SST
3474.0,60.162,1.6197,2.2638,0.4265,0,Non-SST
3474.5,55.2535,1.6867,2.2595,0.3925,0,Non-SST
3475.0,53.2406,1.7336,2.2433,0.4133,5,WTR
3475.5,51.2299,1.7403,2.234,0.4117,5,WTR
3476.0,51.1279,1.7374,2.2216,0.416,5,WTR
3476.5,53.2915,1.7267,2.2241,0.3997,5,WTR
3477.0,55.0007,1.7241,2.2286,0.3956,5,WTR
3477.5,54.7375,1.7329,2.2354,0.3882,5,WTR
3478.0,54.0528,1.727,2.2354,0.383,5,WTR
3478.5,59.1754,1.6134,2.2421,0.3881,0,Non-SST
3479.0,66.0419,1.4061,2.2501,0.387,0,Non-SST
3479.5,73.5235,1.2965,2.2654,0.4054,0,Non-SST
3480.0,75.4209,1.2812,2.2728,0.4223,0,Non-SST
3480.5,76.1025,1.289,2.2845,0.4388,0,Non-SST
3481.0,72.8497,1.2346,2.2865,0.4334,0,Non-SST
3481.5,72.8891,1.1671,2.2917,0.4397,0,Non-SST
3482.0,73.348,1.2476,2.2919,0.4456,0,Non-SST
3482.5,75.3085,1.2775,2.3053,0.4528,0,Non-SST
3483.0,76.5094,1.3116,2.3191,0.4339,0,Non-SST
3483.5,76.5059,1.3165,2.3233,0.4194,0,Non-SST
3484.0,76.1249,1.3159,2.3532,0.3717,0,Non-SST
3484.5,71.6212,1.2825,2.4063,0.3173,0,Non-SST
3485.0,64.3879,1.8016,2.5037,0.2802,0,Non-SST
3485.5,58.6592,3.5537,2.5561,0.2687,0,Non-SST
3486.0,59.1897,3.9101,2.56,0.2936,0,Non-SST
3486.5,62.9314,3.5671,2.542,0.2897,0,Non-SST
3487.0,67.9874,3.2229,2.5194,0.322,0,Non-SST
3487.5,73.0375,2.6207,2.472,0.3323,0,Non-SST
3488.0,78.0129,1.8102,2.4138,0.3684,0,Non-SST
3488.5,78.3456,1.4968,2.3638,0.3528,0,Non-SST
3489.0,75.1893,1.613,2.3428,0.3772,0,Non-SST
3489.5,71.9644,1.7075,2.333,0.3731,0,Non-SST
3490.0,74.775,1.4732,2.3337,0.4006,0,Non-SST
3490.5,78.6123,1.241,2.3249,0.3898,0,Non-SST
3491.0,79.0882,1.32,2.3218,0.4051,0,Non-SST
3491.5,76.0263,1.406,2.3197,0.4139,0,Non-SST
3492.0,71.3226,1.4881,2.3268,0.4174,0,Non-SST
3492.5,67.428,1.5521,2.3302,0.415,0,Non-SST
3493.0,64.4179,1.6508,2.3264,0.3905,0,Non-SST
3493.5,59.1426,1.7194,2.3232,0.3799,0,Non-SST
3494.0,57.0164,1.7022,2.3122,0.3561,0,Non-SST
3494.5,54.4868,1.6331,2.2994,0.3408,5,WTR
3495.0,52.8164,1.548,2.3072,0.3261,5,WTR
3495.5,46.7452,1.5436,2.3069,0.3205,5,WTR
3496.0,43.3528,1.8823,2.3417,0.3267,0,Non-SST
3496.5,43.1999,1.9328,2.3386,0.3512,5,WTR
3497.0,47.3988,1.8045,2.3514,0.3551,0,Non-SST
3497.5,51.005,1.6901,2.3236,0.3507,5,WTR
3498.0,53.5851,1.5561,2.3144,0.3385,5,WTR
3498.5,53.2592,1.5501,2.3158,0.3449,5,WTR
3499.0,52.5361,1.5749,2.3228,0.3608,0,Non-SST
3499.5,52.197,1.5555,2.3403,0.3516,0,Non-SST
3500.0,55.6884,1.6526,2.3519,0.3312,0,Non-SST
3500.5,57.8541,1.7407,2.3534,0.3297,0,Non-SST
3501.0,58.3714,1.718,2.334,0.3267,0,Non-SST
3501.5,53.5491,1.6707,2.3089,0.3278,5,WTR
3502.0,50.6236,1.6456,2.2958,0.3068,0,Non-SST
3502.5,47.8665,1.6635,2.3011,0.3011,5,WTR
3503.0,52.2057,1.6479,2.3058,0.3019,5,WTR
3503.5,54.0315,1.6671,2.3118,0.3042,5,WTR
3504.0,58.6603,1.6902,2.3176,0.304,0,Non-SST
3504.5,61.8388,1.6936,2.3249,0.3167,0,Non-SST
3505.0,68.8192,1.7025,2.3375,0.3466,0,Non-SST
3505.5,75.4656,1.6971,2.3367,0.3592,0,Non-SST
3506.0,78.8663,1.7091,2.3365,0.3588,0,Non-SST
3506.5,79.9342,1.7182,2.3388,0.3574,0,Non-SST
3507.0,79.0954,1.7191,2.3398,0.3679,0,Non-SST
3507.5,79.9066,1.7219,2.3494,0.3595,0,Non-SST
3508.0,81.1577,1.7209,2.3534,0.354,0,Non-SST
3508.5,82.0804,1.7168,2.3658,0.3634,0,Non-SST
3509.0,81.1691,1.7136,2.3703,0.3737,0,Non-SST
3509.5,79.6884,1.7115,2.3683,0.356,0,Non-SST
3510.0,83.8165,1.7123,2.3585,0.349,0,Non-SST
3510.5,88.6288,1.7097,2.3451,0.3458,0,Non-SST
3511.0,91.2102,1.6618,2.3421,0.3606,0,Non-SST
3511.5,90.447,1.5684,2.3413,0.3635,0,Non-SST
3512.0,91.8981,1.4547,2.337,0.3771,0,Non-SST
3512.5,98.3,1.3868,2.3241,0.404,0,Non-SST
3513.0,104.2619,1.4086,2.2994,0.4077,0,Non-SST
3513.5,112.8433,1.323,2.2689,0.4233,0,Non-SST
3514.0,125.419,1.0901,2.223,0.4253,0,Non-SST
3514.5,134.9143,0.8569,2.1891,0.4611,0,Non-SST
3515.0,137.8872,0.7731,2.1783,0.4704,0,Non-SST
3515.5,126.4971,0.8839,2.2019,0.4576,0,Non-SST
3516.0,115.4473,1.2457,2.2526,0.4392,0,Non-SST
3516.5,102.9063,1.2685,2.2913,0.431,0,Non-SST
3517.0,95.3964,1.2665,2.3211,0.4404,0,Non-SST
3517.5,91.1069,1.407,2.3176,0.4221,0,Non-SST
3518.0,88.6395,1.5078,2.3227,0.4034,0,Non-SST
3518.5,87.4969,1.5891,2.3295,0.3852,0,Non-SST
3519.0,84.272,1.6416,2.3476,0.3843,0,Non-SST
3519.5,83.3266,1.6885,2.3608,0.3896,0,Non-SST
3520.0,80.9748,1.72,2.3656,0.3929,0,Non-SST
3520.5,80.6693,1.7461,2.3577,0.3838,0,Non-SST
3521.0,76.1485,1.781,2.3558,0.3536,5,WTR
3521.5,74.4272,1.8195,2.351,0.3364,5,WTR
3522.0,70.7085,1.8093,2.3559,0.3302,5,WTR
3522.5,70.4063,1.7845,2.3534,0.3379,5,WTR
3523.0,70.5713,1.7737,2.3502,0.34,0,Non-SST
3523.5,71.5035,1.7653,2.3439,0.3487,5,WTR
3524.0,72.0352,1.7624,2.3399,0.3625,5,WTR
3524.5,72.984,1.6859,2.3345,0.3579,0,Non-SST
3525.0,72.9217,1.6174,2.3271,0.3537,0,Non-SST
3525.5,71.7064,1.6296,2.3175,0.3461,0,Non-SST
3526.0,70.8319,1.6314,2.3144,0.3509,0,Non-SST
3526.5,72.4641,1.6667,2.3164,0.3566,0,Non-SST
3527.0,76.3365,1.6152,2.3294,0.3941,0,Non-SST
3527.5,80.816,1.6559,2.3339,0.3978,0,Non-SST
3528.0,83.1478,1.476,2.3434,0.3907,0,Non-SST
3528.5,83.9055,1.6937,2.347,0.3839,0,Non-SST
3529.0,84.8941,1.7207,2.3546,0.3893,0,Non-SST
3529.5,83.9271,1.6573,2.3547,0.4152,0,Non-SST
3530.0,83.7027,1.6526,2.344,0.3964,0,Non-SST
3530.5,78.9164,1.6113,2.3479,0.3742,0,Non-SST
3531.0,71.9364,1.6198,2.3209,0.3388,0,Non-SST
3531.5,62.0634,1.6391,2.2964,0.3205,0,Non-SST
3532.0,51.6251,1.502,2.2613,0.3251,5,WTR
3532.5,47.8288,1.3915,2.2452,0.3247,5,WTR
3533.0,47.4895,1.4346,2.2432,0.3246,5,WTR
3533.5,54.3231,1.5782,2.2579,0.3185,5,WTR
3534.0,60.4717,1.7259,2.2897,0.3513,0,Non-SST
3534.5,67.1871,1.8444,2.2788,0.3862,0,Non-SST
3535.0,66.9622,2.0312,2.1474,0.5245,0,Non-SST
3535.5,61.1174,2.5576,1.9018,0.6003,0,Non-SST
3536.0,55.3097,3.1227,1.7413,0.626,0,Non-SST
3536.5,55.6499,2.978,1.7511,0.5314,0,Non-SST
3537.0,64.1014,2.2872,1.9152,0.44,0,Non-SST
3537.5,73.1763,1.71,2.167,0.4044,0,Non-SST
3538.0,78.8685,1.4222,2.3228,0.3888,0,Non-SST
3538.5,81.6543,1.6727,2.3732,0.3761,0,Non-SST
3539.0,81.3868,1.7615,2.3784,0.3711,0,Non-SST
3539.5,83.3268,1.6736,2.3737,0.3586,0,Non-SST
3540.0,82.5279,1.709,2.3783,0.3672,0,Non-SST
3540.5,81.2769,1.7666,2.3844,0.3474,0,Non-SST
3541.0,77.441,1.844,2.3893,0.3448,0,Non-SST
3541.5,75.249,1.8891,2.3857,0.3301,0,Non-SST
3542.0,73.9962,1.9274,2.3779,0.3308,0,Non-SST
3542.5,70.9228,1.9287,2.3702,0.3251,0,Non-SST
3543.0,66.1664,1.8822,2.3416,0.3317,0,Non-SST
3543.5,59.8518,1.7466,2.3155,0.3333,0,Non-SST
3544.0,54.4208,1.6237,2.2859,0.3388,5,WTR
3544.5,51.7636,1.5736,2.2729,0.3412,5,WTR
3545.0,51.3972,1.5104,2.2642,0.3461,5,WTR
3545.5,51.2833,1.3986,2.252,0.346,5,WTR
3546.0,49.185,1.3064,2.2441,0.3491,5,WTR
3546.5,49.0328,1.0593,2.231,0.3411,5,WTR
3547.0,54.6157,1.2074,2.2451,0.3447,5,WTR
3547.5,62.9027,1.2773,2.2623,0.3545,0,Non-SST
3548.0,71.7199,1.3114,2.2796,0.3784,0,Non-SST
3548.5,74.4153,1.3816,2.2722,0.3815,0,Non-SST
3549.0,74.3017,1.3939,2.2631,0.3725,0,Non-SST
3549.5,68.1408,1.4957,2.2674,0.3523,0,Non-SST
3550.0,61.2298,1.5395,2.281,0.3432,0,Non-SST
3550.5,54.4358,1.5281,2.2861,0.3491,0,Non-SST
3551.0,52.7654,1.4775,2.2848,0.3486,5,WTR
3551.5,54.7018,1.4359,2.2864,0.3506,0,Non-SST
3552.0,60.4723,1.4643,2.2977,0.3541,0,Non-SST
3552.5,67.1899,1.5106,2.3063,0.374,0,Non-SST
3553.0,72.9203,1.4267,2.3023,0.3944,0,Non-SST
3553.5,76.791,1.4004,2.2977,0.3921,0,Non-SST
3554.0,78.8835,1.4158,2.3044,0.3873,0,Non-SST
3554.5,80.2789,1.4414,2.3154,0.3898,0,Non-SST
3555.0,80.5807,1.4365,2.3189,0.3989,0,Non-SST
3555.5,80.8084,1.4099,2.3212,0.4024,0,Non-SST
3556.0,80.0569,1.4665,2.3301,0.3808,0,Non-SST
3556.5,78.3498,1.6396,2.3391,0.3746,0,Non-SST
3557.0,77.8167,1.6931,2.3561,0.3723,0,Non-SST
3557.5,78.5379,1.5527,2.369,0.3769,0,Non-SST
3558.0,82.2227,1.5347,2.3832,0.3848,0,Non-SST
3558.5,86.5118,1.5768,2.3819,0.3805,0,Non-SST
3559.0,87.0943,1.5611,2.3792,0.3773,0,Non-SST
3559.5,88.307,1.5596,2.3868,0.3705,0,Non-SST
3560.0,85.0787,1.6156,2.3937,0.3833,0,Non-SST
3560.5,83.7405,1.73,2.3995,0.3781,0,Non-SST
3561.0,79.5033,1.8591,2.3981,0.3689,0,Non-SST
3561.5,75.366,1.9616,2.3948,0.3425,0,Non-SST
3562.0,71.6427,2.0929,2.3891,0.3309,0,Non-SST
3562.5,69.8078,1.9779,2.3871,0.324,0,Non-SST
3563.0,69.2751,1.8965,2.3851,0.3208,0,Non-SST
3563.5,71.0242,1.8915,2.3807,0.3354,0,Non-SST
3564.0,73.6401,1.8097,2.3748,0.333,0,Non-SST
3564.5,78.9174,1.7639,2.37,0.3576,0,Non-SST
3565.0,81.4214,1.7493,2.3652,0.3641,0,Non-SST
3565.5,81.5471,1.7645,2.3649,0.3691,0,Non-SST
3566.0,79.308,1.8109,2.3584,0.3574,0,Non-SST
3566.5,77.1474,1.8862,2.3677,0.3554,0,Non-SST
3567.0,73.947,1.8559,2.3663,0.3409,5,WTR
3567.5,70.913,1.9642,2.3765,0.3344,0,Non-SST
3568.0,69.9988,2.0156,2.3827,0.3235,0,Non-SST
3568.5,71.5553,1.9824,2.3937,0.3241,0,Non-SST
3569.0,73.376,1.9518,2.3922,0.3296,0,Non-SST
3569.5,75.0852,1.9394,2.3882,0.3482,0,Non-SST
3570.0,73.418,1.9641,2.3906,0.3597,0,Non-SST
3570.5,72.888,2.0125,2.398,0.3439,0,Non-SST
3571.0,69.1275,2.0272,2.3982,0.3194,0,Non-SST
3571.5,68.1405,2.1151,2.3935,0.3249,0,Non-SST
3572.0,67.5543,2.1664,2.3841,0.3279,0,Non-SST
3572.5,70.1386,2.0935,2.377,0.3294,0,Non-SST
3573.0,74.4268,2.0185,2.371,0.3232,0,Non-SST
3573.5,75.0112,1.9837,2.3652,0.332,5,WTR
3574.0,76.5924,1.9266,2.3626,0.3321,5,WTR
3574.5,76.7821,1.8879,2.362,0.3301,5,WTR
3575.0,78.487,1.862,2.3672,0.3303,0,Non-SST
3575.5,79.3751,1.8652,2.3751,0.3403,0,Non-SST
3576.0,75.199,1.9285,2.3833,0.3339,0,Non-SST
3576.5,70.6837,2.019,2.3976,0.3228,0,Non-SST
3577.0,65.2549,2.0608,2.3933,0.3169,0,Non-SST
3577.5,60.5458,2.1287,2.387,0.3203,0,Non-SST
3578.0,57.6111,2.0951,2.3704,0.3123,0,Non-SST
3578.5,54.6487,2.0767,2.3644,0.2952,0,Non-SST
3579.0,54.4208,2.0908,2.3521,0.2799,0,Non-SST
3579.5,53.5998,2.1074,2.3411,0.2721,0,Non-SST
3580.0,51.6396,2.1011,2.3417,0.2801,0,Non-SST
3580.5,51.0335,2.0788,2.3433,0.2813,0,Non-SST
3581.0,51.6029,2.0268,2.3531,0.2862,0,Non-SST
3581.5,53.4861,2.0497,2.353,0.2804,5,WTR
3582.0,54.2224,2.1208,2.3628,0.2717,0,Non-SST
3582.5,52.9673,2.1532,2.3683,0.2652,0,Non-SST
3583.0,53.6138,2.1694,2.3725,0.2564,0,Non-SST
3583.5,55.4206,2.1608,2.3712,0.2634,0,Non-SST
3584.0,55.8658,2.1508,2.3655,0.27,0,Non-SST
3584.5,56.1668,2.1257,2.3652,0.2847,0,Non-SST
3585.0,58.2576,2.1011,2.3713,0.2939,0,Non-SST
3585.5,61.7603,2.0971,2.3796,0.3039,0,Non-SST
3586.0,66.447,2.0487,2.3835,0.3129,0,Non-SST
3586.5,68.6742,1.9978,2.3813,0.3263,0,Non-SST
3587.0,74.4042,1.9729,2.3848,0.3337,0,Non-SST
3587.5,76.3651,1.9551,2.3873,0.3395,0,Non-SST
3588.0,77.4787,1.9379,2.3901,0.3491,0,Non-SST
3588.5,74.9783,1.926,2.3859,0.3603,0,Non-SST
3589.0,71.6739,1.9585,2.3851,0.3578,0,Non-SST
3589.5,70.0035,2.0272,2.3813,0.3541,0,Non-SST
3590.0,69.5826,2.0926,2.3783,0.3584,0,Non-SST
3590.5,72.3176,1.9576,2.3671,0.3694,0,Non-SST
3591.0,74.8577,1.7731,2.3627,0.3885,0,Non-SST
3591.5,80.8952,1.6458,2.3527,0.3984,0,Non-SST
3592.0,85.4852,1.4385,2.3466,0.4081,0,Non-SST
3592.5,88.966,1.3289,2.3395,0.406,0,Non-SST
3593.0,90.1789,1.2951,2.3318,0.4224,0,Non-SST
3593.5,90.4083,1.248,2.3313,0.4368,0,Non-SST
3594.0,91.6723,1.2382,2.3275,0.4609,0,Non-SST
3594.5,90.2715,1.2943,2.33,0.465,0,Non-SST
3595.0,88.4868,1.3326,2.3357,0.4874,0,Non-SST
3595.5,87.0483,1.3437,2.3387,0.5016,0,Non-SST
3596.0,87.8816,1.3417,2.3371,0.503,0,Non-SST
3596.5,90.5393,1.3564,2.3321,0.4992,0,Non-SST
3597.0,91.4734,1.3742,2.3313,0.4659,0,Non-SST
3597.5,90.0687,1.3581,2.3318,0.4586,0,Non-SST
3598.0,88.1311,1.3382,2.3236,0.4381,0,Non-SST
3598.5,88.5257,1.3503,2.32,0.4561,0,Non-SST
3599.0,88.0682,1.3251,2.321,0.4844,0,Non-SST
3599.5,88.3737,1.2811,2.3316,0.5083,0,Non-SST
3600.0,87.1693,1.2671,2.3339,0.508,0,Non-SST
3600.5,88.7276,1.2992,2.3319,0.4742,0,Non-SST
3601.0,87.511,1.3593,2.3263,0.4401,0,Non-SST
3601.5,88.5615,1.3583,2.3295,0.4598,0,Non-SST
3602.0,87.1588,1.3566,2.3344,0.4528,0,Non-SST
3602.5,87.8839,1.4011,2.3464,0.4624,0,Non-SST
3603.0,84.2759,1.5158,2.3585,0.4215,0,Non-SST
3603.5,81.0058,1.724,2.3771,0.4084,0,Non-SST
3604.0,77.7378,1.8088,2.3865,0.3819,0,Non-SST
3604.5,77.7133,1.7819,2.3835,0.3786,0,Non-SST
3605.0,76.5386,1.7002,2.3841,0.3629,0,Non-SST
3605.5,75.6672,1.7854,2.3863,0.3526,0,Non-SST
3606.0,73.3003,1.8393,2.3935,0.3292,0,Non-SST
3606.5,72.6308,1.8342,2.3933,0.326,0,Non-SST
3607.0,70.3923,1.8235,2.3921,0.323,0,Non-SST
3607.5,66.1394,1.835,2.3853,0.3195,0,Non-SST
3608.0,62.483,1.9195,2.3843,0.3153,0,Non-SST
3608.5,60.7348,1.9747,2.3768,0.3126,0,Non-SST
3609.0,59.8252,2.0099,2.3727,0.3119,0,Non-SST
3609.5,59.4467,1.9555,2.3603,0.3307,0,Non-SST
3610.0,58.8398,1.945,2.3621,0.3277,0,Non-SST
3610.5,60.1711,1.9736,2.3631,0.324,0,Non-SST
3611.0,61.019,1.9684,2.3736,0.2972,0,Non-SST
3611.5,62.3841,1.9872,2.3755,0.2922,0,Non-SST
3612.0,64.2063,2.0113,2.3832,0.2982,0,Non-SST
3612.5,64.4201,2.0234,2.3837,0.3152,0,Non-SST
3613.0,64.3217,2.0322,2.3839,0.3249,0,Non-SST
3613.5,61.3226,2.026,2.3778,0.321,0,Non-SST
3614.0,59.1955,2.0133,2.3719,0.3083,0,Non-SST
3614.5,57.8161,2.0009,2.3656,0.3014,0,Non-SST
3615.0,56.8402,2.0059,2.3616,0.2954,0,Non-SST
3615.5,54.7528,1.9867,2.3505,0.2883,0,Non-SST
3616.0,52.1311,1.9379,2.3372,0.2829,5,WTR
3616.5,52.839,1.9304,2.3344,0.2835,5,WTR
3617.0,55.8754,1.9521,2.3438,0.2871,0,Non-SST
3617.5,57.7975,1.9414,2.3561,0.2931,0,Non-SST
3618.0,59.2804,1.968,2.3588,0.297,0,Non-SST
3618.5,60.0328,1.9964,2.3635,0.2995,0,Non-SST
3619.0,62.0296,2.0098,2.3709,0.2958,0,Non-SST
3619.5,60.5157,2.036,2.3774,0.2866,0,Non-SST
3620.0,60.9035,2.0418,2.3752,0.2801,0,Non-SST
3620.5,61.6916,2.0642,2.3693,0.283,0,Non-SST
3621.0,62.5348,2.066,2.3704,0.2879,0,Non-SST
3621.5,63.3686,2.0704,2.3738,0.2993,0,Non-SST
3622.0,62.6106,2.07,2.3797,0.3062,0,Non-SST
3622.5,63.3922,2.0637,2.3768,0.304,0,Non-SST
3623.0,62.6828,2.1027,2.3743,0.2981,0,Non-SST
3623.5,63.7457,2.1093,2.3783,0.2916,0,Non-SST
3624.0,63.937,2.1044,2.3766,0.2911,0,Non-SST
3624.5,66.0524,2.0879,2.3785,0.2972,0,Non-SST
3625.0,66.7625,2.0426,2.3833,0.3044,0,Non-SST
3625.5,68.6987,2.031,2.3937,0.3126,0,Non-SST
3626.0,66.9511,2.0384,2.3963,0.319,0,Non-SST
3626.5,66.5082,2.0365,2.4016,0.3082,0,Non-SST
3627.0,68.3288,2.0226,2.3965,0.3033,0,Non-SST
3627.5,69.5316,2.0075,2.4002,0.2947,0,Non-SST
3628.0,71.0865,1.9948,2.3922,0.3068,0,Non-SST
3628.5,67.5944,2.0033,2.3938,0.3114,0,Non-SST
3629.0,66.8471,2.0281,2.3901,0.3129,0,Non-SST
3629.5,64.7227,2.0176,2.3825,0.3051,0,Non-SST
3630.0,65.5196,1.8934,2.3698,0.2991,0,Non-SST
3630.5,68.5944,1.8064,2.3657,0.3017,0,Non-SST
3631.0,68.8207,1.7618,2.3669,0.3061,0,Non-SST
3631.5,69.2791,1.7431,2.38,0.3165,0,Non-SST
3632.0,66.6501,1.7679,2.3801,0.3061,0,Non-SST
3632.5,63.9562,1.8029,2.3795,0.3028,0,Non-SST
3633.0,61.219,1.8288,2.3753,0.2821,0,Non-SST
3633.5,59.6344,1.8442,2.368,0.2767,0,Non-SST
3634.0,59.7456,1.8653,2.3533,0.2794,0,Non-SST
3634.5,59.7334,1.8746,2.3438,0.2886,0,Non-SST
3635.0,59.316,1.8766,2.3463,0.3058,0,Non-SST
3635.5,62.2373,1.8944,2.3547,0.3004,0,Non-SST
3636.0,63.658,1.9296,2.3599,0.2977,0,Non-SST
3636.5,65.6094,1.9561,2.3707,0.2895,0,Non-SST
3637.0,63.9409,1.9702,2.3813,0.2951,0,Non-SST
3637.5,65.1558,1.9632,2.3913,0.2976,0,Non-SST
3638.0,67.383,1.9524,2.3917,0.2975,0,Non-SST
3638.5,70.357,1.9098,2.3878,0.2947,0,Non-SST
3639.0,72.2156,1.8768,2.3822,0.3089,0,Non-SST
3639.5,73.5409,1.8472,2.3753,0.3167,0,Non-SST
3640.0,73.8312,1.8209,2.3711,0.3305,0,Non-SST
3640.5,73.8329,1.7963,2.3655,0.3332,0,Non-SST
3641.0,73.4625,1.7874,2.3679,0.3277,0,Non-SST
3641.5,73.3897,1.7997,2.3702,0.3265,0,Non-SST
3642.0,72.2478,1.8153,2.3773,0.3235,0,Non-SST
3642.5,70.7598,1.8281,2.3811,0.3392,0,Non-SST
3643.0,70.0364,1.8231,2.386,0.3311,0,Non-SST
3643.5,70.3019,1.8403,2.39,0.3289,0,Non-SST
3644.0,68.592,1.8581,2.3774,0.3282,0,Non-SST
3644.5,70.7563,1.8252,2.3736,0.3354,0,Non-SST
3645.0,69.9579,1.8258,2.3634,0.3429,0,Non-SST
3645.5,74.4257,1.8102,2.3665,0.3434,0,Non-SST
3646.0,73.8169,1.7512,2.3622,0.3376,0,Non-SST
3646.5,77.8834,1.7086,2.3638,0.3313,0,Non-SST
3647.0,75.7695,1.7093,2.362,0.3446,0,Non-SST
3647.5,76.2871,1.7347,2.3594,0.3508,0,Non-SST
3648.0,76.5908,1.7135,2.3577,0.3644,0,Non-SST
3648.5,79.7826,1.6977,2.3626,0.3658,0,Non-SST
3649.0,79.6858,1.6821,2.3621,0.3651,0,Non-SST
3649.5,78.7746,1.6588,2.3667,0.3604,0,Non-SST
3650.0,78.8867,1.6648,2.3671,0.3528,0,Non-SST
3650.5,80.8608,1.6519,2.3694,0.3837,0,Non-SST
3651.0,81.7685,1.6529,2.3658,0.385,0,Non-SST
3651.5,79.2237,1.6131,2.3642,0.3906,0,Non-SST
3652.0,77.6039,1.5977,2.3625,0.3628,0,Non-SST
3652.5,77.2656,1.5624,2.3665,0.3683,0,Non-SST
3653.0,78.3283,1.5989,2.3702,0.3695,0,Non-SST
3653.5,79.2629,1.6809,2.3807,0.3811,0,Non-SST
3654.0,76.8164,1.6892,2.3788,0.3977,0,Non-SST
3654.5,74.7699,1.678,2.3857,0.4062,0,Non-SST
3655.0,73.0237,1.7096,2.389,0.4161,0,Non-SST
3655.5,72.5058,1.7267,2.3975,0.395,0,Non-SST
3656.0,70.7188,1.7506,2.3942,0.3855,0,Non-SST
3656.5,66.5191,1.781,2.3853,0.3709,0,Non-SST
3657.0,64.392,1.7844,2.3861,0.3797,0,Non-SST
3657.5,62.1537,1.8372,2.362,0.3547,0,Non-SST
3658.0,59.4432,1.8406,2.3419,0.3448,0,Non-SST
3658.5,56.2713,1.7772,2.3282,0.3207,0,Non-SST
3659.0,53.9163,1.9167,2.3284,0.3141,0,Non-SST
3659.5,56.4231,1.8309,2.3334,0.3126,0,Non-SST
3660.0,59.6737,1.8064,2.3382,0.3072,0,Non-SST
3660.5,64.8754,1.8045,2.3518,0.3178,0,Non-SST
3661.0,66.7964,1.7818,2.364,0.3147,0,Non-SST
3661.5,70.5944,1.7797,2.3665,0.3279,0,Non-SST
3662.0,72.4563,1.8016,2.3745,0.3241,0,Non-SST
3662.5,74.7885,1.8363,2.3751,0.3268,0,Non-SST
3663.0,72.7995,1.885,2.3865,0.3111,0,Non-SST
3663.5,71.7715,1.9146,2.3915,0.3173,0,Non-SST
3664.0,71.4298,1.9303,2.4012,0.3074,0,Non-SST
3664.5,73.6086,1.8999,2.3907,0.3227,0,Non-SST
3665.0,75.391,1.7835,2.3814,0.3213,0,Non-SST
3665.5,76.745,1.7249,2.3723,0.3361,0,Non-SST
3666.0,77.7646,1.7146,2.3789,0.3311,0,Non-SST
3666.5,78.9827,1.7164,2.3849,0.3357,0,Non-SST
3667.0,79.0333,1.7203,2.3852,0.3421,0,Non-SST
3667.5,78.9754,1.7081,2.3823,0.354,0,Non-SST
3668.0,77.985,1.687,2.3795,0.3709,0,Non-SST
3668.5,78.8582,1.6664,2.3815,0.3704,0,Non-SST
3669.0,79.1458,1.6859,2.3797,0.3604,0,Non-SST
3669.5,79.3637,1.7158,2.3861,0.3505,0,Non-SST
3670.0,76.7063,1.7119,2.3942,0.3548,0,Non-SST
3670.5,75.985,1.7385,2.4067,0.355,0,Non-SST
3671.0,74.2898,1.7751,2.4048,0.3329,0,Non-SST
3671.5,74.1467,1.9403,2.407,0.3243,0,Non-SST
3672.0,72.2885,1.967,2.4056,0.3169,0,Non-SST
3672.5,69.707,1.998,2.4035,0.3225,0,Non-SST
3673.0,67.6072,2.0171,2.3923,0.3086,0,Non-SST
3673.5,64.9851,2.009,2.3857,0.305,0,Non-SST
3674.0,67.7182,1.9795,2.3784,0.3242,0,Non-SST
3674.5,70.1855,1.8656,2.3774,0.3304,0,Non-SST
3675.0,75.8824,1.7901,2.3664,0.3559,0,Non-SST
3675.5,78.7924,1.8133,2.3524,0.3671,0,Non-SST
3676.0,82.0607,1.7588,2.3362,0.4203,0,Non-SST
3676.5,83.3134,1.4734,2.3351,0.4247,0,Non-SST
3677.0,86.0221,1.3637,2.3474,0.4276,0,Non-SST
3677.5,89.3212,1.3393,2.3633,0.4068,0,Non-SST
3678.0,90.3734,1.3404,2.3667,0.4348,0,Non-SST
3678.5,87.676,1.3423,2.3686,0.4309,0,Non-SST
3679.0,85.7437,1.3507,2.3674,0.4346,0,Non-SST
3679.5,86.4397,1.4043,2.3652,0.4241,0,Non-SST
3680.0,87.2912,1.4504,2.3706,0.4101,0,Non-SST
3680.5,85.4309,1.5274,2.3726,0.4027,0,Non-SST
3681.0,82.7779,1.6393,2.3864,0.4014,0,Non-SST
3681.5,82.4542,1.6355,2.3883,0.4121,0,Non-SST
3682.0,83.3997,1.6667,2.3935,0.3988,0,Non-SST
3682.5,81.5559,1.7711,2.3892,0.3692,0,Non-SST
3683.0,79.8498,1.8397,2.3839,0.3629,0,Non-SST
3683.5,78.6734,1.7648,2.3821,0.3629,0,Non-SST
3684.0,80.999,1.6641,2.381,0.3701,0,Non-SST
3684.5,83.0745,1.6004,2.376,0.3794,0,Non-SST
3685.0,84.4409,1.5482,2.3761,0.4002,0,Non-SST
3685.5,85.0862,1.5599,2.3708,0.4262,0,Non-SST
3686.0,84.0433,1.5887,2.3798,0.4126,0,Non-SST
3686.5,82.0328,1.6369,2.3824,0.3928,0,Non-SST
3687.0,76.9469,1.8229,2.4056,0.3524,0,Non-SST
3687.5,73.2304,1.9453,2.4152,0.3471,0,Non-SST
3688.0,69.9219,2.0072,2.4283,0.3376,0,Non-SST
3688.5,67.7248,2.1046,2.4284,0.3298,0,Non-SST
3689.0,67.9446,2.0464,2.4307,0.3263,0,Non-SST
3689.5,70.0336,1.98,2.4201,0.3273,0,Non-SST
3690.0,74.2468,1.9887,2.4151,0.3375,0,Non-SST
3690.5,75.4978,1.9796,2.4097,0.3419,0,Non-SST
3691.0,74.7023,1.9164,2.4093,0.3396,0,Non-SST
3691.5,75.1186,1.8692,2.41,0.3413,0,Non-SST
3692.0,72.8394,1.8778,2.4099,0.3374,0,Non-SST
3692.5,70.9654,1.9288,2.4149,0.3192,0,Non-SST
3693.0,69.5989,1.9909,2.4057,0.3028,0,Non-SST
3693.5,69.0706,2.0301,2.4023,0.2893,0,Non-SST
3694.0,72.1199,2.067,2.4052,0.3008,0,Non-SST
3694.5,72.4203,2.031,2.4078,0.3084,0,Non-SST
3695.0,75.7856,1.9472,2.4077,0.3316,0,Non-SST
3695.5,76.9653,1.9326,2.396,0.3398,0,Non-SST
3696.0,78.2557,1.8921,2.3939,0.3528,0,Non-SST
3696.5,78.7177,1.8657,2.3955,0.3559,0,Non-SST
3697.0,79.1997,1.7986,2.3958,0.3557,0,Non-SST
3697.5,79.5034,1.7544,2.3916,0.3685,0,Non-SST
3698.0,82.1638,1.7305,2.3907,0.3647,0,Non-SST
3698.5,81.4127,1.67,2.3871,0.361,0,Non-SST
3699.0,82.4421,1.7031,2.3928,0.3477,0,Non-SST
3699.5,82.0644,1.702,2.3888,0.3523,0,Non-SST
3700.0,84.7971,1.6699,2.3897,0.3611,0,Non-SST
3700.5,84.8321,1.5506,2.3834,0.3859,0,Non-SST
3701.0,84.606,1.556,2.3764,0.4092,0,Non-SST
3701.5,84.1911,1.5347,2.3771,0.4322,0,Non-SST
3702.0,84.8763,1.5019,2.3766,0.419,0,Non-SST
3702.5,85.9717,1.5048,2.3814,0.4198,0,Non-SST
3703.0,84.0353,1.4937,2.3888,0.4202,0,Non-SST
3703.5,82.4019,1.5747,2.3918,0.4271,0,Non-SST
3704.0,78.5341,1.6317,2.3903,0.4104,0,Non-SST
3704.5,80.3578,1.6247,2.3841,0.3805,0,Non-SST
3705.0,80.9265,1.686,2.3898,0.3713,0,Non-SST
3705.5,80.0141,1.7927,2.3904,0.3574,0,Non-SST
3706.0,78.1558,1.8232,2.3948,0.368,0,Non-SST
3706.5,76.9412,1.8047,2.3814,0.357,0,Non-SST
3707.0,79.9776,1.8365,2.3816,0.3599,0,Non-SST
3707.5,78.304,1.8539,2.3775,0.3528,0,Non-SST
3708.0,76.822,1.819,2.3804,0.3516,0,Non-SST
3708.5,76.2542,1.7802,2.3833,0.3455,0,Non-SST
3709.0,74.3168,1.7884,2.3893,0.3369,0,Non-SST
3709.5,74.2061,1.8267,2.405,0.3462,0,Non-SST
3710.0,70.5208,1.8892,2.4193,0.3424,0,Non-SST
3710.5,68.8524,1.9555,2.4185,0.3341,0,Non-SST
3711.0,65.813,1.9909,2.4072,0.3168,0,Non-SST
3711.5,61.9052,2.0335,2.3847,0.3045,0,Non-SST
3712.0,59.134,2.0356,2.3715,0.3062,0,Non-SST
3712.5,58.2356,2.0225,2.3697,0.2996,0,Non-SST
3713.0,59.1481,2.0085,2.3736,0.2928,0,Non-SST
3713.5,59.7554,1.985,2.3861,0.2804,0,Non-SST
3714.0,59.9694,1.9001,2.3842,0.2803,0,Non-SST
3714.5,63.7704,1.9391,2.3836,0.2933,0,Non-SST
3715.0,68.7082,1.9207,2.3748,0.3101,0,Non-SST
3715.5,74.7839,1.8394,2.3676,0.3169,0,Non-SST
3716.0,79.1458,1.8242,2.3605,0.3373,0,Non-SST
3716.5,83.5686,1.7903,2.3583,0.3661,0,Non-SST
3717.0,85.0143,1.7819,2.3551,0.3917,0,Non-SST
3717.5,86.9466,1.7295,2.3512,0.3954,0,Non-SST
3718.0,88.5575,1.6207,2.3365,0.403,0,Non-SST
3718.5,91.135,1.6022,2.3331,0.4252,0,Non-SST
3719.0,89.1997,1.6299,2.334,0.4376,0,Non-SST
3719.5,89.01,1.6878,2.3379,0.4428,0,Non-SST
3720.0,87.7555,1.6459,2.3454,0.427,0,Non-SST
3720.5,90.7134,1.5576,2.349,0.4232,0,Non-SST
3721.0,91.2208,1.5874,2.3548,0.409,0,Non-SST
3721.5,91.912,1.6941,2.351,0.4089,0,Non-SST
3722.0,92.9368,1.7786,2.3366,0.4293,0,Non-SST
3722.5,93.6797,1.6596,2.3251,0.4557,0,Non-SST
3723.0,96.4411,1.5326,2.3108,0.4691,0,Non-SST
3723.5,98.3476,1.4864,2.3106,0.454,0,Non-SST
3724.0,100.6589,1.4195,2.3093,0.4679,0,Non-SST
3724.5,103.5424,1.3764,2.3145,0.4605,0,Non-SST
3725.0,103.5713,1.3341,2.3129,0.4927,0,Non-SST
3725.5,104.9776,1.3205,2.3149,0.4815,0,Non-SST
3726.0,102.5555,1.3272,2.3163,0.4906,0,Non-SST
3726.5,102.674,1.336,2.3084,0.4862,0,Non-SST
3727.0,101.8033,1.2927,2.299,0.4858,0,Non-SST
3727.5,100.1722,1.2598,2.2902,0.4852,0,Non-SST
3728.0,99.6365,1.3128,2.2923,0.4511,0,Non-SST
3728.5,96.3701,1.4171,2.2987,0.4314,0,Non-SST
3729.0,94.5829,1.5957,2.3053,0.4236,0,Non-SST
3729.5,91.2049,1.5315,2.3183,0.4165,0,Non-SST
3730.0,87.7891,1.5644,2.3169,0.421,0,Non-SST
3730.5,84.6422,1.7751,2.3008,0.4145,0,Non-SST
3731.0,78.9506,1.8401,2.2906,0.4175,0,Non-SST
3731.5,79.4096,1.8194,2.2974,0.4194,0,Non-SST
3732.0,79.5359,1.7172,2.2972,0.4413,0,Non-SST
3732.5,80.8265,1.7254,2.2511,0.4713,0,Non-SST
3733.0,77.2188,2.1263,2.157,0.5177,0,Non-SST
3733.5,79.2165,2.4859,2.0917,0.5252,0,Non-SST
3734.0,81.6416,2.5265,2.0918,0.5032,0,Non-SST
3734.5,85.0234,2.2465,2.1462,0.4271,0,Non-SST
3735.0,84.8716,1.7927,2.2357,0.3913,0,Non-SST
3735.5,84.8398,1.7298,2.3013,0.39,0,Non-SST
3736.0,85.3151,1.8465,2.3429,0.4044,0,Non-SST
3736.5,83.4516,1.7833,2.3596,0.3922,0,Non-SST
3737.0,80.6391,1.728,2.3683,0.3631,0,Non-SST
3737.5,75.1893,1.7582,2.3631,0.3247,0,Non-SST
3738.0,67.4861,1.782,2.3475,0.3109,0,Non-SST
3738.5,62.8955,1.7517,2.3295,0.3007,0,Non-SST
3739.0,58.8706,1.6753,2.3154,0.2951,0,Non-SST
3739.5,55.9869,1.5752,2.2959,0.2987,5,WTR
3740.0,52.9878,1.4695,2.2754,0.3066,5,WTR
3740.5,52.6974,1.4193,2.2583,0.326,5,WTR
3741.0,52.3916,1.3928,2.2499,0.335,5,WTR
3741.5,50.6065,1.3554,2.2452,0.3474,5,WTR
3742.0,50.2907,1.2882,2.2416,0.3614,5,WTR
3742.5,52.5459,1.2773,2.2423,0.35,5,WTR
3743.0,55.2014,1.2989,2.2536,0.3265,5,WTR
3743.5,57.3271,1.356,2.2674,0.3071,5,WTR
3744.0,57.2011,1.4398,2.2769,0.3133,5,WTR
3744.5,55.4956,1.4139,2.2745,0.3293,5,WTR
3745.0,53.9365,1.3652,2.2729,0.3356,5,WTR
3745.5,55.1852,1.4071,2.2739,0.3349,5,WTR
3746.0,57.3868,1.4628,2.2786,0.3295,5,WTR
3746.5,59.8598,1.4725,2.2854,0.3526,0,Non-SST
3747.0,63.1872,1.5001,2.2919,0.3611,0,Non-SST
3747.5,66.6807,1.5209,2.3001,0.3672,0,Non-SST
3748.0,68.2328,1.567,2.3063,0.3653,0,Non-SST
3748.5,69.4599,1.6179,2.3165,0.374,0,Non-SST
3749.0,70.6377,1.6163,2.324,0.3676,0,Non-SST
3749.5,69.3485,1.6921,2.3405,0.3387,0,Non-SST
3750.0,68.3223,1.8017,2.3635,0.3114,0,Non-SST
3750.5,64.3733,1.9341,2.394,0.301,0,Non-SST
3751.0,62.8903,1.9786,2.4116,0.2865,0,Non-SST
3751.5,60.4665,1.9922,2.4149,0.2803,0,Non-SST
3752.0,59.7428,2.0121,2.4005,0.2767,0,Non-SST
3752.5,60.4276,1.9934,2.3923,0.2896,0,Non-SST
3753.0,63.6516,1.9609,2.3927,0.2905,0,Non-SST
3753.5,67.8118,1.9308,2.4011,0.3003,0,Non-SST
3754.0,70.5839,1.916,2.4022,0.3003,0,Non-SST
3754.5,70.2786,1.8894,2.3918,0.3174,0,Non-SST
3755.0,73.3313,1.7882,2.3806,0.3304,0,Non-SST
3755.5,78.0345,1.625,2.376,0.3533,0,Non-SST
3756.0,81.4378,1.4631,2.376,0.3679,0,Non-SST
3756.5,80.4132,1.4089,2.3768,0.3803,0,Non-SST
3757.0,78.4463,1.4186,2.3696,0.3982,0,Non-SST
3757.5,77.3223,1.3793,2.37,0.3975,0,Non-SST
3758.0,78.5375,1.347,2.3848,0.3943,0,Non-SST
3758.5,77.3952,1.523,2.4006,0.3765,0,Non-SST
3759.0,77.5468,1.5256,2.3946,0.3786,0,Non-SST
3759.5,74.2438,1.5463,2.378,0.3812,0,Non-SST
3760.0,76.3681,1.6096,2.3678,0.3714,0,Non-SST
3760.5,75.4153,1.6081,2.3758,0.3662,0,Non-SST
3761.0,76.5541,1.6724,2.393,0.356,0,Non-SST
3761.5,70.9364,1.7786,2.4089,0.3383,0,Non-SST
3762.0,66.8776,1.9224,2.4199,0.3079,0,Non-SST
3762.5,63.2721,1.9803,2.4186,0.2847,0,Non-SST
3763.0,62.7801,2.0348,2.4033,0.2859,0,Non-SST
3763.5,63.1625,1.9937,2.3866,0.2944,0,Non-SST
3764.0,64.6819,1.9514,2.3763,0.3051,0,Non-SST
3764.5,69.7522,1.9243,2.379,0.3107,0,Non-SST
3765.0,73.0893,1.8901,2.3817,0.3082,0,Non-SST
3765.5,74.9493,1.8138,2.3777,0.3322,0,Non-SST
3766.0,74.7721,1.7836,2.3787,0.3541,0,Non-SST
3766.5,77.3955,1.6401,2.375,0.379,0,Non-SST
3767.0,79.6334,1.5277,2.3832,0.3641,0,Non-SST
3767.5,78.3066,1.5701,2.3862,0.3515,0,Non-SST
3768.0,75.9156,1.7168,2.3946,0.3463,0,Non-SST
3768.5,74.6972,1.8417,2.4073,0.3305,0,Non-SST
3769.0,76.2534,2.0421,2.4162,0.3363,0,Non-SST
3769.5,77.0508,2.1795,2.4218,0.3258,0,Non-SST
3770.0,75.158,2.1271,2.4057,0.3219,0,Non-SST
3770.5,73.5411,2.1571,2.409,0.3007,0,Non-SST
3771.0,70.7652,2.1944,2.4038,0.2994,0,Non-SST
3771.5,69.5841,2.1784,2.4028,0.3052,0,Non-SST
3772.0,69.9486,2.1331,2.3975,0.3144,0,Non-SST
3772.5,71.4685,2.0865,2.404,0.3115,0,Non-SST
3773.0,73.4796,2.0306,2.4057,0.3181,0,Non-SST
3773.5,73.6087,1.9761,2.4101,0.3154,0,Non-SST
3774.0,75.2045,1.9627,2.4112,0.3138,0,Non-SST
3774.5,76.3751,1.9008,2.417,0.3234,0,Non-SST
3775.0,75.6418,1.8476,2.4009,0.3437,0,Non-SST
3775.5,75.4142,1.7106,2.3875,0.3583,0,Non-SST
3776.0,79.6768,1.5969,2.3774,0.3934,0,Non-SST
3776.5,85.9901,1.5319,2.3726,0.3937,0,Non-SST
3777.0,90.3955,1.4367,2.3643,0.4253,0,Non-SST
3777.5,91.5005,1.3728,2.3561,0.4199,0,Non-SST
3778.0,93.161,1.322,2.3539,0.4244,0,Non-SST
3778.5,92.1342,1.4163,2.3605,0.4101,0,Non-SST
3779.0,90.2587,1.5525,2.3668,0.4095,0,Non-SST
3779.5,89.8748,1.5811,2.364,0.4099,0,Non-SST
3780.0,92.0025,1.4537,2.346,0.4069,0,Non-SST
3780.5,98.2793,1.3329,2.3338,0.4105,0,Non-SST
3781.0,100.7988,1.2971,2.3203,0.4334,0,Non-SST
3781.5,101.8574,1.3191,2.3157,0.4478,0,Non-SST
3782.0,96.9607,1.4174,2.3093,0.4318,0,Non-SST
3782.5,92.5433,1.5072,2.3236,0.3953,0,Non-SST
3783.0,88.0653,1.598,2.3578,0.3763,0,Non-SST
3783.5,84.4208,1.6504,2.4039,0.3542,0,Non-SST
3784.0,80.511,1.6063,2.4303,0.3515,0,Non-SST
3784.5,80.4364,1.6156,2.4381,0.3338,0,Non-SST
3785.0,80.2829,1.6782,2.433,0.3437,0,Non-SST
3785.5,81.3195,1.7128,2.429,0.3571,0,Non-SST
3786.0,82.3858,1.7008,2.4257,0.357,0,Non-SST
3786.5,84.743,1.6682,2.4256,0.3666,0,Non-SST
3787.0,86.5913,1.6891,2.4384,0.353,0,Non-SST
3787.5,84.6551,1.7529,2.445,0.349,0,Non-SST
3788.0,81.6813,1.7923,2.4502,0.3241,0,Non-SST
3788.5,77.6955,1.8327,2.4364,0.312,0,Non-SST
3789.0,75.7575,1.8793,2.4356,0.3089,0,Non-SST
3789.5,73.5274,1.897,2.4361,0.3026,0,Non-SST
3790.0,75.2772,1.9572,2.4506,0.3056,0,Non-SST
3790.5,74.3679,1.9318,2.4418,0.3058,0,Non-SST
3791.0,77.4802,1.7853,2.4333,0.3252,0,Non-SST
3791.5,76.3775,1.7545,2.4179,0.3328,0,Non-SST
3792.0,77.0955,1.7257,2.407,0.3337,0,Non-SST
3792.5,75.7535,1.74,2.4024,0.3212,0,Non-SST
3793.0,76.7391,1.7632,2.4039,0.3273,0,Non-SST
3793.5,78.4093,1.7469,2.4081,0.333,0,Non-SST
3794.0,78.423,1.731,2.4068,0.3449,0,Non-SST
3794.5,78.7299,1.7544,2.3998,0.3477,0,Non-SST
3795.0,77.7809,1.7507,2.4036,0.3552,0,Non-SST
3795.5,76.2262,1.7774,2.4047,0.3409,0,Non-SST
3796.0,74.9336,1.8033,2.4067,0.3312,0,Non-SST
3796.5,76.4899,1.8094,2.4088,0.3238,0,Non-SST
3797.0,80.2625,1.7879,2.4065,0.3269,0,Non-SST
3797.5,80.0714,1.7799,2.41,0.3355,0,Non-SST
3798.0,78.1751,1.7955,2.4055,0.3459,0,Non-SST
3798.5,74.023,1.8117,2.404,0.3505,0,Non-SST
3799.0,73.6296,1.8142,2.4025,0.3357,0,Non-SST
3799.5,73.7041,1.8412,2.4095,0.331,0,Non-SST
3800.0,74.8032,1.8993,2.4125,0.3351,0,Non-SST
3800.5,74.665,1.8835,2.4109,0.3371,0,Non-SST
3801.0,73.4385,1.9011,2.4091,0.3245,0,Non-SST
3801.5,73.6266,1.912,2.4161,0.3138,0,Non-SST
3802.0,71.2367,1.9569,2.4225,0.3016,0,Non-SST
3802.5,69.1239,2.0015,2.4348,0.3031,0,Non-SST
3803.0,66.1268,2.015,2.4401,0.2982,0,Non-SST
3803.5,64.306,2.098,2.4328,0.3029,0,Non-SST
3804.0,60.6903,2.0488,2.4142,0.2961,0,Non-SST
3804.5,58.5292,1.9556,2.3835,0.3025,0,Non-SST
3805.0,60.552,1.9258,2.3588,0.326,0,Non-SST
3805.5,65.1791,1.8288,2.3197,0.3574,0,Non-SST
3806.0,71.2052,1.6742,2.2728,0.4061,0,Non-SST
3806.5,72.5511,1.5769,2.1831,0.4449,0,Non-SST
3807.0,72.2246,1.6635,2.0892,0.4735,0,Non-SST
3807.5,72.0131,2.062,2.0443,0.4391,0,Non-SST
3808.0,73.0862,2.262,2.0784,0.3921,0,Non-SST
3808.5,75.9626,2.0116,2.1967,0.3442,0,Non-SST
3809.0,74.3589,1.8847,2.3138,0.3302,0,Non-SST
3809.5,72.6179,1.8639,2.3883,0.3225,0,Non-SST
3810.0,70.0803,1.8221,2.3956,0.3189,0,Non-SST
3810.5,71.4411,1.8003,2.3952,0.3277,0,Non-SST
3811.0,72.4577,1.7935,2.395,0.3357,0,Non-SST
3811.5,72.9591,1.7509,2.4014,0.3471,0,Non-SST
3812.0,74.1115,1.7181,2.4017,0.3424,0,Non-SST
3812.5,75.0243,1.7554,2.4066,0.3332,0,Non-SST
3813.0,73.4463,1.8828,2.3979,0.3373,0,Non-SST
3813.5,67.7824,1.9488,2.3872,0.3199,0,Non-SST
3814.0,64.4864,1.9505,2.3752,0.3235,0,Non-SST
3814.5,65.5643,1.9792,2.3721,0.3015,0,Non-SST
3815.0,66.6149,2.022,2.3788,0.3082,0,Non-SST
3815.5,66.3425,2.0884,2.3825,0.2856,0,Non-SST
3816.0,65.4455,2.1479,2.4039,0.2919,0,Non-SST
3816.5,67.1691,2.1883,2.4128,0.2873,0,Non-SST
3817.0,68.0512,2.2816,2.4297,0.296,0,Non-SST
3817.5,67.4451,2.2377,2.4261,0.2821,0,Non-SST
3818.0,66.572,2.2394,2.4337,0.2777,0,Non-SST
3818.5,65.3247,2.2491,2.4249,0.28,0,Non-SST
3819.0,66.7502,2.2399,2.4174,0.2967,0,Non-SST
3819.5,67.3867,2.1684,2.4104,0.3046,0,Non-SST
3820.0,69.0803,2.0702,2.4129,0.2895,0,Non-SST
3820.5,69.1417,2.1302,2.4305,0.2783,0,Non-SST
3821.0,66.8698,2.2734,2.4495,0.271,0,Non-SST
3821.5,65.633,2.3983,2.4627,0.2935,0,Non-SST
3822.0,65.7569,2.2134,2.4414,0.3128,0,Non-SST
3822.5,69.7032,1.8057,2.405,0.3384,0,Non-SST
3823.0,74.954,1.5644,2.3719,0.3673,0,Non-SST
3823.5,81.1497,1.5119,2.3595,0.386,0,Non-SST
3824.0,82.7248,1.536,2.3636,0.4161,0,Non-SST
3824.5,83.1906,1.5293,2.3619,0.4252,0,Non-SST
3825.0,81.1557,1.5405,2.3593,0.4304,0,Non-SST
3825.5,82.2048,1.4548,2.3529,0.4267,0,Non-SST
3826.0,81.4977,1.5148,2.3499,0.4246,0,Non-SST
3826.5,83.149,1.4796,2.3497,0.4318,0,Non-SST
3827.0,83.4983,1.4537,2.3503,0.4401,0,Non-SST
3827.5,85.3509,1.4726,2.3544,0.4788,0,Non-SST
3828.0,85.1253,1.4571,2.3584,0.4907,0,Non-SST
3828.5,86.4888,1.4324,2.3623,0.4852,0,Non-SST
3829.0,85.6814,1.458,2.3559,0.4443,0,Non-SST
3829.5,84.2766,1.4979,2.3629,0.4188,0,Non-SST
3830.0,82.6018,1.3838,2.3624,0.4173,0,Non-SST
3830.5,84.2741,1.3832,2.3695,0.4368,0,Non-SST
3831.0,83.3015,1.4073,2.363,0.4371,0,Non-SST
3831.5,81.6674,1.4602,2.372,0.408,0,Non-SST
3832.0,79.731,1.5629,2.3902,0.3836,0,Non-SST
3832.5,77.0988,1.5981,2.4096,0.3722,0,Non-SST
3833.0,75.2742,1.6701,2.4169,0.3739,0,Non-SST
3833.5,72.7328,1.7705,2.421,0.3508,0,Non-SST
3834.0,71.8217,1.8338,2.4277,0.3395,0,Non-SST
3834.5,71.3669,1.9779,2.4398,0.3225,0,Non-SST
3835.0,69.6475,2.0027,2.4412,0.3193,0,Non-SST
3835.5,69.1116,1.9388,2.4337,0.3125,0,Non-SST
3836.0,68.5801,1.9807,2.4135,0.3279,0,Non-SST
3836.5,70.7567,1.9742,2.3954,0.3204,0,Non-SST
3837.0,71.9467,1.9505,2.3939,0.3164,0,Non-SST
3837.5,72.2141,1.9344,2.3975,0.3036,0,Non-SST
3838.0,72.8215,1.9468,2.404,0.3171,0,Non-SST
3838.5,74.2901,1.9507,2.4044,0.3355,0,Non-SST
3839.0,77.0214,1.9649,2.4021,0.3373,0,Non-SST
3839.5,75.5007,1.9617,2.4073,0.3259,0,Non-SST
3840.0,75.3126,1.9636,2.4082,0.3083,0,Non-SST
3840.5,74.2118,1.9681,2.4107,0.3065,0,Non-SST
3841.0,72.3868,1.9788,2.4076,0.2987,0,Non-SST
3841.5,71.0597,2.0323,2.4073,0.2919,0,Non-SST
3842.0,69.1269,2.0779,2.4159,0.2886,0,Non-SST
3842.5,69.431,2.0887,2.4226,0.3154,0,Non-SST
3843.0,69.5432,2.0346,2.4136,0.3378,0,Non-SST
3843.5,71.1361,1.8694,2.3943,0.3506,0,Non-SST
3844.0,73.2646,1.6357,2.3975,0.3348,0,Non-SST
3844.5,75.4666,1.751,2.3968,0.3333,0,Non-SST
3845.0,78.1223,2.0053,2.407,0.3401,0,Non-SST
3845.5,77.8174,1.6178,2.39,0.3538,0,Non-SST
3846.0,79.7044,1.643,2.3827,0.3649,0,Non-SST
3846.5,80.6532,1.6587,2.3716,0.3774,0,Non-SST
3847.0,84.8684,1.511,2.3636,0.3892,0,Non-SST
3847.5,84.4602,1.4868,2.3642,0.3941,0,Non-SST
3848.0,84.3349,1.5745,2.3665,0.3843,0,Non-SST
3848.5,81.1841,1.6367,2.3783,0.3598,0,Non-SST
3849.0,76.9325,1.766,2.3988,0.3311,0,Non-SST
3849.5,68.5171,2.0115,2.4236,0.3008,0,Non-SST
3850.0,61.6461,2.2633,2.4398,0.2866,0,Non-SST
3850.5,55.4706,2.3197,2.4359,0.2828,0,Non-SST
3851.0,54.9797,2.252,2.4165,0.2926,0,Non-SST
3851.5,58.7382,2.173,2.3968,0.2976,0,Non-SST
3852.0,66.4336,2.0753,2.3887,0.3059,0,Non-SST
3852.5,71.3414,1.9222,2.4022,0.3088,0,Non-SST
3853.0,76.1588,1.8218,2.4219,0.3151,0,Non-SST
3853.5,76.2708,1.7084,2.4326,0.3206,0,Non-SST
3854.0,79.0317,1.8049,2.4256,0.3141,0,Non-SST
3854.5,76.9439,1.7736,2.4103,0.3432,0,Non-SST
3855.0,77.7446,1.6186,2.3923,0.3534,0,Non-SST
3855.5,77.9688,1.5319,2.3818,0.3884,0,Non-SST
3856.0,82.869,1.5092,2.3745,0.3819,0,Non-SST
3856.5,85.9421,1.4742,2.3739,0.3929,0,Non-SST
3857.0,85.983,1.4088,2.3867,0.3772,0,Non-SST
3857.5,81.7832,1.5617,2.4054,0.3762,0,Non-SST
3858.0,79.8036,1.8475,2.43,0.3864,0,Non-SST
3858.5,79.8412,1.6242,2.4227,0.4094,0,Non-SST
3859.0,82.5582,1.5366,2.4052,0.4027,0,Non-SST
3859.5,84.9193,1.5166,2.3874,0.3789,0,Non-SST
3860.0,87.1171,1.4771,2.3815,0.3684,0,Non-SST
3860.5,86.8557,1.4543,2.3796,0.3901,0,Non-SST
3861.0,85.9409,1.3795,2.3806,0.4196,0,Non-SST
3861.5,87.9182,1.3161,2.3856,0.4345,0,Non-SST
3862.0,87.6752,1.2982,2.3924,0.4628,0,Non-SST
3862.5,88.1669,1.3768,2.3936,0.4664,0,Non-SST
3863.0,85.6597,1.3983,2.3827,0.4599,0,Non-SST
3863.5,86.6619,1.2813,2.3716,0.4369,0,Non-SST
3864.0,86.5612,1.28,2.3676,0.4288,0,Non-SST
3864.5,85.5399,1.2841,2.3718,0.4364,0,Non-SST
3865.0,83.9418,1.2896,2.3841,0.4375,0,Non-SST
3865.5,82.985,1.3287,2.3891,0.4147,0,Non-SST
3866.0,80.6439,1.3603,2.394,0.3876,0,Non-SST
3866.5,76.6583,1.4359,2.3987,0.3943,0,Non-SST
3867.0,71.4559,1.5253,2.3972,0.4011,0,Non-SST
3867.5,65.6701,1.5941,2.3994,0.3991,0,Non-SST
3868.0,62.4946,1.6527,2.397,0.3602,0,Non-SST
3868.5,60.404,1.7078,2.3879,0.362,0,Non-SST
3869.0,61.9252,1.6248,2.3697,0.3601,0,Non-SST
3869.5,66.3924,1.4727,2.3469,0.3751,0,Non-SST
3870.0,72.5035,1.3747,2.338,0.3869,0,Non-SST
3870.5,77.7045,1.3269,2.3404,0.4101,0,Non-SST
3871.0,80.8921,1.2784,2.3475,0.4156,0,Non-SST
3871.5,83.5524,1.2525,2.357,0.4109,0,Non-SST
3872.0,81.8039,1.2648,2.3579,0.4107,0,Non-SST
3872.5,80.8945,1.3051,2.3539,0.4295,0,Non-SST
3873.0,79.0708,1.2849,2.3521,0.4392,0,Non-SST
3873.5,80.0584,1.3353,2.3422,0.4384,0,Non-SST
3874.0,81.7256,1.3234,2.3434,0.4221,0,Non-SST
3874.5,83.3598,1.3401,2.3329,0.4151,0,Non-SST
3875.0,85.1043,1.3777,2.3389,0.4247,0,Non-SST
3875.5,86.5879,1.3808,2.3444,0.4263,0,Non-SST
3876.0,87.0683,1.3809,2.3554,0.4336,0,Non-SST
3876.5,88.7783,1.4171,2.3532,0.4318,0,Non-SST
3877.0,87.8274,1.4393,2.3537,0.4326,0,Non-SST
3877.5,88.2599,1.4206,2.3477,0.4251,0,Non-SST
3878.0,89.2449,1.4012,2.3437,0.4258,0,Non-SST
3878.5,89.7296,1.3766,2.3381,0.4384,0,Non-SST
3879.0,90.0712,1.3704,2.3396,0.4411,0,Non-SST
3879.5,91.2479,1.3591,2.3446,0.4402,0,Non-SST
3880.0,91.4085,1.4134,2.3524,0.428,0,Non-SST
3880.5,94.9391,1.4604,2.3575,0.4266,0,Non-SST
3881.0,94.8615,1.4535,2.356,0.4335,0,Non-SST
3881.5,100.0284,1.4516,2.3329,0.4536,0,Non-SST
3882.0,104.9992,1.3059,2.293,0.4765,0,Non-SST
3882.5,109.3687,1.246,2.2502,0.4955,0,Non-SST
3883.0,105.1886,1.4442,2.2273,0.4914,0,Non-SST
3883.5,96.872,1.7045,2.2401,0.4485,0,Non-SST
3884.0,90.6463,1.737,2.2956,0.3947,0,Non-SST
3884.5,86.814,1.72,2.376,0.3425,0,Non-SST
3885.0,81.8044,1.7166,2.4432,0.3125,0,Non-SST
3885.5,77.8961,1.8035,2.4822,0.281,0,Non-SST
3886.0,75.0476,1.9283,2.4797,0.2749,0,Non-SST
3886.5,72.6578,2.0341,2.4731,0.2644,0,Non-SST
3887.0,70.0717,2.097,2.4598,0.2614,0,Non-SST
3887.5,68.0103,2.0992,2.463,0.2663,0,Non-SST
3888.0,72.1841,2.0321,2.4657,0.2836,0,Non-SST
3888.5,75.9075,1.9536,2.4594,0.3084,0,Non-SST
3889.0,83.0197,1.8327,2.4451,0.3259,0,Non-SST
3889.5,86.2881,1.7045,2.4249,0.35,0,Non-SST
3890.0,90.4123,1.5776,2.4099,0.3795,0,Non-SST
3890.5,90.2204,1.6023,2.3959,0.3895,0,Non-SST
3891.0,89.3834,1.5026,2.3936,0.4158,0,Non-SST
3891.5,88.2941,1.4066,2.3919,0.4038,0,Non-SST
3892.0,88.1563,1.4139,2.3923,0.4134,0,Non-SST
3892.5,88.232,1.415,2.3866,0.4062,0,Non-SST
3893.0,88.0044,1.3892,2.3848,0.3979,0,Non-SST
3893.5,88.6395,1.3826,2.3821,0.3788,0,Non-SST
3894.0,87.1356,1.4203,2.4027,0.3646,0,Non-SST
3894.5,85.7346,1.4743,2.413,0.3866,0,Non-SST
3895.0,82.3523,1.4977,2.4121,0.3996,0,Non-SST
3895.5,79.9085,1.4693,2.395,0.405,0,Non-SST
3896.0,78.4626,1.456,2.387,0.3846,0,Non-SST
3896.5,76.0997,1.4761,2.3883,0.3652,0,Non-SST
3897.0,76.0202,1.5362,2.3822,0.3601,0,Non-SST
3897.5,74.5032,1.7007,2.3682,0.3558,0,Non-SST
3898.0,74.6677,1.7068,2.3606,0.3477,0,Non-SST
3898.5,77.5409,1.525,2.3599,0.34,0,Non-SST
3899.0,78.1465,1.6145,2.3709,0.3339,0,Non-SST
3899.5,79.741,1.6644,2.3926,0.3463,0,Non-SST
3900.0,77.0612,1.6806,2.3973,0.3442,0,Non-SST
3900.5,75.7591,1.6743,2.4008,0.3507,0,Non-SST
3901.0,75.756,1.6817,2.3954,0.347,0,Non-SST
3901.5,73.8974,1.717,2.3975,0.3321,0,Non-SST
3902.0,73.8332,1.679,2.3848,0.3432,0,Non-SST
3902.5,73.1529,1.6703,2.3768,0.3531,0,Non-SST
3903.0,77.5441,1.4199,2.3624,0.3781,0,Non-SST
3903.5,82.5905,1.1308,2.3523,0.3926,0,Non-SST
3904.0,86.9164,1.0029,2.3428,0.4087,0,Non-SST
3904.5,86.7012,1.0445,2.3375,0.4173,0,Non-SST
3905.0,83.992,1.1288,2.3517,0.4108,0,Non-SST
3905.5,78.7915,1.2685,2.3744,0.3954,0,Non-SST
3906.0,75.2956,1.4214,2.3959,0.3718,0,Non-SST
3906.5,71.326,1.6079,2.3997,0.362,0,Non-SST
3907.0,70.0337,1.792,2.4061,0.3333,0,Non-SST
3907.5,65.1363,1.9105,2.4017,0.3183,0,Non-SST
3908.0,64.4165,1.9953,2.3996,0.2956,0,Non-SST
3908.5,64.5317,2.0295,2.4036,0.297,0,Non-SST
3909.0,67.0787,2.075,2.3994,0.2962,0,Non-SST
3909.5,68.3814,2.0965,2.402,0.2956,0,Non-SST
3910.0,67.1652,2.1036,2.3817,0.2935,0,Non-SST
3910.5,68.4166,2.1015,2.3826,0.2932,0,Non-SST
3911.0,69.2033,2.0881,2.3819,0.2895,0,Non-SST
3911.5,70.8367,2.0723,2.3894,0.2932,0,Non-SST
3912.0,72.7347,2.0434,2.3926,0.2946,0,Non-SST
3912.5,74.288,1.9859,2.3961,0.3041,0,Non-SST
3913.0,75.0842,1.9435,2.3953,0.3134,0,Non-SST
3913.5,76.8701,1.9258,2.401,0.3222,0,Non-SST
3914.0,77.0587,1.8663,2.4011,0.3244,0,Non-SST
3914.5,79.983,1.8262,2.3935,0.3368,0,Non-SST
3915.0,80.3608,1.7716,2.3867,0.3498,0,Non-SST
3915.5,82.7171,1.7082,2.3802,0.365,0,Non-SST
3916.0,86.5115,1.7061,2.3814,0.372,0,Non-SST
3916.5,89.7373,1.6412,2.3817,0.3937,0,Non-SST
3917.0,90.7221,1.5731,2.3789,0.3974,0,Non-SST
3917.5,87.6494,1.5513,2.3809,0.4159,0,Non-SST
3918.0,85.4846,1.5685,2.3788,0.397,0,Non-SST
3918.5,84.5726,1.661,2.3902,0.4086,0,Non-SST
3919.0,86.8883,1.6653,2.3898,0.3762,0,Non-SST
3919.5,88.6723,1.572,2.3873,0.4011,0,Non-SST
3920.0,89.3569,1.5376,2.3734,0.3978,0,Non-SST
3920.5,90.3964,1.65,2.3583,0.4126,0,Non-SST
3921.0,89.6736,1.7061,2.3475,0.3993,0,Non-SST
3921.5,91.1199,1.588,2.3317,0.4093,0,Non-SST
3922.0,90.6497,1.5204,2.3334,0.4112,0,Non-SST
3922.5,94.2577,1.5127,2.3373,0.4247,0,Non-SST
3923.0,94.207,1.5767,2.3352,0.4628,0,Non-SST
3923.5,90.5265,1.6315,2.2391,0.5495,0,Non-SST
3924.0,82.2499,1.6948,2.0224,0.6582,0,Non-SST
3924.5,74.9339,2.4283,1.7561,0.7528,0,Non-SST
3925.0,71.5931,3.4086,1.5611,0.8041,0,Non-SST
3925.5,70.494,3.7446,1.4614,0.7725,0,Non-SST
3926.0,70.3817,3.6721,1.4797,0.6665,0,Non-SST
3926.5,73.377,3.2886,1.5961,0.5627,0,Non-SST
3927.0,80.0975,1.9536,1.8324,0.5106,0,Non-SST
3927.5,87.6751,1.5591,2.0614,0.5054,0,Non-SST
3928.0,89.8013,1.4966,2.1992,0.4898,0,Non-SST
3928.5,86.0053,1.4068,2.2463,0.4698,0,Non-SST
3929.0,81.5011,1.4447,2.2659,0.423,0,Non-SST
3929.5,75.262,1.7068,2.2991,0.3829,0,Non-SST
3930.0,69.6451,1.8182,2.3389,0.3231,0,Non-SST
3930.5,63.0752,1.8908,2.3665,0.2929,0,Non-SST
3931.0,60.5848,1.9521,2.3738,0.2779,0,Non-SST
3931.5,60.7835,2.0246,2.3778,0.2789,0,Non-SST
3932.0,64.4318,2.0518,2.377,0.278,0,Non-SST
3932.5,66.4059,2.0772,2.3821,0.2776,0,Non-SST
3933.0,68.0266,2.0821,2.3801,0.288,0,Non-SST
3933.5,67.9109,2.0922,2.3965,0.2856,0,Non-SST
3934.0,69.6966,2.0895,2.399,0.2868,0,Non-SST
3934.5,73.684,2.0672,2.4109,0.2871,0,Non-SST
3935.0,75.7342,2.0189,2.4036,0.3306,0,Non-SST
3935.5,79.1492,1.9432,2.4038,0.3476,0,Non-SST
3936.0,80.0699,1.8676,2.3988,0.3657,0,Non-SST
3936.5,83.8281,1.7692,2.3982,0.3541,0,Non-SST
3937.0,85.0807,1.6488,2.3997,0.3694,0,Non-SST
3937.5,84.921,1.5561,2.3936,0.3715,0,Non-SST
3938.0,85.6441,1.4852,2.3907,0.38,0,Non-SST
3938.5,84.8468,1.4484,2.3791,0.3974,0,Non-SST
3939.0,86.9348,1.426,2.38,0.4133,0,Non-SST
3939.5,86.743,1.4522,2.3738,0.4157,0,Non-SST
3940.0,87.4247,1.5112,2.3871,0.4057,0,Non-SST
3940.5,85.5012,1.5187,2.3919,0.3979,0,Non-SST
3941.0,84.7005,1.4913,2.3939,0.4061,0,Non-SST
3941.5,85.805,1.4833,2.3924,0.4028,0,Non-SST
3942.0,85.4108,1.5313,2.3943,0.4143,0,Non-SST
3942.5,82.9569,1.5897,2.4047,0.3985,0,Non-SST
3943.0,79.8041,1.6499,2.4089,0.3911,0,Non-SST
3943.5,78.0184,1.7806,2.4079,0.3537,0,Non-SST
3944.0,76.8681,1.7938,2.4014,0.3572,0,Non-SST
3944.5,75.2248,1.8502,2.3996,0.3316,0,Non-SST
3945.0,73.2511,1.8821,2.4004,0.3388,0,Non-SST
3945.5,74.4278,1.8548,2.4014,0.3249,0,Non-SST
3946.0,77.6294,1.7426,2.3938,0.3572,0,Non-SST
3946.5,81.1707,1.6712,2.387,0.359,0,Non-SST
3947.0,82.539,1.6549,2.3853,0.3683,0,Non-SST
3947.5,81.9659,1.6874,2.3945,0.3576,0,Non-SST
3948.0,81.7285,1.7126,2.4134,0.3492,0,Non-SST
3948.5,77.3627,1.7544,2.4198,0.3218,0,Non-SST
3949.0,72.0477,1.8295,2.4267,0.3018,0,Non-SST
3949.5,68.1743,1.9454,2.4114,0.2884,0,Non-SST
3950.0,67.6826,1.9775,2.401,0.2994,0,Non-SST
3950.5,69.9611,1.9275,2.3828,0.2977,0,Non-SST
3951.0,73.2163,1.9263,2.375,0.3026,0,Non-SST
3951.5,76.2863,1.8674,2.3774,0.3107,0,Non-SST
3952.0,78.1462,1.8747,2.3767,0.3267,0,Non-SST
3952.5,79.032,1.8967,2.3872,0.342,0,Non-SST
3953.0,78.67,1.8931,2.3865,0.3437,0,Non-SST
3953.5,79.4273,1.8604,2.3923,0.3398,0,Non-SST
3954.0,81.1357,1.8271,2.3847,0.3486,0,Non-SST
3954.5,85.375,1.802,2.3811,0.3615,0,Non-SST
3955.0,85.6461,1.7536,2.3731,0.3791,0,Non-SST
3955.5,85.6025,1.6821,2.3691,0.3887,0,Non-SST
3956.0,85.9423,1.6082,2.3649,0.3995,0,Non-SST
3956.5,87.345,1.5786,2.3596,0.3946,0,Non-SST
3957.0,87.7264,1.5504,2.361,0.3983,0,Non-SST
3957.5,87.4954,1.5042,2.3632,0.4073,0,Non-SST
3958.0,88.902,1.4814,2.3648,0.4172,0,Non-SST
3958.5,90.1149,1.4863,2.3629,0.4353,0,Non-SST
3959.0,88.7498,1.4585,2.3629,0.4151,0,Non-SST
3959.5,86.1914,1.4807,2.3607,0.4252,0,Non-SST
3960.0,85.1323,1.5018,2.3624,0.4103,0,Non-SST
3960.5,84.223,1.498,2.364,0.4266,0,Non-SST
3961.0,83.6668,1.5548,2.3646,0.4095,0,Non-SST
3961.5,81.386,1.6217,2.3639,0.4069,0,Non-SST
3962.0,82.9804,1.6005,2.3642,0.3884,0,Non-SST
3962.5,83.1226,1.7042,2.3691,0.4007,0,Non-SST
3963.0,83.3518,1.7923,2.3444,0.4363,0,Non-SST
3963.5,75.4951,1.8138,2.1947,0.5279,0,Non-SST
3964.0,67.6571,1.9233,1.9928,0.642,0,Non-SST
3964.5,54.6379,3.306,1.7377,0.7669,0,Non-SST
3965.0,49.7006,4.2288,1.5387,0.8297,0,Non-SST
3965.5,49.2725,4.5278,1.4831,0.7481,0,Non-SST
3966.0,60.4315,4.7157,1.5475,0.5869,0,Non-SST
3966.5,74.6166,3.8748,1.7901,0.4374,0,Non-SST
3967.0,85.2079,2.7828,2.0722,0.3766,0,Non-SST
3967.5,87.2214,2.3561,2.3168,0.3484,0,Non-SST
3968.0,82.1084,2.1946,2.416,0.3216,0,Non-SST
3968.5,76.6561,2.119,2.4239,0.3032,0,Non-SST
3969.0,73.6557,2.111,2.4207,0.281,0,Non-SST
3969.5,73.2414,2.1186,2.4285,0.2763,0,Non-SST
3970.0,73.6811,2.0249,2.4342,0.2804,0,Non-SST
3970.5,74.9348,2.0005,2.449,0.2885,0,Non-SST
3971.0,73.6805,2.005,2.4571,0.2861,0,Non-SST
3971.5,70.0743,2.0519,2.4725,0.2842,0,Non-SST
3972.0,63.5824,2.0285,2.4543,0.2807,0,Non-SST
3972.5,58.9132,1.9932,2.4174,0.2892,0,Non-SST
3973.0,55.3443,1.9753,2.3678,0.2808,0,Non-SST
3973.5,55.9542,1.9418,2.3455,0.2794,0,Non-SST
3974.0,57.5852,1.9263,2.3464,0.2705,0,Non-SST
3974.5,63.7371,1.9052,2.361,0.2855,0,Non-SST
3975.0,67.415,1.8941,2.3737,0.3003,0,Non-SST
3975.5,71.5683,1.8969,2.3805,0.2999,0,Non-SST
3976.0,70.6572,1.8899,2.3829,0.3021,0,Non-SST
3976.5,72.1803,1.8941,2.3822,0.3052,0,Non-SST
3977.0,73.9139,1.8687,2.3857,0.3113,0,Non-SST
3977.5,74.4423,1.8675,2.3964,0.3095,0,Non-SST
3978.0,74.6701,1.8856,2.4037,0.3071,0,Non-SST
3978.5,72.8828,1.9451,2.4065,0.3165,0,Non-SST
3979.0,77.2895,1.8707,2.3923,0.3459,0,Non-SST
3979.5,77.3654,1.8115,2.3913,0.3578,0,Non-SST
3980.0,79.7958,1.778,2.3937,0.3804,0,Non-SST
3980.5,79.3798,1.7626,2.3911,0.3791,0,Non-SST
3981.0,81.5058,1.722,2.3866,0.3886,0,Non-SST
3981.5,83.7078,1.6929,2.3822,0.375,0,Non-SST
3982.0,85.3909,1.6422,2.3786,0.3794,0,Non-SST
3982.5,85.7273,1.6013,2.3748,0.3861,0,Non-SST
3983.0,83.6377,1.5896,2.3768,0.4088,0,Non-SST
3983.5,85.2555,1.6296,2.3931,0.4216,0,Non-SST
3984.0,85.0673,1.651,2.3975,0.4268,0,Non-SST
3984.5,87.3868,1.5373,2.3934,0.4187,0,Non-SST
3985.0,85.2987,1.4943,2.3885,0.4137,0,Non-SST
3985.5,86.2098,1.4836,2.3859,0.4111,0,Non-SST
3986.0,86.9651,1.4896,2.3836,0.4182,0,Non-SST
3986.5,89.3055,1.4644,2.3776,0.4218,0,Non-SST
3987.0,89.8389,1.4302,2.3719,0.4304,0,Non-SST
3987.5,89.8808,1.4156,2.3795,0.4282,0,Non-SST
3988.0,88.7157,1.4177,2.3822,0.4275,0,Non-SST
3988.5,85.9815,1.484,2.4038,0.3977,0,Non-SST
3989.0,85.1068,1.5414,2.4084,0.3907,0,Non-SST
3989.5,82.7552,1.5252,2.4129,0.3727,0,Non-SST
3990.0,83.667,1.6222,2.4107,0.3683,0,Non-SST
3990.5,80.7435,1.807,2.4115,0.3454,0,Non-SST
3991.0,79.047,1.9151,2.4252,0.3284,0,Non-SST
3991.5,75.7461,1.9364,2.43,0.31,0,Non-SST
3992.0,73.5445,1.9578,2.4362,0.3184,0,Non-SST
3992.5,72.2779,1.9679,2.4266,0.3076,0,Non-SST
3993.0,72.0881,1.9568,2.4176,0.3195,0,Non-SST
3993.5,72.7319,1.9453,2.409,0.3061,0,Non-SST
3994.0,73.6828,1.9761,2.4075,0.3154,0,Non-SST
3994.5,75.3897,2.0116,2.4098,0.3275,0,Non-SST
3995.0,76.5664,1.9864,2.4019,0.3356,0,Non-SST
3995.5,80.4759,1.9022,2.3977,0.3422,0,Non-SST
3996.0,83.6647,1.7958,2.3854,0.3486,0,Non-SST
3996.5,88.4115,1.7325,2.3838,0.3588,0,Non-SST
3997.0,92.5518,1.6842,2.3851,0.368,0,Non-SST
3997.5,95.5974,1.5969,2.3953,0.3695,0,Non-SST
3998.0,95.0679,1.6083,2.3792,0.3958,0,Non-SST
3998.5,92.1786,1.7254,2.3133,0.4374,0,Non-SST
3999.0,94.5255,1.751,2.2099,0.473,0,Non-SST
3999.5,97.6861,1.8408,2.1233,0.4921,0,Non-SST
4000.0,104.8627,1.3795,2.0888,0.509,0,Non-SST
4000.5,108.8843,1.3358,2.0884,0.5333,0,Non-SST
4001.0,112.2914,1.4139,2.0867,0.5771,0,Non-SST
4001.5,114.9086,1.5086,2.072,0.6224,0,Non-SST
4002.0,119.682,1.5522,2.0467,0.6338,0,Non-SST
4002.5,125.5258,1.2843,2.0489,0.6082,0,Non-SST
4003.0,129.0557,1.348,2.0703,0.5555,0,Non-SST
4003.5,126.7525,1.423,2.1235,0.52,0,Non-SST
4004.0,121.9591,1.2871,2.193,0.482,0,Non-SST
4004.5,115.4656,1.2419,2.2617,0.4487,0,Non-SST
4005.0,110.3784,1.4143,2.3289,0.4419,0,Non-SST
4005.5,106.7445,1.4662,2.3602,0.4196,0,Non-SST
4006.0,104.436,1.463,2.3757,0.4127,0,Non-SST
4006.5,102.4618,1.4328,2.3771,0.4106,0,Non-SST
4007.0,100.146,1.4185,2.3811,0.4313,0,Non-SST
4007.5,97.98,1.4506,2.3822,0.4341,0,Non-SST
4008.0,97.1828,1.457,2.3721,0.4361,0,Non-SST
4008.5,96.2431,1.3553,2.3698,0.4243,0,Non-SST
4009.0,95.41,1.2981,2.363,0.4306,0,Non-SST
4009.5,96.4665,1.3269,2.364,0.4369,0,Non-SST
4010.0,97.5602,1.374,2.3603,0.4604,0,Non-SST
4010.5,96.4554,1.3769,2.3566,0.4426,0,Non-SST
4011.0,94.1208,1.3671,2.3597,0.4463,0,Non-SST
4011.5,91.0056,1.4191,2.3755,0.4149,0,Non-SST
4012.0,88.844,1.655,2.3985,0.4376,0,Non-SST
4012.5,85.9785,1.7186,2.4171,0.4034,0,Non-SST
4013.0,87.3979,1.3708,2.4067,0.4222,0,Non-SST
4013.5,91.0421,1.4365,2.3863,0.4225,0,Non-SST
4014.0,93.5512,1.4515,2.368,0.4275,0,Non-SST
4014.5,93.5344,1.388,2.3634,0.4167,0,Non-SST
4015.0,91.8259,1.4252,2.3722,0.4405,0,Non-SST
4015.5,90.7143,1.4305,2.3756,0.4432,0,Non-SST
4016.0,87.8315,1.4862,2.3774,0.4392,0,Non-SST
4016.5,84.3735,1.6582,2.3798,0.3905,0,Non-SST
4017.0,82.7138,1.7565,2.3856,0.3705,0,Non-SST
4017.5,81.8125,1.7557,2.396,0.3504,0,Non-SST
4018.0,79.5004,1.7511,2.4005,0.353,0,Non-SST
4018.5,77.7524,1.7962,2.4008,0.3519,0,Non-SST
4019.0,74.6298,1.8589,2.3913,0.3558,0,Non-SST
4019.5,76.9801,1.9119,2.3852,0.3515,0,Non-SST
4020.0,77.6038,1.9476,2.382,0.3643,0,Non-SST
4020.5,79.5744,1.8362,2.3837,0.3773,0,Non-SST
4021.0,77.8694,1.7959,2.3876,0.3823,0,Non-SST
4021.5,78.0809,1.7701,2.3892,0.3824,0,Non-SST
4022.0,77.7189,1.78,2.3833,0.3879,0,Non-SST
4022.5,77.4896,1.7516,2.3697,0.3989,0,Non-SST
4023.0,77.6413,1.7066,2.3573,0.4028,0,Non-SST
4023.5,79.4093,1.5493,2.3485,0.4086,0,Non-SST
4024.0,82.6648,1.4589,2.3412,0.4269,0,Non-SST
4024.5,84.7904,1.4663,2.3362,0.4345,0,Non-SST
4025.0,85.3635,1.4471,2.3321,0.4441,0,Non-SST
4025.5,83.4347,1.4285,2.3367,0.4451,0,Non-SST
4026.0,82.2999,1.4464,2.3463,0.46,0,Non-SST
4026.5,83.7766,1.4294,2.3547,0.481,0,Non-SST
4027.0,88.6866,1.4094,2.3571,0.4932,0,Non-SST
4027.5,90.9986,1.3712,2.3588,0.4939,0,Non-SST
4028.0,92.2531,1.3681,2.3575,0.4682,0,Non-SST
4028.5,92.7731,1.3853,2.3661,0.4496,0,Non-SST
4029.0,90.3219,1.3643,2.3719,0.4366,0,Non-SST
4029.5,88.6499,1.6687,2.3824,0.4577,0,Non-SST
4030.0,86.944,1.6889,2.3779,0.4704,0,Non-SST
4030.5,89.3191,1.3731,2.3561,0.489,0,Non-SST
4031.0,92.2061,1.3733,2.3402,0.4928,0,Non-SST
4031.5,93.9992,1.3518,2.3244,0.4724,0,Non-SST
4032.0,92.2548,1.3708,2.2756,0.5368,0,Non-SST
4032.5,88.9123,1.5019,2.1406,0.5964,0,Non-SST
4033.0,83.0652,2.0843,1.9966,0.6369,0,Non-SST
4033.5,79.8266,3.5604,1.9197,0.5732,0,Non-SST
4034.0,79.3713,3.1428,1.9882,0.4641,0,Non-SST
4034.5,81.878,2.4268,2.1369,0.4115,0,Non-SST
4035.0,82.3077,2.0632,2.306,0.3609,0,Non-SST
4035.5,79.5745,1.9907,2.3831,0.3407,0,Non-SST
4036.0,72.3146,2.097,2.4139,0.3166,0,Non-SST
4036.5,67.7605,2.1561,2.4277,0.3126,0,Non-SST
4037.0,65.621,2.0698,2.4281,0.3059,0,Non-SST
4037.5,69.6086,1.9426,2.4197,0.3113,0,Non-SST
4038.0,75.4911,1.7963,2.4067,0.3192,0,Non-SST
4038.5,80.7811,1.7382,2.4033,0.3418,0,Non-SST
4039.0,81.6269,1.7013,2.3992,0.342,0,Non-SST
4039.5,81.5511,1.7194,2.3994,0.3401,0,Non-SST
4040.0,78.6317,1.7637,2.4016,0.3337,0,Non-SST
4040.5,77.4443,1.8126,2.4037,0.3132,0,Non-SST
4041.0,73.6094,1.9263,2.4242,0.2965,0,Non-SST
4041.5,69.4334,2.0452,2.4356,0.2779,0,Non-SST
4042.0,65.8619,2.1316,2.451,0.2721,0,Non-SST
4042.5,64.9134,2.1835,2.4518,0.2622,0,Non-SST
4043.0,67.3789,2.1865,2.4524,0.2719,0,Non-SST
4043.5,68.9733,2.1462,2.4452,0.2824,0,Non-SST
4044.0,72.1983,2.0738,2.4379,0.2989,0,Non-SST
4044.5,74.7423,1.9623,2.4261,0.3097,0,Non-SST
4045.0,79.3203,1.8591,2.4192,0.3285,0,Non-SST
4045.5,79.1304,1.7858,2.4103,0.345,0,Non-SST
4046.0,82.6208,1.721,2.4038,0.3571,0,Non-SST
4046.5,80.9564,1.6327,2.3997,0.3549,0,Non-SST
4047.0,82.7805,1.6254,2.3975,0.3573,0,Non-SST
4047.5,81.3764,1.6676,2.3994,0.3528,0,Non-SST
4048.0,82.6002,1.6871,2.4051,0.3619,0,Non-SST
4048.5,79.9547,1.7282,2.4083,0.3572,0,Non-SST
4049.0,76.6141,1.7718,2.4196,0.3569,0,Non-SST
4049.5,74.6799,1.8318,2.4231,0.3355,0,Non-SST
4050.0,72.4676,1.915,2.4315,0.3193,0,Non-SST
4050.5,71.5829,1.9943,2.432,0.3111,0,Non-SST
4051.0,69.5317,2.0471,2.4388,0.3109,0,Non-SST
4051.5,69.1505,2.0657,2.4317,0.3204,0,Non-SST
4052.0,66.8468,2.0836,2.4235,0.3111,0,Non-SST
4052.5,65.1994,2.0746,2.4145,0.2939,0,Non-SST
4053.0,66.7195,2.0713,2.4186,0.2741,0,Non-SST
4053.5,67.8581,2.0515,2.4169,0.2827,0,Non-SST
4054.0,67.6469,2.029,2.4213,0.3027,0,Non-SST
4054.5,66.5924,1.9997,2.4173,0.3084,0,Non-SST
4055.0,66.6697,1.9802,2.4142,0.2986,0,Non-SST
4055.5,69.2129,1.9639,2.4067,0.2986,0,Non-SST
4056.0,70.1506,1.9252,2.3964,0.3162,0,Non-SST
4056.5,70.7827,1.9066,2.4037,0.3209,0,Non-SST
4057.0,71.0814,1.8938,2.3976,0.3312,0,Non-SST
4057.5,71.0434,1.8763,2.4017,0.3258,0,Non-SST
4058.0,72.1507,1.8398,2.3958,0.3353,0,Non-SST
4058.5,72.194,1.8143,2.398,0.3237,0,Non-SST
4059.0,69.8799,1.8239,2.4051,0.3213,0,Non-SST
4059.5,68.2544,1.834,2.4018,0.3285,0,Non-SST
4060.0,66.6447,1.8452,2.4083,0.3332,0,Non-SST
4060.5,67.0932,1.8534,2.41,0.3203,0,Non-SST
4061.0,66.4055,1.8975,2.4213,0.3039,0,Non-SST
4061.5,63.6129,1.9495,2.4148,0.2955,0,Non-SST
4062.0,61.4901,1.9749,2.4169,0.296,0,Non-SST
4062.5,57.8477,2.1328,2.399,0.2919,0,Non-SST
4063.0,57.7312,2.0871,2.3994,0.2921,0,Non-SST
4063.5,59.2904,2.0725,2.3741,0.3039,0,Non-SST
4064.0,63.279,2.0832,2.3725,0.3042,0,Non-SST
4064.5,65.4271,2.0679,2.3597,0.3091,0,Non-SST
4065.0,69.4521,1.9887,2.3579,0.3136,0,Non-SST
4065.5,72.6339,1.8965,2.3536,0.3296,0,Non-SST
4066.0,74.7372,1.8862,2.3532,0.3419,0,Non-SST
4066.5,75.1749,1.9051,2.355,0.3556,0,Non-SST
4067.0,76.3154,1.8329,2.3544,0.3759,0,Non-SST
4067.5,79.9938,1.7211,2.3581,0.3815,0,Non-SST
4068.0,79.9344,1.6993,2.3629,0.3802,0,Non-SST
4068.5,80.7366,1.6607,2.3738,0.3842,0,Non-SST
4069.0,80.0555,1.7795,2.3845,0.3861,0,Non-SST
4069.5,80.4188,1.9601,2.3933,0.3727,0,Non-SST
4070.0,78.2517,1.8581,2.3948,0.3558,0,Non-SST
4070.5,77.7993,1.8266,2.3892,0.3474,0,Non-SST
4071.0,79.1059,1.8306,2.3942,0.3537,0,Non-SST
4071.5,80.296,1.8477,2.3985,0.3588,0,Non-SST
4072.0,80.9396,1.845,2.4039,0.3619,0,Non-SST
4072.5,78.5485,1.8051,2.3975,0.3702,0,Non-SST
4073.0,78.6112,1.7722,2.3943,0.3774,0,Non-SST
4073.5,79.1919,1.7516,2.3954,0.3948,0,Non-SST
4074.0,80.4047,1.7299,2.3911,0.4035,0,Non-SST
4074.5,81.0118,1.738,2.3882,0.3968,0,Non-SST
4075.0,79.6338,1.754,2.3882,0.3885,0,Non-SST
4075.5,80.0134,1.7427,2.3968,0.3872,0,Non-SST
4076.0,82.8328,1.759,2.403,0.3786,0,Non-SST
4076.5,85.2226,1.7312,2.4012,0.386,0,Non-SST
4077.0,87.0824,1.6974,2.3989,0.3969,0,Non-SST
4077.5,86.5424,1.7161,2.385,0.4219,0,Non-SST
4078.0,85.7356,1.7689,2.3812,0.4238,0,Non-SST
4078.5,86.6086,1.7353,2.383,0.4128,0,Non-SST
4079.0,85.2818,1.9545,2.3938,0.4067,0,Non-SST
4079.5,87.5631,1.846,2.3821,0.4019,0,Non-SST
4080.0,88.7303,1.7102,2.3558,0.4123,0,Non-SST
4080.5,89.5634,1.6202,2.3337,0.4282,0,Non-SST
4081.0,90.9356,1.6763,2.3251,0.4567,0,Non-SST
4081.5,92.843,1.7182,2.322,0.4506,0,Non-SST
4082.0,95.0069,1.7241,2.3269,0.4378,0,Non-SST
4082.5,95.2478,1.7697,2.3274,0.4605,0,Non-SST
4083.0,92.6326,1.7968,2.3107,0.5022,0,Non-SST
4083.5,90.4269,1.8682,2.2533,0.5511,0,Non-SST
4084.0,85.859,2.0889,2.1653,0.5339,0,Non-SST
4084.5,82.9756,2.7632,2.0904,0.5164,0,Non-SST
4085.0,77.931,2.8763,2.0674,0.4756,0,Non-SST
4085.5,78.428,2.6894,2.1198,0.4511,0,Non-SST
4086.0,83.0556,2.4671,2.2149,0.4446,0,Non-SST
4086.5,87.9088,1.99,2.3209,0.4314,0,Non-SST
4087.0,89.7076,1.5987,2.376,0.4266,0,Non-SST
4087.5,88.3011,1.4366,2.3982,0.4172,0,Non-SST
4088.0,90.3165,1.5016,2.4023,0.4258,0,Non-SST
4088.5,90.7913,1.3766,2.3907,0.4417,0,Non-SST
4089.0,91.7128,1.3093,2.3796,0.4399,0,Non-SST
4089.5,90.9535,1.3319,2.3657,0.4441,0,Non-SST
4090.0,93.5011,1.3599,2.3614,0.4272,0,Non-SST
4090.5,94.2813,1.353,2.3569,0.439,0,Non-SST
4091.0,100.3741,1.3587,2.3527,0.4339,0,Non-SST
4091.5,101.3907,1.3836,2.3514,0.4351,0,Non-SST
4092.0,101.0533,1.3658,2.3547,0.4369,0,Non-SST
4092.5,96.9741,1.4378,2.3649,0.4255,0,Non-SST
4093.0,95.4601,1.5067,2.3743,0.4501,0,Non-SST
4093.5,98.5627,1.5968,2.3746,0.4437,0,Non-SST
4094.0,98.6732,1.611,2.3696,0.4605,0,Non-SST
4094.5,102.7034,1.5263,2.3496,0.4756,0,Non-SST
4095.0,103.1684,1.4432,2.3317,0.4978,0,Non-SST
4095.5,106.5237,1.5026,2.3082,0.5238,0,Non-SST
4096.0,105.9854,1.5724,2.2947,0.5388,0,Non-SST
4096.5,106.0255,1.6657,2.2262,0.6062,0,Non-SST
4097.0,103.2774,1.7599,2.0873,0.6749,0,Non-SST
4097.5,96.7446,2.3206,1.93,0.7555,0,Non-SST
4098.0,86.3824,3.1107,1.8009,0.7739,0,Non-SST
4098.5,81.5618,2.9526,1.7399,0.7583,0,Non-SST
4099.0,80.4272,2.8018,1.7441,0.6846,0,Non-SST
4099.5,87.0691,2.9009,1.8282,0.5868,0,Non-SST
4100.0,88.5648,2.494,1.9608,0.4895,0,Non-SST
4100.5,89.4341,1.8636,2.1214,0.4228,0,Non-SST
4101.0,85.7562,1.6693,2.2536,0.3849,0,Non-SST
4101.5,83.5051,1.806,2.3575,0.3849,0,Non-SST
4102.0,84.5715,1.7144,2.405,0.3826,0,Non-SST
4102.5,81.9957,1.5013,2.4119,0.3871,0,Non-SST
4103.0,85.0725,1.4413,2.4186,0.37,0,Non-SST
4103.5,82.9112,1.6001,2.4137,0.3514,0,Non-SST
4104.0,84.3826,1.7165,2.4136,0.3329,0,Non-SST
4104.5,84.2655,1.7211,2.4115,0.3333,0,Non-SST
4105.0,85.2524,1.6512,2.4143,0.3381,0,Non-SST
4105.5,85.1403,1.6838,2.4134,0.3624,0,Non-SST
4106.0,82.0652,1.7176,2.4028,0.3821,0,Non-SST
4106.5,83.2025,1.5942,2.3956,0.4162,0,Non-SST
4107.0,87.9073,1.478,2.3805,0.4464,0,Non-SST
4107.5,91.0216,1.3845,2.3704,0.4464,0,Non-SST
4108.0,93.1865,1.3594,2.3607,0.4405,0,Non-SST
4108.5,90.8712,1.3292,2.3693,0.4173,0,Non-SST
4109.0,91.5382,1.2715,2.3691,0.4435,0,Non-SST
4109.5,89.2209,1.2945,2.3712,0.4435,0,Non-SST
4110.0,91.007,1.336,2.3627,0.4503,0,Non-SST
4110.5,88.6717,1.4411,2.3739,0.4182,0,Non-SST
4111.0,87.3414,1.5023,2.3788,0.424,0,Non-SST
4111.5,84.24,1.4796,2.3786,0.4119,0,Non-SST
4112.0,82.2624,1.5738,2.3706,0.4063,0,Non-SST
4112.5,80.2169,1.6755,2.3712,0.3739,0,Non-SST
4113.0,76.1834,1.7963,2.3892,0.3503,0,Non-SST
4113.5,75.1317,1.8846,2.4049,0.3222,0,Non-SST
4114.0,74.0287,1.9258,2.4183,0.2999,0,Non-SST
4114.5,74.479,1.9407,2.4209,0.2985,0,Non-SST
4115.0,73.141,1.9359,2.4251,0.3048,0,Non-SST
4115.5,72.2712,1.9146,2.4184,0.3279,0,Non-SST
4116.0,72.6153,1.8997,2.416,0.3227,0,Non-SST
4116.5,73.637,1.8976,2.4115,0.3319,0,Non-SST
4117.0,75.3832,1.8758,2.4132,0.3341,0,Non-SST
4117.5,75.835,1.8704,2.4191,0.337,0,Non-SST
4118.0,75.5758,1.8728,2.4227,0.3442,0,Non-SST
4118.5,73.3567,1.8853,2.4272,0.3362,0,Non-SST
4119.0,70.8943,1.9139,2.4254,0.341,0,Non-SST
4119.5,70.7743,1.9704,2.4285,0.3374,0,Non-SST
4120.0,72.5345,2.0156,2.4277,0.3247,0,Non-SST
4120.5,72.8285,1.9752,2.4273,0.3085,0,Non-SST
4121.0,72.7557,1.9496,2.4219,0.2994,0,Non-SST
4121.5,73.8944,1.9213,2.4196,0.3268,0,Non-SST
4122.0,77.2063,1.8436,2.4154,0.3566,0,Non-SST
4122.5,79.7856,1.7826,2.4132,0.3812,0,Non-SST
4123.0,80.8864,1.738,2.4144,0.3762,0,Non-SST
4123.5,82.6322,1.6781,2.4109,0.3692,0,Non-SST
4124.0,83.1255,1.6416,2.408,0.3507,0,Non-SST
4124.5,82.8197,1.714,2.4063,0.348,0,Non-SST
4125.0,80.8809,1.8734,2.4148,0.3601,0,Non-SST
4125.5,79.437,1.9717,2.4248,0.3605,0,Non-SST
4126.0,77.3515,1.9998,2.4305,0.342,0,Non-SST
4126.5,79.2874,1.9704,2.4253,0.353,0,Non-SST
4127.0,80.1983,1.9464,2.4177,0.3611,0,Non-SST
4127.5,79.8946,1.8964,2.4136,0.3744,0,Non-SST
4128.0,79.0385,1.8737,2.4221,0.3413,0,Non-SST
4128.5,77.9378,1.9255,2.4359,0.3336,0,Non-SST
4129.0,80.2551,2.1252,2.4364,0.3509,0,Non-SST
4129.5,83.3145,1.9174,2.4257,0.3668,0,Non-SST
4130.0,83.2031,1.8056,2.415,0.384,0,Non-SST
4130.5,82.2918,1.772,2.4118,0.3724,0,Non-SST
4131.0,79.9418,1.7401,2.4105,0.3699,0,Non-SST
4131.5,80.1688,1.6931,2.4121,0.3858,0,Non-SST
4132.0,81.6099,1.7094,2.4111,0.3766,0,Non-SST
4132.5,83.5022,1.6956,2.4154,0.3734,0,Non-SST
4133.0,83.8818,1.6876,2.4112,0.3503,0,Non-SST
4133.5,83.6897,1.7689,2.4175,0.3653,0,Non-SST
4134.0,79.9769,1.8603,2.4234,0.357,0,Non-SST
4134.5,78.3052,2.0507,2.4234,0.3482,0,Non-SST
4135.0,78.1571,2.1484,2.4196,0.3252,0,Non-SST
4135.5,77.6951,2.1397,2.4147,0.3156,0,Non-SST
4136.0,77.5037,2.148,2.4144,0.3055,0,Non-SST
4136.5,74.7083,2.18,2.4126,0.3024,0,Non-SST
4137.0,72.5477,2.1967,2.4103,0.3136,0,Non-SST
4137.5,73.0459,2.1677,2.4078,0.3159,0,Non-SST
4138.0,74.5471,2.1353,2.4068,0.3266,0,Non-SST
4138.5,76.7095,2.1434,2.4043,0.3245,0,Non-SST
4139.0,77.1635,2.1561,2.4023,0.3257,0,Non-SST
4139.5,76.4045,2.1561,2.4001,0.3213,0,Non-SST
4140.0,77.0132,2.1491,2.3994,0.333,0,Non-SST
4140.5,77.4715,2.1089,2.3996,0.3418,0,Non-SST
4141.0,77.6252,2.0646,2.3877,0.3611,0,Non-SST
4141.5,76.8248,2.116,2.3396,0.3692,0,Non-SST
4142.0,74.8499,2.1427,2.2985,0.3884,0,Non-SST
4142.5,74.5108,2.1676,2.2633,0.4054,0,Non-SST
4143.0,78.4981,2.0791,2.2892,0.4063,0,Non-SST
4143.5,82.8576,1.8504,2.3429,0.3851,0,Non-SST
4144.0,83.1569,1.7694,2.4077,0.3489,0,Non-SST
4144.5,78.6531,1.8583,2.4451,0.3143,0,Non-SST
4145.0,71.0291,1.9407,2.4473,0.2952,0,Non-SST
4145.5,67.6116,1.9845,2.4517,0.277,0,Non-SST
4146.0,63.5356,2.0366,2.4475,0.265,0,Non-SST
4146.5,65.2041,2.0586,2.4388,0.2595,0,Non-SST
4147.0,63.5629,2.0768,2.4325,0.2569,0,Non-SST
4147.5,65.9936,2.0926,2.4274,0.2663,0,Non-SST
4148.0,67.3601,2.083,2.4277,0.266,0,Non-SST
4148.5,70.79,2.0229,2.4351,0.2775,0,Non-SST
4149.0,73.1969,1.9555,2.4511,0.2895,0,Non-SST
4149.5,74.3342,1.9415,2.4569,0.2937,0,Non-SST
4150.0,75.9746,1.7958,2.4525,0.3213,0,Non-SST
4150.5,79.7955,1.5576,2.4317,0.3417,0,Non-SST
4151.0,82.0759,1.4977,2.4218,0.382,0,Non-SST
4151.5,84.8321,1.396,2.4101,0.3868,0,Non-SST
4152.0,83.3162,1.4082,2.4126,0.404,0,Non-SST
4152.5,84.1512,1.479,2.4114,0.4103,0,Non-SST
4153.0,82.8329,1.47,2.42,0.4169,0,Non-SST
4153.5,80.2134,1.4831,2.4242,0.403,0,Non-SST
4154.0,76.1425,1.6262,2.4333,0.3802,0,Non-SST
4154.5,72.2291,1.8337,2.4372,0.3636,0,Non-SST
4155.0,68.9992,2.0058,2.4351,0.3447,0,Non-SST
4155.5,65.7834,2.0678,2.4325,0.3266,0,Non-SST
4156.0,64.4579,2.0607,2.424,0.3239,0,Non-SST
4156.5,68.2937,2.0629,2.4158,0.3274,0,Non-SST
4157.0,73.5342,2.0419,2.4188,0.3473,0,Non-SST
4157.5,79.3375,1.9488,2.4155,0.3597,0,Non-SST
4158.0,82.5382,1.8809,2.4251,0.373,0,Non-SST
4158.5,83.7495,1.8388,2.4158,0.4024,0,Non-SST
4159.0,84.2084,1.7368,2.4152,0.4099,0,Non-SST
4159.5,82.2604,1.6716,2.4039,0.4075,0,Non-SST
4160.0,85.3995,1.6612,2.4047,0.379,0,Non-SST
4160.5,84.6004,1.6432,2.4041,0.3705,0,Non-SST
4161.0,87.0678,1.671,2.3998,0.3675,0,Non-SST
4161.5,82.2588,1.6244,2.398,0.3582,0,Non-SST
4162.0,79.3753,1.7033,2.4101,0.3175,0,Non-SST
4162.5,73.0721,1.8729,2.454,0.2832,0,Non-SST
4163.0,65.6848,2.5682,2.4917,0.2641,0,Non-SST
4163.5,61.9649,3.46,2.5155,0.271,0,Non-SST
4164.0,59.0041,3.5551,2.4755,0.2669,0,Non-SST
4164.5,59.5964,3.1674,2.4463,0.2646,0,Non-SST
4165.0,56.2806,2.7672,2.4039,0.2655,0,Non-SST
4165.5,52.5608,2.4307,2.3886,0.272,0,Non-SST
4166.0,47.8178,2.2794,2.3554,0.2708,0,Non-SST
4166.5,43.3903,2.2135,2.311,0.2648,0,Non-SST
4167.0,38.949,2.021,2.2686,0.2584,5,WTR
4167.5,35.2539,1.8841,2.2493,0.2593,0,Non-SST
4168.0,33.8872,1.6901,2.2501,0.2624,5,WTR
4168.5,35.0648,1.5307,2.2568,0.2774,5,WTR
4169.0,37.886,1.4991,2.2601,0.2804,5,WTR
4169.5,42.4642,1.4815,2.2681,0.2847,5,WTR
4170.0,45.9578,1.5106,2.2764,0.2913,5,WTR
4170.5,49.5651,1.5911,2.2971,0.295,5,WTR
4171.0,51.2867,1.6548,2.3153,0.3092,5,WTR
4171.5,55.9533,1.729,2.3329,0.3175,0,Non-SST
4172.0,60.9625,1.7773,2.3402,0.3165,0,Non-SST
4172.5,65.7481,1.8095,2.354,0.2993,0,Non-SST
4173.0,69.2422,1.8528,2.3647,0.3132,0,Non-SST
4173.5,70.8355,1.8781,2.3787,0.3169,0,Non-SST
4174.0,73.0836,1.8892,2.3832,0.3272,0,Non-SST
4174.5,72.1361,1.8921,2.3871,0.3027,0,Non-SST
4175.0,71.4923,1.8635,2.3826,0.3084,0,Non-SST
4175.5,70.6457,1.8688,2.3807,0.3128,0,Non-SST
4176.0,69.8991,1.8804,2.3728,0.3155,0,Non-SST
4176.5,67.6947,1.9023,2.3733,0.3202,0,Non-SST
4177.0,65.7996,1.8895,2.3686,0.312,0,Non-SST
4177.5,63.8863,1.863,2.37,0.3118,0,Non-SST
4178.0,64.6876,1.8412,2.3653,0.3066,0,Non-SST
4178.5,61.4587,1.8175,2.3537,0.312,0,Non-SST
4179.0,57.7374,1.7774,2.3198,0.3206,0,Non-SST
4179.5,49.9928,1.6557,2.2684,0.3208,5,WTR
4180.0,45.1354,1.617,2.2221,0.329,5,WTR
4180.5,42.9216,1.4215,2.2182,0.3122,5,WTR
4181.0,44.0214,1.4046,2.216,0.3131,5,WTR
4181.5,45.3122,1.26,2.2279,0.3038,5,WTR
4182.0,47.679,1.3696,2.2341,0.3153,5,WTR
4182.5,50.3741,1.1668,2.2488,0.3271,5,WTR
4183.0,54.5083,1.2977,2.2798,0.3324,5,WTR
4183.5,56.5226,1.5162,2.283,0.3325,0,Non-SST
4184.0,61.7251,1.5223,2.3087,0.3283,0,Non-SST
4184.5,68.9764,1.4874,2.3234,0.3544,0,Non-SST
4185.0,77.0476,1.6067,2.3479,0.3774,0,Non-SST
4185.5,86.1589,1.5556,2.3669,0.3982,0,Non-SST
4186.0,89.4234,1.5917,2.3692,0.4043,0,Non-SST
4186.5,91.4126,1.6184,2.3763,0.4272,0,Non-SST
4187.0,87.5203,1.5926,2.3779,0.4432,0,Non-SST
4187.5,87.79,1.6242,2.3821,0.4315,0,Non-SST
4188.0,87.94,1.6901,2.3888,0.4176,0,Non-SST
4188.5,88.8292,1.567,2.3846,0.4184,0,Non-SST
4189.0,87.7005,1.4923,2.3762,0.4299,0,Non-SST
4189.5,88.1959,1.5027,2.3661,0.4311,0,Non-SST
4190.0,89.487,1.455,2.361,0.4392,0,Non-SST
4190.5,90.0064,1.4556,2.3719,0.4559,0,Non-SST
4191.0,90.0404,1.4334,2.3697,0.4883,0,Non-SST
4191.5,88.7786,1.415,2.3791,0.5053,0,Non-SST
4192.0,87.6756,1.4137,2.3684,0.4973,0,Non-SST
4192.5,85.7414,1.4333,2.3722,0.4881,0,Non-SST
4193.0,85.8263,1.5821,2.3599,0.4673,0,Non-SST
4193.5,86.5615,1.6755,2.358,0.4631,0,Non-SST
4194.0,89.1829,1.6484,2.3547,0.45,0,Non-SST
4194.5,90.0978,1.6926,2.3546,0.4281,0,Non-SST
4195.0,89.2889,1.7724,2.3518,0.4063,0,Non-SST
4195.5,89.2489,1.7862,2.3536,0.3736,0,Non-SST
4196.0,88.2972,1.7247,2.3639,0.3752,0,Non-SST
4196.5,89.0563,1.715,2.3736,0.3687,0,Non-SST
4197.0,85.2222,1.7794,2.3804,0.369,0,Non-SST
4197.5,80.6693,1.8958,2.3799,0.3622,0,Non-SST
4198.0,78.4677,1.9846,2.3794,0.3675,0,Non-SST
4198.5,77.7734,1.9806,2.3845,0.3771,0,Non-SST
4199.0,78.4502,2.0979,2.3862,0.3678,0,Non-SST
4199.5,76.2098,2.1514,2.3867,0.3786,0,Non-SST
4200.0,75.3097,2.3216,2.3757,0.4145,0,Non-SST
4200.5,75.9466,2.4151,2.3131,0.4575,0,Non-SST
4201.0,73.3263,2.4281,2.1678,0.5462,0,Non-SST
4201.5,69.4936,3.3022,1.9393,0.6684,0,Non-SST
4202.0,64.1534,5.4759,1.7184,0.8235,0,Non-SST
4202.5,61.2457,6.7493,1.5566,0.8388,0,Non-SST
4203.0,57.0305,6.9757,1.4884,0.8352,0,Non-SST
4203.5,54.1831,7.2984,1.5023,0.7488,0,Non-SST
4204.0,53.8654,6.4807,1.5886,0.7195,0,Non-SST
4204.5,55.5345,5.2024,1.7101,0.578,0,Non-SST
4205.0,56.6886,4.6135,1.8569,0.4959,0,Non-SST
4205.5,58.4362,4.0492,1.9977,0.4039,0,Non-SST
4206.0,62.5358,3.5321,2.1266,0.37,0,Non-SST
4206.5,64.9135,3.2499,2.2492,0.3347,0,Non-SST
4207.0,65.7594,2.6831,2.3275,0.3177,0,Non-SST
4207.5,67.1278,2.3904,2.3733,0.3159,0,Non-SST
4208.0,68.227,2.2912,2.38,0.3064,0,Non-SST
4208.5,68.7843,2.1748,2.3812,0.3028,0,Non-SST
4209.0,66.5078,2.0914,2.3737,0.2961,0,Non-SST
4209.5,67.4205,2.0138,2.3675,0.2934,0,Non-SST
4210.0,68.8857,1.9515,2.3693,0.3183,0,Non-SST
4210.5,68.506,1.9932,2.3736,0.324,0,Non-SST
4211.0,68.6182,1.9777,2.3776,0.3224,0,Non-SST
4211.5,67.2291,1.9627,2.3758,0.3111,0,Non-SST
4212.0,69.0877,1.9501,2.3623,0.3252,0,Non-SST
4212.5,67.2686,1.9447,2.362,0.3398,0,Non-SST
4213.0,67.4599,1.9769,2.3655,0.336,0,Non-SST
4213.5,66.2846,1.9843,2.3754,0.3181,0,Non-SST
4214.0,67.6105,1.9475,2.3711,0.3057,0,Non-SST
4214.5,65.482,1.8412,2.3612,0.3103,0,Non-SST
4215.0,59.3936,1.7613,2.3243,0.3134,0,Non-SST
4215.5,51.5359,1.6882,2.2765,0.3238,5,WTR
4216.0,41.2863,1.5031,2.2192,0.3369,5,WTR
4216.5,32.7579,1.2631,2.1793,0.3381,5,WTR
4217.0,24.8246,1.0609,2.1546,0.348,5,WTR
4217.5,20.9163,0.8874,2.1411,0.3325,5,WTR
4218.0,18.7146,0.8775,2.1276,0.3519,5,WTR
4218.5,16.4378,0.9496,2.1207,0.3465,5,WTR
4219.0,14.9192,0.8833,2.1212,0.3535,5,WTR
4219.5,15.7538,0.7876,2.133,0.3393,5,WTR
4220.0,19.1326,0.7713,2.1553,0.3266,5,WTR
4220.5,26.6874,0.8643,2.2036,0.3187,5,WTR
4221.0,41.3019,1.2403,2.2755,0.328,5,WTR
4221.5,56.6392,1.4856,2.3489,0.3364,0,Non-SST
4222.0,72.1338,1.4372,2.3819,0.3606,0,Non-SST
4222.5,82.3167,1.4987,2.4003,0.368,0,Non-SST
4223.0,90.9189,1.5854,2.4039,0.3945,0,Non-SST
4223.5,94.8237,1.7096,2.3904,0.4036,0,Non-SST
4224.0,97.5467,1.6237,2.3573,0.4372,0,Non-SST
4224.5,102.9531,1.4728,2.3266,0.4523,0,Non-SST
4225.0,107.303,1.4664,2.3134,0.4754,0,Non-SST
4225.5,111.215,1.4712,2.3134,0.4675,0,Non-SST
4226.0,109.1223,1.4571,2.3141,0.487,0,Non-SST
4226.5,109.5533,1.4884,2.302,0.4845,0,Non-SST
4227.0,108.7943,1.515,2.2846,0.5155,0,Non-SST
4227.5,113.2787,1.5199,2.271,0.4972,0,Non-SST
4228.0,113.3192,1.5217,2.2723,0.4795,0,Non-SST
4228.5,114.0049,1.5062,2.2799,0.458,0,Non-SST
4229.0,111.9119,1.5137,2.2917,0.4723,0,Non-SST
4229.5,114.6326,1.5412,2.3025,0.5006,0,Non-SST
4230.0,115.8018,1.5467,2.3029,0.4876,0,Non-SST
4230.5,113.7948,1.5322,2.308,0.4875,0,Non-SST
4231.0,112.137,1.5531,2.301,0.4865,0,Non-SST
4231.5,107.7732,1.5875,2.3016,0.497,0,Non-SST
4232.0,107.4672,1.611,2.2908,0.4826,0,Non-SST
4232.5,106.2478,1.6405,2.289,0.471,0,Non-SST
4233.0,106.4409,1.6645,2.2887,0.4794,0,Non-SST
4233.5,104.1654,1.6509,2.2896,0.4805,0,Non-SST
4234.0,100.2533,1.6497,2.2945,0.4747,0,Non-SST
4234.5,99.6103,1.7248,2.2991,0.4575,0,Non-SST
4235.0,100.747,1.6778,2.3181,0.4404,0,Non-SST
4235.5,100.7914,1.5722,2.3343,0.4349,0,Non-SST
4236.0,98.7666,1.4731,2.3548,0.4282,0,Non-SST
4236.5,95.7677,1.4632,2.3623,0.4384,0,Non-SST
4237.0,94.323,1.4512,2.3766,0.4426,0,Non-SST
4237.5,93.4963,1.4817,2.3821,0.4443,0,Non-SST
4238.0,93.7362,1.5364,2.3887,0.4487,0,Non-SST
4238.5,95.1409,1.4573,2.3952,0.4395,0,Non-SST
4239.0,95.5607,1.4194,2.4072,0.4207,0,Non-SST
4239.5,96.118,1.4496,2.4141,0.3869,0,Non-SST
4240.0,94.2471,1.4106,2.4147,0.3687,0,Non-SST
4240.5,93.6757,1.4289,2.418,0.3866,0,Non-SST
4241.0,90.1472,1.4633,2.4305,0.4109,0,Non-SST
4241.5,88.2217,1.5159,2.4447,0.4237,0,Non-SST
4242.0,86.2112,1.6813,2.4456,0.4208,0,Non-SST
4242.5,89.474,1.56,2.4367,0.4134,0,Non-SST
4243.0,91.8275,1.52,2.4245,0.4178,0,Non-SST
4243.5,91.5984,1.6089,2.4194,0.4058,0,Non-SST
4244.0,87.8673,1.5325,2.4191,0.4048,0,Non-SST
4244.5,88.8166,1.4482,2.4196,0.3971,0,Non-SST
4245.0,89.0401,1.5034,2.4174,0.4148,0,Non-SST
4245.5,89.0129,1.5031,2.423,0.415,0,Non-SST
4246.0,86.0917,1.5636,2.4354,0.4344,0,Non-SST
4246.5,85.2967,1.9304,2.4458,0.4352,0,Non-SST
4247.0,84.7165,1.8283,2.4435,0.441,0,Non-SST
4247.5,85.5097,1.5946,2.4266,0.4273,0,Non-SST
4248.0,88.4008,1.5592,2.4123,0.4148,0,Non-SST
4248.5,88.1839,1.5211,2.4106,0.4092,0,Non-SST
4249.0,88.9321,1.5391,2.4123,0.4187,0,Non-SST
4249.5,86.6905,1.5455,2.4218,0.4035,0,Non-SST
4250.0,87.4099,1.5779,2.4174,0.4126,0,Non-SST
4250.5,87.8764,1.5994,2.4205,0.3974,0,Non-SST
4251.0,89.2828,1.5696,2.4175,0.4227,0,Non-SST
4251.5,91.1539,1.5933,2.4189,0.4303,0,Non-SST
4252.0,91.0803,1.5862,2.4152,0.4298,0,Non-SST
4252.5,89.3719,1.5976,2.4164,0.4185,0,Non-SST
4253.0,87.6145,1.7152,2.4255,0.4007,0,Non-SST
4253.5,83.5775,1.8406,2.4324,0.3862,0,Non-SST
4254.0,84.1812,1.8976,2.4387,0.3691,0,Non-SST
4254.5,85.1303,1.9157,2.4385,0.3463,0,Non-SST
4255.0,85.3728,1.9352,2.4408,0.3376,0,Non-SST
4255.5,81.7827,1.9826,2.4442,0.3267,0,Non-SST
4256.0,78.2524,2.0411,2.4507,0.3175,0,Non-SST
4256.5,76.0489,2.0933,2.4539,0.3033,0,Non-SST
4257.0,75.3909,2.1119,2.443,0.2982,0,Non-SST
4257.5,72.468,2.0553,2.4186,0.2909,0,Non-SST
4258.0,74.5557,1.9472,2.3977,0.299,0,Non-SST
4258.5,78.1952,1.825,2.3748,0.3224,0,Non-SST
4259.0,87.0818,1.6999,2.3591,0.3751,0,Non-SST
4259.5,93.9551,1.7198,2.3342,0.4215,0,Non-SST
4260.0,101.2445,1.6469,2.315,0.4441,0,Non-SST
4260.5,106.2051,1.5508,2.2992,0.4464,0,Non-SST
4261.0,106.5022,1.4771,2.289,0.4527,0,Non-SST
4261.5,105.5936,1.4547,2.2672,0.5108,0,Non-SST
4262.0,100.1374,1.3721,2.2189,0.5225,0,Non-SST
4262.5,94.6753,1.9816,2.1761,0.5706,0,Non-SST
4263.0,89.4132,2.7083,2.1353,0.5677,0,Non-SST
4263.5,85.0494,2.6715,2.1303,0.5846,0,Non-SST
4264.0,82.9633,2.625,2.1275,0.559,0,Non-SST
4264.5,77.2166,2.4506,2.1075,0.5785,0,Non-SST
4265.0,73.5174,2.5505,2.0248,0.656,0,Non-SST
4265.5,68.0856,3.0719,1.9001,0.7514,0,Non-SST
4266.0,63.4163,3.7556,1.8005,0.7071,0,Non-SST
4266.5,65.1035,4.0945,1.7841,0.6474,0,Non-SST
4267.0,72.5067,3.5932,1.8641,0.5496,0,Non-SST
4267.5,84.8801,3.3216,2.0066,0.5056,0,Non-SST
4268.0,87.6479,3.3892,2.1692,0.4394,0,Non-SST
4268.5,83.813,3.3208,2.2999,0.3909,0,Non-SST
4269.0,73.6033,2.3224,2.3819,0.3601,0,Non-SST
4269.5,67.6321,1.8719,2.407,0.336,0,Non-SST
4270.0,60.6487,1.8716,2.3802,0.3197,0,Non-SST
4270.5,53.8927,1.7603,2.3277,0.3278,5,WTR
4271.0,44.3023,1.6192,2.2773,0.3285,5,WTR
4271.5,36.3925,1.4479,2.2389,0.3138,5,WTR
4272.0,30.0526,1.2841,2.2015,0.3082,5,WTR
4272.5,25.4964,1.1247,2.181,0.3054,5,WTR
4273.0,23.5731,1.0535,2.1691,0.3142,5,WTR
4273.5,25.3312,1.0571,2.1786,0.3001,5,WTR
4274.0,28.2156,1.0502,2.1946,0.2973,5,WTR
4274.5,32.2779,1.1014,2.2202,0.2997,5,WTR
4275.0,32.3041,1.1618,2.2264,0.3226,5,WTR
4275.5,32.6472,1.1499,2.2246,0.3187,5,WTR
4276.0,33.9001,1.1875,2.2089,0.322,5,WTR
4276.5,36.6326,1.1936,2.2206,0.3082,5,WTR
4277.0,40.3511,1.181,2.2173,0.3204,5,WTR
4277.5,38.263,1.1778,2.2229,0.3198,5,WTR
4278.0,36.9731,1.1432,2.1958,0.3245,5,WTR
4278.5,32.7978,1.0939,2.1848,0.3177,5,WTR
4279.0,32.2678,1.0006,2.1776,0.3179,5,WTR
4279.5,29.5344,0.9656,2.181,0.3132,5,WTR
4280.0,28.5853,0.9727,2.1844,0.3144,5,WTR
4280.5,24.8269,0.9972,2.1785,0.3202,5,WTR
4281.0,23.9904,0.9929,2.1776,0.3361,5,WTR
4281.5,23.3833,0.9277,2.1659,0.3388,5,WTR
4282.0,23.8763,0.9438,2.1591,0.3331,5,WTR
4282.5,24.2051,0.9325,2.1523,0.3281,5,WTR
4283.0,26.3306,0.917,2.1444,0.3333,5,WTR
4283.5,29.1398,0.9924,2.1609,0.3251,5,WTR
4284.0,33.1367,1.1237,2.1857,0.3306,5,WTR
4284.5,35.0364,1.1437,2.2194,0.3358,5,WTR
4285.0,39.1352,1.1868,2.2354,0.3411,5,WTR
4285.5,41.0357,1.2659,2.252,0.3219,5,WTR
4286.0,44.4503,1.3724,2.2612,0.3189,5,WTR
4286.5,50.1848,1.4529,2.28,0.3068,5,WTR
4287.0,58.6604,1.4498,2.2954,0.3189,5,WTR
4287.5,64.395,1.5035,2.3098,0.3183,0,Non-SST
4288.0,66.0275,1.4878,2.3145,0.3284,0,Non-SST
4288.5,65.0684,1.5594,2.3164,0.3402,0,Non-SST
4289.0,64.6216,1.5776,2.3236,0.3414,0,Non-SST
4289.5,65.4554,1.594,2.3295,0.3497,0,Non-SST
4290.0,65.3429,1.6575,2.3403,0.3349,0,Non-SST
4290.5,67.498,1.6745,2.3514,0.3329,0,Non-SST
4291.0,68.5973,1.7447,2.3623,0.3249,0,Non-SST
4291.5,69.5717,1.8144,2.3639,0.3332,0,Non-SST
4292.0,71.2753,1.7993,2.371,0.3319,0,Non-SST
4292.5,71.6185,1.7636,2.3777,0.3422,0,Non-SST
4293.0,75.0083,1.8609,2.3837,0.3529,0,Non-SST
4293.5,75.7068,1.8889,2.3864,0.3542,0,Non-SST
4294.0,78.4782,1.8176,2.3845,0.3465,0,Non-SST
4294.5,81.3632,1.7484,2.3883,0.3444,0,Non-SST
4295.0,84.1241,1.7638,2.3922,0.3666,0,Non-SST
4295.5,86.6692,1.805,2.3937,0.3872,0,Non-SST
4296.0,89.0956,1.8011,2.4001,0.3851,0,Non-SST
4296.5,90.4583,1.7305,2.4,0.3853,0,Non-SST
4297.0,89.2035,1.7455,2.4049,0.3731,0,Non-SST
4297.5,85.7879,1.8307,2.3981,0.3611,0,Non-SST
4298.0,85.3616,1.8627,2.4053,0.3444,0,Non-SST
4298.5,85.2118,1.9235,2.3986,0.3353,0,Non-SST
4299.0,85.7435,1.9256,2.4037,0.3623,0,Non-SST
4299.5,86.2856,1.8907,2.3941,0.3844,0,Non-SST
4300.0,86.0279,1.9089,2.3953,0.4088,0,Non-SST
4300.5,88.1197,1.8997,2.3951,0.4091,0,Non-SST
4301.0,84.4359,1.885,2.3949,0.3953,0,Non-SST
4301.5,83.5873,1.9016,2.3866,0.3813,0,Non-SST
4302.0,79.9412,1.9279,2.3745,0.3834,0,Non-SST
4302.5,80.7038,1.9712,2.3655,0.381,0,Non-SST
4303.0,82.4555,1.8973,2.3588,0.3774,0,Non-SST
4303.5,80.2915,1.8453,2.356,0.366,0,Non-SST
4304.0,79.2234,1.8765,2.3601,0.3573,0,Non-SST
4304.5,79.6916,1.9094,2.363,0.3878,0,Non-SST
4305.0,79.9178,1.8776,2.367,0.3881,0,Non-SST
4305.5,79.8833,1.8512,2.3611,0.3951,0,Non-SST
4306.0,76.7541,1.8618,2.3584,0.3773,0,Non-SST
4306.5,80.4475,1.8635,2.3473,0.3799,0,Non-SST
4307.0,81.3187,1.8319,2.3527,0.3817,0,Non-SST
4307.5,83.9039,1.8807,2.3546,0.3936,0,Non-SST
4308.0,84.9154,1.8736,2.3583,0.3847,0,Non-SST
4308.5,85.3366,1.8286,2.3506,0.3864,0,Non-SST
4309.0,83.8009,1.8532,2.3516,0.3856,0,Non-SST
4309.5,82.476,1.8448,2.3554,0.3989,0,Non-SST
4310.0,83.1197,1.8648,2.3553,0.3903,0,Non-SST
4310.5,84.1619,1.8463,2.3561,0.3905,0,Non-SST
4311.0,84.4753,1.8231,2.3562,0.3918,0,Non-SST
4311.5,84.2113,1.8119,2.3598,0.4218,0,Non-SST
4312.0,83.7886,1.8584,2.3596,0.4291,0,Non-SST
4312.5,82.3002,1.8739,2.3585,0.4139,0,Non-SST
4313.0,81.878,1.8722,2.3598,0.4098,0,Non-SST
4313.5,83.1719,1.8892,2.358,0.3871,0,Non-SST
4314.0,82.523,1.9009,2.3654,0.4044,0,Non-SST
4314.5,83.1714,1.8944,2.3688,0.4024,0,Non-SST
4315.0,84.6499,1.91,2.3762,0.4273,0,Non-SST
4315.5,85.6785,1.927,2.375,0.4282,0,Non-SST
4316.0,84.0823,1.9175,2.3718,0.4238,0,Non-SST
4316.5,82.1881,1.8964,2.3671,0.3965,0,Non-SST
4317.0,82.7575,1.8861,2.3623,0.3941,0,Non-SST
4317.5,85.1756,1.8789,2.362,0.3847,0,Non-SST
4318.0,85.0218,1.8893,2.3572,0.3974,0,Non-SST
4318.5,83.2358,1.8766,2.3592,0.3866,0,Non-SST
4319.0,83.9684,1.8685,2.3618,0.3879,0,Non-SST
4319.5,85.461,1.901,2.3671,0.3973,0,Non-SST
4320.0,88.7618,1.7977,2.3687,0.4016,0,Non-SST
4320.5,86.2219,1.8681,2.3701,0.4064,0,Non-SST
4321.0,85.6803,1.8757,2.3778,0.3868,0,Non-SST
4321.5,86.3637,1.8918,2.3782,0.3865,0,Non-SST
4322.0,89.183,1.874,2.3777,0.3875,0,Non-SST
4322.5,88.8755,1.8064,2.3655,0.3953,0,Non-SST
4323.0,87.469,1.8306,2.3661,0.4083,0,Non-SST
4323.5,87.7247,1.8063,2.3646,0.4124,0,Non-SST
4324.0,87.964,1.8333,2.3652,0.4304,0,Non-SST
4324.5,87.4381,1.8536,2.3635,0.4413,0,Non-SST
4325.0,85.7297,1.7646,2.3621,0.4393,0,Non-SST
4325.5,87.5383,1.7586,2.3661,0.4288,0,Non-SST
4326.0,91.0056,1.7725,2.3639,0.4306,0,Non-SST
4326.5,94.648,1.7668,2.3607,0.4195,0,Non-SST
4327.0,93.4735,1.7524,2.3658,0.4108,0,Non-SST
4327.5,92.8514,1.7886,2.3643,0.411,0,Non-SST
4328.0,91.9749,1.8031,2.3675,0.4271,0,Non-SST
4328.5,94.1804,1.7874,2.3589,0.433,0,Non-SST
4329.0,92.3945,1.7787,2.3582,0.4132,0,Non-SST
4329.5,93.193,1.7364,2.3556,0.43,0,Non-SST
4330.0,91.0164,1.7877,2.3553,0.4301,0,Non-SST
4330.5,90.8264,1.8078,2.3522,0.4402,0,Non-SST
4331.0,89.9533,1.8066,2.3517,0.4325,0,Non-SST
4331.5,89.279,1.781,2.3556,0.4395,0,Non-SST
4332.0,90.8393,1.7894,2.3662,0.4454,0,Non-SST
4332.5,89.9018,1.7975,2.3698,0.4461,0,Non-SST
4333.0,90.9305,1.7358,2.3625,0.4481,0,Non-SST
4333.5,90.7008,1.7435,2.358,0.4402,0,Non-SST
4334.0,91.8681,1.7559,2.352,0.4453,0,Non-SST
4334.5,93.2322,1.7514,2.3556,0.458,0,Non-SST
4335.0,93.1182,1.7577,2.3562,0.4574,0,Non-SST
4335.5,92.3971,1.7614,2.3604,0.4465,0,Non-SST
4336.0,93.3823,1.7426,2.3586,0.4154,0,Non-SST
4336.5,94.6063,1.7895,2.3563,0.4291,0,Non-SST
4337.0,93.885,1.773,2.3534,0.4234,0,Non-SST
4337.5,92.6683,1.7546,2.3537,0.4225,0,Non-SST
4338.0,88.939,1.7697,2.3541,0.4102,0,Non-SST
4338.5,89.9333,1.7213,2.356,0.4123,0,Non-SST
4339.0,88.1874,1.7591,2.3554,0.4565,0,Non-SST
4339.5,89.9296,1.8691,2.3539,0.4702,0,Non-SST
4340.0,90.0652,1.6451,2.3491,0.4779,0,Non-SST
4340.5,90.9363,1.6285,2.346,0.4547,0,Non-SST
4341.0,92.0771,1.7225,2.3416,0.465,0,Non-SST
4341.5,92.9571,1.6779,2.3413,0.5024,0,Non-SST
4342.0,96.1327,1.6909,2.3424,0.5036,0,Non-SST
4342.5,96.7782,1.701,2.3472,0.4744,0,Non-SST
4343.0,96.3228,1.7189,2.3515,0.4494,0,Non-SST
4343.5,93.5629,1.7302,2.3549,0.4567,0,Non-SST
4344.0,92.3999,1.6887,2.3518,0.4676,0,Non-SST
4344.5,91.0712,1.7041,2.3489,0.4483,0,Non-SST
4345.0,91.9122,1.74,2.3448,0.448,0,Non-SST
4345.5,90.9512,1.7188,2.3458,0.4553,0,Non-SST
4346.0,90.7955,1.7086,2.3441,0.4429,0,Non-SST
4346.5,88.7472,1.7121,2.3479,0.431,0,Non-SST
4347.0,92.0036,1.8017,2.3493,0.4154,0,Non-SST
4347.5,93.6755,1.8334,2.3495,0.457,0,Non-SST
4348.0,94.7098,1.7797,2.3514,0.4576,0,Non-SST
4348.5,92.4747,1.8209,2.3526,0.4549,0,Non-SST
4349.0,91.8657,1.8276,2.3587,0.4231,0,Non-SST
4349.5,91.0553,1.784,2.3561,0.4336,0,Non-SST
4350.0,92.198,1.767,2.3497,0.4325,0,Non-SST
4350.5,91.8461,1.7786,2.3403,0.442,0,Non-SST
4351.0,91.3527,1.8046,2.3359,0.4379,0,Non-SST
4351.5,90.8233,1.7999,2.3324,0.4506,0,Non-SST
4352.0,91.6323,1.7274,2.3316,0.4418,0,Non-SST
4352.5,92.1258,1.6985,2.3263,0.4601,0,Non-SST
4353.0,91.8521,1.7959,2.3268,0.4474,0,Non-SST
4353.5,91.6558,1.816,2.325,0.4662,0,Non-SST
4354.0,92.9845,1.7719,2.3222,0.4359,0,Non-SST
4354.5,93.6677,1.7984,2.3178,0.4551,0,Non-SST
4355.0,93.3745,1.8228,2.3098,0.4536,0,Non-SST
4355.5,92.4487,1.8347,2.2959,0.4708,0,Non-SST
4356.0,88.2718,1.9695,2.2726,0.4522,0,Non-SST
4356.5,84.5466,2.0809,2.2624,0.4429,0,Non-SST
4357.0,82.5098,1.9489,2.2769,0.4279,0,Non-SST
4357.5,83.3263,2.0236,2.3195,0.4206,0,Non-SST
4358.0,85.9868,2.0104,2.3574,0.3948,0,Non-SST
4358.5,85.6849,1.9797,2.382,0.3817,0,Non-SST
4359.0,85.5155,2.0277,2.3813,0.3586,0,Non-SST
4359.5,80.9226,2.0577,2.3833,0.3492,0,Non-SST
4360.0,79.6152,2.1285,2.3842,0.3377,0,Non-SST
4360.5,76.5014,2.174,2.3851,0.3314,0,Non-SST
4361.0,76.9914,2.2086,2.3953,0.3118,0,Non-SST
4361.5,74.0128,2.2431,2.3962,0.2992,0,Non-SST
4362.0,73.7002,2.2445,2.4064,0.293,0,Non-SST
4362.5,71.9164,2.2486,2.4025,0.3014,0,Non-SST
4363.0,72.6359,2.288,2.4021,0.3048,0,Non-SST
4363.5,73.6728,2.3221,2.3944,0.316,0,Non-SST
4364.0,78.0729,2.2815,2.3918,0.3165,0,Non-SST
4364.5,82.3263,2.311,2.3955,0.3198,0,Non-SST
4365.0,86.8072,2.3864,2.3827,0.3379,0,Non-SST
4365.5,87.7605,2.485,2.3497,0.3916,0,Non-SST
4366.0,88.0245,2.6585,2.275,0.4786,0,Non-SST
4366.5,87.0109,2.6744,2.1596,0.5869,0,Non-SST
4367.0,83.4036,2.8585,2.0153,0.6325,0,Non-SST
4367.5,79.2962,3.6235,1.9164,0.5972,0,Non-SST
4368.0,75.8306,4.0437,1.8995,0.5099,0,Non-SST
4368.5,81.1746,3.7531,1.9773,0.4545,0,Non-SST
4369.0,85.9651,3.1656,2.0961,0.4383,0,Non-SST
4369.5,88.3548,2.2733,2.2191,0.4397,0,Non-SST
4370.0,88.1783,1.687,2.3074,0.4348,0,Non-SST
4370.5,89.2877,1.4601,2.3568,0.4344,0,Non-SST
4371.0,89.8607,1.458,2.3877,0.4286,0,Non-SST
4371.5,88.904,1.5035,2.3903,0.4244,0,Non-SST
4372.0,86.0085,1.5025,2.3894,0.4056,0,Non-SST
4372.5,84.9837,1.6294,2.3846,0.3911,0,Non-SST
4373.0,81.8633,1.7824,2.3861,0.3686,0,Non-SST
4373.5,80.4176,1.7982,2.3879,0.3748,0,Non-SST
4374.0,80.0342,1.8566,2.3955,0.372,0,Non-SST
4374.5,78.7919,1.8476,2.3933,0.3762,0,Non-SST
4375.0,78.4313,1.866,2.3834,0.3718,0,Non-SST
4375.5,76.1177,1.9364,2.3717,0.3574,0,Non-SST
4376.0,76.4213,1.914,2.3694,0.3578,0,Non-SST
4376.5,76.3681,1.8592,2.3694,0.3516,0,Non-SST
4377.0,77.1007,1.9035,2.3761,0.3583,0,Non-SST
4377.5,77.7115,1.8564,2.3862,0.3818,0,Non-SST
4378.0,77.9735,1.8506,2.3914,0.3678,0,Non-SST
4378.5,77.9935,1.8144,2.3896,0.366,0,Non-SST
4379.0,76.7011,1.8088,2.3894,0.341,0,Non-SST
4379.5,77.047,1.8786,2.3875,0.3493,0,Non-SST
4380.0,79.5605,1.8181,2.3822,0.3551,0,Non-SST
4380.5,79.7881,1.7992,2.3805,0.3554,0,Non-SST
4381.0,81.0037,1.7971,2.3857,0.3651,0,Non-SST
4381.5,79.6896,1.7925,2.3875,0.3736,0,Non-SST
4382.0,81.0923,1.8964,2.38,0.3795,0,Non-SST
4382.5,78.0176,1.898,2.373,0.376,0,Non-SST
4383.0,77.8859,1.8893,2.3702,0.373,0,Non-SST
4383.5,77.6258,1.902,2.3739,0.3814,0,Non-SST
4384.0,80.0946,1.8279,2.3756,0.3927,0,Non-SST
4384.5,79.2217,1.8452,2.3806,0.3935,0,Non-SST
4385.0,78.6505,1.9437,2.3747,0.3868,0,Non-SST
4385.5,79.2545,1.9647,2.3718,0.3731,0,Non-SST
4386.0,80.8144,1.9492,2.3652,0.376,0,Non-SST
4386.5,81.9369,1.891,2.3638,0.388,0,Non-SST
4387.0,81.8627,1.8941,2.3621,0.4105,0,Non-SST
4387.5,82.2746,1.865,2.3631,0.414,0,Non-SST
4388.0,81.1883,1.8199,2.3614,0.4268,0,Non-SST
4388.5,81.9209,1.8482,2.3632,0.4134,0,Non-SST
4389.0,81.5051,1.8674,2.3555,0.4118,0,Non-SST
4389.5,81.9225,1.7814,2.3454,0.3992,0,Non-SST
4390.0,78.3842,1.6591,2.3246,0.4012,0,Non-SST
4390.5,75.2977,1.6194,2.3161,0.4136,0,Non-SST
4391.0,70.9721,1.4364,2.3027,0.4114,0,Non-SST
4391.5,67.8534,1.4066,2.292,0.4057,0,Non-SST
4392.0,62.2111,1.3054,2.2701,0.3912,5,WTR
4392.5,58.2636,1.3653,2.2553,0.3888,5,WTR
4393.0,52.5705,1.2641,2.2416,0.3903,5,WTR
4393.5,52.2658,1.2629,2.2366,0.3911,5,WTR
4394.0,55.5272,1.3776,2.2429,0.3718,5,WTR
4394.5,63.6904,1.4073,2.2679,0.3586,0,Non-SST
4395.0,72.6788,1.5166,2.3144,0.3445,0,Non-SST
4395.5,77.6165,1.7692,2.3593,0.3614,0,Non-SST
4396.0,84.1458,1.8296,2.3967,0.3707,0,Non-SST
4396.5,85.8973,1.8221,2.4081,0.3647,0,Non-SST
4397.0,88.1656,1.8845,2.4198,0.3501,0,Non-SST
4397.5,86.0018,1.9397,2.4176,0.3527,0,Non-SST
4398.0,85.2428,1.9562,2.4252,0.3705,0,Non-SST
4398.5,85.5535,1.9478,2.4143,0.3637,0,Non-SST
4399.0,83.7694,1.9653,2.415,0.3448,0,Non-SST
4399.5,82.8688,2.0205,2.4134,0.3257,0,Non-SST
4400.0,78.2761,2.0812,2.4194,0.3191,0,Non-SST
4400.5,74.3285,2.1351,2.4254,0.3131,0,Non-SST
4401.0,71.701,2.1629,2.4223,0.2982,0,Non-SST
4401.5,74.1285,2.1508,2.4243,0.3003,0,Non-SST
4402.0,77.9571,2.1397,2.4182,0.3179,0,Non-SST
4402.5,81.9046,2.1175,2.4225,0.3244,0,Non-SST
4403.0,84.1563,2.1174,2.4278,0.3295,0,Non-SST
4403.5,85.6797,2.0925,2.431,0.3186,0,Non-SST
4404.0,85.7937,2.1043,2.4264,0.3237,0,Non-SST
4404.5,83.4314,2.1238,2.4272,0.3103,0,Non-SST
4405.0,81.53,2.1467,2.4324,0.3061,0,Non-SST
4405.5,78.8861,2.1596,2.4398,0.3027,0,Non-SST
4406.0,79.3796,2.1574,2.4329,0.3095,0,Non-SST
4406.5,79.7988,2.1684,2.4163,0.3348,0,Non-SST
4407.0,82.3305,2.186,2.38,0.3554,0,Non-SST
4407.5,86.0771,2.1716,2.3431,0.3793,0,Non-SST
4408.0,89.0376,2.0966,2.3103,0.3743,0,Non-SST
4408.5,90.7478,1.9076,2.2956,0.4001,0,Non-SST
4409.0,90.1097,1.7522,2.3048,0.4037,0,Non-SST
4409.5,89.5941,1.6478,2.3269,0.4071,0,Non-SST
4410.0,89.7781,1.7203,2.367,0.3801,0,Non-SST
4410.5,91.5642,1.8685,2.3817,0.387,0,Non-SST
4411.0,91.7422,1.8387,2.3903,0.3821,0,Non-SST
4411.5,91.2127,1.7699,2.3843,0.4017,0,Non-SST
4412.0,90.3125,1.7175,2.3868,0.3943,0,Non-SST
4412.5,91.601,1.8105,2.3931,0.393,0,Non-SST
4413.0,92.476,1.8995,2.3974,0.3809,0,Non-SST
4413.5,93.6799,1.9492,2.3951,0.3801,0,Non-SST
4414.0,93.7159,1.8562,2.3933,0.3887,0,Non-SST
4414.5,95.348,1.7639,2.3898,0.4023,0,Non-SST
4415.0,97.4363,1.7298,2.3889,0.4067,0,Non-SST
4415.5,100.5511,1.736,2.3822,0.4412,0,Non-SST
4416.0,101.1168,1.7327,2.3777,0.4435,0,Non-SST
4416.5,99.7096,1.7503,2.368,0.4696,0,Non-SST
4417.0,99.7449,1.6964,2.3613,0.4411,0,Non-SST
4417.5,101.5345,1.694,2.354,0.4419,0,Non-SST
4418.0,102.1061,1.7248,2.3498,0.4316,0,Non-SST
4418.5,105.1811,1.644,2.3425,0.4579,0,Non-SST
4419.0,107.457,1.4981,2.34,0.4791,0,Non-SST
4419.5,108.178,1.4449,2.3353,0.4802,0,Non-SST
4420.0,105.8245,1.4577,2.3366,0.4898,0,Non-SST
4420.5,104.0992,1.5239,2.3323,0.477,0,Non-SST
4421.0,104.4073,1.4205,2.3345,0.4918,0,Non-SST
4421.5,103.4182,1.3716,2.3371,0.476,0,Non-SST
4422.0,101.645,1.4629,2.3534,0.4481,0,Non-SST
4422.5,97.7065,1.4305,2.3693,0.3899,0,Non-SST
4423.0,91.1405,1.6747,2.3888,0.3426,0,Non-SST
4423.5,83.3291,2.0514,2.3912,0.3346,0,Non-SST
4424.0,77.2425,2.0996,2.3937,0.3401,0,Non-SST
4424.5,79.3224,2.1003,2.3888,0.3399,0,Non-SST
4425.0,80.8753,2.0269,2.3913,0.3301,0,Non-SST
4425.5,83.0388,1.9054,2.3869,0.3356,0,Non-SST
4426.0,83.2759,1.884,2.3851,0.3511,0,Non-SST
4426.5,83.2083,1.8515,2.3815,0.3665,0,Non-SST
4427.0,84.4991,1.8769,2.3738,0.3678,0,Non-SST
4427.5,84.6132,1.8951,2.3694,0.3836,0,Non-SST
4428.0,86.3528,1.8774,2.368,0.3935,0,Non-SST
4428.5,90.402,1.7964,2.3739,0.3988,0,Non-SST
4429.0,92.6018,1.7823,2.377,0.3904,0,Non-SST
4429.5,94.3098,1.7642,2.3722,0.3889,0,Non-SST
4430.0,92.5396,1.7219,2.3764,0.4003,0,Non-SST
4430.5,92.2077,1.6997,2.3793,0.3962,0,Non-SST
4431.0,89.5469,1.6846,2.3804,0.393,0,Non-SST
4431.5,88.4026,1.7168,2.3796,0.4081,0,Non-SST
4432.0,84.9352,1.7891,2.3844,0.3914,0,Non-SST
4432.5,85.0136,1.7617,2.4015,0.3902,0,Non-SST
4433.0,85.0933,1.7143,2.4147,0.3519,0,Non-SST
4433.5,84.2097,1.8208,2.4283,0.3497,0,Non-SST
4434.0,82.6927,2.0408,2.4433,0.3333,0,Non-SST
4434.5,80.417,2.1281,2.4518,0.339,0,Non-SST
4435.0,81.989,2.1907,2.4506,0.3418,0,Non-SST
4435.5,85.0243,1.8964,2.4422,0.3703,0,Non-SST
4436.0,87.1108,1.7119,2.4246,0.3699,0,Non-SST
4436.5,89.1984,1.7192,2.42,0.3785,0,Non-SST
4437.0,88.0988,1.6112,2.4152,0.3645,0,Non-SST
4437.5,90.9205,1.6732,2.4316,0.3802,0,Non-SST
4438.0,88.6051,1.8028,2.436,0.3836,0,Non-SST
4438.5,89.0869,1.5321,2.4602,0.3911,0,Non-SST
4439.0,85.7948,1.7405,2.4591,0.3966,0,Non-SST
4439.5,88.7174,1.8075,2.4574,0.3984,0,Non-SST
4440.0,89.0293,1.7493,2.4455,0.3795,0,Non-SST
4440.5,88.8161,1.873,2.4418,0.3586,0,Non-SST
4441.0,83.8928,2.0766,2.442,0.3436,0,Non-SST
4441.5,78.6926,2.2382,2.4363,0.3202,0,Non-SST
4442.0,74.2879,2.3983,2.434,0.3121,0,Non-SST
4442.5,72.9122,2.3283,2.4198,0.31,0,Non-SST
4443.0,73.9385,2.3317,2.4108,0.3118,0,Non-SST
4443.5,74.8643,2.3642,2.4059,0.293,0,Non-SST
4444.0,74.6333,2.3678,2.4116,0.2724,0,Non-SST
4444.5,72.2977,2.3005,2.4141,0.2762,0,Non-SST
4445.0,70.0056,2.239,2.416,0.2815,0,Non-SST
4445.5,67.4044,2.2231,2.4163,0.291,0,Non-SST
4446.0,62.8615,2.1219,2.3931,0.2988,0,Non-SST
4446.5,57.8542,2.0031,2.3445,0.3073,0,Non-SST
4447.0,49.2598,1.768,2.2885,0.3128,5,WTR
4447.5,45.3832,1.5199,2.2461,0.3032,5,WTR
4448.0,43.0285,1.3444,2.2335,0.2983,5,WTR
4448.5,44.3943,1.3281,2.2376,0.3058,5,WTR
4449.0,46.874,1.2869,2.2492,0.331,5,WTR
4449.5,49.2651,1.3166,2.2591,0.3341,5,WTR
4450.0,54.6308,1.3641,2.2703,0.3302,5,WTR
4450.5,57.4786,1.4716,2.2912,0.324,5,WTR
4451.0,58.6174,1.4662,2.2986,0.3308,5,WTR
4451.5,54.5418,1.4458,2.2855,0.3354,5,WTR
4452.0,48.5577,1.3045,2.2516,0.3343,5,WTR
4452.5,42.181,1.1913,2.2241,0.3349,5,WTR
4453.0,38.9937,1.226,2.2028,0.3275,5,WTR
4453.5,39.2094,1.1457,2.2004,0.33,5,WTR
4454.0,41.3341,1.1239,2.2091,0.3371,5,WTR
4454.5,43.3067,1.2224,2.2169,0.3476,5,WTR
4455.0,49.1893,1.2426,2.2349,0.3469,5,WTR
4455.5,58.6807,1.3066,2.2611,0.3401,5,WTR
4456.0,71.8527,1.4885,2.3281,0.3363,0,Non-SST
4456.5,80.8815,1.7252,2.377,0.3497,0,Non-SST
4457.0,87.5985,1.8258,2.4196,0.3535,0,Non-SST
4457.5,90.5591,1.8687,2.4292,0.3697,0,Non-SST
4458.0,91.0173,1.9329,2.4356,0.3682,0,Non-SST
4458.5,90.0436,1.9749,2.423,0.3862,0,Non-SST
4459.0,90.2715,1.9296,2.4197,0.3876,0,Non-SST
4459.5,90.6187,1.8895,2.4136,0.3808,0,Non-SST
4460.0,89.5427,1.922,2.4125,0.3823,0,Non-SST
4460.5,88.2959,1.9906,2.401,0.3811,0,Non-SST
4461.0,87.8748,1.9815,2.3969,0.3837,0,Non-SST
4461.5,90.418,1.9613,2.3946,0.3694,0,Non-SST
4462.0,88.7785,1.9363,2.3904,0.3678,0,Non-SST
4462.5,88.5543,2.0097,2.3896,0.3566,0,Non-SST
4463.0,87.5376,2.0829,2.3865,0.3603,0,Non-SST
4463.5,90.4238,2.0402,2.3827,0.3632,0,Non-SST
4464.0,92.8472,1.9792,2.3732,0.3791,0,Non-SST
4464.5,96.4806,1.891,2.3604,0.3911,0,Non-SST
4465.0,98.7685,1.8292,2.3403,0.3985,0,Non-SST
4465.5,100.8202,1.8835,2.3246,0.4345,0,Non-SST
4466.0,101.0503,1.9847,2.3129,0.4578,0,Non-SST
4466.5,102.4799,1.9502,2.31,0.4673,0,Non-SST
4467.0,102.4072,1.8752,2.3075,0.4511,0,Non-SST
4467.5,102.6774,1.8758,2.3153,0.4544,0,Non-SST
4468.0,103.4054,1.8485,2.3204,0.4673,0,Non-SST
4468.5,104.2753,1.8094,2.3235,0.4585,0,Non-SST
4469.0,105.6373,1.7411,2.3236,0.4378,0,Non-SST
4469.5,105.5098,1.7263,2.3253,0.4326,0,Non-SST
4470.0,107.6353,1.7329,2.332,0.4365,0,Non-SST
4470.5,107.2915,1.6949,2.3356,0.4329,0,Non-SST
4471.0,106.8783,1.6951,2.335,0.425,0,Non-SST
4471.5,103.8297,1.6789,2.338,0.4334,0,Non-SST
4472.0,96.5461,1.708,2.3157,0.4225,0,Non-SST
4472.5,83.6106,1.6375,2.2864,0.4283,0,Non-SST
4473.0,70.2616,1.6381,2.24,0.4045,0,Non-SST
4473.5,63.9956,1.3324,2.2255,0.3872,0,Non-SST
4474.0,66.7238,1.4616,2.2209,0.3407,0,Non-SST
4474.5,77.4276,1.49,2.2193,0.3397,0,Non-SST
4475.0,89.6507,1.75,2.2168,0.3454,0,Non-SST
4475.5,100.3985,2.0281,2.2264,0.3641,0,Non-SST
4476.0,103.8504,2.1182,2.2498,0.3716,0,Non-SST
4476.5,103.0117,2.1485,2.2816,0.3804,0,Non-SST
4477.0,97.2418,2.1013,2.3163,0.3689,0,Non-SST
4477.5,91.2812,2.1662,2.3491,0.3456,0,Non-SST
4478.0,89.0537,2.0917,2.3804,0.319,0,Non-SST
4478.5,88.4806,1.9743,2.4067,0.3104,0,Non-SST
4479.0,91.3289,1.9359,2.4216,0.314,0,Non-SST
4479.5,92.04,1.8993,2.4264,0.3118,0,Non-SST
4480.0,93.4044,1.8389,2.4259,0.3224,0,Non-SST
4480.5,91.1574,1.7813,2.438,0.3276,0,Non-SST
4481.0,86.7165,1.717,2.45,0.3416,0,Non-SST
4481.5,84.2494,1.8808,2.4569,0.3337,0,Non-SST
4482.0,79.4796,2.076,2.4687,0.3236,0,Non-SST
4482.5,78.4551,2.2733,2.4731,0.3211,0,Non-SST
4483.0,77.0154,2.0773,2.4695,0.3236,0,Non-SST
4483.5,80.7663,1.8438,2.4484,0.3317,0,Non-SST
4484.0,80.1211,1.8374,2.4322,0.3368,0,Non-SST
4484.5,76.6297,2.0955,2.4386,0.3434,0,Non-SST
4485.0,76.2267,2.6633,2.4415,0.349,0,Non-SST
4485.5,78.5095,1.9146,2.4372,0.3497,0,Non-SST
4486.0,84.5813,1.6839,2.4209,0.3448,0,Non-SST
4486.5,86.6163,1.672,2.4139,0.3326,0,Non-SST
4487.0,87.5116,1.7806,2.4156,0.342,0,Non-SST
4487.5,87.2515,1.895,2.4259,0.3578,0,Non-SST
4488.0,85.6231,1.8411,2.4325,0.3632,0,Non-SST
4488.5,85.7489,1.8035,2.4369,0.3675,0,Non-SST
4489.0,84.9461,1.7547,2.4242,0.3604,0,Non-SST
4489.5,84.944,1.7418,2.4222,0.386,0,Non-SST
4490.0,83.536,1.693,2.4241,0.3859,0,Non-SST
4490.5,82.5455,1.6567,2.4344,0.3968,0,Non-SST
4491.0,80.7256,1.8359,2.438,0.3823,0,Non-SST
4491.5,81.8104,1.7949,2.4347,0.3854,0,Non-SST
4492.0,81.9659,1.6889,2.4291,0.3916,0,Non-SST
4492.5,85.0024,1.6516,2.4281,0.3941,0,Non-SST
4493.0,84.5667,1.6087,2.4296,0.3859,0,Non-SST
4493.5,87.5812,1.6547,2.4272,0.3728,0,Non-SST
4494.0,86.7843,1.7141,2.4287,0.3644,0,Non-SST
4494.5,87.5037,1.8712,2.432,0.3628,0,Non-SST
4495.0,85.4779,1.8561,2.4393,0.3508,0,Non-SST
4495.5,83.9975,1.8629,2.4355,0.3469,0,Non-SST
4496.0,82.494,1.9446,2.439,0.3426,0,Non-SST
4496.5,80.1752,1.9987,2.4383,0.3458,0,Non-SST
4497.0,82.7942,1.9169,2.4372,0.357,0,Non-SST
4497.5,82.1358,1.8534,2.4323,0.3607,0,Non-SST
4498.0,82.8339,1.8898,2.4395,0.3684,0,Non-SST
4498.5,82.3025,1.919,2.4473,0.3561,0,Non-SST
4499.0,84.466,1.9739,2.4551,0.3632,0,Non-SST
4499.5,86.8041,2.0025,2.4434,0.3513,0,Non-SST
4500.0,85.8305,2.0074,2.4387,0.3466,0,Non-SST
4500.5,82.2261,2.1132,2.4273,0.3193,0,Non-SST
4501.0,79.721,2.1999,2.4319,0.3103,0,Non-SST
4501.5,76.9402,2.2473,2.4385,0.2965,0,Non-SST
4502.0,75.2321,2.3454,2.4468,0.2897,0,Non-SST
4502.5,73.5243,2.4563,2.4524,0.2852,0,Non-SST
4503.0,73.2174,2.5371,2.451,0.2881,0,Non-SST
4503.5,76.5579,2.6224,2.4306,0.3229,0,Non-SST
4504.0,80.809,2.6353,2.3639,0.3947,0,Non-SST
4504.5,85.1624,2.6916,2.2315,0.4844,0,Non-SST
4505.0,87.6638,3.2527,2.0841,0.5593,0,Non-SST
4505.5,88.3506,3.8103,1.9402,0.6136,0,Non-SST
4506.0,88.5921,3.5892,1.8894,0.6411,0,Non-SST
4506.5,93.2884,4.3628,1.8951,0.6101,0,Non-SST
4507.0,97.801,2.8478,1.9934,0.5505,0,Non-SST
4507.5,102.3895,1.9767,2.1122,0.4725,0,Non-SST
4508.0,103.9625,1.7887,2.2106,0.4436,0,Non-SST
4508.5,106.0145,1.8853,2.268,0.4359,0,Non-SST
4509.0,109.8352,2.0888,2.2553,0.4371,0,Non-SST
4509.5,115.7872,1.9261,2.2463,0.4504,0,Non-SST
4510.0,122.7275,1.9132,2.2431,0.428,0,Non-SST
4510.5,125.8579,1.8903,2.2461,0.4358,0,Non-SST
4511.0,125.0647,1.9593,2.248,0.4211,0,Non-SST
4511.5,116.1503,2.1021,2.2438,0.4227,0,Non-SST
4512.0,108.0183,2.1896,2.2431,0.3918,0,Non-SST
4512.5,100.8054,2.3022,2.2421,0.3822,0,Non-SST
4513.0,100.0854,2.121,2.2618,0.3757,0,Non-SST
4513.5,103.3541,1.9905,2.2957,0.3998,0,Non-SST
4514.0,105.52,1.9556,2.3235,0.4155,0,Non-SST
4514.5,108.5981,1.8706,2.3529,0.4091,0,Non-SST
4515.0,108.6135,1.785,2.3595,0.399,0,Non-SST
4515.5,110.4355,1.6885,2.3657,0.3824,0,Non-SST
4516.0,110.6993,1.679,2.3619,0.3835,0,Non-SST
4516.5,107.2254,1.6654,2.353,0.3687,0,Non-SST
4517.0,98.9481,1.6829,2.3372,0.3549,0,Non-SST
4517.5,81.589,1.7713,2.3024,0.3521,0,Non-SST
4518.0,64.5919,1.7719,2.2576,0.3446,0,Non-SST
4518.5,48.3837,1.6247,2.2176,0.3411,5,WTR
4519.0,39.3612,1.4975,2.1948,0.3326,5,WTR
4519.5,34.3247,1.4323,2.1893,0.3313,5,WTR
4520.0,32.0876,1.3704,2.1908,0.3289,5,WTR
4520.5,32.0482,1.3713,2.1987,0.3103,5,WTR
4521.0,34.0842,1.336,2.2113,0.2905,5,WTR
4521.5,35.6381,1.411,2.2241,0.2818,5,WTR
4522.0,39.6252,1.4989,2.2418,0.2858,5,WTR
4522.5,44.1428,1.5554,2.2603,0.296,5,WTR
4523.0,52.3422,1.6057,2.281,0.2894,5,WTR
4523.5,60.7535,1.618,2.2963,0.3018,5,WTR
4524.0,67.8926,1.6191,2.2879,0.3277,0,Non-SST
4524.5,77.2658,1.6356,2.2035,0.396,0,Non-SST
4525.0,85.2486,1.7685,2.129,0.4254,0,Non-SST
4525.5,89.8236,2.0137,2.0604,0.4497,0,Non-SST
4526.0,87.6224,1.6963,2.069,0.4282,0,Non-SST
4526.5,85.4594,1.335,2.1204,0.4204,0,Non-SST
4527.0,84.3714,0.9806,2.2098,0.379,0,Non-SST
4527.5,84.5889,1.1292,2.3051,0.3617,0,Non-SST
4528.0,85.3118,1.6616,2.3596,0.3557,0,Non-SST
4528.5,83.9654,1.7368,2.3959,0.3649,0,Non-SST
4529.0,83.3375,1.7563,2.4136,0.3521,0,Non-SST
4529.5,78.7245,1.8662,2.4123,0.3416,0,Non-SST
4530.0,78.368,1.9787,2.4103,0.3321,0,Non-SST
4530.5,76.0143,2.0402,2.4113,0.3184,0,Non-SST
4531.0,75.3546,2.0347,2.4137,0.3044,0,Non-SST
4531.5,75.5188,2.0313,2.4204,0.3006,0,Non-SST
4532.0,75.8193,2.0407,2.4183,0.3048,0,Non-SST
4532.5,79.6173,2.022,2.423,0.3147,0,Non-SST
4533.0,81.727,1.9959,2.4287,0.3173,0,Non-SST
4533.5,83.9971,1.9399,2.4424,0.3279,0,Non-SST
4534.0,84.4508,1.8804,2.4507,0.3169,0,Non-SST
4534.5,84.0111,1.8884,2.4548,0.3128,0,Non-SST
4535.0,86.0701,1.931,2.4501,0.3013,0,Non-SST
4535.5,84.8139,1.9199,2.4482,0.3203,0,Non-SST
4536.0,84.0444,1.871,2.4434,0.3443,0,Non-SST
4536.5,83.8186,1.7646,2.442,0.3644,0,Non-SST
4537.0,84.5033,1.7159,2.4406,0.3528,0,Non-SST
4537.5,82.0723,1.7147,2.4404,0.3329,0,Non-SST
4538.0,78.4639,1.8059,2.4496,0.3085,0,Non-SST
4538.5,76.8031,2.0282,2.4487,0.3071,0,Non-SST
4539.0,77.5604,2.0267,2.4481,0.2959,0,Non-SST
4539.5,79.0014,1.9421,2.4366,0.2996,0,Non-SST
4540.0,78.3469,1.9339,2.4329,0.3118,0,Non-SST
4540.5,78.7267,1.9395,2.4315,0.3308,0,Non-SST
4541.0,75.6171,1.9627,2.4433,0.3333,0,Non-SST
4541.5,75.5653,1.9817,2.4518,0.3242,0,Non-SST
4542.0,72.2658,2.0176,2.4563,0.3117,0,Non-SST
4542.5,69.3032,2.044,2.4489,0.2994,0,Non-SST
4543.0,62.4868,2.0538,2.4358,0.2881,0,Non-SST
4543.5,59.8511,2.0672,2.4267,0.2768,0,Non-SST
4544.0,57.0432,2.0704,2.4105,0.2823,0,Non-SST
4544.5,57.5735,2.0672,2.4043,0.2818,0,Non-SST
4545.0,54.8539,2.0468,2.3935,0.2808,5,WTR
4545.5,54.9275,2.034,2.3806,0.2786,5,WTR
4546.0,53.2188,2.024,2.3756,0.2747,5,WTR
4546.5,51.8155,2.0283,2.3722,0.2817,5,WTR
4547.0,53.5261,2.0307,2.3822,0.2778,5,WTR
4547.5,55.8054,2.0345,2.388,0.2895,5,WTR
4548.0,62.9651,2.0512,2.3946,0.288,5,WTR
4548.5,62.9637,2.0361,2.4027,0.302,0,Non-SST
4549.0,67.4036,2.0135,2.4081,0.3111,0,Non-SST
4549.5,68.6712,1.9365,2.4106,0.3307,0,Non-SST
4550.0,75.0506,1.9081,2.4151,0.3407,0,Non-SST
4550.5,77.9703,1.9087,2.4132,0.3519,0,Non-SST
4551.0,81.199,1.8894,2.4115,0.3666,0,Non-SST
4551.5,80.4379,1.8719,2.412,0.3579,0,Non-SST
4552.0,76.2657,1.891,2.4239,0.3408,0,Non-SST
4552.5,71.2653,1.9584,2.4303,0.3227,0,Non-SST
4553.0,69.5572,2.137,2.4268,0.3157,0,Non-SST
4553.5,71.3396,2.1759,2.4193,0.3304,0,Non-SST
4554.0,76.4539,2.0496,2.4073,0.3343,0,Non-SST
4554.5,80.6392,2.0506,2.3989,0.3567,0,Non-SST
4555.0,84.4389,2.0531,2.3899,0.3665,0,Non-SST
4555.5,83.0672,2.069,2.3914,0.3764,0,Non-SST
4556.0,83.0595,2.0493,2.3957,0.3724,0,Non-SST
4556.5,81.7307,2.0406,2.3994,0.3578,0,Non-SST
4557.0,80.5935,2.0655,2.4048,0.3445,0,Non-SST
4557.5,78.2001,2.1335,2.4132,0.3283,0,Non-SST
4558.0,77.0595,2.0948,2.4172,0.3169,0,Non-SST
4558.5,78.05,2.0945,2.4289,0.317,0,Non-SST
4559.0,80.4054,2.0489,2.4234,0.3336,0,Non-SST
4559.5,83.8958,1.9602,2.4189,0.354,0,Non-SST
4560.0,87.9958,1.8955,2.4101,0.3491,0,Non-SST
4560.5,90.7253,1.8983,2.4178,0.3393,0,Non-SST
4561.0,92.2171,1.8754,2.4239,0.3207,0,Non-SST
4561.5,91.268,1.8906,2.423,0.312,0,Non-SST
4562.0,85.9933,2.0385,2.4077,0.3107,0,Non-SST
4562.5,79.9829,2.2021,2.3989,0.313,0,Non-SST
4563.0,75.364,2.2378,2.3956,0.3141,0,Non-SST
4563.5,77.2206,2.2073,2.3937,0.3196,0,Non-SST
4564.0,83.2237,2.2264,2.3772,0.3228,0,Non-SST
4564.5,92.2062,2.3198,2.33,0.3598,0,Non-SST
4565.0,96.4235,2.4735,2.2625,0.3889,0,Non-SST
4565.5,96.8384,2.7061,2.1963,0.4242,0,Non-SST
4566.0,94.8264,2.832,2.1644,0.4098,0,Non-SST
4566.5,92.1709,2.8541,2.1748,0.3774,0,Non-SST
4567.0,85.6804,2.8783,2.2259,0.324,0,Non-SST
4567.5,78.6045,2.9112,2.2934,0.2894,0,Non-SST
4568.0,76.0213,2.8963,2.3519,0.2586,0,Non-SST
4568.5,80.121,2.848,2.3947,0.236,0,Non-SST
4569.0,83.0212,2.7749,2.4152,0.2205,0,Non-SST
4569.5,82.6414,2.7478,2.4135,0.215,0,Non-SST
4570.0,79.6188,2.7292,2.401,0.2185,0,Non-SST
4570.5,78.3247,2.6894,2.3979,0.2168,0,Non-SST
4571.0,76.7304,2.6731,2.3994,0.2195,0,Non-SST
4571.5,74.3986,2.6455,2.4003,0.22,0,Non-SST
4572.0,72.8429,2.6058,2.4041,0.2282,0,Non-SST
4572.5,71.8922,2.555,2.3925,0.235,0,Non-SST
4573.0,70.1084,2.4975,2.3857,0.2454,0,Non-SST
4573.5,68.781,2.465,2.3868,0.2495,0,Non-SST
4574.0,70.7306,2.405,2.3913,0.2534,0,Non-SST
4574.5,74.7921,2.3406,2.4069,0.2602,0,Non-SST
4575.0,77.4148,2.3201,2.4108,0.2699,0,Non-SST
4575.5,77.9707,2.3144,2.3923,0.2896,0,Non-SST
4576.0,78.4677,2.3258,2.3384,0.3143,0,Non-SST
4576.5,76.8711,2.383,2.2847,0.3287,0,Non-SST
4577.0,72.8486,2.4202,2.2603,0.3354,0,Non-SST
4577.5,66.1266,2.3921,2.2662,0.3355,0,Non-SST
4578.0,62.5208,2.3166,2.2727,0.3345,0,Non-SST
4578.5,60.8112,2.1995,2.2967,0.3154,5,WTR
4579.0,62.4334,1.9887,2.314,0.2923,5,WTR
4579.5,61.5212,1.9091,2.3326,0.296,5,WTR
4580.0,58.5249,1.7985,2.3133,0.3295,5,WTR
4580.5,51.9689,1.6307,2.2826,0.3421,5,WTR
4581.0,45.6554,1.5445,2.2588,0.3324,5,WTR
4581.5,42.5025,1.553,2.2483,0.2906,5,WTR
4582.0,42.6932,1.3439,2.2543,0.2705,5,WTR
4582.5,46.9186,1.4359,2.2607,0.2651,5,WTR
4583.0,51.6154,1.582,2.2898,0.2881,5,WTR
4583.5,57.1934,1.6587,2.3121,0.3009,5,WTR
4584.0,59.848,1.7404,2.3403,0.301,5,WTR
4584.5,64.035,1.8177,2.3577,0.2871,5,WTR
4585.0,66.3899,1.8996,2.3727,0.2761,5,WTR
4585.5,68.3169,1.9445,2.3721,0.2844,0,Non-SST
4586.0,66.1913,1.9749,2.3696,0.2843,5,WTR
4586.5,65.6203,1.9983,2.361,0.2983,5,WTR
4587.0,66.3153,2.0109,2.3564,0.2958,5,WTR
4587.5,68.1008,2.008,2.3524,0.297,0,Non-SST
4588.0,67.076,1.9992,2.3523,0.2913,5,WTR
4588.5,64.8743,1.9951,2.3454,0.2907,5,WTR
4589.0,60.5439,1.9815,2.3384,0.296,5,WTR
4589.5,57.2804,1.9328,2.328,0.2963,5,WTR
4590.0,57.3181,1.8889,2.3189,0.2977,5,WTR
4590.5,56.6752,1.855,2.3066,0.3028,5,WTR
4591.0,55.8025,1.8128,2.2941,0.3095,5,WTR
4591.5,52.0446,1.7272,2.2824,0.3132,5,WTR
4592.0,53.6739,1.6446,2.2691,0.3114,5,WTR
4592.5,53.7497,1.6097,2.2646,0.3149,5,WTR
4593.0,55.496,1.5903,2.2705,0.315,5,WTR
4593.5,58.0779,1.6312,2.2868,0.317,5,WTR
4594.0,62.0635,1.7128,2.3097,0.3099,0,Non-SST
4594.5,63.7339,1.7891,2.3232,0.3131,0,Non-SST
4595.0,60.3199,1.8079,2.3285,0.3014,5,WTR
4595.5,57.968,1.7914,2.323,0.3051,5,WTR
4596.0,56.0834,1.8169,2.3175,0.2885,5,WTR
4596.5,58.7771,1.8797,2.3176,0.2906,5,WTR
4597.0,62.6101,1.9413,2.3338,0.2859,5,WTR
4597.5,70.1505,1.988,2.3595,0.2997,0,Non-SST
4598.0,76.4143,1.966,2.3788,0.3041,0,Non-SST
4598.5,82.776,1.9449,2.3857,0.3088,0,Non-SST
4599.0,85.9683,1.9826,2.3854,0.3162,0,Non-SST
4599.5,88.7035,1.9811,2.3874,0.3417,0,Non-SST
4600.0,89.1349,1.9092,2.3773,0.3615,0,Non-SST
4600.5,91.5618,1.895,2.3722,0.3657,0,Non-SST
4601.0,92.1274,1.8848,2.3706,0.3524,0,Non-SST
4601.5,91.9373,1.9132,2.3763,0.3507,0,Non-SST
4602.0,89.8123,1.9762,2.3713,0.3491,0,Non-SST
4602.5,86.0787,1.9981,2.3608,0.3451,0,Non-SST
4603.0,86.6901,2.02,2.347,0.3566,0,Non-SST
4603.5,92.0069,2.053,2.3297,0.3652,0,Non-SST
4604.0,102.5351,2.0725,2.2964,0.4001,0,Non-SST
4604.5,110.2773,2.1352,2.2593,0.401,0,Non-SST
4605.0,115.1334,2.1749,2.2367,0.4382,0,Non-SST
4605.5,117.1882,2.1363,2.2504,0.45,0,Non-SST
4606.0,121.4021,2.0023,2.2872,0.4561,0,Non-SST
4606.5,120.983,1.8709,2.3145,0.4516,0,Non-SST
4607.0,120.4515,1.833,2.3252,0.4342,0,Non-SST
4607.5,118.7456,1.8999,2.3204,0.4529,0,Non-SST
4608.0,117.4904,1.9411,2.3126,0.4355,0,Non-SST
4608.5,119.4594,1.9572,2.3113,0.4456,0,Non-SST
4609.0,117.773,1.8767,2.3196,0.424,0,Non-SST
4609.5,121.9154,1.8131,2.3301,0.4437,0,Non-SST
4610.0,123.5122,1.8325,2.3239,0.4402,0,Non-SST
4610.5,122.1236,1.8516,2.312,0.4287,0,Non-SST
4611.0,117.1215,1.9179,2.295,0.4078,0,Non-SST
4611.5,106.3026,2.0642,2.2888,0.3873,0,Non-SST
4612.0,97.3012,2.1299,2.2756,0.3777,0,Non-SST
4612.5,86.5493,2.1257,2.2794,0.3462,0,Non-SST
4613.0,80.2873,2.1093,2.2751,0.3248,0,Non-SST
4613.5,74.4301,2.0639,2.2741,0.3186,0,Non-SST
4614.0,71.6212,2.0502,2.2634,0.3161,0,Non-SST
4614.5,68.847,2.0119,2.2586,0.3218,0,Non-SST
4615.0,66.8497,1.9787,2.2548,0.3071,5,WTR
4615.5,65.5351,1.9341,2.2597,0.3039,5,WTR
4616.0,66.7117,1.8959,2.264,0.2953,5,WTR
4616.5,69.049,1.8671,2.2733,0.3132,0,Non-SST
4617.0,69.8843,1.8522,2.2736,0.3143,0,Non-SST
4617.5,68.5537,1.8438,2.278,0.3156,0,Non-SST
4618.0,69.708,1.8297,2.2802,0.31,0,Non-SST
4618.5,69.9433,1.8048,2.2852,0.3167,0,Non-SST
4619.0,68.0487,1.7787,2.2841,0.327,0,Non-SST
4619.5,66.6656,1.7662,2.2745,0.3304,0,Non-SST
4620.0,65.2759,1.7398,2.2678,0.3234,0,Non-SST
4620.5,67.1741,1.7124,2.269,0.3246,0,Non-SST
4621.0,69.0518,1.718,2.2771,0.3284,0,Non-SST
4621.5,71.3956,1.7041,2.2761,0.3516,0,Non-SST
4622.0,72.1183,1.6765,2.2705,0.3431,0,Non-SST
4622.5,72.0028,1.6548,2.2663,0.3372,0,Non-SST
4623.0,72.2032,1.6744,2.2752,0.3263,0,Non-SST
4623.5,74.707,1.6935,2.2872,0.3279,0,Non-SST
4624.0,75.9202,1.7354,2.3226,0.3126,0,Non-SST
4624.5,77.8458,1.7999,2.3653,0.301,0,Non-SST
4625.0,78.6053,1.8609,2.3958,0.298,0,Non-SST
4625.5,78.3032,1.88,2.4056,0.2953,0,Non-SST
4626.0,75.5035,1.8843,2.3943,0.2923,0,Non-SST
4626.5,69.5321,1.8748,2.3895,0.2938,0,Non-SST
4627.0,66.2646,1.865,2.3843,0.315,0,Non-SST
4627.5,65.1273,1.8649,2.3805,0.3104,0,Non-SST
4628.0,67.3488,1.8756,2.3851,0.3015,0,Non-SST
4628.5,70.5041,1.8843,2.3952,0.2892,0,Non-SST
4629.0,72.4648,1.8866,2.4135,0.299,0,Non-SST
4629.5,75.0724,1.8767,2.424,0.3089,0,Non-SST
4630.0,78.2956,1.8641,2.4256,0.3217,0,Non-SST
4630.5,80.9299,1.8364,2.4197,0.319,0,Non-SST
4631.0,82.4787,1.7938,2.4142,0.3265,0,Non-SST
4631.5,79.8629,1.7807,2.4241,0.3131,0,Non-SST
4632.0,76.7485,1.801,2.4362,0.3113,0,Non-SST
4632.5,73.4931,1.8689,2.4542,0.321,0,Non-SST
4633.0,74.8194,1.7257,2.4456,0.3307,0,Non-SST
4633.5,78.9588,1.7457,2.4325,0.3403,0,Non-SST
4634.0,84.1217,1.7409,2.414,0.3309,0,Non-SST
4634.5,86.628,1.7513,2.4019,0.3452,0,Non-SST
4635.0,86.8937,1.7584,2.4029,0.3619,0,Non-SST
4635.5,86.9313,1.7704,2.4077,0.3701,0,Non-SST
4636.0,87.8668,1.7456,2.4128,0.3517,0,Non-SST
4636.5,88.5122,1.6937,2.4211,0.342,0,Non-SST
4637.0,85.3998,1.6794,2.4298,0.3345,0,Non-SST
4637.5,78.9217,1.7783,2.4403,0.3409,0,Non-SST
4638.0,71.7178,1.8036,2.4334,0.3421,0,Non-SST
4638.5,70.9966,1.7568,2.4164,0.3335,0,Non-SST
4639.0,73.0087,1.643,2.4052,0.3311,0,Non-SST
4639.5,78.2351,1.6976,2.4114,0.3213,0,Non-SST
4640.0,79.1097,1.8319,2.4221,0.3133,0,Non-SST
4640.5,77.146,1.9212,2.4265,0.306,0,Non-SST
4641.0,73.769,1.9225,2.4185,0.2947,0,Non-SST
4641.5,69.0237,1.904,2.4055,0.2929,0,Non-SST
4642.0,66.2789,1.926,2.3924,0.2932,0,Non-SST
4642.5,65.5465,1.9273,2.3818,0.292,0,Non-SST
4643.0,69.8741,1.9148,2.3826,0.2961,0,Non-SST
4643.5,73.0246,1.8913,2.3848,0.2896,0,Non-SST
4644.0,73.8345,1.8929,2.3871,0.313,0,Non-SST
4644.5,69.1413,1.8748,2.3803,0.3246,0,Non-SST
4645.0,66.182,1.8488,2.3795,0.3233,0,Non-SST
4645.5,66.7498,1.8379,2.3748,0.315,0,Non-SST
4646.0,71.4033,1.7874,2.3763,0.3096,0,Non-SST
4646.5,74.7423,1.7645,2.3757,0.3281,0,Non-SST
4647.0,77.766,1.7039,2.3729,0.3272,0,Non-SST
4647.5,77.728,1.6654,2.3749,0.333,0,Non-SST
4648.0,78.3749,1.6433,2.3765,0.3321,0,Non-SST
4648.5,76.1469,1.5812,2.3849,0.3442,0,Non-SST
4649.0,76.5426,1.4804,2.4076,0.342,0,Non-SST
4649.5,75.1364,1.4511,2.4308,0.332,0,Non-SST
4650.0,76.5063,1.5846,2.4765,0.3329,0,Non-SST
4650.5,72.7352,1.8453,2.4989,0.3297,0,Non-SST
4651.0,71.4964,1.9406,2.515,0.3394,0,Non-SST
4651.5,71.8345,1.8399,2.4979,0.324,0,Non-SST
4652.0,77.1494,1.7948,2.4849,0.3456,0,Non-SST
4652.5,82.4118,1.7752,2.4679,0.3614,0,Non-SST
4653.0,82.3378,1.7875,2.4575,0.3657,0,Non-SST
4653.5,80.0853,1.7869,2.4581,0.3442,0,Non-SST
4654.0,79.6262,1.7989,2.4544,0.3252,0,Non-SST
4654.5,79.3208,1.7935,2.4591,0.3301,0,Non-SST
4655.0,80.1306,1.7177,2.4456,0.3409,0,Non-SST
4655.5,80.7934,1.6698,2.4472,0.3397,0,Non-SST
4656.0,81.8599,1.6917,2.4474,0.3263,0,Non-SST
4656.5,82.9576,1.7558,2.4355,0.327,0,Non-SST
4657.0,81.201,1.7979,2.4323,0.3248,0,Non-SST
4657.5,80.7306,1.9353,2.4242,0.3285,0,Non-SST
4658.0,76.175,1.8931,2.4417,0.3041,0,Non-SST
4658.5,70.8193,1.9657,2.4366,0.2892,0,Non-SST
4659.0,63.1643,2.0352,2.4385,0.2739,0,Non-SST
4659.5,60.468,2.0739,2.4263,0.2895,0,Non-SST
4660.0,59.8364,2.0761,2.43,0.2905,0,Non-SST
4660.5,62.3406,2.0839,2.4203,0.2939,0,Non-SST
4661.0,62.9509,2.0527,2.4005,0.2873,0,Non-SST
4661.5,59.7119,2.05,2.3674,0.293,5,WTR
4662.0,55.2966,2.0081,2.337,0.2984,5,WTR
4662.5,53.1717,1.9327,2.3308,0.2836,5,WTR
4663.0,58.222,1.9294,2.3415,0.277,5,WTR
4663.5,62.8253,1.9689,2.3684,0.2744,5,WTR
4664.0,68.1782,1.9862,2.3922,0.2893,0,Non-SST
4664.5,71.1711,1.9923,2.4022,0.3006,0,Non-SST
4665.0,73.4518,1.9699,2.4067,0.3041,0,Non-SST
4665.5,75.5364,1.9442,2.4116,0.3104,0,Non-SST
4666.0,75.9983,1.932,2.4061,0.3134,0,Non-SST
4666.5,76.0991,1.919,2.4096,0.3294,0,Non-SST
4667.0,76.974,1.8832,2.4083,0.3387,0,Non-SST
4667.5,77.7661,1.8507,2.4143,0.3515,0,Non-SST
4668.0,77.7428,1.8419,2.4095,0.3652,0,Non-SST
4668.5,77.7018,1.8491,2.4038,0.3746,0,Non-SST
4669.0,76.984,1.8124,2.4075,0.3685,0,Non-SST
4669.5,78.5734,1.773,2.4111,0.3539,0,Non-SST
4670.0,80.2848,1.7341,2.4204,0.3444,0,Non-SST
4670.5,82.94,1.6636,2.4175,0.3558,0,Non-SST
4671.0,83.755,1.6751,2.4169,0.3581,0,Non-SST
4671.5,82.8456,1.6413,2.4117,0.3805,0,Non-SST
4672.0,84.7096,1.6038,2.4135,0.3804,0,Non-SST
4672.5,87.4262,1.6119,2.4069,0.3979,0,Non-SST
4673.0,88.8287,1.6506,2.404,0.3692,0,Non-SST
4673.5,84.1339,1.7665,2.4018,0.3536,0,Non-SST
4674.0,78.0639,1.9241,2.4075,0.329,0,Non-SST
4674.5,68.3852,2.0408,2.3971,0.3217,0,Non-SST
4675.0,60.2851,2.0652,2.3752,0.3192,0,Non-SST
4675.5,53.8156,2.0609,2.3507,0.2959,5,WTR
4676.0,51.6884,2.0993,2.3424,0.2837,5,WTR
4676.5,49.8654,2.1008,2.3378,0.2718,5,WTR
4677.0,48.5883,2.003,2.3401,0.2789,5,WTR
4677.5,46.8039,1.9455,2.3397,0.2881,5,WTR
4678.0,49.1963,1.9256,2.3405,0.2773,5,WTR
4678.5,52.3493,1.9406,2.3397,0.2774,5,WTR
4679.0,56.8658,1.9621,2.3502,0.2702,5,WTR
4679.5,61.5349,1.9618,2.3728,0.2868,5,WTR
4680.0,67.6071,1.9508,2.3908,0.2935,0,Non-SST
4680.5,72.2,1.9079,2.399,0.3068,0,Non-SST
4681.0,76.6799,1.8738,2.4066,0.3142,0,Non-SST
4681.5,78.0467,1.8556,2.419,0.3175,0,Non-SST
4682.0,80.9834,1.8461,2.4322,0.3298,0,Non-SST
4682.5,81.6666,1.8165,2.4355,0.3497,0,Non-SST
4683.0,81.9341,1.7629,2.4283,0.3551,0,Non-SST
4683.5,79.7172,1.7999,2.4217,0.3515,0,Non-SST
4684.0,78.0739,1.8415,2.4223,0.3494,0,Non-SST
4684.5,80.5377,1.7473,2.4155,0.3604,0,Non-SST
4685.0,84.7185,1.6676,2.4152,0.3777,0,Non-SST
4685.5,86.3618,1.6511,2.4105,0.3695,0,Non-SST
4686.0,88.2978,1.6147,2.4246,0.3747,0,Non-SST
4686.5,88.4599,1.6219,2.4329,0.3463,0,Non-SST
4687.0,92.142,1.6912,2.4375,0.3459,0,Non-SST
4687.5,89.0294,1.6657,2.4415,0.3472,0,Non-SST
4688.0,90.0062,1.5827,2.4335,0.3581,0,Non-SST
4688.5,90.0913,1.6026,2.4395,0.3544,0,Non-SST
4689.0,89.0264,1.6414,2.4406,0.3312,0,Non-SST
4689.5,83.1785,1.7797,2.4549,0.3265,0,Non-SST
4690.0,76.3347,1.913,2.4567,0.3306,0,Non-SST
4690.5,77.1098,1.8118,2.4412,0.3299,0,Non-SST
4691.0,78.5143,1.7138,2.4358,0.3249,0,Non-SST
4691.5,81.1696,1.7341,2.4338,0.3256,0,Non-SST
4692.0,80.8176,1.7731,2.4406,0.3439,0,Non-SST
4692.5,83.3973,1.7764,2.4361,0.3421,0,Non-SST
4693.0,82.8332,1.7492,2.4339,0.3358,0,Non-SST
4693.5,82.0342,1.7246,2.4345,0.3304,0,Non-SST
4694.0,80.1001,1.8004,2.4392,0.3452,0,Non-SST
4694.5,78.0448,1.8429,2.4382,0.3517,0,Non-SST
4695.0,80.3623,1.7742,2.4323,0.348,0,Non-SST
4695.5,81.1577,1.6233,2.4206,0.3479,0,Non-SST
4696.0,85.7186,1.5574,2.4198,0.3551,0,Non-SST
4696.5,85.3715,1.6668,2.4268,0.3643,0,Non-SST
4697.0,86.8934,1.6365,2.4407,0.3801,0,Non-SST
4697.5,88.4077,1.5701,2.4357,0.3899,0,Non-SST
4698.0,87.766,1.5827,2.4307,0.3814,0,Non-SST
4698.5,87.4207,1.5258,2.4281,0.3853,0,Non-SST
4699.0,85.6786,1.4943,2.4292,0.3615,0,Non-SST
4699.5,84.9925,1.5826,2.4353,0.367,0,Non-SST
4700.0,86.7406,1.658,2.4349,0.3555,0,Non-SST
4700.5,86.5831,1.6099,2.4313,0.368,0,Non-SST
4701.0,89.9644,1.5353,2.4248,0.3607,0,Non-SST
4701.5,90.5841,1.5053,2.4177,0.3646,0,Non-SST
4702.0,93.0552,1.5354,2.4334,0.3657,0,Non-SST
4702.5,95.8221,1.4764,2.4369,0.3796,0,Non-SST
4703.0,97.596,1.4375,2.433,0.38,0,Non-SST
4703.5,98.8763,1.4288,2.421,0.3964,0,Non-SST
4704.0,97.4761,1.3839,2.4188,0.401,0,Non-SST
4704.5,97.1301,1.3677,2.4356,0.3828,0,Non-SST
4705.0,94.8613,1.48,2.4398,0.3594,0,Non-SST
4705.5,96.4424,1.69,2.4444,0.3706,0,Non-SST
4706.0,95.7254,1.7098,2.4285,0.3819,0,Non-SST
4706.5,95.6876,1.8065,2.4115,0.396,0,Non-SST
4707.0,95.3213,1.6517,2.3809,0.3852,0,Non-SST
4707.5,97.0631,1.5202,2.3364,0.391,0,Non-SST
4708.0,98.3548,1.6189,2.3133,0.3929,0,Non-SST
4708.5,93.7973,1.6614,2.3094,0.3776,0,Non-SST
4709.0,87.6118,1.6116,2.3483,0.3561,0,Non-SST
4709.5,81.9544,1.5705,2.379,0.3311,0,Non-SST
4710.0,79.5869,1.5986,2.4022,0.3257,0,Non-SST
4710.5,78.8675,1.6234,2.4062,0.3192,0,Non-SST
4711.0,82.6275,1.6095,2.4064,0.3148,0,Non-SST
4711.5,88.1459,1.5701,2.4169,0.3194,0,Non-SST
4712.0,94.4225,1.498,2.4198,0.3334,0,Non-SST
4712.5,93.4355,1.4664,2.4317,0.3436,0,Non-SST
4713.0,90.6261,1.5431,2.4392,0.334,0,Non-SST
4713.5,89.2069,1.5632,2.4454,0.339,0,Non-SST
4714.0,97.662,1.5469,2.4412,0.3504,0,Non-SST
4714.5,108.7838,1.4833,2.4202,0.3732,0,Non-SST
4715.0,118.1628,1.2638,2.3971,0.3649,0,Non-SST
4715.5,116.6123,1.1117,2.3816,0.3535,0,Non-SST
4716.0,107.9494,1.2917,2.3915,0.3284,0,Non-SST
4716.5,92.3051,1.5402,2.4123,0.3191,0,Non-SST
4717.0,79.3252,1.6162,2.4283,0.3029,0,Non-SST
4717.5,66.9818,1.6871,2.4277,0.3022,0,Non-SST
4718.0,57.9866,1.7523,2.4068,0.3128,0,Non-SST
4718.5,50.2941,1.7273,2.3786,0.3177,5,WTR
4719.0,44.5784,1.6767,2.3331,0.3064,5,WTR
4719.5,41.9212,1.6264,2.3049,0.288,5,WTR
4720.0,40.2386,1.6045,2.2909,0.2707,5,WTR
4720.5,43.8715,1.614,2.3043,0.2678,5,WTR
4721.0,47.3639,1.655,2.318,0.2777,5,WTR
4721.5,54.1957,1.701,2.3393,0.2856,5,WTR
4722.0,60.2036,1.7515,2.3662,0.3032,0,Non-SST
4722.5,65.0446,1.7771,2.4062,0.2916,0,Non-SST
4723.0,68.2446,1.8014,2.43,0.2996,0,Non-SST
4723.5,69.0036,1.8198,2.4383,0.2996,0,Non-SST
4724.0,70.121,1.8311,2.4428,0.311,0,Non-SST
4724.5,70.3025,1.839,2.4492,0.3237,0,Non-SST
4725.0,68.0873,1.9118,2.459,0.327,0,Non-SST
4725.5,63.7612,2.0732,2.4668,0.3197,0,Non-SST
4726.0,59.3194,2.0118,2.4659,0.3033,0,Non-SST
4726.5,58.7257,2.047,2.4666,0.2879,0,Non-SST
4727.0,61.8021,2.0354,2.4573,0.293,0,Non-SST
4727.5,66.7722,2.0906,2.4504,0.3035,0,Non-SST
4728.0,72.0122,1.9849,2.4335,0.3195,0,Non-SST
4728.5,81.0837,1.8364,2.4249,0.3254,0,Non-SST
4729.0,85.1434,1.7561,2.4227,0.3415,0,Non-SST
4729.5,87.725,1.6755,2.427,0.356,0,Non-SST
4730.0,85.1784,1.657,2.4237,0.3653,0,Non-SST
4730.5,86.7404,1.6332,2.4259,0.3643,0,Non-SST
4731.0,87.6496,1.6275,2.4224,0.3595,0,Non-SST
4731.5,86.6639,1.6546,2.4181,0.3646,0,Non-SST
4732.0,84.9912,1.6818,2.4094,0.363,0,Non-SST
4732.5,80.6259,1.7045,2.4054,0.3585,0,Non-SST
4733.0,79.7908,1.7564,2.4069,0.3411,0,Non-SST
4733.5,75.7292,1.8113,2.4086,0.3278,0,Non-SST
4734.0,73.6795,1.9188,2.4083,0.3149,0,Non-SST
4734.5,72.5186,1.9753,2.4054,0.3114,0,Non-SST
4735.0,73.6213,1.9419,2.3982,0.3044,0,Non-SST
4735.5,73.0913,1.9261,2.3944,0.3015,0,Non-SST
4736.0,69.3568,1.9438,2.395,0.291,0,Non-SST
4736.5,68.2812,1.9676,2.4124,0.2804,0,Non-SST
4737.0,66.7293,1.9285,2.4294,0.2887,0,Non-SST
4737.5,69.5261,2.1473,2.4346,0.2963,0,Non-SST
4738.0,70.1325,2.1015,2.4236,0.3111,0,Non-SST
4738.5,73.3021,1.9737,2.4076,0.3014,0,Non-SST
4739.0,70.8684,1.9482,2.3996,0.298,0,Non-SST
4739.5,70.5246,1.9897,2.3898,0.2968,0,Non-SST
4740.0,68.2887,2.006,2.3902,0.3063,0,Non-SST
4740.5,66.7473,2.0176,2.3752,0.3147,0,Non-SST
4741.0,62.3205,2.0142,2.3739,0.3163,0,Non-SST
4741.5,58.6116,2.0113,2.3664,0.3074,5,WTR
4742.0,55.9448,1.9665,2.3646,0.2916,5,WTR
4742.5,53.0856,1.9273,2.3532,0.2811,5,WTR
4743.0,51.6093,1.9081,2.3431,0.2799,5,WTR
4743.5,50.4313,1.869,2.333,0.2827,5,WTR
4744.0,49.7316,1.8289,2.3244,0.2744,5,WTR
4744.5,48.2968,1.7837,2.3117,0.2784,5,WTR
4745.0,48.3465,1.7973,2.3124,0.2781,5,WTR
4745.5,49.9292,1.8206,2.3117,0.2948,5,WTR
4746.0,53.2953,1.8583,2.3239,0.2886,5,WTR
4746.5,56.6729,1.8836,2.3349,0.2875,5,WTR
4747.0,61.6461,1.9182,2.3637,0.2811,5,WTR
4747.5,67.7562,1.9347,2.3824,0.2978,0,Non-SST
4748.0,72.6289,1.939,2.4011,0.306,0,Non-SST
4748.5,73.9575,1.9505,2.4043,0.3116,0,Non-SST
4749.0,68.8722,1.9251,2.3985,0.3004,0,Non-SST
4749.5,58.9513,1.8867,2.3749,0.3105,0,Non-SST
4750.0,45.8189,1.8694,2.3557,0.3166,5,WTR
4750.5,36.1769,1.7678,2.3114,0.311,5,WTR
4751.0,32.5706,1.5837,2.2867,0.2949,5,WTR
4751.5,32.6465,1.4899,2.2553,0.2839,5,WTR
4752.0,33.4182,1.4123,2.2654,0.2899,5,WTR
4752.5,34.0643,1.4491,2.2602,0.2941,5,WTR
4753.0,34.0248,1.3379,2.2586,0.29,5,WTR
4753.5,34.2788,1.2705,2.241,0.2997,5,WTR
4754.0,33.938,1.3127,2.2323,0.3066,5,WTR
4754.5,35.3673,1.2595,2.2505,0.3088,5,WTR
4755.0,39.6172,1.3681,2.2856,0.2893,5,WTR
4755.5,45.689,1.5251,2.3325,0.2907,5,WTR
4756.0,53.0282,1.5856,2.3584,0.3039,5,WTR
4756.5,54.2926,1.6293,2.3578,0.3109,5,WTR
4757.0,52.8511,1.6537,2.3386,0.309,5,WTR
4757.5,49.9963,1.7134,2.3302,0.2988,5,WTR
4758.0,50.4026,1.7552,2.3252,0.2974,5,WTR
4758.5,51.0871,1.7064,2.3384,0.2954,5,WTR
4759.0,50.2599,1.6875,2.3416,0.2949,5,WTR
4759.5,50.5273,1.7399,2.3434,0.3077,5,WTR
4760.0,51.7026,1.7384,2.3382,0.3038,5,WTR
4760.5,54.513,1.7329,2.3323,0.3202,5,WTR
4761.0,55.2343,1.7279,2.3431,0.3046,5,WTR
4761.5,53.638,1.7001,2.3374,0.3111,5,WTR
4762.0,48.628,1.6125,2.3148,0.3029,5,WTR
4762.5,42.6783,1.472,2.2827,0.3151,5,WTR
4763.0,39.5668,1.3679,2.2646,0.3093,5,WTR
4763.5,41.0843,1.4534,2.2605,0.3072,5,WTR
4764.0,46.3484,1.4189,2.2693,0.3007,5,WTR
4764.5,51.5487,1.4859,2.2945,0.3004,5,WTR
4765.0,56.9786,1.5574,2.338,0.2983,5,WTR
4765.5,62.4069,1.7294,2.386,0.2988,0,Non-SST
4766.0,67.533,1.9391,2.4335,0.3083,0,Non-SST
4766.5,68.4426,2.0024,2.4673,0.306,0,Non-SST
4767.0,67.7222,2.0675,2.483,0.3112,0,Non-SST
4767.5,64.8006,2.1345,2.4802,0.3104,0,Non-SST
4768.0,63.2836,2.1695,2.4551,0.3049,0,Non-SST
4768.5,59.1462,2.1545,2.4365,0.2955,0,Non-SST
4769.0,57.7162,2.1028,2.4145,0.2778,5,WTR
4769.5,55.7383,2.0149,2.3967,0.2746,5,WTR
4770.0,57.6363,1.9902,2.3865,0.2841,5,WTR
4770.5,58.7612,1.928,2.3819,0.3185,0,Non-SST
4771.0,63.278,1.7705,2.3841,0.3286,0,Non-SST
4771.5,69.1132,1.498,2.383,0.3332,0,Non-SST
4772.0,73.1752,1.4486,2.3925,0.3203,0,Non-SST
4772.5,69.4568,1.5982,2.41,0.3344,0,Non-SST
4773.0,63.4319,1.7311,2.4159,0.333,0,Non-SST
4773.5,57.4302,1.7783,2.4225,0.3144,0,Non-SST
4774.0,58.3425,1.758,2.4296,0.298,0,Non-SST
4774.5,59.1018,1.8613,2.4522,0.2823,0,Non-SST
4775.0,58.3828,2.0573,2.4799,0.2773,0,Non-SST
4775.5,56.3215,2.2955,2.4987,0.2564,0,Non-SST
4776.0,53.02,2.575,2.5247,0.2301,0,Non-SST
4776.5,54.35,2.797,2.536,0.2108,0,Non-SST
4777.0,53.7553,2.9488,2.569,0.2057,0,Non-SST
4777.5,56.3368,2.9485,2.572,0.214,0,Non-SST
4778.0,58.3591,2.7705,2.5655,0.225,0,Non-SST
4778.5,65.6465,2.4762,2.5224,0.2481,0,Non-SST
4779.0,70.3888,2.2266,2.4913,0.2804,0,Non-SST
4779.5,75.9951,2.0023,2.4654,0.3069,0,Non-SST
4780.0,81.0459,1.8458,2.4557,0.3144,0,Non-SST
4780.5,84.8834,1.7314,2.4479,0.3172,0,Non-SST
4781.0,83.8982,1.7064,2.4515,0.3143,0,Non-SST
4781.5,79.6067,1.9046,2.4588,0.3098,0,Non-SST
4782.0,76.7067,2.0222,2.4689,0.3018,0,Non-SST
4782.5,76.4406,1.8626,2.4688,0.298,0,Non-SST
4783.0,76.2506,1.9975,2.4631,0.2976,0,Non-SST
4783.5,75.2024,1.9766,2.4662,0.2897,0,Non-SST
4784.0,74.5969,2.0084,2.4731,0.2844,0,Non-SST
4784.5,72.1396,2.0533,2.472,0.2841,0,Non-SST
4785.0,70.6197,2.0947,2.4654,0.2804,0,Non-SST
4785.5,68.6061,2.1057,2.4542,0.2939,0,Non-SST
4786.0,68.3683,2.1151,2.4596,0.2793,0,Non-SST
4786.5,66.6849,2.1713,2.4557,0.2712,0,Non-SST
4787.0,66.3784,2.1816,2.4658,0.2509,0,Non-SST
4787.5,67.8983,2.2238,2.4603,0.2524,0,Non-SST
4788.0,68.2516,2.2462,2.4656,0.2501,0,Non-SST
4788.5,68.4458,2.264,2.4576,0.2529,0,Non-SST
4789.0,66.0161,2.2923,2.4559,0.2544,0,Non-SST
4789.5,66.9285,2.3157,2.4535,0.2576,0,Non-SST
4790.0,66.6614,2.3154,2.4547,0.2484,0,Non-SST
4790.5,66.9635,2.3162,2.4589,0.2483,0,Non-SST
4791.0,65.9487,2.3389,2.4591,0.2491,0,Non-SST
4791.5,63.8229,2.337,2.4595,0.2534,0,Non-SST
4792.0,65.34,2.3294,2.4609,0.2554,0,Non-SST
4792.5,66.0877,2.2911,2.4619,0.2626,0,Non-SST
4793.0,67.7721,2.2155,2.4603,0.2725,0,Non-SST
4793.5,69.2143,2.135,2.4565,0.278,0,Non-SST
4794.0,73.5431,2.0616,2.4526,0.2788,0,Non-SST
4794.5,76.0328,2.0148,2.4503,0.2879,0,Non-SST
4795.0,77.0038,2.0219,2.4583,0.288,0,Non-SST
4795.5,75.0694,2.0518,2.4579,0.2837,0,Non-SST
4796.0,74.4243,2.0748,2.4614,0.2802,0,Non-SST
4796.5,73.9864,2.0965,2.4557,0.2813,0,Non-SST
4797.0,72.5058,2.0782,2.4636,0.293,0,Non-SST
4797.5,73.5948,2.0858,2.4687,0.294,0,Non-SST
4798.0,71.4707,2.2131,2.4754,0.2911,0,Non-SST
4798.5,71.1262,2.1873,2.4685,0.2813,0,Non-SST
4799.0,70.9483,2.1978,2.469,0.2706,0,Non-SST
4799.5,72.2011,2.1984,2.4705,0.2726,0,Non-SST
4800.0,72.8873,2.1699,2.4764,0.2722,0,Non-SST
4800.5,73.2287,2.1574,2.4752,0.2721,0,Non-SST
4801.0,73.6826,2.1577,2.4687,0.2649,0,Non-SST
4801.5,75.353,2.1651,2.4607,0.2656,0,Non-SST
4802.0,76.1005,2.2226,2.4623,0.2687,0,Non-SST
4802.5,73.7469,2.3105,2.4577,0.2715,0,Non-SST
4803.0,72.7583,2.2194,2.4416,0.2882,0,Non-SST
4803.5,73.2668,2.0796,2.4187,0.3044,0,Non-SST
4804.0,74.5551,2.0478,2.4036,0.3154,0,Non-SST
4804.5,75.5436,1.9834,2.3966,0.32,0,Non-SST
4805.0,75.7317,2.0047,2.3954,0.3107,0,Non-SST
4805.5,78.7693,1.8556,2.3983,0.3233,0,Non-SST
4806.0,79.4472,1.7666,2.399,0.3341,0,Non-SST
4806.5,79.0567,1.6487,2.4023,0.3517,0,Non-SST
4807.0,77.9164,1.6889,2.3969,0.3619,0,Non-SST
4807.5,76.9347,1.692,2.3916,0.3583,0,Non-SST
4808.0,75.3497,1.8109,2.3812,0.3549,0,Non-SST
4808.5,74.414,1.9199,2.3738,0.3418,0,Non-SST
4809.0,72.9699,1.8778,2.3713,0.3288,0,Non-SST
4809.5,71.9465,1.7817,2.3722,0.3206,0,Non-SST
4810.0,69.8456,1.9051,2.3704,0.3093,0,Non-SST
4810.5,70.4038,1.9811,2.3786,0.3075,0,Non-SST
4811.0,68.8839,1.9785,2.38,0.297,0,Non-SST
4811.5,66.4711,1.9606,2.3883,0.2907,5,WTR
4812.0,63.3287,1.9705,2.3807,0.2818,5,WTR
4812.5,62.6863,1.9912,2.378,0.273,5,WTR
4813.0,62.0638,1.975,2.3683,0.275,5,WTR
4813.5,63.661,1.9484,2.3634,0.2793,5,WTR
4814.0,62.5586,1.8947,2.3483,0.2947,5,WTR
4814.5,64.1909,1.8098,2.3386,0.2992,5,WTR
4815.0,62.4441,1.745,2.3419,0.2947,5,WTR
4815.5,62.6679,1.7014,2.3533,0.2978,5,WTR
4816.0,61.5319,1.6816,2.3551,0.2986,5,WTR
4816.5,62.0623,1.6716,2.3497,0.3087,0,Non-SST
4817.0,64.0672,1.6545,2.3446,0.3203,0,Non-SST
4817.5,66.8749,1.6278,2.3452,0.3365,0,Non-SST
4818.0,67.8648,1.5942,2.349,0.3496,0,Non-SST
4818.5,68.7872,1.5514,2.3471,0.3358,0,Non-SST
4819.0,67.2829,1.5357,2.3524,0.339,0,Non-SST
4819.5,70.089,1.5823,2.3446,0.3283,0,Non-SST
4820.0,66.9015,1.5407,2.335,0.3406,0,Non-SST
4820.5,66.0916,1.457,2.3178,0.3395,0,Non-SST
4821.0,59.8648,1.4136,2.3035,0.349,5,WTR
4821.5,57.1188,1.3979,2.2924,0.3564,5,WTR
4822.0,53.6641,1.2831,2.2849,0.3439,5,WTR
4822.5,52.8683,1.3925,2.285,0.3342,5,WTR
4823.0,58.1945,1.3161,2.303,0.3151,5,WTR
4823.5,62.9615,1.4642,2.3326,0.3108,0,Non-SST
4824.0,69.0745,1.5602,2.3576,0.3134,0,Non-SST
4824.5,71.1986,1.6577,2.3656,0.3236,0,Non-SST
4825.0,70.1869,1.6221,2.3536,0.3422,0,Non-SST
4825.5,66.8098,1.5038,2.3354,0.3455,0,Non-SST
4826.0,60.7009,1.5105,2.3218,0.3405,0,Non-SST
4826.5,59.0805,1.3971,2.3044,0.3285,5,WTR
4827.0,58.282,1.3774,2.3029,0.319,5,WTR
4827.5,59.8006,1.3988,2.3165,0.3166,5,WTR
4828.0,65.2186,1.507,2.3438,0.3284,0,Non-SST
4828.5,69.3706,1.6351,2.361,0.3353,0,Non-SST
4829.0,74.6823,1.6702,2.367,0.3309,0,Non-SST
4829.5,73.126,1.7123,2.3638,0.3213,0,Non-SST
4830.0,74.1368,1.7467,2.3657,0.3265,0,Non-SST
4830.5,71.8212,1.8264,2.3591,0.3468,0,Non-SST
4831.0,73.2755,1.8125,2.3657,0.3368,0,Non-SST
4831.5,73.8086,1.8159,2.3772,0.3379,0,Non-SST
4832.0,77.3009,1.8319,2.3839,0.3281,0,Non-SST
4832.5,78.8471,1.7865,2.3886,0.3344,0,Non-SST
4833.0,79.8825,1.811,2.3862,0.3321,0,Non-SST
4833.5,80.5677,1.783,2.3857,0.3367,0,Non-SST
4834.0,76.7699,1.7689,2.3736,0.3411,0,Non-SST
4834.5,71.4798,1.7524,2.3395,0.338,0,Non-SST
4835.0,62.155,1.4945,2.2964,0.3381,0,Non-SST
4835.5,56.1169,1.4046,2.2592,0.3492,5,WTR
4836.0,51.602,1.3619,2.2443,0.3414,5,WTR
4836.5,51.5109,1.3552,2.2547,0.3275,5,WTR
4837.0,55.6523,1.525,2.2821,0.3082,5,WTR
4837.5,60.4446,1.505,2.3166,0.3255,5,WTR
4838.0,72.3279,1.8296,2.3351,0.3543,0,Non-SST
4838.5,80.6002,2.0679,2.34,0.381,0,Non-SST
4839.0,90.234,2.0673,2.3408,0.4038,0,Non-SST
4839.5,93.7285,2.0539,2.3395,0.4069,0,Non-SST
4840.0,99.2371,2.0035,2.3402,0.4115,0,Non-SST
4840.5,99.4231,2.0217,2.3369,0.3914,0,Non-SST
4841.0,94.7138,2.024,2.3315,0.3801,0,Non-SST
4841.5,86.9059,2.0116,2.3241,0.3763,0,Non-SST
4842.0,79.2395,2.0183,2.3031,0.3764,0,Non-SST
4842.5,70.5449,1.9364,2.2818,0.3577,0,Non-SST
4843.0,64.3049,1.8166,2.2598,0.3291,5,WTR
4843.5,57.1292,1.7168,2.245,0.3184,5,WTR
4844.0,55.3982,1.6259,2.2394,0.3121,5,WTR
4844.5,50.5391,1.5231,2.2324,0.3186,5,WTR
4845.0,49.2885,1.4797,2.2305,0.3226,5,WTR
4845.5,46.0477,1.4294,2.2234,0.3374,5,WTR
4846.0,45.454,1.3731,2.2268,0.3346,5,WTR
4846.5,44.8446,1.4296,2.2304,0.3179,5,WTR
4847.0,45.7179,1.4149,2.2312,0.3045,5,WTR
4847.5,43.883,1.4419,2.2332,0.3062,5,WTR
4848.0,43.985,1.4227,2.2316,0.306,5,WTR
4848.5,43.4525,1.4537,2.2373,0.3167,5,WTR
4849.0,46.944,1.4614,2.2362,0.3159,5,WTR
4849.5,48.2844,1.4907,2.2424,0.3158,5,WTR
4850.0,50.4869,1.4937,2.2421,0.3093,5,WTR
4850.5,51.0559,1.529,2.249,0.3099,5,WTR
4851.0,52.6146,1.5479,2.2525,0.3105,5,WTR
4851.5,53.3718,1.5667,2.2572,0.3041,5,WTR
4852.0,56.1448,1.5654,2.2595,0.3072,5,WTR
4852.5,62.1557,1.593,2.2538,0.3148,5,WTR
4853.0,68.8757,1.6291,2.2412,0.3444,0,Non-SST
4853.5,78.6681,1.6592,2.2186,0.3754,0,Non-SST
4854.0,88.142,1.672,2.1963,0.4246,0,Non-SST
4854.5,96.6824,1.6003,2.1732,0.4375,0,Non-SST
4855.0,104.5147,1.552,2.1604,0.4312,0,Non-SST
4855.5,111.7321,1.5823,2.1705,0.426,0,Non-SST
4856.0,118.6028,1.4932,2.2078,0.4254,0,Non-SST
4856.5,123.4853,1.408,2.2564,0.4402,0,Non-SST
4857.0,127.2905,1.3505,2.2916,0.4484,0,Non-SST
4857.5,132.345,1.3121,2.2995,0.4737,0,Non-SST
4858.0,133.6759,1.403,2.2813,0.4848,0,Non-SST
4858.5,129.7164,1.4404,2.2501,0.4996,0,Non-SST
4859.0,123.3005,1.3002,2.2306,0.4922,0,Non-SST
4859.5,117.6434,1.3971,2.2101,0.4753,0,Non-SST
4860.0,117.3043,1.3452,2.2064,0.4618,0,Non-SST
4860.5,118.3648,1.3238,2.2058,0.439,0,Non-SST
4861.0,116.8449,1.4509,2.2335,0.4253,0,Non-SST
4861.5,109.0497,1.5943,2.2666,0.3906,0,Non-SST
4862.0,99.751,1.7609,2.2963,0.3955,0,Non-SST
4862.5,96.7568,1.8249,2.3064,0.3764,0,Non-SST
4863.0,101.1732,1.8666,2.3016,0.3893,0,Non-SST
4863.5,104.851,1.9134,2.2909,0.3909,0,Non-SST
4864.0,104.56,1.9403,2.2754,0.4313,0,Non-SST
4864.5,100.2258,1.8815,2.2704,0.4138,0,Non-SST
4865.0,94.8396,1.8361,2.2653,0.4034,0,Non-SST
4865.5,89.8138,1.7783,2.2611,0.3858,0,Non-SST
4866.0,92.06,1.7333,2.2493,0.3983,0,Non-SST
4866.5,95.5105,1.7089,2.2343,0.3984,0,Non-SST
4867.0,97.7883,1.7097,2.2363,0.375,0,Non-SST
4867.5,91.4484,1.7318,2.2612,0.372,0,Non-SST
4868.0,89.3112,1.6425,2.308,0.3536,0,Non-SST
4868.5,85.2131,1.5256,2.3587,0.3397,0,Non-SST
4869.0,80.1974,1.5431,2.3931,0.3166,0,Non-SST
4869.5,71.5922,1.6566,2.4132,0.2973,0,Non-SST
4870.0,66.9592,1.7202,2.4243,0.3034,0,Non-SST
4870.5,66.7192,1.7404,2.4282,0.2959,0,Non-SST
4871.0,67.5557,1.7633,2.4331,0.2949,0,Non-SST
4871.5,69.0725,1.8027,2.4341,0.2859,0,Non-SST
4872.0,69.2791,1.8054,2.4429,0.2789,0,Non-SST
4872.5,70.7211,1.8349,2.4507,0.2851,0,Non-SST
4873.0,72.5052,1.8524,2.4538,0.2871,0,Non-SST
4873.5,72.3124,1.8589,2.4504,0.2952,0,Non-SST
4874.0,69.314,1.8606,2.445,0.3005,0,Non-SST
4874.5,63.8218,1.8555,2.4397,0.2985,0,Non-SST
4875.0,60.2169,1.8418,2.4341,0.3047,0,Non-SST
4875.5,57.6747,1.8268,2.4159,0.2996,5,WTR
4876.0,56.7152,1.8042,2.4006,0.3015,0,Non-SST
4876.5,59.7901,1.759,2.3958,0.2922,5,WTR
4877.0,66.0898,1.7169,2.3995,0.2946,0,Non-SST
4877.5,73.9478,1.6386,2.4083,0.3118,0,Non-SST
4878.0,79.9835,1.641,2.4147,0.3303,0,Non-SST
4878.5,85.0331,1.5537,2.4296,0.3403,0,Non-SST
4879.0,88.8185,1.5409,2.4332,0.3264,0,Non-SST
4879.5,90.3352,1.5581,2.4461,0.3187,0,Non-SST
4880.0,90.9065,1.5937,2.4471,0.3182,0,Non-SST
4880.5,89.3987,1.6193,2.4551,0.3343,0,Non-SST
4881.0,88.4384,1.629,2.4476,0.3369,0,Non-SST
4881.5,86.4605,1.6712,2.4493,0.3359,0,Non-SST
4882.0,85.056,1.7466,2.4443,0.3354,0,Non-SST
4882.5,82.6016,1.7735,2.4461,0.3285,0,Non-SST
4883.0,78.5433,1.8264,2.4403,0.3364,0,Non-SST
4883.5,76.5411,1.8269,2.4448,0.324,0,Non-SST
4884.0,78.3254,1.8283,2.4446,0.327,0,Non-SST
4884.5,81.5886,1.8411,2.4444,0.3128,0,Non-SST
4885.0,80.9698,1.8483,2.4423,0.3167,0,Non-SST
4885.5,78.9181,1.876,2.4437,0.3169,0,Non-SST
4886.0,75.3637,1.9162,2.4428,0.308,0,Non-SST
4886.5,73.9577,1.9568,2.4508,0.3068,0,Non-SST
4887.0,72.4047,1.9841,2.4484,0.3029,0,Non-SST
4887.5,72.3905,1.9125,2.4529,0.3124,0,Non-SST
4888.0,74.7696,1.8045,2.447,0.3219,0,Non-SST
4888.5,77.6513,1.6818,2.4498,0.3326,0,Non-SST
4889.0,80.0774,1.669,2.4452,0.3465,0,Non-SST
4889.5,79.7876,1.7055,2.4435,0.3482,0,Non-SST
4890.0,77.8423,1.6546,2.4355,0.3365,0,Non-SST
4890.5,79.2104,1.6095,2.4342,0.3354,0,Non-SST
4891.0,81.3001,1.5707,2.4378,0.3436,0,Non-SST
4891.5,83.4353,1.5425,2.4373,0.3611,0,Non-SST
4892.0,83.2854,1.5363,2.4392,0.362,0,Non-SST
4892.5,83.7174,1.5244,2.4318,0.3666,0,Non-SST
4893.0,84.9697,1.5159,2.4311,0.358,0,Non-SST
4893.5,83.8688,1.557,2.4343,0.359,0,Non-SST
4894.0,80.7811,1.6303,2.4368,0.3378,0,Non-SST
4894.5,76.3769,1.7332,2.4349,0.3377,0,Non-SST
4895.0,72.8464,1.7933,2.4281,0.3291,0,Non-SST
4895.5,73.1847,1.8187,2.4253,0.3233,0,Non-SST
4896.0,72.9725,1.8518,2.4286,0.313,0,Non-SST
4896.5,71.6396,1.9129,2.4373,0.3027,0,Non-SST
4897.0,67.5023,1.9298,2.4367,0.3001,0,Non-SST
4897.5,61.9838,1.9284,2.4281,0.2999,0,Non-SST
4898.0,54.4707,1.9023,2.3957,0.2936,5,WTR
4898.5,46.3214,1.8158,2.3482,0.3026,5,WTR
4899.0,38.426,1.6757,2.3015,0.292,5,WTR
4899.5,35.198,1.5649,2.2683,0.2944,5,WTR
4900.0,32.8706,1.4782,2.2584,0.2826,5,WTR
4900.5,33.1864,1.4747,2.2515,0.289,5,WTR
4901.0,33.1864,1.484,2.2508,0.2884,5,WTR
4901.5,33.2615,1.4633,2.2516,0.2871,5,WTR
4902.0,34.8813,1.4763,2.2698,0.2727,5,WTR
4902.5,38.0057,1.5343,2.2942,0.2639,5,WTR
4903.0,42.9896,1.635,2.314,0.2621,5,WTR
4903.5,48.2269,1.7193,2.3292,0.2656,5,WTR
4904.0,52.9014,1.7778,2.3468,0.265,5,WTR
4904.5,56.3058,1.8544,2.3689,0.2607,5,WTR
4905.0,56.7449,1.902,2.3788,0.2615,5,WTR
4905.5,58.0564,1.9228,2.388,0.2745,5,WTR
4906.0,59.2776,1.9312,2.3824,0.2821,5,WTR
4906.5,59.1789,1.9164,2.3735,0.2938,5,WTR
4907.0,59.5206,1.9185,2.3622,0.2908,5,WTR
4907.5,63.3112,1.8668,2.3641,0.2971,5,WTR
4908.0,69.7802,1.8011,2.3782,0.3006,0,Non-SST
4908.5,77.0262,1.7174,2.3925,0.317,0,Non-SST
4909.0,80.4372,1.6468,2.4072,0.3399,0,Non-SST
4909.5,82.8478,1.6643,2.4184,0.3627,0,Non-SST
4910.0,84.378,1.6358,2.4167,0.3811,0,Non-SST
4910.5,86.6606,1.5906,2.4198,0.38,0,Non-SST
4911.0,90.4236,1.5551,2.4143,0.3863,0,Non-SST
4911.5,90.831,1.4933,2.4111,0.3839,0,Non-SST
4912.0,89.4711,1.5411,2.4046,0.3992,0,Non-SST
4912.5,89.0901,1.5906,2.3987,0.3917,0,Non-SST
4913.0,88.9761,1.583,2.4031,0.4081,0,Non-SST
4913.5,89.5409,1.5641,2.4056,0.394,0,Non-SST
4914.0,88.5955,1.5465,2.4136,0.3915,0,Non-SST
4914.5,87.5024,1.5824,2.4047,0.3707,0,Non-SST
4915.0,87.8387,1.6346,2.4019,0.3596,0,Non-SST
4915.5,88.3641,1.6338,2.3954,0.3611,0,Non-SST
4916.0,87.5255,1.6452,2.4048,0.3739,0,Non-SST
4916.5,86.0725,1.6362,2.4092,0.3773,0,Non-SST
4917.0,83.5658,1.6467,2.4176,0.3609,0,Non-SST
4917.5,82.4268,1.763,2.4246,0.336,0,Non-SST
4918.0,80.3153,1.9032,2.4288,0.3415,0,Non-SST
4918.5,78.4954,1.934,2.4343,0.3311,0,Non-SST
4919.0,77.8866,1.9602,2.4415,0.3313,0,Non-SST
4919.5,77.9716,1.9993,2.4518,0.3096,0,Non-SST
4920.0,77.3263,2.0254,2.4614,0.3115,0,Non-SST
4920.5,77.2122,2.1175,2.4638,0.3205,0,Non-SST
4921.0,75.1106,2.11,2.455,0.3268,0,Non-SST
4921.5,74.3579,1.9433,2.4367,0.34,0,Non-SST
4922.0,74.1303,1.9305,2.4157,0.3223,0,Non-SST
4922.5,78.9574,1.9089,2.4064,0.3261,0,Non-SST
4923.0,84.9857,1.8351,2.3964,0.3436,0,Non-SST
4923.5,90.0718,1.7291,2.3866,0.35,0,Non-SST
4924.0,91.4963,1.6571,2.3724,0.3629,0,Non-SST
4924.5,87.7787,1.6716,2.3679,0.3637,0,Non-SST
4925.0,80.5274,1.7576,2.361,0.3782,0,Non-SST
4925.5,71.7361,1.8706,2.3504,0.3551,0,Non-SST
4926.0,67.9514,1.884,2.3339,0.3248,0,Non-SST
4926.5,68.5603,1.8188,2.3326,0.3032,0,Non-SST
4927.0,71.1062,1.8154,2.3493,0.2939,0,Non-SST
4927.5,77.5098,1.8643,2.3778,0.2848,0,Non-SST
4928.0,84.115,1.8419,2.4012,0.3024,0,Non-SST
4928.5,90.3767,1.7898,2.4104,0.3158,0,Non-SST
4929.0,89.1639,1.7277,2.4173,0.3398,0,Non-SST
4929.5,90.9832,1.7102,2.4145,0.3346,0,Non-SST
4930.0,90.0665,1.7284,2.4174,0.3264,0,Non-SST
4930.5,88.8759,1.7549,2.4117,0.324,0,Non-SST
4931.0,84.4369,1.7402,2.4271,0.3262,0,Non-SST
4931.5,81.0263,1.7112,2.4427,0.3336,0,Non-SST
4932.0,78.987,1.7068,2.4536,0.3385,0,Non-SST
4932.5,77.5095,1.742,2.4743,0.3419,0,Non-SST
4933.0,80.049,1.7353,2.4699,0.3464,0,Non-SST
4933.5,80.2803,1.7352,2.4853,0.3497,0,Non-SST
4934.0,76.8594,1.729,2.4631,0.3473,0,Non-SST
4934.5,70.9382,1.7249,2.466,0.3421,0,Non-SST
4935.0,69.3782,1.7615,2.4528,0.3209,0,Non-SST
4935.5,70.8983,1.8164,2.4523,0.3066,0,Non-SST
4936.0,72.2696,1.8503,2.4533,0.3116,0,Non-SST
4936.5,73.6366,1.8794,2.4588,0.3056,0,Non-SST
4937.0,74.4768,1.8996,2.459,0.2976,0,Non-SST
4937.5,73.338,1.9039,2.4578,0.2961,0,Non-SST
4938.0,73.0341,1.8959,2.4585,0.2913,0,Non-SST
4938.5,68.5531,1.927,2.4615,0.2841,0,Non-SST
4939.0,68.829,2.0117,2.462,0.2662,0,Non-SST
4939.5,63.5547,2.0688,2.4533,0.2668,0,Non-SST
4940.0,60.176,2.0971,2.4558,0.264,0,Non-SST
4940.5,55.3434,2.104,2.4511,0.2551,0,Non-SST
4941.0,50.0286,2.1074,2.4459,0.246,5,WTR
4941.5,46.3473,2.3365,2.4375,0.2448,0,Non-SST
4942.0,41.0333,2.4495,2.4201,0.2407,0,Non-SST
4942.5,42.3247,2.3818,2.4101,0.2553,0,Non-SST
4943.0,46.0037,2.2126,2.3832,0.2709,5,WTR
4943.5,50.2779,2.0885,2.3959,0.2867,5,WTR
4944.0,53.2364,2.0493,2.3954,0.279,5,WTR
4944.5,53.1237,2.0123,2.41,0.2785,5,WTR
4945.0,54.9974,1.9815,2.413,0.2848,5,WTR
4945.5,58.277,1.9484,2.4228,0.2997,0,Non-SST
4946.0,62.4891,1.9243,2.4218,0.3072,0,Non-SST
4946.5,69.5854,1.8604,2.4286,0.3126,0,Non-SST
4947.0,73.5181,1.7528,2.4165,0.3331,0,Non-SST
4947.5,78.4125,1.6152,2.4302,0.3315,0,Non-SST
4948.0,80.1157,1.626,2.4182,0.3377,0,Non-SST
4948.5,82.2774,1.6834,2.4367,0.3374,0,Non-SST
4949.0,83.532,1.6696,2.429,0.3496,0,Non-SST
4949.5,81.0729,1.6691,2.4386,0.3476,0,Non-SST
4950.0,78.8203,1.7771,2.4422,0.3552,0,Non-SST
4950.5,75.2142,2.0129,2.4491,0.3384,0,Non-SST
4951.0,74.2255,2.2205,2.4546,0.3258,0,Non-SST
4951.5,73.3679,2.2584,2.4553,0.2899,0,Non-SST
4952.0,72.0396,2.2171,2.453,0.2783,0,Non-SST
4952.5,71.8503,2.1647,2.4452,0.2709,0,Non-SST
4953.0,71.1668,2.0791,2.4543,0.2792,0,Non-SST
4953.5,71.8878,2.0706,2.4687,0.2916,0,Non-SST
4954.0,73.216,2.1977,2.4897,0.3158,0,Non-SST
4954.5,75.6727,2.1853,2.4807,0.3122,0,Non-SST
4955.0,78.4057,2.0061,2.4702,0.3114,0,Non-SST
4955.5,81.2902,1.9571,2.4545,0.3014,0,Non-SST
4956.0,84.4908,1.94,2.4461,0.3015,0,Non-SST
4956.5,85.2898,1.9349,2.4455,0.3098,0,Non-SST
4957.0,82.4414,1.863,2.4403,0.3135,0,Non-SST
4957.5,79.0633,1.6437,2.4476,0.3157,0,Non-SST
4958.0,72.457,1.5801,2.4467,0.302,0,Non-SST
4958.5,67.0701,1.6733,2.441,0.2928,0,Non-SST
4959.0,57.3252,1.7513,2.4342,0.2876,0,Non-SST
4959.5,54.3668,1.7809,2.4204,0.2871,5,WTR
4960.0,51.2912,1.8644,2.4173,0.273,5,WTR
4960.5,51.3559,1.9216,2.4099,0.2656,5,WTR
4961.0,51.3133,2.0055,2.4161,0.2611,5,WTR
4961.5,53.0436,2.0745,2.4297,0.271,5,WTR
4962.0,55.5497,2.1442,2.4395,0.2719,5,WTR
4962.5,57.9067,2.1499,2.4373,0.2755,0,Non-SST
4963.0,58.3384,2.1499,2.4304,0.2683,5,WTR
4963.5,59.8698,2.1484,2.4301,0.2691,0,Non-SST
4964.0,61.8074,2.1411,2.4449,0.2747,0,Non-SST
4964.5,63.6701,2.0775,2.4508,0.2957,0,Non-SST
4965.0,67.8701,1.96,2.4523,0.3066,0,Non-SST
4965.5,71.9269,1.7754,2.4423,0.3189,0,Non-SST
4966.0,77.7292,1.7765,2.4285,0.3264,0,Non-SST
4966.5,80.1208,1.7264,2.4241,0.3392,0,Non-SST
4967.0,81.1833,1.7202,2.4152,0.3488,0,Non-SST
4967.5,80.6572,1.6855,2.4134,0.3682,0,Non-SST
4968.0,80.3389,1.6116,2.4187,0.3789,0,Non-SST
4968.5,80.0353,1.6027,2.4288,0.3748,0,Non-SST
4969.0,79.5006,1.6908,2.4436,0.3662,0,Non-SST
4969.5,80.3122,1.7855,2.4459,0.3565,0,Non-SST
4970.0,81.0762,1.7988,2.4476,0.3475,0,Non-SST
4970.5,82.0644,1.7471,2.4485,0.338,0,Non-SST
4971.0,82.2882,1.6984,2.4422,0.357,0,Non-SST
4971.5,80.8428,1.6571,2.4375,0.3705,0,Non-SST
4972.0,80.7195,1.6915,2.4336,0.3809,0,Non-SST
4972.5,77.005,1.708,2.438,0.3629,0,Non-SST
4973.0,74.9188,1.7929,2.4415,0.3487,0,Non-SST
4973.5,72.3457,1.8534,2.4522,0.3275,0,Non-SST
4974.0,70.8656,1.9326,2.4532,0.3068,0,Non-SST
4974.5,72.575,1.9692,2.4535,0.3098,0,Non-SST
4975.0,70.9079,1.9843,2.4426,0.3094,0,Non-SST
4975.5,70.5254,2.0226,2.4368,0.3055,0,Non-SST
4976.0,67.1825,2.0184,2.4271,0.2925,0,Non-SST
4976.5,67.167,2.0109,2.428,0.286,0,Non-SST
4977.0,68.6866,1.98,2.4256,0.2971,0,Non-SST
4977.5,69.9392,1.9425,2.4317,0.3032,0,Non-SST
4978.0,70.9387,1.98,2.4288,0.2972,0,Non-SST
4978.5,72.1433,2.0305,2.4287,0.2939,0,Non-SST
4979.0,70.9666,2.0427,2.4317,0.2951,0,Non-SST
4979.5,68.8835,2.1672,2.4378,0.2972,0,Non-SST
4980.0,68.8951,2.113,2.4498,0.2912,0,Non-SST
4980.5,70.7154,2.0958,2.4545,0.2894,0,Non-SST
4981.0,74.435,2.0668,2.454,0.2976,0,Non-SST
4981.5,75.3061,2.0232,2.4428,0.318,0,Non-SST
4982.0,75.5749,1.9511,2.4361,0.3232,0,Non-SST
4982.5,75.5705,1.9227,2.4267,0.3257,0,Non-SST
4983.0,73.975,1.9219,2.4241,0.3291,0,Non-SST
4983.5,72.9112,1.8832,2.4124,0.3252,0,Non-SST
4984.0,70.6734,1.9249,2.4111,0.3126,0,Non-SST
4984.5,67.2602,2.0344,2.4068,0.293,0,Non-SST
4985.0,65.2992,2.1154,2.41,0.2884,0,Non-SST
4985.5,65.2612,2.137,2.4164,0.2955,0,Non-SST
4986.0,70.0439,2.1154,2.4254,0.2943,0,Non-SST
4986.5,74.2424,1.948,2.4374,0.2884,0,Non-SST
4987.0,77.3187,1.8445,2.4329,0.2952,0,Non-SST
4987.5,74.583,1.8829,2.421,0.2986,0,Non-SST
4988.0,72.8007,1.9746,2.3997,0.3059,0,Non-SST
4988.5,70.5987,2.0286,2.3845,0.2917,0,Non-SST
4989.0,69.5328,1.9367,2.3669,0.2925,0,Non-SST
4989.5,72.6328,1.8225,2.3612,0.2867,0,Non-SST
4990.0,72.8198,1.8214,2.3603,0.2912,0,Non-SST
4990.5,74.3424,1.8697,2.3653,0.2955,0,Non-SST
4991.0,70.2159,1.8817,2.3684,0.2968,0,Non-SST
4991.5,66.8235,1.9638,2.3636,0.303,0,Non-SST
4992.0,60.7115,1.9914,2.3486,0.2981,5,WTR
4992.5,51.1867,1.8567,2.3135,0.3077,5,WTR
4993.0,40.7277,1.5398,2.2603,0.2998,5,WTR
4993.5,33.8337,1.3534,2.2166,0.3093,5,WTR
4994.0,32.6939,1.2674,2.2075,0.3085,5,WTR
4994.5,43.0178,1.281,2.2423,0.3304,5,WTR
4995.0,57.7703,1.0997,2.3051,0.3328,5,WTR
4995.5,69.8243,1.0338,2.3656,0.3269,0,Non-SST
4996.0,71.4173,1.2135,2.401,0.3079,0,Non-SST
4996.5,65.4184,1.5596,2.3975,0.2927,0,Non-SST
4997.0,58.7903,1.7468,2.4024,0.2758,5,WTR
4997.5,58.2449,1.763,2.3997,0.2679,5,WTR
4998.0,62.6129,1.7537,2.4135,0.2619,0,Non-SST
4998.5,68.2329,1.7933,2.4155,0.2763,0,Non-SST
4999.0,69.2733,1.856,2.4248,0.2931,0,Non-SST
4999.5,67.0309,1.8867,2.4281,0.2933,0,Non-SST
5000.0,63.2048,1.9254,2.4363,0.2811,0,Non-SST
5000.5,58.3484,2.0471,2.4465,0.2715,0,Non-SST
5001.0,54.4404,2.2261,2.4454,0.2759,0,Non-SST
5001.5,52.3991,2.1263,2.4342,0.278,5,WTR
5002.0,54.6366,2.0402,2.4133,0.2701,5,WTR
5002.5,55.8128,1.9847,2.4048,0.273,5,WTR
5003.0,58.1539,1.9637,2.3894,0.2825,5,WTR
5003.5,57.7623,1.9606,2.3904,0.2831,5,WTR
5004.0,61.5219,1.9539,2.3875,0.2812,5,WTR
5004.5,64.4831,1.9622,2.3974,0.2792,5,WTR
5005.0,66.8933,1.9728,2.3934,0.2836,5,WTR
5005.5,65.1485,1.9881,2.3888,0.2792,5,WTR
5006.0,64.9587,1.993,2.3854,0.2846,5,WTR
5006.5,61.5378,1.9988,2.3887,0.2853,5,WTR
5007.0,62.827,2.0164,2.3921,0.2804,5,WTR
5007.5,63.395,2.0125,2.3985,0.2779,5,WTR
5008.0,70.4562,1.9526,2.3976,0.2892,0,Non-SST
5008.5,76.2675,1.8048,2.4023,0.3123,0,Non-SST
5009.0,81.3923,1.6413,2.3991,0.3431,0,Non-SST
5009.5,82.5657,1.5592,2.4021,0.3502,0,Non-SST
5010.0,81.3113,1.4678,2.3924,0.3643,0,Non-SST
5010.5,82.7052,1.4195,2.3889,0.3572,0,Non-SST
5011.0,81.3764,1.4092,2.3735,0.3736,0,Non-SST
5011.5,75.1886,1.385,2.3524,0.3722,0,Non-SST
5012.0,60.1676,1.361,2.304,0.3731,0,Non-SST
5012.5,45.6681,1.3433,2.2441,0.3518,5,WTR
5013.0,36.2165,1.1892,2.2015,0.3352,5,WTR
5013.5,31.5451,1.0806,2.1791,0.3147,5,WTR
5014.0,31.2407,1.0729,2.1735,0.3103,5,WTR
5014.5,30.2916,1.13,2.1723,0.303,5,WTR
5015.0,32.4559,1.0859,2.1809,0.3021,5,WTR
5015.5,35.152,1.1214,2.1967,0.3053,5,WTR
5016.0,39.4784,1.2005,2.2196,0.3091,5,WTR
5016.5,45.1339,1.3224,2.2538,0.3099,5,WTR
5017.0,53.751,1.5118,2.2997,0.3147,5,WTR
5017.5,65.0656,1.6457,2.3429,0.3217,0,Non-SST
5018.0,74.3015,1.6855,2.3623,0.3413,0,Non-SST
5018.5,78.3272,1.6623,2.3623,0.3469,0,Non-SST
5019.0,80.3735,1.6184,2.3594,0.3426,0,Non-SST
5019.5,76.4172,1.6291,2.3652,0.3385,0,Non-SST
5020.0,72.9752,1.7389,2.3724,0.3346,0,Non-SST
5020.5,68.4201,1.7577,2.3808,0.3369,0,Non-SST
5021.0,68.3049,1.7082,2.3759,0.324,0,Non-SST
5021.5,68.7827,1.7309,2.3806,0.3074,0,Non-SST
5022.0,70.3011,1.7204,2.3948,0.2952,0,Non-SST
5022.5,70.832,1.7821,2.4109,0.2831,0,Non-SST
5023.0,71.4015,1.8298,2.4198,0.2823,0,Non-SST
5023.5,70.225,1.799,2.4192,0.2802,0,Non-SST
5024.0,70.7567,1.8138,2.4209,0.2912,0,Non-SST
5024.5,70.1648,1.842,2.423,0.2935,0,Non-SST
5025.0,66.9409,1.9022,2.422,0.3078,0,Non-SST
5025.5,63.9786,2.0032,2.4234,0.3003,0,Non-SST
5026.0,61.4212,2.04,2.4172,0.2968,0,Non-SST
5026.5,61.1156,2.0429,2.4134,0.2843,5,WTR
5027.0,59.2191,2.0224,2.4018,0.2809,5,WTR
5027.5,58.1563,2.0322,2.4001,0.2751,5,WTR
5028.0,59.1058,2.054,2.4007,0.2678,5,WTR
5028.5,61.0402,2.0837,2.3965,0.2679,5,WTR
5029.0,63.8486,2.0961,2.3961,0.2691,5,WTR
5029.5,66.8097,2.0494,2.4057,0.2776,0,Non-SST
5030.0,69.9972,1.9958,2.4242,0.2842,0,Non-SST
5030.5,72.9224,1.9586,2.4426,0.2928,0,Non-SST
5031.0,73.9742,1.9738,2.4426,0.3072,0,Non-SST
5031.5,74.2047,2.0029,2.4526,0.3081,0,Non-SST
5032.0,72.3428,2.0114,2.4574,0.3006,0,Non-SST
5032.5,70.761,2.0647,2.4603,0.2803,0,Non-SST
5033.0,68.0293,2.173,2.459,0.2701,0,Non-SST
5033.5,67.2675,2.2069,2.4497,0.2655,0,Non-SST
5034.0,65.2148,2.2193,2.4442,0.2631,0,Non-SST
5034.5,65.2907,2.2185,2.4383,0.2688,0,Non-SST
5035.0,66.6615,2.1767,2.4361,0.2732,0,Non-SST
5035.5,69.3787,2.121,2.4298,0.2855,0,Non-SST
5036.0,74.6936,2.057,2.428,0.2771,0,Non-SST
5036.5,77.0888,1.999,2.4325,0.2829,0,Non-SST
5037.0,78.2812,1.9901,2.4361,0.2891,0,Non-SST
5037.5,78.1492,1.9595,2.4455,0.2981,0,Non-SST
5038.0,76.4325,1.9484,2.4337,0.2948,0,Non-SST
5038.5,74.4125,1.9846,2.4258,0.2896,0,Non-SST
5039.0,65.0899,2.0741,2.4073,0.2845,0,Non-SST
5039.5,56.3607,2.1532,2.4051,0.2596,5,WTR
5040.0,45.9756,2.2162,2.4017,0.2387,5,WTR
5040.5,42.0263,2.2567,2.3944,0.229,5,WTR
5041.0,41.9966,2.1473,2.3841,0.2389,5,WTR
5041.5,44.9522,2.1219,2.3675,0.246,5,WTR
5042.0,45.6217,2.0892,2.3464,0.2495,5,WTR
5042.5,43.3748,2.0436,2.3315,0.2578,5,WTR
5043.0,41.4229,2.0033,2.3187,0.2556,5,WTR
5043.5,39.1987,1.9742,2.326,0.2509,5,WTR
5044.0,37.499,1.9881,2.3304,0.2418,5,WTR
5044.5,34.8558,2.0224,2.3415,,0,Non-SST
5045.0,33.7096,2.0782,2.3472,,0,Non-SST
5045.5,35.4846,2.1121,2.3528,,0,Non-SST
5046.0,35.4854,,2.3526,,0,Non-SST
5046.5,35.3342,,2.3346,,0,Non-SST
5047.0,34.1211,,2.314,,0,Non-SST
5047.5,35.305,,2.294,,0,Non-SST
5048.0,34.9679,,2.283,,0,Non-SST
5048.5,32.5827,,2.2854,,0,Non-SST
5049.0,32.918,,2.291,,0,Non-SST
5049.5,33.8619,,2.3005,,0,Non-SST
5050.0,36.109,,2.3076,,0,Non-SST
5050.5,36.5638,,2.3237,,0,Non-SST
5051.0,40.2018,,2.3342,,0,Non-SST
5051.5,45.3511,,2.3396,,0,Non-SST
5052.0,49.9965,,,,0,Non-SST
5052.5,55.6669,,,,0,Non-SST
5053.0,58.9553,,,,0,Non-SST
5053.5,62.7221,,,,0,Non-SST
5054.0,65.0505,,,,0,Non-SST
5054.5,67.6076,,,,0,Non-SST
5055.0,70.8245,,,,0,Non-SST
5055.5,71.6533,,,,0,Non-SST
5056.0,,,,,0,Non-SST
5056.5,,,,,0,Non-SST
5057.0,,,,,0,Non-SST
5057.5,,,,,0,Non-SST
5058.0,,,,,0,Non-SST
5058.5,,,,,0,Non-SST
5059.0,,,,,0,Non-SST
5059.5,,,,,0,Non-SST
5060.0,,,,,0,Non-SST
5060.5,,,,,0,Non-SST
5061.0,,,,,0,Non-SST
5061.5,,,,,0,Non-SST
5062.0,,,,,0,Non-SST
5062.5,,,,,0,Non-SST
5063.0,,,,,0,Non-SST
5063.5,,,,,0,Non-SST
5064.0,,,,,0,Non-SST
5064.5,,,,,0,Non-SST
5065.0,,,,,0,Non-SST
5065.5,,,,,0,Non-SST
5066.0,,,,,0,Non-SST
5066.5,,,,,0,Non-SST
5067.0,,,,,0,Non-SST
5067.5,,,,,0,Non-SST
5068.0,,,,,0,Non-SST
5068.5,,,,,0,Non-SST
5069.0,,,,,0,Non-SST
5069.5,,,,,0,Non-SST
5070.0,,,,,0,Non-SST
5070.5,,,,,0,Non-SST
5071.0,,,,,0,Non-SST
5071.5,,,,,0,Non-SST
5072.0,,,,,0,Non-SST
5072.5,,,,,0,Non-SST
5073.0,,,,,0,Non-SST
5073.5,,,,,0,Non-SST
5074.0,,,,,0,Non-SST
5074.5,,,,,0,Non-SST
5075.0,,,,,0,Non-SST
5075.5,,,,,0,Non-SST
5076.0,,,,,0,Non-SST
5076.5,,,,,0,Non-SST
5077.0,,,,,0,Non-SST
5077.5,,,,,0,Non-SST
5078.0,,,,,0,Non-SST
5078.5,,,,,0,Non-SST
5079.0,,,,,0,Non-SST
5079.5,,,,,0,Non-SST
5080.0,,,,,0,Non-SST
5080.5,,,,,0,Non-SST
5081.0,,,,,0,Non-SST
5081.5,,,,,0,Non-SST
5082.0,,,,,0,Non-SST
5082.5,,,,,0,Non-SST
5083.0,,,,,0,Non-SST
5083.5,,,,,0,Non-SST
5084.0,,,,,0,Non-SST
5084.5,,,,,0,Non-SST
5085.0,,,,,0,Non-SST
5085.5,,,,,0,Non-SST
5086.0,,,,,0,Non-SST
5086.5,,,,,0,Non-SST
5087.0,,,,,0,Non-SST
5087.5,,,,,0,Non-SST
5088.0,,,,,0,Non-SST
5088.5,,,,,0,Non-SST
5089.0,,,,,0,Non-SST
5089.5,,,,,0,Non-SST
5090.0,,,,,0,Non-SST
5090.5,,,,,0,Non-SST
5091.0,,,,,0,Non-SST
5091.5,,,,,0,Non-SST
5092.0,,,,,0,Non-SST
5092.5,,,,,0,Non-SST
5093.0,,,,,0,Non-SST
5093.5,,,,0.2758,5,WTR
5094.0,,,,0.2591,5,WTR
5094.5,,,,0.2501,5,WTR
5095.0,,,,0.2577,5,WTR
5095.5,,,,0.258,5,WTR
5096.0,,,2.2971,0.251,5,WTR
5096.5,,,2.3182,0.3254,5,WTR
5097.0,67.561,2.1466,2.3523,0.3395,0,Non-SST
5097.5,72.1525,1.7763,2.3644,0.3328,0,Non-SST
5098.0,78.1653,1.7234,2.4171,0.3259,0,Non-SST
5098.5,81.9915,1.6897,2.413,0.3073,0,Non-SST
5099.0,81.2263,1.7093,2.4146,0.3051,0,Non-SST
5099.5,76.4161,1.7088,2.4016,0.2865,0,Non-SST
5100.0,72.1525,1.6914,2.4038,0.2894,0,Non-SST
5100.5,72.6445,1.5947,2.3923,0.3019,0,Non-SST
5101.0,81.6636,1.5219,2.3597,0.3319,0,Non-SST
5101.5,99.0458,1.3993,2.3472,0.3386,0,Non-SST
5102.0,121.6754,1.3296,2.3189,0.3383,0,Non-SST
5102.5,138.0737,0.9981,2.3261,0.3403,0,Non-SST
5103.0,129.5466,0.9675,2.3348,0.3322,0,Non-SST
5103.5,103.4733,1.315,2.3698,0.3322,0,Non-SST
5104.0,82.4835,1.4023,2.3689,0.323,0,Non-SST
5104.5,71.9886,1.531,2.397,0.3103,0,Non-SST
5105.0,68.9549,1.5921,2.4187,0.3009,0,Non-SST
5105.5,69.022,1.7152,2.4313,0.2852,0,Non-SST
5106.0,68.5151,1.7992,2.4305,0.2749,0,Non-SST
5106.5,66.9995,1.8433,2.4256,0.2681,0,Non-SST
5107.0,64.3633,1.8866,2.4256,0.2697,0,Non-SST
5107.5,61.8216,1.9494,2.4221,0.283,5,WTR
5108.0,60.7831,1.9565,2.4101,0.2928,5,WTR
5108.5,62.5431,1.937,2.4164,0.3025,0,Non-SST
5109.0,67.0363,1.9188,2.4333,0.3215,0,Non-SST
5109.5,68.6105,1.7839,2.4401,0.3369,0,Non-SST
5110.0,67.889,1.7432,2.4355,0.3464,0,Non-SST
5110.5,72.4805,1.8053,2.41,0.3464,0,Non-SST
5111.0,81.0076,1.6062,2.41,0.3516,0,Non-SST
5111.5,87.5669,1.4342,2.3957,0.3861,0,Non-SST
5112.0,89.6987,1.3226,2.399,0.4058,0,Non-SST
5112.5,88.8788,1.2989,2.401,0.4117,0,Non-SST
5113.0,86.0911,1.3333,2.4008,0.371,0,Non-SST
5113.5,80.3517,1.4158,2.4069,0.3577,0,Non-SST
5114.0,74.4483,1.5228,2.3997,0.3547,0,Non-SST
5114.5,70.5127,1.6623,2.3831,0.3354,0,Non-SST
5115.0,64.6093,1.7283,2.3498,0.3131,0,Non-SST
5115.5,53.7864,1.8509,2.3097,0.2924,5,WTR
5116.0,42.6356,1.9254,2.2737,0.287,5,WTR
5116.5,35.9669,2.0939,2.2573,0.2762,5,WTR
5117.0,32.414,2.9068,2.261,0.2682,5,WTR
5117.5,30.7195,3.3058,2.2526,0.2721,0,Non-SST
5118.0,31.3208,3.4145,2.2482,0.2827,0,Non-SST
5118.5,32.4686,4.0858,2.26,0.2764,0,Non-SST
5119.0,34.1085,5.1164,2.2837,0.2697,0,Non-SST
5119.5,35.9123,5.3147,2.3063,0.261,0,Non-SST
5120.0,35.9123,5.1843,2.2982,0.2692,0,Non-SST
5120.5,34.6004,5.4657,2.2874,0.2714,0,Non-SST
5121.0,32.7419,6.379,2.2897,0.2743,0,Non-SST
5121.5,31.3754,7.4514,2.3129,0.2626,0,Non-SST
5122.0,31.2661,6.7943,2.3268,0.2544,0,Non-SST
5122.5,33.1246,6.8136,2.3326,0.2421,0,Non-SST
5123.0,35.4203,6.363,2.3398,0.2431,0,Non-SST
5123.5,35.7483,6.8047,2.3406,0.2383,0,Non-SST
5124.0,35.2564,6.8976,2.3323,0.2435,0,Non-SST
5124.5,34.7644,6.983,2.3106,0.2357,0,Non-SST
5125.0,34.2725,7.0326,2.3103,0.2429,0,Non-SST
5125.5,33.1246,6.7772,2.2749,0.239,0,Non-SST
5126.0,31.3208,6.4622,2.2681,0.2452,0,Non-SST
5126.5,31.1568,6.6025,2.2688,0.2523,5,WTR
5127.0,31.6487,6.8516,2.2574,0.2518,5,WTR
5127.5,31.1568,6.7501,2.2592,0.2565,5,WTR
5128.0,31.4847,6.4361,2.2664,0.2521,0,Non-SST
5128.5,33.1246,7.1189,2.2823,0.2598,0,Non-SST
5129.0,34.6004,8.272,2.2987,0.2546,0,Non-SST
5129.5,34.7644,8.0958,2.3097,0.2497,0,Non-SST
5130.0,35.0924,7.6088,2.3162,0.2535,0,Non-SST
5130.5,37.3881,6.4593,2.329,0.2552,0,Non-SST
5131.0,39.1919,5.9197,2.313,0.2579,0,Non-SST
5131.5,38.7,5.839,2.2972,0.2534,0,Non-SST
5132.0,38.0441,5.197,2.3001,0.2589,0,Non-SST
5132.5,37.7161,4.5352,2.2915,0.2638,0,Non-SST
5133.0,36.7322,3.8639,2.2816,0.2593,0,Non-SST
5133.5,36.4042,3.8167,2.2894,0.2573,0,Non-SST
5134.0,39.028,4.1666,2.3067,0.2507,0,Non-SST
5134.5,44.2754,4.5334,2.3502,0.25,0,Non-SST
5135.0,49.1949,4.4778,2.3974,0.2467,0,Non-SST
5135.5,50.6708,4.513,2.3955,0.2414,0,Non-SST
5136.0,46.5712,4.3852,2.3941,0.2336,0,Non-SST
5136.5,39.5199,4.0108,2.3744,0.2214,0,Non-SST
5137.0,34.7644,3.7197,2.3558,0.2202,0,Non-SST
5137.5,32.4686,3.6342,2.3441,0.2258,0,Non-SST
5138.0,30.5008,3.5972,2.3533,0.2335,0,Non-SST
5138.5,29.189,3.406,2.3656,0.2295,0,Non-SST
5139.0,29.353,2.9354,2.3752,0.2246,0,Non-SST
5139.5,30.8288,2.6874,2.3436,0.2224,0,Non-SST
5140.0,31.6487,2.4727,2.3276,0.2313,0,Non-SST
5140.5,30.3369,2.2785,2.2939,0.237,5,WTR
5141.0,28.5331,2.0441,2.2905,0.2393,5,WTR
5141.5,26.7292,1.9264,2.2897,0.2395,5,WTR
5142.0,25.7453,1.9116,2.2917,0.2383,5,WTR
5142.5,26.8932,1.8648,2.2847,0.2364,5,WTR
5143.0,28.2597,1.9267,2.3077,0.2326,5,WTR
5143.5,29.4623,2.1156,2.3593,0.2243,0,Non-SST
5144.0,30.3915,2.4332,2.3934,0.2117,0,Non-SST
5144.5,30.9928,2.5486,2.41,0.2105,0,Non-SST
5145.0,32.4686,2.3024,2.4054,0.2103,0,Non-SST
5145.5,34.7644,2.2019,2.3833,0.2143,0,Non-SST
5146.0,38.372,2.1025,2.3921,0.2123,5,WTR
5146.5,42.7996,2.0949,2.3943,0.216,5,WTR
5147.0,45.4233,2.1237,2.4098,0.2252,5,WTR
5147.5,43.9475,2.1145,2.3902,0.2261,5,WTR
5148.0,40.1758,2.1318,2.378,0.2242,5,WTR
5148.5,36.7322,2.0378,2.3703,0.2209,5,WTR
5149.0,33.2886,1.9966,2.3663,0.2168,5,WTR
5149.5,31.9767,1.928,2.3658,0.2204,0,Non-SST
5150.0,33.6165,1.9103,2.3654,0.222,5,WTR
5150.5,35.7483,1.9128,2.3889,0.2254,5,WTR
5151.0,36.8962,1.9015,2.3893,0.2184,5,WTR
5151.5,35.4203,1.8793,2.384,0.2162,0,Non-SST
5152.0,32.3047,1.829,2.3514,0.2124,5,WTR
5152.5,30.8288,1.8107,2.3458,0.2155,0,Non-SST
5153.0,31.9767,1.8266,2.359,0.2128,5,WTR
5153.5,34.7644,1.859,2.3836,0.2172,0,Non-SST
5154.0,37.7161,1.9411,2.3955,0.2163,5,WTR
5154.5,40.3398,1.9641,2.3888,0.2247,5,WTR
5155.0,43.7835,1.9907,2.4021,0.228,5,WTR
5155.5,48.867,2.0427,2.4147,0.2352,5,WTR
5156.0,54.1144,2.0427,2.4345,0.2317,5,WTR
5156.5,57.0661,2.0693,2.4543,0.2338,0,Non-SST
5157.0,57.3941,2.0958,2.4734,0.232,0,Non-SST
5157.5,55.7542,2.0972,2.487,0.2344,0,Non-SST
5158.0,51.8186,2.1449,2.4988,0.2338,0,Non-SST
5158.5,46.5712,2.1896,2.4886,0.2299,0,Non-SST
5159.0,45.2593,2.2922,2.4927,0.229,0,Non-SST
5159.5,50.1788,2.2778,2.4942,0.2309,0,Non-SST
5160.0,56.7381,2.099,2.4898,0.2438,0,Non-SST
5160.5,59.6898,2.1091,2.4851,0.2533,0,Non-SST
5161.0,58.214,2.1248,2.4826,0.254,0,Non-SST
5161.5,55.9182,2.1358,2.4665,0.243,0,Non-SST
5162.0,51.6547,2.1843,2.4636,0.2344,0,Non-SST
5162.5,46.4072,2.2176,2.4394,0.2301,0,Non-SST
5163.0,45.7513,2.1918,2.4406,0.2286,0,Non-SST
5163.5,47.7191,2.1981,2.4217,0.2333,5,WTR
5164.0,47.883,2.2276,2.4177,0.226,5,WTR
5164.5,46.2432,2.2452,2.4005,0.2241,5,WTR
5165.0,45.0953,2.2704,2.4125,0.2149,0,Non-SST
5165.5,45.9153,2.2765,2.4271,0.2191,0,Non-SST
5166.0,47.883,2.3283,2.44,0.2175,0,Non-SST
5166.5,47.0631,2.3749,2.4473,0.2146,0,Non-SST
5167.0,44.9314,2.4352,2.4492,0.2095,0,Non-SST
5167.5,45.9153,2.4544,2.4695,0.2104,0,Non-SST
5168.0,47.5551,2.4865,2.4678,0.2129,0,Non-SST
5168.5,47.2271,2.5118,2.451,0.2094,0,Non-SST
5169.0,45.5873,2.5446,2.417,0.2039,0,Non-SST
5169.5,43.6195,2.5798,2.3912,0.1994,0,Non-SST
5170.0,40.6678,2.5337,2.3614,0.1958,0,Non-SST
5170.5,37.0602,2.4965,2.3247,0.1895,0,Non-SST
5171.0,33.4525,2.4198,2.2915,0.1846,5,WTR
5171.5,30.5008,2.3374,2.2673,0.1845,5,WTR
5172.0,30.5008,2.2879,2.2605,0.1855,5,WTR
5172.5,32.4686,2.2442,2.2601,0.1865,5,WTR
5173.0,33.7805,2.2029,2.2754,0.1894,5,WTR
5173.5,35.4203,2.1842,2.3062,0.1959,5,WTR
5174.0,39.028,2.1773,2.3446,0.2011,5,WTR
5174.5,42.3076,2.1855,2.3572,0.2049,5,WTR
5175.0,42.3076,2.1755,2.3281,0.2041,5,WTR
5175.5,38.905,2.0972,2.2927,0.2008,5,WTR
5176.0,34.8464,2.0267,2.2701,0.1899,5,WTR
5176.5,33.3296,2.0002,2.2386,0.1874,5,WTR
5177.0,33.7805,1.9543,2.2348,0.1867,5,WTR
5177.5,34.1085,1.8975,2.2216,0.1879,5,WTR
5178.0,34.4364,1.8708,2.2146,0.1859,5,WTR
5178.5,35.7483,1.8443,2.2411,0.1884,5,WTR
5179.0,38.372,1.8329,2.2603,0.1948,5,WTR
5179.5,41.433,1.8403,2.2832,0.1992,5,WTR
5180.0,44.822,1.8497,2.3194,0.205,5,WTR
5180.5,49.3042,1.8418,2.3635,0.2163,5,WTR
5181.0,54.4424,1.8341,2.3913,0.2377,5,WTR
5181.5,59.6898,1.8364,2.3918,0.2429,5,WTR
5182.0,63.9534,1.7661,2.4079,0.2587,5,WTR
5182.5,66.9051,1.735,2.4194,0.2634,0,Non-SST
5183.0,65.5932,1.6861,2.4354,0.2718,0,Non-SST
5183.5,64.2814,1.7805,2.4157,0.2671,5,WTR
5184.0,54.1144,1.8721,2.3976,0.2687,5,WTR
5184.5,47.2271,1.9546,2.3872,0.2675,5,WTR
5185.0,52.4746,1.8984,2.3955,0.2659,5,WTR
5185.5,57.722,1.6946,2.4266,0.2592,5,WTR
5186.0,70.8407,1.5504,2.4466,0.2785,0,Non-SST
5186.5,72.1525,1.5388,2.4516,0.2995,0,Non-SST
5187.0,73.4644,1.4171,2.4384,0.3181,0,Non-SST
5187.5,75.7602,1.3321,2.4222,0.3243,0,Non-SST
5188.0,74.7763,1.3199,2.4254,0.3244,0,Non-SST
5188.5,68.8729,1.7473,2.4322,0.313,0,Non-SST
5189.0,62.9695,1.9274,2.4366,0.2853,0,Non-SST
5189.5,56.0822,1.8939,2.4267,0.256,5,WTR
5190.0,56.4102,1.8939,2.4285,0.2422,5,WTR
5190.5,59.0339,1.8913,2.4363,0.2501,5,WTR
5191.0,61.6576,1.8134,2.4528,0.2619,0,Non-SST
5191.5,59.0339,1.9376,2.4697,0.262,0,Non-SST
5192.0,56.4102,1.9376,2.4698,0.2568,0,Non-SST
5192.5,53.7864,1.9376,2.467,0.2533,0,Non-SST
5193.0,53.1305,2.0664,2.4775,0.2533,0,Non-SST
5193.5,51.1627,2.0664,2.4856,0.2439,0,Non-SST
5194.0,49.8508,2.5462,2.4648,0.2347,0,Non-SST
5194.5,48.539,2.6778,2.413,0.2229,0,Non-SST
5195.0,44.6034,2.5753,2.3938,0.2123,0,Non-SST
5195.5,41.9797,2.5753,2.3995,0.2068,0,Non-SST
5196.0,41.9797,2.535,2.4139,0.2113,0,Non-SST
5196.5,43.2915,2.555,2.4164,0.2134,0,Non-SST
5197.0,44.6034,2.555,2.4548,0.215,0,Non-SST
5197.5,49.8508,2.4127,2.4503,0.2242,0,Non-SST
5198.0,57.722,2.3843,2.469,0.2448,0,Non-SST
5198.5,62.3136,2.2611,2.4798,0.2712,0,Non-SST
5199.0,66.9051,2.2611,2.4791,0.2872,0,Non-SST
5199.5,71.4966,1.4463,2.4718,0.3169,0,Non-SST
5200.0,72.1525,1.4027,2.4837,0.3328,0,Non-SST
5200.5,71.4966,1.4287,2.4795,0.339,0,Non-SST
5201.0,70.8407,1.3629,2.4861,0.3126,0,Non-SST
5201.5,66.9051,1.4298,2.4684,0.3034,0,Non-SST
5202.0,57.722,1.6205,2.4604,0.2819,0,Non-SST
5202.5,51.928,2.5121,2.4621,0.2577,0,Non-SST
5203.0,46.1339,2.5121,2.4586,0.2282,0,Non-SST
5203.5,45.314,2.6503,2.4662,0.2115,0,Non-SST
5204.0,45.2593,2.712,2.4605,0.2017,0,Non-SST
5204.5,43.6195,2.8196,2.4602,0.1957,0,Non-SST
5205.0,40.6678,2.8196,2.4454,0.1924,0,Non-SST
5205.5,39.3559,2.8224,2.4457,0.1944,0,Non-SST
5206.0,39.3559,2.8975,2.4323,0.1978,0,Non-SST
5206.5,39.3559,2.8955,2.4133,0.1946,0,Non-SST
5207.0,38.372,2.8423,2.381,0.1891,0,Non-SST
5207.5,37.0602,2.8423,2.3665,0.1839,0,Non-SST
5208.0,35.7483,2.7641,2.3625,0.1866,0,Non-SST
5208.5,37.7161,2.7093,2.3816,0.1868,0,Non-SST
5209.0,41.6517,2.6444,2.4152,0.1916,0,Non-SST
5209.5,44.6034,2.6444,2.4401,0.1964,0,Non-SST
5210.0,48.211,2.4944,2.4506,0.2069,0,Non-SST
5210.5,53.1305,2.3915,2.4645,0.2242,0,Non-SST
5211.0,59.7718,2.1526,2.4631,0.2365,0,Non-SST
5211.5,67.0691,1.9657,2.4705,0.2621,0,Non-SST
5212.0,71.9066,1.8383,2.4689,0.2727,0,Non-SST
5212.5,73.8744,1.8383,2.4813,0.2763,0,Non-SST
5213.0,74.175,1.7796,2.4735,0.2783,0,Non-SST
5213.5,73.9837,1.6476,2.478,0.2845,0,Non-SST
5214.0,74.503,1.5718,2.4669,0.2992,0,Non-SST
5214.5,75.7602,1.6225,2.4692,0.2987,0,Non-SST
5215.0,76.9081,1.6455,2.4676,0.2905,0,Non-SST
5215.5,76.0881,1.6682,2.4885,0.2916,0,Non-SST
5216.0,69.5288,1.8251,2.4784,0.2749,0,Non-SST
5216.5,58.7059,2.1855,2.4685,0.2441,0,Non-SST
5217.0,47.883,2.7559,2.4234,0.2038,0,Non-SST
5217.5,37.7161,2.989,2.3976,0.1714,0,Non-SST
5218.0,30.5008,3.1792,2.3418,0.1522,0,Non-SST
5218.5,27.5492,3.4498,2.31,0.1416,0,Non-SST
5219.0,26.7292,3.7034,2.2729,0.1378,0,Non-SST
5219.5,25.9093,3.9349,2.244,0.1295,0,Non-SST
5220.0,24.1055,4.2809,2.2042,0.1252,0,Non-SST
5220.5,22.3017,4.6483,2.2027,0.1232,0,Non-SST
5221.0,21.1538,5.0397,2.1893,0.1257,0,Non-SST
5221.5,21.1538,5.0033,2.1952,0.1315,0,Non-SST
5222.0,22.3564,4.8798,2.1685,0.1297,0,Non-SST
5222.5,22.575,5.2692,2.1537,0.1237,0,Non-SST
5223.0,21.8644,5.6342,2.1361,0.1067,1,Gas
5223.5,20.9898,5.9604,2.1263,0.0958,1,Gas
5224.0,19.35,5.9318,2.133,0.0925,0,Non-SST
5224.5,19.022,5.7217,2.1468,0.1013,0,Non-SST
5225.0,20.6619,5.1703,2.197,0.1133,0,Non-SST
5225.5,22.8483,4.4368,2.2301,0.1273,0,Non-SST
5226.0,25.3627,3.8138,2.2386,0.1378,0,Non-SST
5226.5,27.4398,3.4853,2.2469,0.1477,0,Non-SST
5227.0,29.189,3.2199,2.2808,0.1585,0,Non-SST
5227.5,31.8127,3.0405,2.3283,0.1696,0,Non-SST
5228.0,34.4364,2.8605,2.3609,0.1784,0,Non-SST
5228.5,35.4203,2.7925,2.3897,0.182,0,Non-SST
5229.0,35.7483,2.7676,2.4058,0.1909,0,Non-SST
5229.5,36.7322,2.7146,2.4111,0.2117,0,Non-SST
5230.0,41.6517,2.7634,2.3829,0.2351,0,Non-SST
5230.5,58.05,2.7928,2.3617,0.2474,5,WTR
5231.0,86.747,2.5059,2.3679,0.2566,0,Non-SST
5231.5,106.9169,2.0955,2.3437,0.2751,0,Non-SST
5232.0,92.5848,2.8442,2.3422,0.2774,0,Non-SST
5232.5,59.5586,3.5467,2.3403,0.2507,5,WTR
5233.0,41.7501,4.2757,2.3297,0.2203,0,Non-SST
5233.5,36.0763,4.4387,2.2953,0.1993,0,Non-SST
5234.0,30.6648,4.5711,2.2754,0.194,0,Non-SST
5234.5,27.8771,5.0964,2.2409,0.1863,0,Non-SST
5235.0,27.5492,5.5804,2.2113,0.1853,0,Non-SST
5235.5,27.1119,5.3651,2.184,0.1785,0,Non-SST
5236.0,25.8547,5.5245,2.176,0.1676,0,Non-SST
5236.5,23.8322,5.1888,2.1705,0.1589,0,Non-SST
5237.0,21.4818,4.8557,2.1782,0.1531,0,Non-SST
5237.5,20.3339,4.4951,2.1788,0.165,0,Non-SST
5238.0,21.6458,4.4323,2.1787,0.181,0,Non-SST
5238.5,23.9415,4.214,2.2466,0.1792,0,Non-SST
5239.0,24.9254,3.9472,2.2767,0.1604,0,Non-SST
5239.5,24.9254,3.6908,2.2798,0.1376,0,Non-SST
5240.0,25.9093,3.3312,2.2544,0.1335,0,Non-SST
5240.5,28.3691,3.1126,2.2541,0.1433,0,Non-SST
5241.0,30.8288,2.8112,2.279,0.1648,0,Non-SST
5241.5,31.9767,2.7316,2.3374,0.1829,0,Non-SST
5242.0,33.4525,2.5925,2.3677,0.1963,0,Non-SST
5242.5,38.0441,2.5168,2.3918,0.2084,0,Non-SST
5243.0,43.9475,2.3988,2.3894,0.2244,5,WTR
5243.5,49.0309,2.3298,2.4041,0.2407,5,WTR
5244.0,52.1466,2.2418,2.3995,0.2494,5,WTR
5244.5,51.6547,2.1959,2.4147,0.2446,5,WTR
5245.0,50.8347,2.211,2.4096,0.2484,5,WTR
5245.5,52.4746,2.1724,2.4254,0.2517,5,WTR
5246.0,54.4424,2.1786,2.4168,0.2515,5,WTR
5246.5,54.7703,2.096,2.4281,0.2455,5,WTR
5247.0,53.7864,2.0692,2.4217,0.2489,5,WTR
5247.5,53.1305,2.0486,2.4135,0.2516,5,WTR
5248.0,54.1144,2.0317,2.4161,0.2569,5,WTR
5248.5,56.4102,1.9911,2.4298,0.2523,5,WTR
5249.0,59.0339,1.9327,2.4558,0.2616,0,Non-SST
5249.5,61.6576,1.8502,2.4637,0.2713,0,Non-SST
5250.0,62.9695,1.8607,2.4659,0.279,0,Non-SST
5250.5,61.3297,2.004,2.4653,0.2768,0,Non-SST
5251.0,60.3458,1.9979,2.4566,0.27,0,Non-SST
5251.5,62.9695,1.7736,2.4777,0.2734,0,Non-SST
5252.0,62.9695,1.7382,2.5099,0.2722,0,Non-SST
5252.5,57.3941,2.0698,2.5501,0.2708,0,Non-SST
5253.0,51.8186,2.4134,2.5313,0.2537,0,Non-SST
5253.5,49.8508,2.0768,2.5427,0.2567,0,Non-SST
5254.0,50.5068,2.2341,2.4791,0.2541,0,Non-SST
5254.5,51.4907,2.2498,2.4844,0.2545,0,Non-SST
5255.0,52.4746,2.2953,2.4536,0.2433,0,Non-SST
5255.5,53.4585,2.2141,2.4612,0.2422,0,Non-SST
5256.0,55.0983,2.0943,2.4504,0.2473,0,Non-SST
5256.5,56.4102,2.0396,2.4536,0.2554,0,Non-SST
5257.0,56.0822,1.9997,2.4404,0.2539,5,WTR
5257.5,55.2623,2.1002,2.4364,0.2456,5,WTR
5258.0,52.4746,2.1422,2.4233,0.236,5,WTR
5258.5,49.8508,2.0464,2.4254,0.2322,5,WTR
5259.0,51.8186,2.0773,2.455,0.2392,0,Non-SST
5259.5,56.2462,2.1288,2.4728,0.2423,0,Non-SST
5260.0,58.7059,2.1192,2.48,0.2503,0,Non-SST
5260.5,59.0339,2.089,2.4921,0.2491,0,Non-SST
5261.0,57.0661,2.0435,2.5152,0.2587,0,Non-SST
5261.5,55.0983,2.1587,2.518,0.2499,0,Non-SST
5262.0,52.8025,2.3255,2.52,0.243,0,Non-SST
5262.5,51.1627,2.4215,2.4923,0.2371,0,Non-SST
5263.0,50.5068,2.3585,2.5087,0.2365,0,Non-SST
5263.5,49.8508,2.3585,2.5108,0.2375,0,Non-SST
5264.0,47.2271,2.5013,2.5255,0.2339,0,Non-SST
5264.5,49.8508,2.5785,2.4954,0.2366,0,Non-SST
5265.0,47.883,2.6391,2.476,0.225,0,Non-SST
5265.5,45.9153,2.6798,2.4654,0.2178,0,Non-SST
5266.0,51.1627,2.5512,2.4664,0.2153,0,Non-SST
5266.5,61.6576,2.5671,2.4619,0.2234,0,Non-SST
5267.0,61.0017,2.5326,2.4415,0.2243,0,Non-SST
5267.5,60.3458,2.409,2.4342,0.2288,0,Non-SST
5268.0,61.9856,2.409,2.4356,0.2417,0,Non-SST
5268.5,69.5288,2.1489,2.4261,0.2756,0,Non-SST
5269.0,74.7763,1.9603,2.4261,0.2953,0,Non-SST
5269.5,80.0237,1.8678,2.4302,0.3138,0,Non-SST
5270.0,80.0237,1.8678,2.4561,0.3136,0,Non-SST
5270.5,74.7763,1.8744,2.4823,0.3106,0,Non-SST
5271.0,76.7441,1.7583,2.4774,0.3085,0,Non-SST
5271.5,78.7119,1.6699,2.4668,0.2953,0,Non-SST
5272.0,77.728,1.6699,2.4619,0.2739,0,Non-SST
5272.5,73.7924,1.7477,2.465,0.2584,0,Non-SST
5273.0,66.5771,1.9575,2.4751,0.2477,0,Non-SST
5273.5,63.6254,1.9729,2.4718,0.255,0,Non-SST
5274.0,65.5932,1.9729,2.4764,0.2523,0,Non-SST
5274.5,64.9373,2.0172,2.4825,0.2523,0,Non-SST
5275.0,64.2814,2.0217,2.4802,0.2481,0,Non-SST
5275.5,66.9051,1.9878,2.4828,0.2437,0,Non-SST
5276.0,64.9373,1.9878,2.481,0.2448,0,Non-SST
5276.5,61.6576,2.1085,2.4767,0.2421,0,Non-SST
5277.0,60.3458,2.2205,2.4732,0.2373,0,Non-SST
5277.5,59.0339,2.2026,2.4575,0.2352,0,Non-SST
5278.0,59.0339,2.2026,2.4457,0.237,5,WTR
5278.5,59.0339,2.1861,2.4484,0.241,5,WTR
5279.0,57.722,2.2257,2.4429,0.2372,5,WTR
5279.5,56.4102,2.2302,2.4503,0.2329,0,Non-SST
5280.0,53.7864,2.2684,2.4289,0.2252,5,WTR
5280.5,53.1305,2.3299,2.433,0.2155,0,Non-SST
5281.0,52.4746,2.309,2.4298,0.2104,0,Non-SST
5281.5,56.4102,2.309,2.444,0.21,0,Non-SST
5282.0,57.0661,2.2598,2.4363,0.215,0,Non-SST
5282.5,57.722,2.3543,2.4181,0.214,5,WTR
5283.0,49.6322,2.6057,2.3761,0.2116,0,Non-SST
5283.5,41.3784,2.9973,2.3602,0.1935,0,Non-SST
5284.0,35.6936,2.9973,2.369,0.1753,0,Non-SST
5284.5,33.6165,3.3579,2.4223,0.1615,0,Non-SST
5285.0,32.1407,3.8631,2.4157,0.1479,0,Non-SST
5285.5,31.4847,3.9349,2.3365,0.1366,0,Non-SST
5286.0,32.1407,4.0431,2.2145,0.1259,0,Non-SST
5286.5,31.7034,3.9196,2.1502,0.1247,1,Gas
5287.0,30.7742,3.7349,2.1351,0.13,1,Gas
5287.5,31.7034,3.7349,2.1965,0.1423,0,Non-SST
5288.0,34.4364,3.474,2.246,0.1599,0,Non-SST
5288.5,36.5682,3.2935,2.257,0.1723,0,Non-SST
5289.0,37.3881,3.2935,2.2679,0.1787,0,Non-SST
5289.5,38.0441,3.2311,2.2746,0.1793,0,Non-SST
5290.0,38.0441,3.1065,2.2843,0.1827,0,Non-SST
5290.5,37.8801,3.0813,2.2843,0.1834,0,Non-SST
5291.0,37.5521,3.0702,2.2867,0.1846,0,Non-SST
5291.5,36.8962,3.0457,2.2874,0.1791,0,Non-SST
5292.0,37.3881,3.0676,2.3208,0.1775,0,Non-SST
5292.5,39.3559,3.0446,2.3529,0.1807,0,Non-SST
5293.0,41.4877,3.0433,2.3522,0.1896,0,Non-SST
5293.5,43.7835,2.8184,2.3728,0.2016,0,Non-SST
5294.0,47.5551,2.6614,2.3856,0.2143,0,Non-SST
5294.5,51.4907,2.4856,2.4088,0.231,0,Non-SST
5295.0,57.886,2.2148,2.4487,0.2444,5,WTR
5295.5,68.2169,2.0785,2.4492,0.2599,0,Non-SST
5296.0,76.0061,1.7387,2.4516,0.2855,0,Non-SST
5296.5,77.8919,1.6005,2.4391,0.3084,0,Non-SST
5297.0,74.5303,1.63,2.4536,0.3017,0,Non-SST
5297.5,65.5932,1.8752,2.4522,0.2753,0,Non-SST
5298.0,53.7864,2.2664,2.4383,0.2432,5,WTR
5298.5,44.2754,2.381,2.4011,0.2152,0,Non-SST
5299.0,39.028,2.4424,2.3815,0.1964,0,Non-SST
5299.5,37.0602,2.4937,2.3603,0.1896,0,Non-SST
5300.0,36.0763,2.5208,2.3693,0.1971,0,Non-SST
5300.5,34.7644,2.598,2.3723,0.1984,0,Non-SST
5301.0,35.7483,2.6444,2.3891,0.2054,0,Non-SST
5301.5,41.6517,2.72,2.3887,0.2058,0,Non-SST
5302.0,51.1627,2.8625,2.384,0.2175,0,Non-SST
5302.5,52.4746,2.8589,2.4314,0.2222,0,Non-SST
5303.0,53.7864,3.1585,2.4121,0.2262,0,Non-SST
5303.5,41.9797,4.7312,2.3325,0.2295,0,Non-SST
5304.0,27.5492,5.5952,2.2478,0.2311,0,Non-SST
5304.5,23.6136,7.0633,2.1674,0.2371,5,WTR
5305.0,19.678,7.4956,2.1436,0.2411,5,WTR
5305.5,20.9898,7.6592,2.1405,0.2356,5,WTR
5306.0,20.9898,7.7094,2.1512,0.2314,5,WTR
5306.5,20.9898,8.0589,2.1591,0.2319,5,WTR
5307.0,20.9898,7.756,2.1495,0.2314,5,WTR
5307.5,19.678,7.5117,2.1716,0.2378,5,WTR
5308.0,18.3661,7.1927,2.1749,0.2318,5,WTR
5308.5,20.9898,6.4339,2.1876,0.2424,5,WTR
5309.0,23.6136,6.4339,2.2209,0.233,5,WTR
5309.5,26.2373,5.6082,2.2402,0.231,0,Non-SST
5310.0,28.861,4.3328,2.2639,0.2246,0,Non-SST
5310.5,31.4847,3.7733,2.3041,0.2269,0,Non-SST
5311.0,36.0763,3.7733,2.3693,0.2235,0,Non-SST
5311.5,40.6678,3.4317,2.4455,0.2262,0,Non-SST
5312.0,48.211,2.9573,2.4394,0.2304,0,Non-SST
5312.5,46.4072,3.4329,2.4008,0.2393,0,Non-SST
5313.0,36.7322,3.4329,2.3254,0.2376,0,Non-SST
5313.5,32.1407,5.0045,2.2153,0.2348,0,Non-SST
5314.0,27.5492,5.7867,2.1776,0.2364,5,WTR
5314.5,25.2534,5.7867,2.1636,0.2429,5,WTR
5315.0,23.9415,5.7163,2.176,0.2362,5,WTR
5315.5,23.9415,6.0799,2.1735,0.2262,5,WTR
5316.0,24.2695,6.1882,2.1661,0.2248,5,WTR
5316.5,24.2695,6.1882,2.1759,0.24,5,WTR
5317.0,23.9415,6.3854,2.1751,0.2491,5,WTR
5317.5,23.6136,6.2312,2.1851,0.2477,5,WTR
5318.0,25.2534,6.2312,2.188,0.2526,5,WTR
5318.5,28.861,5.6238,2.2121,0.2518,5,WTR
5319.0,29.5169,5.1165,2.2449,0.2455,5,WTR
5319.5,30.1729,4.506,2.2903,0.2269,0,Non-SST
5320.0,34.1085,4.3598,2.3319,0.2179,0,Non-SST
5320.5,36.4042,3.5834,2.3631,0.2175,0,Non-SST
5321.0,41.3237,3.3074,2.4093,0.228,0,Non-SST
5321.5,51.1627,3.0234,2.4315,0.2449,0,Non-SST
5322.0,59.3619,2.5216,2.4777,0.267,0,Non-SST
5322.5,60.3458,2.3857,2.5179,0.2815,0,Non-SST
5323.0,60.0178,2.6216,2.5291,0.2822,0,Non-SST
5323.5,64.2814,2.4439,2.526,0.2811,0,Non-SST
5324.0,69.5288,1.9543,2.4833,0.2907,0,Non-SST
5324.5,74.7763,1.7176,2.4706,0.304,0,Non-SST
5325.0,73.1364,1.6136,2.4545,0.3104,0,Non-SST
5325.5,72.4805,1.6136,2.4745,0.3102,0,Non-SST
5326.0,74.1203,1.6526,2.4706,0.3143,0,Non-SST
5326.5,75.4322,1.5937,2.4675,0.3195,0,Non-SST
5327.0,74.7763,1.6835,2.4623,0.3154,0,Non-SST
5327.5,75.4322,1.681,2.4638,0.313,0,Non-SST
5328.0,77.072,1.6484,2.4715,0.3117,0,Non-SST
5328.5,73.7924,1.7768,2.4678,0.301,0,Non-SST
5329.0,68.2169,1.8638,2.4813,0.2965,0,Non-SST
5329.5,66.2491,1.8403,2.4953,0.2924,0,Non-SST
5330.0,65.9212,1.9718,2.5049,0.2996,0,Non-SST
5330.5,65.5932,1.9718,2.5077,0.3042,0,Non-SST
5331.0,70.8407,2.0618,2.4697,0.3043,0,Non-SST
5331.5,76.0881,1.7853,2.4647,0.2987,0,Non-SST
5332.0,78.7119,1.672,2.4532,0.3038,0,Non-SST
5332.5,71.4966,1.7754,2.4691,0.2898,0,Non-SST
5333.0,64.2814,2.0515,2.4739,0.2738,0,Non-SST
5333.5,58.378,2.2395,2.4779,0.2421,0,Non-SST
5334.0,53.7864,2.3124,2.4595,0.2333,0,Non-SST
5334.5,53.7864,2.3395,2.4834,0.2285,0,Non-SST
5335.0,53.7864,2.4156,2.4837,0.2268,0,Non-SST
5335.5,50.5068,2.564,2.48,0.2176,0,Non-SST
5336.0,48.375,2.6512,2.4533,0.2118,0,Non-SST
5336.5,46.5712,2.6157,2.4371,0.204,0,Non-SST
5337.0,44.6034,2.6495,2.4178,0.2064,0,Non-SST
5337.5,42.6356,2.6953,2.3706,0.2055,0,Non-SST
5338.0,41.1597,2.6953,2.3686,0.2011,0,Non-SST
5338.5,39.3559,2.7888,2.3675,0.1898,0,Non-SST
5339.0,38.372,2.8789,2.3761,0.1842,0,Non-SST
5339.5,36.7322,2.8789,2.3592,0.1859,0,Non-SST
5340.0,35.4203,2.9533,2.3321,0.1865,0,Non-SST
5340.5,34.1085,2.8528,2.3091,0.1829,0,Non-SST
5341.0,33.7805,2.8528,2.2973,0.1814,0,Non-SST
5341.5,32.7966,2.8196,2.2949,0.1895,0,Non-SST
5342.0,33.4525,2.8121,2.276,0.1999,0,Non-SST
5342.5,35.2564,2.765,2.2602,0.209,5,WTR
5343.0,36.7322,2.7586,2.2488,0.213,5,WTR
5343.5,34.1085,2.7607,2.2485,0.2139,5,WTR
5344.0,31.4847,2.7595,2.2804,0.2247,0,Non-SST
5344.5,33.7805,2.7186,2.3034,0.2195,0,Non-SST
5345.0,35.7483,2.7098,2.3386,0.2236,0,Non-SST
5345.5,38.0441,2.6609,2.3733,0.2139,0,Non-SST
5346.0,40.6678,2.6503,2.3762,0.2108,0,Non-SST
5346.5,38.7,2.6563,2.3514,0.2009,0,Non-SST
5347.0,36.7322,2.6563,2.35,0.2011,0,Non-SST
5347.5,35.0924,2.6589,2.3408,0.2032,0,Non-SST
5348.0,32.7966,2.6822,2.342,0.2064,0,Non-SST
5348.5,32.7966,2.6909,2.3546,0.2112,0,Non-SST
5349.0,32.7966,2.6559,2.3797,0.2146,0,Non-SST
5349.5,39.6839,2.6283,2.3948,0.2214,0,Non-SST
5350.0,48.539,2.6283,2.4289,0.2228,0,Non-SST
5350.5,56.4102,2.6266,2.4689,0.233,0,Non-SST
5351.0,57.0661,2.619,2.4663,0.2318,0,Non-SST
5351.5,57.722,2.6935,2.4892,0.2295,0,Non-SST
5352.0,56.4102,2.6537,2.4966,0.2245,0,Non-SST
5352.5,55.0983,2.697,2.491,0.2183,0,Non-SST
5353.0,53.1305,2.697,2.4959,0.2214,0,Non-SST
5353.5,51.1627,2.6444,2.4797,0.2156,0,Non-SST
5354.0,54.1144,2.5239,2.4813,0.224,0,Non-SST
5354.5,60.3458,2.4989,2.4777,0.2212,0,Non-SST
5355.0,62.9695,2.4989,2.4837,0.2367,0,Non-SST
5355.5,65.5932,2.2879,2.4764,0.2438,0,Non-SST
5356.0,68.8729,2.336,2.462,0.2584,0,Non-SST
5356.5,73.4644,2.3107,2.4599,0.2599,0,Non-SST
5357.0,70.8407,2.2684,2.463,0.2617,0,Non-SST
5357.5,68.2169,2.2684,2.4762,0.255,0,Non-SST
5358.0,59.1979,2.216,2.4696,0.2442,0,Non-SST
5358.5,50.5068,2.5012,2.4691,0.2335,0,Non-SST
5359.0,47.7191,2.4989,2.4483,0.223,0,Non-SST
5359.5,51.1627,2.4896,2.4432,0.2189,0,Non-SST
5360.0,53.7864,2.4896,2.4401,0.2152,0,Non-SST
5360.5,56.4102,2.4688,2.4435,0.2182,0,Non-SST
5361.0,53.1305,2.4356,2.4261,0.2205,0,Non-SST
5361.5,52.4746,2.4017,2.4151,0.2259,5,WTR
5362.0,56.0822,2.4017,2.3967,0.2331,5,WTR
5362.5,62.9695,2.3564,2.4076,0.2405,5,WTR
5363.0,61.6576,2.3049,2.4117,0.2521,5,WTR
5363.5,60.3458,2.2994,2.4294,0.2539,5,WTR
5364.0,62.3136,2.2994,2.4192,0.262,0,Non-SST
5364.5,63.9534,2.2244,2.4037,0.2613,5,WTR
5365.0,62.9695,2.2122,2.3907,0.2654,5,WTR
5365.5,61.6576,2.38,2.3939,0.2649,5,WTR
5366.0,60.3458,2.0846,2.3955,0.2753,5,WTR
5366.5,68.8729,2.1043,2.3865,0.2766,0,Non-SST
5367.0,65.2653,2.1043,2.3742,0.2684,5,WTR
5367.5,56.4102,2.3409,2.3549,0.2478,5,WTR
5368.0,49.8508,2.3821,2.3461,0.2371,5,WTR
5368.5,47.883,2.478,2.3384,0.2314,5,WTR
5369.0,45.9153,2.5892,2.335,0.2327,5,WTR
5369.5,43.9475,2.5892,2.3101,0.2408,5,WTR
5370.0,41.6517,2.6401,2.3151,0.2395,5,WTR
5370.5,39.6839,2.7093,2.3034,0.2409,5,WTR
5371.0,38.0441,2.9053,2.2954,0.2367,5,WTR
5371.5,38.7,3.3097,2.2874,0.2523,5,WTR
5372.0,40.8318,4.2779,2.3026,0.2622,0,Non-SST
5372.5,41.6517,4.2779,2.3246,0.2629,0,Non-SST
5373.0,41.4877,4.7101,2.3905,0.2439,0,Non-SST
5373.5,39.3559,5.8224,2.4992,0.2349,0,Non-SST
5374.0,35.0924,8.5442,2.5398,0.2137,0,Non-SST
5374.5,32.1407,7.9204,2.6042,0.1769,0,Non-SST
5375.0,33.1246,7.9204,2.6205,0.1419,0,Non-SST
5375.5,36.4042,7.7816,2.6453,0.1334,0,Non-SST
5376.0,36.0763,7.544,2.6943,0.1345,0,Non-SST
5376.5,31.3208,7.6426,2.6801,0.1384,0,Non-SST
5377.0,28.861,6.8769,2.6006,0.1361,0,Non-SST
5377.5,31.6487,5.5544,2.4993,0.1481,0,Non-SST
5378.0,37.0602,3.6382,2.478,0.1928,0,Non-SST
5378.5,42.3076,3.0639,2.4625,0.2512,0,Non-SST
5379.0,45.9153,3.0168,2.4827,0.2957,0,Non-SST
5379.5,47.883,3.6395,2.4951,0.2741,0,Non-SST
5380.0,49.8508,2.5999,2.4999,0.2603,0,Non-SST
5380.5,49.5229,2.5548,2.481,0.2509,0,Non-SST
5381.0,48.539,2.6822,2.4642,0.2615,0,Non-SST
5381.5,47.5551,2.6074,2.4411,0.2573,0,Non-SST
5382.0,45.9153,3.3062,2.4453,0.2502,0,Non-SST
5382.5,41.9797,4.358,2.5056,0.2257,0,Non-SST
5383.0,38.372,5.2372,2.5609,0.1899,0,Non-SST
5383.5,38.0441,5.5952,2.583,0.1626,0,Non-SST
5384.0,38.372,5.969,2.5899,0.1467,0,Non-SST
5384.5,37.3881,6.5151,2.6059,0.1434,0,Non-SST
5385.0,36.7322,7.626,2.6242,0.142,0,Non-SST
5385.5,36.7322,8.5894,2.6199,0.1378,0,Non-SST
5386.0,36.4042,9.4278,2.6033,0.1348,0,Non-SST
5386.5,35.4203,9.4278,2.6017,0.1294,0,Non-SST
5387.0,32.7966,10.4,2.6143,0.1185,0,Non-SST
5387.5,30.1729,11.7368,2.6478,0.1017,0,Non-SST
5388.0,26.5653,13.2857,2.6574,0.0897,0,Non-SST
5388.5,25.9093,13.2615,2.6579,0.0861,0,Non-SST
5389.0,27.0572,13.2615,2.6671,0.0889,0,Non-SST
5389.5,28.5331,12.6006,2.6583,0.0938,0,Non-SST
5390.0,29.6809,11.7898,2.6477,0.0972,0,Non-SST
5390.5,31.4847,11.1232,2.6383,0.104,0,Non-SST
5391.0,30.8288,10.4532,2.644,0.1146,0,Non-SST
5391.5,30.1729,9.0912,2.6266,0.1283,0,Non-SST
5392.0,34.1085,8.0999,2.601,0.1442,0,Non-SST
5392.5,37.3881,6.526,2.5891,0.158,0,Non-SST
5393.0,40.3398,5.0479,2.5635,0.1758,0,Non-SST
5393.5,42.9636,5.0479,2.5518,0.1995,0,Non-SST
5394.0,44.7674,4.1495,2.5149,0.2211,0,Non-SST
5394.5,47.3911,4.113,2.4886,0.2395,0,Non-SST
5395.0,50.6708,2.9777,2.4461,0.2554,0,Non-SST
5395.5,53.6225,2.6788,2.4035,0.2752,0,Non-SST
5396.0,55.4263,2.7659,2.3937,0.2959,0,Non-SST
5396.5,57.3941,2.4127,2.3916,0.2908,5,WTR
5397.0,59.3619,2.2847,2.4085,0.2856,0,Non-SST
5397.5,56.5742,2.2657,2.4161,0.2832,0,Non-SST
5398.0,49.8508,2.2657,2.437,0.2829,0,Non-SST
5398.5,44.6034,2.3172,2.4369,0.2776,0,Non-SST
5399.0,43.2915,2.2102,2.4385,0.2582,0,Non-SST
5399.5,43.1275,2.1918,2.4394,0.2494,0,Non-SST
5400.0,44.6034,2.1905,2.4595,0.2371,0,Non-SST
5400.5,48.211,2.1994,2.4603,0.2296,0,Non-SST
5401.0,51.1627,2.1849,2.4898,0.2271,0,Non-SST
5401.5,55.7542,2.1485,2.4668,0.2275,0,Non-SST
5402.0,56.7381,2.1228,2.453,0.2338,0,Non-SST
5402.5,47.2271,2.1649,2.4436,0.224,0,Non-SST
5403.0,44.6034,2.1606,2.4334,0.2187,0,Non-SST
5403.5,41.9797,2.1532,2.4171,0.2145,5,WTR
5404.0,41.9797,2.1114,2.3942,0.2152,5,WTR
5404.5,41.6517,2.06,2.3597,0.2166,5,WTR
5405.0,40.6678,1.9923,2.3162,0.2276,5,WTR
5405.5,42.6356,1.9828,2.3327,0.2411,5,WTR
5406.0,44.6034,1.9001,2.3699,0.2539,5,WTR
5406.5,46.8992,1.9087,2.3943,0.2705,5,WTR
5407.0,52.4746,1.9845,2.3947,0.2757,5,WTR
5407.5,59.2799,1.8388,2.4391,0.2801,0,Non-SST
5408.0,62.8055,1.8944,2.4659,0.2685,0,Non-SST
5408.5,65.5112,1.9532,2.4881,0.268,0,Non-SST
5409.0,69.3648,1.9392,2.4894,0.2654,0,Non-SST
5409.5,70.8407,1.9392,2.4878,0.2623,0,Non-SST
5410.0,71.8246,1.937,2.5054,0.2696,0,Non-SST
5410.5,75.1042,2.0635,2.4871,0.2772,0,Non-SST
5411.0,77.4,2.2512,2.4827,0.2858,0,Non-SST
5411.5,76.0881,2.5121,2.4748,0.2852,0,Non-SST
5412.0,74.7763,2.9312,2.4705,0.2889,0,Non-SST
5412.5,67.561,2.9312,2.4527,0.2924,0,Non-SST
5413.0,55.9182,3.6274,2.4453,0.2674,0,Non-SST
5413.5,43.1275,3.4048,2.4314,0.2375,0,Non-SST
5414.0,34.6004,3.704,2.4679,0.1843,0,Non-SST
5414.5,30.6648,6.536,2.5085,0.1459,0,Non-SST
5415.0,28.2051,8.9055,2.5975,0.1128,0,Non-SST
5415.5,25.5814,10.2037,2.6488,0.0956,0,Non-SST
5416.0,25.2534,10.7625,2.6368,0.0869,0,Non-SST
5416.5,27.8771,12.8062,2.6289,0.0886,0,Non-SST
5417.0,30.1729,14.5369,2.6072,0.0957,0,Non-SST
5417.5,28.2051,14.6072,2.5997,0.0997,0,Non-SST
5418.0,26.2373,13.7885,2.6118,0.1035,0,Non-SST
5418.5,25.2534,13.2715,2.6359,0.1036,0,Non-SST
5419.0,23.6136,14.1935,2.6395,0.1033,0,Non-SST
5419.5,23.6136,13.609,2.6254,0.1006,0,Non-SST
5420.0,25.5814,12.4088,2.6199,0.0986,0,Non-SST
5420.5,27.5492,9.8044,2.6543,0.1019,0,Non-SST
5421.0,24.2695,10.6658,2.6821,0.1121,0,Non-SST
5421.5,24.9254,11.4039,2.6655,0.114,0,Non-SST
5422.0,31.4847,5.6878,2.6419,0.1216,0,Non-SST
5422.5,40.6678,2.6822,2.5931,0.1394,0,Non-SST
5423.0,42.6356,5.0045,2.5618,0.175,0,Non-SST
5423.5,44.6034,3.2836,2.5322,0.2116,0,Non-SST
5424.0,50.5068,2.3606,2.4986,0.2086,0,Non-SST
5424.5,52.1466,1.7509,2.5074,0.2344,0,Non-SST
5425.0,47.2271,2.3444,2.5147,0.2335,0,Non-SST
5425.5,42.3076,3.1276,2.551,0.2128,0,Non-SST
5426.0,37.3881,3.8007,2.552,0.178,0,Non-SST
5426.5,34.2725,5.1479,2.6141,0.1507,0,Non-SST
5427.0,37.3881,5.1479,2.6118,0.1349,0,Non-SST
5427.5,44.6034,4.3526,2.6972,0.1392,0,Non-SST
5428.0,49.1949,3.5171,2.5819,0.16,0,Non-SST
5428.5,53.7864,3.1879,2.5512,0.1985,0,Non-SST
5429.0,50.8347,4.1561,2.5181,0.1979,0,Non-SST
5429.5,46.5712,4.1561,2.5528,0.1942,0,Non-SST
5430.0,42.6356,4.8313,2.5524,0.1782,0,Non-SST
5430.5,41.9797,3.512,2.5414,0.1691,0,Non-SST
5431.0,41.3237,3.4727,2.5934,0.1618,0,Non-SST
5431.5,37.3881,6.6856,2.6242,0.1433,0,Non-SST
5432.0,33.1246,8.3148,2.6398,0.1241,0,Non-SST
5432.5,29.8449,8.3148,2.7044,0.1063,0,Non-SST
5433.0,29.6809,9.9314,2.7215,0.099,0,Non-SST
5433.5,38.0441,9.7103,2.7143,0.097,0,Non-SST
5434.0,52.6386,9.5707,2.703,0.1022,0,Non-SST
5434.5,63.6254,8.5393,2.6059,0.1141,0,Non-SST
5435.0,66.2491,6.2096,2.5528,0.1369,0,Non-SST
5435.5,63.6254,5.3363,2.5838,0.1595,0,Non-SST
5436.0,61.9856,6.306,2.6028,0.1727,0,Non-SST
5436.5,63.6254,6.1187,2.5924,0.1701,0,Non-SST
5437.0,63.2975,4.2866,2.5655,0.1715,0,Non-SST
5437.5,60.6737,4.1229,2.5345,0.1877,0,Non-SST
5438.0,60.6737,3.8564,2.5279,0.2089,0,Non-SST
5438.5,62.9695,3.6033,2.4905,0.2304,0,Non-SST
5439.0,64.2814,2.9282,2.4615,0.2426,0,Non-SST
5439.5,62.9695,2.9282,2.4383,0.2611,0,Non-SST
5440.0,60.3458,2.766,2.4371,0.2799,0,Non-SST
5440.5,61.0017,2.9142,2.4436,0.3,0,Non-SST
5441.0,61.6576,3.4887,2.4425,0.3275,0,Non-SST
5441.5,63.6254,3.9751,2.4345,0.3296,0,Non-SST
5442.0,69.8568,3.7978,2.4104,0.3259,0,Non-SST
5442.5,77.728,3.749,2.3912,0.3191,0,Non-SST
5443.0,84.6152,3.4885,2.3926,0.3303,0,Non-SST
5443.5,85.9271,3.1213,2.3813,0.3339,0,Non-SST
5444.0,77.072,2.9093,2.4091,0.3195,0,Non-SST
5444.5,66.9051,3.6341,2.425,0.3044,0,Non-SST
5445.0,60.6737,4.4818,2.4712,0.2673,0,Non-SST
5445.5,52.4746,4.0431,2.5289,0.2208,0,Non-SST
5446.0,46.5712,4.6533,2.6048,0.1916,0,Non-SST
5446.5,40.6678,6.2281,2.6686,0.173,0,Non-SST
5447.0,35.4203,6.2281,2.6685,0.161,0,Non-SST
5447.5,37.3881,7.0452,2.6383,0.1506,0,Non-SST
5448.0,44.2754,4.6273,2.5697,0.1532,0,Non-SST
5448.5,49.5229,5.8142,2.5416,0.1782,0,Non-SST
5449.0,51.8186,5.3943,2.517,0.195,0,Non-SST
5449.5,51.9826,5.616,2.5331,0.1943,0,Non-SST
5450.0,50.5068,4.9245,2.5427,0.177,0,Non-SST
5450.5,48.375,5.7568,2.5828,0.1665,0,Non-SST
5451.0,45.2593,7.5767,2.6414,0.1582,0,Non-SST
5451.5,40.0119,8.9329,2.6782,0.1456,0,Non-SST
5452.0,35.0924,8.2296,2.6855,0.1335,0,Non-SST
5452.5,35.4203,8.2296,2.6749,0.1163,0,Non-SST
5453.0,39.028,7.5685,2.6516,0.1109,0,Non-SST
5453.5,41.3237,6.7134,2.6238,0.1138,0,Non-SST
5454.0,43.2915,6.2035,2.5882,0.1267,0,Non-SST
5454.5,45.9153,5.6186,2.5678,0.141,0,Non-SST
5455.0,49.1949,4.5449,2.5396,0.1499,0,Non-SST
5455.5,52.4746,2.9132,2.5139,0.1689,0,Non-SST
5456.0,53.1305,3.2592,2.4868,0.1869,0,Non-SST
5456.5,51.1627,3.2592,2.4975,0.2001,0,Non-SST
5457.0,49.5229,3.565,2.5207,0.1961,0,Non-SST
5457.5,49.1949,3.6476,2.5308,0.1847,0,Non-SST
5458.0,50.8347,3.5158,2.5239,0.1831,0,Non-SST
5458.5,55.7542,3.1361,2.5021,0.1929,0,Non-SST
5459.0,61.0017,2.6632,2.492,0.2152,0,Non-SST
5459.5,62.3136,2.2711,2.4898,0.2326,0,Non-SST
5460.0,60.3458,2.3166,2.4797,0.2389,0,Non-SST
5460.5,59.6898,2.4742,2.4781,0.2436,0,Non-SST
5461.0,59.0339,2.5043,2.4843,0.2354,0,Non-SST
5461.5,59.3619,2.5043,2.4912,0.2244,0,Non-SST
5462.0,59.0339,2.6165,2.4733,0.2132,0,Non-SST
5462.5,57.722,2.9362,2.4614,0.2168,0,Non-SST
5463.0,59.3619,2.7824,2.467,0.2271,0,Non-SST
5463.5,65.9212,2.3628,2.4685,0.2257,0,Non-SST
5464.0,70.5127,2.0161,2.4484,0.2321,0,Non-SST
5464.5,67.233,1.9812,2.4168,0.2477,0,Non-SST
5465.0,60.3458,1.9867,2.4113,0.2695,5,WTR
5465.5,58.378,2.1276,2.4177,0.2825,0,Non-SST
5466.0,56.4102,2.2263,2.4478,0.2878,0,Non-SST
5466.5,54.7703,2.3706,2.4682,0.2798,0,Non-SST
5467.0,51.1627,2.3706,2.4999,0.256,0,Non-SST
5467.5,48.867,2.9142,2.523,0.235,0,Non-SST
5468.0,48.867,3.3951,2.511,0.2092,0,Non-SST
5468.5,48.867,3.7278,2.5217,0.1924,0,Non-SST
5469.0,47.5551,4.6533,2.5275,0.179,0,Non-SST
5469.5,45.9153,5.0986,2.5508,0.177,0,Non-SST
5470.0,44.6034,5.0633,2.5633,0.1718,0,Non-SST
5470.5,42.6356,5.6395,2.578,0.169,0,Non-SST
5471.0,40.6678,5.9575,2.6588,0.1674,0,Non-SST
5471.5,30.8288,6.0534,2.6722,0.1646,0,Non-SST
5472.0,29.189,6.0534,2.6601,0.1678,0,Non-SST
5472.5,37.7161,4.9311,2.583,0.1742,0,Non-SST
5473.0,48.539,3.675,2.52,0.2077,0,Non-SST
5473.5,55.4263,2.9402,2.4814,0.2401,0,Non-SST
5474.0,57.3941,2.4424,2.4688,0.277,0,Non-SST
5474.5,57.0661,2.3814,2.4675,0.2877,0,Non-SST
5475.0,59.0339,2.3304,2.4672,0.2852,0,Non-SST
5475.5,62.9695,2.24,2.4806,0.2826,0,Non-SST
5476.0,62.3136,2.1842,2.4912,0.282,0,Non-SST
5476.5,61.6576,2.1544,2.4933,0.2847,0,Non-SST
5477.0,61.3297,2.1544,2.4825,0.2891,0,Non-SST
5477.5,62.3136,2.1008,2.4761,0.2909,0,Non-SST
5478.0,66.5771,2.0084,2.4701,0.3147,0,Non-SST
5478.5,73.4644,1.9489,2.4512,0.322,0,Non-SST
5479.0,82.6475,1.731,2.4309,0.3528,0,Non-SST
5479.5,91.1746,1.4397,2.4131,0.3508,0,Non-SST
5480.0,95.4381,1.4614,2.3872,0.3686,0,Non-SST
5480.5,96.75,1.4561,2.3841,0.3655,0,Non-SST
5481.0,97.078,1.171,2.3942,0.3846,0,Non-SST
5481.5,93.1424,1.4112,2.3985,0.3912,0,Non-SST
5482.0,89.2068,1.6381,2.3899,0.4028,0,Non-SST
5482.5,92.2405,1.6381,2.4062,0.3723,0,Non-SST
5483.0,98.1029,1.5448,2.4003,0.3779,0,Non-SST
5483.5,104.2932,1.3379,2.4116,0.3788,0,Non-SST
5484.0,108.8847,1.3579,2.375,0.4211,0,Non-SST
5484.5,112.8203,1.4861,2.356,0.4325,0,Non-SST
5485.0,116.7559,1.6112,2.3013,0.451,0,Non-SST
5485.5,131.1864,1.7314,2.2828,0.4821,0,Non-SST
5486.0,137.0898,1.7573,2.2751,0.484,0,Non-SST
5486.5,133.4822,1.8502,2.2983,0.4672,0,Non-SST
5487.0,124.9551,1.8423,2.3449,0.4063,0,Non-SST
5487.5,113.5856,1.8423,2.3957,0.3618,0,Non-SST
5488.0,102.7627,1.8125,2.4239,0.3306,0,Non-SST
5488.5,97.9525,1.6827,2.4421,0.3272,0,Non-SST
5489.0,98.6085,1.513,2.4461,0.3444,0,Non-SST
5489.5,100.6856,1.3939,2.4405,0.354,0,Non-SST
5490.0,101.3415,1.337,2.432,0.3642,0,Non-SST
5490.5,100.0297,1.337,2.4141,0.3524,0,Non-SST
5491.0,97.7339,1.3254,2.4057,0.3479,0,Non-SST
5491.5,91.1746,1.4875,2.3753,0.3467,0,Non-SST
5492.0,79.5318,1.7564,2.3587,0.338,0,Non-SST
5492.5,70.5127,1.8734,2.3658,0.324,0,Non-SST
5493.0,66.7411,1.9828,2.3986,0.3064,0,Non-SST
5493.5,65.5932,2.0458,2.4326,0.2919,0,Non-SST
5494.0,68.2169,2.0797,2.4557,0.2897,0,Non-SST
5494.5,72.1525,2.0652,2.4552,0.2864,0,Non-SST
5495.0,72.4805,2.0273,2.4544,0.2872,0,Non-SST
5495.5,70.5127,1.9463,2.4483,0.2947,0,Non-SST
5496.0,69.2008,1.904,2.4473,0.296,0,Non-SST
5496.5,70.5127,1.8212,2.4412,0.3096,0,Non-SST
5497.0,74.7763,1.7364,2.4425,0.3077,0,Non-SST
5497.5,72.8085,1.6952,2.4496,0.3186,0,Non-SST
5498.0,70.8407,1.6601,2.4593,0.3255,0,Non-SST
5498.5,74.4483,1.6352,2.4502,0.3296,0,Non-SST
5499.0,72.8085,1.6909,2.4589,0.328,0,Non-SST
5499.5,69.5288,1.722,2.4488,0.3191,0,Non-SST
5500.0,67.561,1.8735,2.4622,0.3145,0,Non-SST
5500.5,67.233,1.9269,2.4542,0.3055,0,Non-SST
5501.0,66.5771,2.0334,2.4529,0.2996,0,Non-SST
5501.5,63.9534,2.0943,2.441,0.3006,0,Non-SST
5502.0,61.4936,2.2791,2.4346,0.2934,0,Non-SST
5502.5,60.6737,2.385,2.4357,0.2835,0,Non-SST
5503.0,60.8377,2.4461,2.4431,0.2675,0,Non-SST
5503.5,60.3458,2.3879,2.4547,0.2622,0,Non-SST
5504.0,60.3458,2.3879,2.4779,0.263,0,Non-SST
5504.5,60.3458,2.3325,2.4781,0.2621,0,Non-SST
5505.0,64.9373,2.2186,2.4727,0.2731,0,Non-SST
5505.5,67.561,2.0919,2.4663,0.2918,0,Non-SST
5506.0,68.2169,1.9467,2.4676,0.316,0,Non-SST
5506.5,68.6542,1.9499,2.4701,0.3225,0,Non-SST
5507.0,69.4195,1.9123,2.469,0.3176,0,Non-SST
5507.5,69.3102,1.827,2.4614,0.3194,0,Non-SST
5508.0,68.9822,1.7017,2.4531,0.3143,0,Non-SST
5508.5,70.4034,1.6518,2.4339,0.3204,0,Non-SST
5509.0,72.5898,1.6589,2.4323,0.3338,0,Non-SST
5509.5,73.4644,1.6136,2.4405,0.3506,0,Non-SST
5510.0,73.7924,1.5715,2.4579,0.3464,0,Non-SST
5510.5,74.1203,1.5596,2.4773,0.3271,0,Non-SST
5511.0,73.7924,1.6669,2.4839,0.3131,0,Non-SST
5511.5,74.2843,1.6974,2.4803,0.3041,0,Non-SST
5512.0,76.7441,1.7886,2.4771,0.3008,0,Non-SST
5512.5,77.236,1.8443,2.4902,0.2964,0,Non-SST
5513.0,72.1525,1.9424,2.4996,0.2916,0,Non-SST
5513.5,64.2814,2.1587,2.5056,0.2739,0,Non-SST
5514.0,62.9695,2.276,2.513,0.2551,0,Non-SST
5514.5,61.6576,2.3035,2.509,0.2456,0,Non-SST
5515.0,60.5097,2.3159,2.4993,0.2362,0,Non-SST
5515.5,57.804,2.3159,2.506,0.2385,0,Non-SST
5516.0,56.4102,2.3704,2.4978,0.2398,0,Non-SST
5516.5,55.0983,2.5074,2.4919,0.2424,0,Non-SST
5517.0,53.7864,2.4431,2.4771,0.2375,0,Non-SST
5517.5,53.7864,2.6597,2.4805,0.2237,0,Non-SST
5518.0,53.6225,3.0365,2.494,0.2257,0,Non-SST
5518.5,54.7703,2.987,2.4812,0.2282,0,Non-SST
5519.0,56.0822,3.3059,2.4833,0.2227,0,Non-SST
5519.5,56.0822,3.4828,2.4922,0.2039,0,Non-SST
5520.0,55.0983,3.7012,2.5259,0.1883,0,Non-SST
5520.5,54.1144,3.4765,2.5244,0.1881,0,Non-SST
5521.0,53.1305,3.5993,2.54,0.1988,0,Non-SST
5521.5,52.4746,3.4608,2.5186,0.2096,0,Non-SST
5522.0,54.1144,3.3662,2.5194,0.216,0,Non-SST
5522.5,56.4102,3.3012,2.5115,0.2126,0,Non-SST
5523.0,56.4102,3.444,2.5248,0.2041,0,Non-SST
5523.5,55.0983,3.7166,2.5329,0.2089,0,Non-SST
5524.0,53.7864,3.8848,2.5327,0.2085,0,Non-SST
5524.5,49.8508,4.2086,2.547,0.2076,0,Non-SST
5525.0,45.9153,5.0509,2.5607,0.1968,0,Non-SST
5525.5,41.3237,4.8982,2.5498,0.1809,0,Non-SST
5526.0,35.7483,6.1247,2.5667,0.1669,0,Non-SST
5526.5,32.1407,5.8394,2.544,0.1592,0,Non-SST
5527.0,34.7644,5.554,2.5464,0.1714,0,Non-SST
5527.5,42.6356,4.7995,2.5247,0.1835,0,Non-SST
5528.0,51.1627,4.299,2.5187,0.1893,0,Non-SST
5528.5,53.7864,4.0128,2.5112,0.1837,0,Non-SST
5529.0,56.4102,3.9075,2.5162,0.1877,0,Non-SST
5529.5,55.5902,3.3951,2.4945,0.2018,0,Non-SST
5530.0,56.4102,3.3951,2.4956,0.2148,0,Non-SST
5530.5,59.0339,3.0507,2.4749,0.224,0,Non-SST
5531.0,57.722,3.4023,2.4922,0.2227,0,Non-SST
5531.5,56.4102,2.986,2.4987,0.2171,0,Non-SST
5532.0,52.4746,3.2244,2.5304,0.2106,0,Non-SST
5532.5,51.1627,3.3437,2.5373,0.1987,0,Non-SST
5533.0,49.8508,3.6585,2.5476,0.1962,0,Non-SST
5533.5,50.8347,3.7747,2.5437,0.1909,0,Non-SST
5534.0,50.5068,3.7363,2.5333,0.1873,0,Non-SST
5534.5,50.1788,3.8372,2.5356,0.1877,0,Non-SST
5535.0,51.4907,3.8372,2.5447,0.1903,0,Non-SST
5535.5,53.7864,3.8954,2.5503,0.193,0,Non-SST
5536.0,56.7381,4.3454,2.5506,0.1942,0,Non-SST
5536.5,57.722,4.2814,2.5579,0.192,0,Non-SST
5537.0,53.7864,4.5104,2.5694,0.1889,0,Non-SST
5537.5,46.2432,5.1888,2.6146,0.1783,0,Non-SST
5538.0,40.9958,6.0859,2.6076,0.1616,0,Non-SST
5538.5,41.6517,5.4392,2.594,0.1529,0,Non-SST
5539.0,44.9314,4.9979,2.5584,0.1472,0,Non-SST
5539.5,47.883,5.1009,2.5307,0.1604,0,Non-SST
5540.0,49.8508,4.7163,2.5169,0.1745,0,Non-SST
5540.5,50.8347,4.5507,2.4948,0.1948,0,Non-SST
5541.0,52.1466,3.9181,2.4875,0.2117,0,Non-SST
5541.5,53.7864,3.2981,2.4716,0.2224,0,Non-SST
5542.0,54.1144,3.4036,2.4942,0.2316,0,Non-SST
5542.5,53.7864,3.4565,2.4854,0.2262,0,Non-SST
5543.0,53.1305,2.9053,2.4866,0.2281,0,Non-SST
5543.5,52.4746,2.8838,2.4738,0.2269,0,Non-SST
5544.0,50.5068,2.9942,2.4868,0.2349,0,Non-SST
5544.5,50.8347,2.9942,2.4932,0.2479,0,Non-SST
5545.0,52.1466,2.7252,2.4883,0.2523,0,Non-SST
5545.5,52.4746,2.6469,2.4729,0.2588,0,Non-SST
5546.0,53.7864,2.6777,2.4617,0.2465,0,Non-SST
5546.5,55.0983,2.8196,2.4534,0.2466,0,Non-SST
5547.0,53.1305,2.8347,2.4437,0.2462,0,Non-SST
5547.5,50.1788,2.7907,2.4533,0.2547,0,Non-SST
5548.0,49.8508,2.7342,2.4764,0.2623,0,Non-SST
5548.5,51.1627,2.6032,2.4824,0.2665,0,Non-SST
5549.0,52.4746,2.2717,2.474,0.2771,0,Non-SST
5549.5,57.3941,2.2717,2.4768,0.3083,0,Non-SST
5550.0,59.3619,2.0623,2.4563,0.3328,0,Non-SST
5550.5,61.3297,1.9878,2.4487,0.3525,0,Non-SST
5551.0,65.2653,1.8862,2.4251,0.3499,0,Non-SST
5551.5,69.5288,1.8477,2.4392,0.3484,0,Non-SST
5552.0,73.4644,1.7445,2.4477,0.3316,0,Non-SST
5552.5,77.728,1.7684,2.4761,0.3076,0,Non-SST
5553.0,82.6475,1.8754,2.4797,0.3121,0,Non-SST
5553.5,83.3034,1.8872,2.4561,0.3162,0,Non-SST
5554.0,83.9593,1.8275,2.4394,0.3229,0,Non-SST
5554.5,89.8627,1.7418,2.4319,0.3262,0,Non-SST
5555.0,91.5025,1.7418,2.4528,0.3409,0,Non-SST
5555.5,89.2068,1.8364,2.4609,0.3458,0,Non-SST
5556.0,86.2551,1.813,2.461,0.3329,0,Non-SST
5556.5,80.6797,1.8024,2.4641,0.325,0,Non-SST
5557.0,75.4322,1.7967,2.4739,0.3129,0,Non-SST
5557.5,73.4644,1.9945,2.4841,0.3181,0,Non-SST
5558.0,72.1525,1.9707,2.4874,0.3075,0,Non-SST
5558.5,73.7924,1.9478,2.489,0.324,0,Non-SST
5559.0,80.5157,1.8512,2.4654,0.3341,0,Non-SST
5559.5,90.1907,1.675,2.4451,0.3539,0,Non-SST
5560.0,99.8657,1.6673,2.4307,0.3661,0,Non-SST
5560.5,107.2449,1.6389,2.4169,0.3611,0,Non-SST
5561.0,110.8525,1.6254,2.4006,0.3928,0,Non-SST
5561.5,110.5246,1.5155,2.4094,0.4062,0,Non-SST
5562.0,109.5407,1.4072,2.42,0.4196,0,Non-SST
5562.5,111.5085,1.5188,2.423,0.4124,0,Non-SST
5563.0,116.7559,1.3142,2.414,0.401,0,Non-SST
5563.5,115.4441,1.5192,2.4122,0.4028,0,Non-SST
5564.0,114.1322,1.6217,2.4143,0.3684,0,Non-SST
5564.5,101.3415,1.8,2.421,0.3569,0,Non-SST
5565.0,89.2068,1.8,2.4338,0.3302,0,Non-SST
5565.5,79.0398,1.8543,2.4511,0.3243,0,Non-SST
5566.0,74.1203,1.9968,2.4614,0.313,0,Non-SST
5566.5,75.1042,1.987,2.4653,0.2988,0,Non-SST
5567.0,78.0559,1.9526,2.4672,0.3003,0,Non-SST
5567.5,80.0237,1.937,2.4723,0.2953,0,Non-SST
5568.0,81.3356,1.9445,2.4773,0.3042,0,Non-SST
5568.5,83.9593,1.9032,2.4824,0.302,0,Non-SST
5569.0,86.5831,1.8805,2.4786,0.3124,0,Non-SST
5569.5,91.8305,1.7643,2.4541,0.3253,0,Non-SST
5570.0,101.3415,1.7643,2.4121,0.3419,0,Non-SST
5570.5,109.5407,1.6295,2.3799,0.3678,0,Non-SST
5571.0,114.7881,1.4974,2.3617,0.4063,0,Non-SST
5571.5,121.0195,1.39,2.361,0.4287,0,Non-SST
5572.0,127.2508,1.3214,2.3391,0.4497,0,Non-SST
5572.5,131.8424,1.3541,2.3374,0.449,0,Non-SST
5573.0,131.8424,1.3796,2.3407,0.4347,0,Non-SST
5573.5,124.6271,1.3841,2.3724,0.4123,0,Non-SST
5574.0,121.3475,1.3472,2.388,0.4038,0,Non-SST
5574.5,118.0678,1.1249,2.385,0.4281,0,Non-SST
5575.0,116.428,1.1249,2.3866,0.4345,0,Non-SST
5575.5,113.4107,1.1999,2.3951,0.4423,0,Non-SST
5576.0,109.0815,1.2885,2.4201,0.4318,0,Non-SST
5576.5,106.8514,1.2597,2.4202,0.4315,0,Non-SST
5577.0,107.9008,1.2245,2.4144,0.4102,0,Non-SST
5577.5,107.5729,1.2684,2.4105,0.4031,0,Non-SST
5578.0,100.6856,1.2619,2.4072,0.3882,0,Non-SST
5578.5,86.5831,1.2845,2.4124,0.384,0,Non-SST
5579.0,80.0237,1.5523,2.4154,0.3884,0,Non-SST
5579.5,73.4644,1.8653,2.4278,0.3693,0,Non-SST
5580.0,74.1203,1.9773,2.445,0.337,0,Non-SST
5580.5,73.1364,1.9773,2.4435,0.3064,0,Non-SST
5581.0,69.8568,2.0664,2.4708,0.2877,0,Non-SST
5581.5,63.9534,2.4178,2.4834,0.2706,0,Non-SST
5582.0,57.0661,3.0487,2.5202,0.2501,0,Non-SST
5582.5,53.4585,3.4329,2.5111,0.2281,0,Non-SST
5583.0,54.4424,3.7978,2.5226,0.2146,0,Non-SST
5583.5,55.4263,4.16,2.5403,0.2099,0,Non-SST
5584.0,54.7703,4.2955,2.5552,0.208,0,Non-SST
5584.5,54.6064,4.8528,2.558,0.2061,0,Non-SST
5585.0,53.2945,4.8528,2.558,0.1987,0,Non-SST
5585.5,50.1788,4.9912,2.5609,0.1947,0,Non-SST
5586.0,47.0631,4.8851,2.6023,0.1878,0,Non-SST
5586.5,44.4394,5.198,2.5407,0.1829,0,Non-SST
5587.0,43.2915,5.0589,2.5445,0.1817,0,Non-SST
5587.5,43.4555,5.0002,2.5626,0.189,0,Non-SST
5588.0,42.5263,5.711,2.5844,0.1978,0,Non-SST
5588.5,39.6292,5.157,2.5948,0.1983,0,Non-SST
5589.0,39.7386,5.2559,2.5841,0.1888,0,Non-SST
5589.5,45.7513,5.2256,2.5396,0.1724,0,Non-SST
5590.0,53.9504,4.3707,2.5112,0.1798,0,Non-SST
5590.5,61.4936,3.6668,2.4901,0.2071,0,Non-SST
5591.0,65.5932,2.8739,2.4878,0.2604,0,Non-SST
5591.5,65.5932,2.3175,2.4763,0.2848,0,Non-SST
5592.0,63.9534,2.1824,2.4797,0.2984,0,Non-SST
5592.5,62.9695,2.2052,2.4703,0.3076,0,Non-SST
5593.0,62.6415,2.2124,2.4651,0.306,0,Non-SST
5593.5,61.3297,2.1272,2.4679,0.3054,0,Non-SST
5594.0,60.6737,2.1127,2.4704,0.312,0,Non-SST
5594.5,63.2975,2.0214,2.4716,0.3197,0,Non-SST
5595.0,69.8568,1.8451,2.4548,0.3355,0,Non-SST
5595.5,77.728,1.6547,2.4426,0.3385,0,Non-SST
5596.0,82.9754,1.6351,2.4338,0.3509,0,Non-SST
5596.5,85.5992,1.5795,2.4329,0.355,0,Non-SST
5597.0,88.5508,1.5793,2.4296,0.3638,0,Non-SST
5597.5,92.1585,1.5392,2.4192,0.3752,0,Non-SST
5598.0,94.4542,1.3819,2.4092,0.3596,0,Non-SST
5598.5,98.3898,1.3633,2.3959,0.3612,0,Non-SST
5599.0,102.3254,1.341,2.3979,0.3661,0,Non-SST
5599.5,102.6534,1.3825,2.3917,0.3891,0,Non-SST
5600.0,99.7017,1.4149,2.3916,0.3851,0,Non-SST
5600.5,92.4864,1.6092,2.3816,0.3541,0,Non-SST
5601.0,82.9754,1.6258,2.3775,0.3346,0,Non-SST
5601.5,73.4644,1.6538,2.3827,0.3267,0,Non-SST
5602.0,65.5932,1.6627,2.385,0.3178,0,Non-SST
5602.5,61.6576,1.7546,2.3858,0.3139,0,Non-SST
5603.0,63.2975,1.9264,2.3781,0.3092,0,Non-SST
5603.5,69.5288,1.8944,2.3522,0.3207,0,Non-SST
5604.0,72.1525,1.7834,2.3465,0.3238,0,Non-SST
5604.5,74.7763,1.7105,2.3247,0.3407,0,Non-SST
5605.0,74.4483,1.7105,2.3331,0.3547,0,Non-SST
5605.5,74.4483,1.6922,2.3653,0.3743,0,Non-SST
5606.0,75.7602,1.718,2.397,0.3844,0,Non-SST
5606.5,79.6958,1.7689,2.4392,0.3852,0,Non-SST
5607.0,84.2873,1.6068,2.4281,0.3747,0,Non-SST
5607.5,84.2873,1.5676,2.4373,0.3617,0,Non-SST
5608.0,81.0076,1.6484,2.4188,0.3683,0,Non-SST
5608.5,79.3678,1.6775,2.4086,0.3693,0,Non-SST
5609.0,81.3356,1.6278,2.4112,0.3607,0,Non-SST
5609.5,79.3678,1.6686,2.4174,0.3521,0,Non-SST
5610.0,77.4,1.7287,2.4352,0.3615,0,Non-SST
5610.5,76.0881,1.7287,2.4555,0.3625,0,Non-SST
5611.0,76.0881,1.8349,2.4668,0.3627,0,Non-SST
5611.5,80.3517,1.9037,2.457,0.3477,0,Non-SST
5612.0,87.239,1.8101,2.4183,0.3484,0,Non-SST
5612.5,93.4703,1.6282,2.361,0.3571,0,Non-SST
5613.0,102.6534,1.6323,2.3286,0.3912,0,Non-SST
5613.5,117.0839,1.7127,2.2954,0.4186,0,Non-SST
5614.0,133.8102,1.7279,2.2944,0.4128,0,Non-SST
5614.5,131.1864,1.7505,2.3271,0.4038,0,Non-SST
5615.0,128.5627,1.6669,2.3451,0.4008,0,Non-SST
5615.5,110.3606,1.6694,2.3565,0.3891,0,Non-SST
5616.0,100.2483,1.6694,2.3692,0.3845,0,Non-SST
5616.5,100.5216,1.6896,2.3749,0.3661,0,Non-SST
5617.0,104.4572,1.6213,2.3879,0.379,0,Non-SST
5617.5,101.2322,1.7468,2.4044,0.3777,0,Non-SST
5618.0,90.0267,1.9392,2.4264,0.3654,0,Non-SST
5618.5,76.7441,2.6384,2.4727,0.3282,0,Non-SST
5619.0,65.9212,3.3794,2.5285,0.2822,0,Non-SST
5619.5,59.0339,4.2223,2.5541,0.2411,0,Non-SST
5620.0,53.7864,4.8873,2.5829,0.2026,0,Non-SST
5620.5,54.4424,5.7622,2.5792,0.1751,0,Non-SST
5621.0,55.0983,5.7622,2.5921,0.1584,0,Non-SST
5621.5,51.4907,7.1183,2.6069,0.1529,0,Non-SST
5622.0,45.9153,8.4404,2.6336,0.1388,0,Non-SST
5622.5,40.6678,9.2314,2.6311,0.1269,0,Non-SST
5623.0,37.3881,9.5251,2.6039,0.1144,0,Non-SST
5623.5,35.0924,10.1146,2.5966,0.1126,0,Non-SST
5624.0,33.4525,9.9314,2.6188,0.1157,0,Non-SST
5624.5,34.1085,10.8258,2.6631,0.1204,0,Non-SST
5625.0,37.3881,10.8866,2.6544,0.1206,0,Non-SST
5625.5,39.3559,9.4396,2.6344,0.1167,0,Non-SST
5626.0,38.7,8.6451,2.6158,0.1166,0,Non-SST
5626.5,38.0441,8.8476,2.6336,0.1271,0,Non-SST
5627.0,31.1568,8.3387,2.6815,0.1359,0,Non-SST
5627.5,28.5331,8.3387,2.6637,0.1358,0,Non-SST
5628.0,33.7805,8.4404,2.6058,0.1354,0,Non-SST
5628.5,43.6195,5.5362,2.56,0.1485,0,Non-SST
5629.0,49.5229,4.224,2.5272,0.1837,0,Non-SST
5629.5,50.5068,3.2221,2.5064,0.2183,0,Non-SST
5630.0,50.8347,2.401,2.4949,0.2394,0,Non-SST
5630.5,51.1627,2.5098,2.4982,0.2565,0,Non-SST
5631.0,51.1627,3.1234,2.4829,0.2759,0,Non-SST
5631.5,51.8186,2.6874,2.481,0.2965,0,Non-SST
5632.0,54.4424,2.7787,2.4754,0.3002,0,Non-SST
5632.5,59.0339,2.7787,2.4651,0.2936,0,Non-SST
5633.0,59.6898,2.5295,2.4601,0.2856,0,Non-SST
5633.5,60.3458,2.096,2.4579,0.289,0,Non-SST
5634.0,61.0017,2.004,2.4897,0.3015,0,Non-SST
5634.5,59.6898,2.0217,2.4966,0.3004,0,Non-SST
5635.0,58.7059,2.1014,2.4765,0.3016,0,Non-SST
5635.5,61.0017,1.6991,2.4502,0.2858,0,Non-SST
5636.0,63.2975,1.7468,2.4273,0.3071,0,Non-SST
5636.5,63.9534,1.727,2.432,0.3147,0,Non-SST
5637.0,65.9212,1.6576,2.4465,0.3371,0,Non-SST
5637.5,69.2008,1.5847,2.4634,0.3387,0,Non-SST
5638.0,72.1525,1.6654,2.4714,0.3448,0,Non-SST
5638.5,70.8407,1.6228,2.47,0.3379,0,Non-SST
5639.0,69.5288,1.6032,2.4719,0.3387,0,Non-SST
5639.5,73.4644,1.5463,2.4658,0.3438,0,Non-SST
5640.0,73.1364,1.5661,2.4679,0.359,0,Non-SST
5640.5,71.1686,1.7074,2.4851,0.3464,0,Non-SST
5641.0,73.4644,1.606,2.5013,0.3323,0,Non-SST
5641.5,78.3839,1.5177,2.5142,0.3383,0,Non-SST
5642.0,82.9754,1.3712,2.4961,0.3401,0,Non-SST
5642.5,88.5508,1.2664,2.4953,0.3579,0,Non-SST
5643.0,95.7661,1.3011,2.4652,0.3471,0,Non-SST
5643.5,93.1424,1.6246,2.4502,0.3631,0,Non-SST
5644.0,90.5186,1.648,2.4301,0.3521,0,Non-SST
5644.5,83.3034,1.648,2.4498,0.355,0,Non-SST
5645.0,77.072,1.7114,2.463,0.3375,0,Non-SST
5645.5,70.8407,2.1312,2.4744,0.3127,0,Non-SST
5646.0,65.5932,2.5082,2.4899,0.2843,0,Non-SST
5646.5,64.2814,2.4356,2.4853,0.279,0,Non-SST
5647.0,67.561,2.0814,2.4615,0.2881,0,Non-SST
5647.5,73.4644,1.7957,2.4613,0.3081,0,Non-SST
5648.0,79.6958,1.7703,2.4627,0.3129,0,Non-SST
5648.5,83.6314,1.8577,2.4563,0.32,0,Non-SST
5649.0,81.9915,1.881,2.4517,0.3116,0,Non-SST
5649.5,74.2843,2.188,2.4748,0.3012,0,Non-SST
5650.0,66.0852,2.188,2.4948,0.2895,0,Non-SST
5650.5,63.6254,2.4164,2.4893,0.2804,0,Non-SST
5651.0,65.5932,2.8084,2.4776,0.2791,0,Non-SST
5651.5,65.5932,2.83,2.4728,0.2658,0,Non-SST
5652.0,63.1335,3.1651,2.4803,0.2554,0,Non-SST
5652.5,61.1657,3.852,2.524,0.2307,0,Non-SST
5653.0,56.7381,4.5898,2.5658,0.2025,0,Non-SST
5653.5,47.5551,5.9261,2.5933,0.1591,0,Non-SST
5654.0,37.3881,7.0019,2.6437,0.1295,0,Non-SST
5654.5,29.8449,7.9602,2.7024,0.1058,0,Non-SST
5655.0,25.5814,8.7935,2.719,0.0994,0,Non-SST
5655.5,25.9093,8.774,2.6979,0.1002,0,Non-SST
5656.0,33.7805,8.7897,2.6586,0.1116,0,Non-SST
5656.5,47.883,7.7944,2.5881,0.1343,0,Non-SST
5657.0,59.6898,4.2863,2.5243,0.1722,0,Non-SST
5657.5,67.561,3.0955,2.4984,0.2368,0,Non-SST
5658.0,77.072,2.2815,2.4619,0.2915,0,Non-SST
5658.5,86.2551,1.9312,2.4652,0.3305,0,Non-SST
5659.0,90.1907,1.6508,2.4604,0.3457,0,Non-SST
5659.5,88.2229,1.6247,2.4529,0.3543,0,Non-SST
5660.0,82.9754,1.9249,2.4403,0.3593,0,Non-SST
5660.5,79.6958,2.118,2.4556,0.3325,0,Non-SST
5661.0,82.6475,1.816,2.4642,0.3162,0,Non-SST
5661.5,87.5669,1.5945,2.4632,0.3061,0,Non-SST
5662.0,86.583,1.7978,2.4648,0.3307,0,Non-SST
5662.5,80.3517,2.1156,2.4681,0.3363,0,Non-SST
5663.0,74.2843,2.1258,2.4702,0.3169,0,Non-SST
5663.5,70.1847,2.3961,2.5121,0.281,0,Non-SST
5664.0,66.4131,2.8037,2.531,0.2572,0,Non-SST
5664.5,61.9856,3.5403,2.5492,0.2295,0,Non-SST
5665.0,58.05,3.9705,2.5885,0.1945,0,Non-SST
5665.5,55.7542,4.3061,2.6028,0.1764,0,Non-SST
5666.0,56.0822,4.5123,2.6157,0.1681,0,Non-SST
5666.5,59.0339,4.4518,2.6259,0.171,0,Non-SST
5667.0,61.6576,4.4989,2.6332,0.1788,0,Non-SST
5667.5,61.3297,4.8808,2.6246,0.1815,0,Non-SST
5668.0,55.3898,5.4212,2.625,0.1837,0,Non-SST
5668.5,45.1864,5.695,2.6327,0.1721,0,Non-SST
5669.0,38.0076,5.6475,2.6726,0.1747,0,Non-SST
5669.5,36.0763,6.7133,2.6636,0.1584,0,Non-SST
5670.0,39.5199,6.5762,2.6487,0.1455,0,Non-SST
5670.5,44.6034,5.7527,2.6246,0.1366,0,Non-SST
5671.0,45.9153,5.0435,2.6301,0.1481,0,Non-SST
5671.5,46.8992,5.011,2.6019,0.1659,0,Non-SST
5672.0,50.9987,4.7493,2.5829,0.1805,0,Non-SST
5672.5,58.05,3.5107,2.5633,0.2011,0,Non-SST
5673.0,66.2491,2.9262,2.5418,0.2383,0,Non-SST
5673.5,76.0881,2.4876,2.4926,0.2781,0,Non-SST
5674.0,87.8949,2.1798,2.4766,0.3162,0,Non-SST
5674.5,97.078,1.6526,2.4691,0.34,0,Non-SST
5675.0,99.7017,1.5691,2.4547,0.3618,0,Non-SST
5675.5,102.3254,1.6242,2.4599,0.3658,0,Non-SST
5676.0,101.6695,1.688,2.4455,0.3498,0,Non-SST
5676.5,100.1936,1.7166,2.4519,0.3387,0,Non-SST
5677.0,93.9623,1.897,2.4712,0.3518,0,Non-SST
5677.5,84.6699,2.5486,2.4931,0.34,0,Non-SST
5678.0,77.1814,2.8332,2.4938,0.3046,0,Non-SST
5678.5,70.8953,3.2022,2.516,0.2674,0,Non-SST
5679.0,65.4292,3.4022,2.5665,0.2538,0,Non-SST
5679.5,62.1496,3.6709,2.5696,0.2393,0,Non-SST
5680.0,59.8538,3.6585,2.5638,0.2398,0,Non-SST
5680.5,61.3297,3.5572,2.5148,0.2354,0,Non-SST
5681.0,68.2716,3.4478,2.4737,0.2541,0,Non-SST
5681.5,74.2297,2.8319,2.4527,0.2598,0,Non-SST
5682.0,73.847,2.8121,2.4319,0.2813,0,Non-SST
5682.5,68.2169,3.3062,2.4378,0.2787,0,Non-SST
5683.0,62.6415,2.9452,2.4812,0.2668,0,Non-SST
5683.5,58.05,4.5372,2.5087,0.2286,0,Non-SST
5684.0,51.1627,4.8411,2.5644,0.182,0,Non-SST
5684.5,49.8508,6.0153,2.6153,0.1435,0,Non-SST
5685.0,48.539,7.1222,2.6406,0.1251,0,Non-SST
5685.5,43.9475,8.4781,2.6504,0.1062,0,Non-SST
5686.0,35.0924,9.7363,2.653,0.0942,0,Non-SST
5686.5,29.189,10.2633,2.6073,0.0855,0,Non-SST
5687.0,30.1729,10.1303,2.5887,0.0892,0,Non-SST
5687.5,35.4203,9.4428,2.5595,0.1023,0,Non-SST
5688.0,43.2915,8.7792,2.5549,0.118,0,Non-SST
5688.5,51.1627,8.0271,2.5582,0.1316,0,Non-SST
5689.0,52.1466,6.701,2.5747,0.1454,0,Non-SST
5689.5,44.6034,7.6054,2.5958,0.1456,0,Non-SST
5690.0,42.9636,7.542,2.5925,0.1452,0,Non-SST
5690.5,41.3237,6.4437,2.5941,0.1321,0,Non-SST
5691.0,39.8479,6.2621,2.5792,0.1291,0,Non-SST
5691.5,38.7,6.4404,2.5828,0.1282,0,Non-SST
5692.0,37.0602,6.4339,2.59,0.1304,0,Non-SST
5692.5,36.4042,6.2559,2.6032,0.1308,0,Non-SST
5693.0,38.7,6.2281,2.6059,0.1297,0,Non-SST
5693.5,41.9797,6.0008,2.5911,0.1338,0,Non-SST
5694.0,41.9797,6.1943,2.5785,0.139,0,Non-SST
5694.5,38.0441,6.483,2.5671,0.1411,0,Non-SST
5695.0,38.0441,6.634,2.5581,0.1412,0,Non-SST
5695.5,38.0441,6.4995,2.5386,0.1419,0,Non-SST
5696.0,45.5873,6.3566,2.5302,0.1454,0,Non-SST
5696.5,50.5068,6.3566,2.5454,0.1489,0,Non-SST
5697.0,49.8508,6.0622,2.5822,0.1517,0,Non-SST
5697.5,45.2593,7.0816,2.5954,0.1481,0,Non-SST
5698.0,41.3237,8.1603,2.609,0.1339,0,Non-SST
5698.5,39.3559,9.3172,2.6071,0.1174,0,Non-SST
5699.0,38.372,9.4869,2.6199,0.1079,0,Non-SST
5699.5,38.0441,10.0085,2.6071,0.1005,0,Non-SST
5700.0,42.6356,10.4332,2.637,0.0958,0,Non-SST
5700.5,47.2271,10.3735,2.6339,0.0933,0,Non-SST
5701.0,47.2271,10.3735,2.6451,0.0951,0,Non-SST
5701.5,43.6195,11.273,2.6097,0.0961,0,Non-SST
5702.0,38.0441,10.534,2.6236,0.0972,0,Non-SST
5702.5,34.1085,11.0858,2.63,0.1003,0,Non-SST
5703.0,31.4847,9.22,2.6348,0.1038,0,Non-SST
5703.5,29.5169,10.2948,2.6185,0.1001,0,Non-SST
5704.0,28.0411,9.8297,2.5978,0.0968,0,Non-SST
5704.5,24.2695,10.8679,2.5953,0.0917,0,Non-SST
5705.0,19.514,10.6572,2.5956,0.0897,0,Non-SST
5705.5,18.5301,10.2948,2.6043,0.0928,0,Non-SST
5706.0,20.9898,9.8423,2.6268,0.1016,0,Non-SST
5706.5,25.9093,9.8423,2.6369,0.11,0,Non-SST
5707.0,33.4525,8.7636,2.6221,0.1162,0,Non-SST
5707.5,39.5199,6.2096,2.6132,0.125,0,Non-SST
5708.0,38.372,6.1217,2.64,0.1373,0,Non-SST
5708.5,32.7966,7.4956,2.6386,0.1312,0,Non-SST
5709.0,31.1568,7.1777,2.6173,0.1267,0,Non-SST
5709.5,35.7483,6.0008,2.5794,0.1311,0,Non-SST
5710.0,42.6356,4.8917,2.5789,0.1589,0,Non-SST
5710.5,46.5712,4.1113,2.5783,0.1804,0,Non-SST
5711.0,46.8992,4.7348,2.569,0.1913,0,Non-SST
5711.5,46.5712,4.6634,2.5662,0.1879,0,Non-SST
5712.0,46.5712,4.2435,2.5839,0.2018,0,Non-SST
5712.5,47.2271,3.9334,2.5965,0.2088,0,Non-SST
5713.0,50.1788,3.7661,2.6084,0.2133,0,Non-SST
5713.5,51.8186,4.4553,2.6165,0.1958,0,Non-SST
5714.0,48.867,5.2187,2.6486,0.1771,0,Non-SST
5714.5,45.9153,4.3878,2.6839,0.1607,0,Non-SST
5715.0,41.6517,6.17,2.6884,0.145,0,Non-SST
5715.5,31.8127,6.17,2.7204,0.1137,0,Non-SST
5716.0,22.3017,11.6802,2.7373,0.0833,0,Non-SST
5716.5,19.35,13.1133,2.7633,0.0637,0,Non-SST
5717.0,21.3178,13.1576,2.7452,0.0575,0,Non-SST
5717.5,24.9254,13.3116,2.7024,0.0631,0,Non-SST
5718.0,26.8932,14.5602,2.6611,0.0742,0,Non-SST
5718.5,28.861,12.8525,2.6413,0.0853,0,Non-SST
5719.0,29.5169,12.9383,2.6861,0.0867,0,Non-SST
5719.5,29.5169,12.9479,2.7182,0.0883,0,Non-SST
5720.0,26.8932,10.1467,2.7249,0.0916,0,Non-SST
5720.5,25.5814,11.9349,2.6904,0.0966,0,Non-SST
5721.0,31.1568,10.9469,2.656,0.1022,0,Non-SST
5721.5,41.9797,7.8897,2.6158,0.1149,0,Non-SST
5722.0,50.1788,5.5033,2.5824,0.1553,0,Non-SST
5722.5,53.7864,3.7054,2.5714,0.1977,0,Non-SST
5723.0,57.722,3.8299,2.5698,0.2329,0,Non-SST
5723.5,57.722,2.4522,2.5467,0.2447,0,Non-SST
5724.0,57.722,3.0284,2.5436,0.2613,0,Non-SST
5724.5,57.3941,3.0284,2.5237,0.2632,0,Non-SST
5725.0,58.378,2.4491,2.5276,0.2635,0,Non-SST
5725.5,58.7059,2.1563,2.5422,0.2552,0,Non-SST
5726.0,57.722,2.5216,2.5665,0.2492,0,Non-SST
5726.5,56.4102,2.765,2.5835,0.2349,0,Non-SST
5727.0,54.4424,2.9696,2.5852,0.2126,0,Non-SST
5727.5,52.1466,3.2479,2.6009,0.2046,0,Non-SST
5728.0,51.1627,3.3926,2.6274,0.1975,0,Non-SST
5728.5,48.539,3.9227,2.6566,0.1912,0,Non-SST
5729.0,45.9153,4.2206,2.6783,0.1763,0,Non-SST
5729.5,42.9636,3.749,2.6666,0.1628,0,Non-SST
5730.0,45.5873,3.749,2.615,0.169,0,Non-SST
5730.5,50.8347,2.9706,2.5914,0.1947,0,Non-SST
5731.0,53.4585,2.6606,2.5904,0.2259,0,Non-SST
5731.5,54.1144,2.6572,2.573,0.2296,0,Non-SST
5732.0,55.7542,2.2512,2.5662,0.2275,0,Non-SST
5732.5,58.7059,2.2192,2.5187,0.2387,0,Non-SST
5733.0,61.0017,1.9912,2.5117,0.2591,0,Non-SST
5733.5,61.6576,1.9116,2.5139,0.2824,0,Non-SST
5734.0,63.6254,1.6389,2.5151,0.2937,0,Non-SST
5734.5,65.5932,1.879,2.5065,0.3051,0,Non-SST
5735.0,63.9534,1.879,2.4823,0.304,0,Non-SST
5735.5,66.9051,1.5177,2.4783,0.3059,0,Non-SST
5736.0,74.1203,1.3364,2.4925,0.3191,0,Non-SST
5736.5,79.0398,1.2678,2.4935,0.3256,0,Non-SST
5737.0,78.0559,1.1655,2.4812,0.344,0,Non-SST
5737.5,75.1042,1.1284,2.4943,0.3354,0,Non-SST
5738.0,74.1203,1.5086,2.5026,0.3243,0,Non-SST
5738.5,70.5127,1.7943,2.5418,0.31,0,Non-SST
5739.0,61.6576,2.2724,2.549,0.2848,0,Non-SST
5739.5,61.6576,2.2167,2.565,0.2571,0,Non-SST
5740.0,61.6576,1.9386,2.5636,0.2347,0,Non-SST
5740.5,58.7059,1.9386,2.5922,0.2176,0,Non-SST
5741.0,50.5068,2.5106,2.5943,0.1913,0,Non-SST
5741.5,40.3398,3.2344,2.6194,0.1641,0,Non-SST
5742.0,37.7161,3.2843,2.6261,0.1525,0,Non-SST
5742.5,38.7,3.2569,2.6607,0.1591,0,Non-SST
5743.0,32.1407,4.8721,2.6805,0.1401,0,Non-SST
5743.5,22.6297,6.08,2.713,0.1141,0,Non-SST
5744.0,18.6941,7.6219,2.704,0.0898,0,Non-SST
5744.5,20.3339,9.4929,2.7224,0.0793,0,Non-SST
5745.0,26.5653,10.7546,2.6899,0.0746,0,Non-SST
5745.5,35.0924,10.7266,2.6675,0.0769,0,Non-SST
5746.0,44.9314,10.7266,2.6403,0.0876,0,Non-SST
5746.5,55.7542,9.6619,2.6428,0.1019,0,Non-SST
5747.0,59.3619,8.5844,2.6574,0.1146,0,Non-SST
5747.5,49.1949,10.2883,2.6742,0.1105,0,Non-SST
5748.0,34.7644,12.3837,2.6855,0.1013,0,Non-SST
5748.5,28.2051,11.7613,2.6852,0.0882,0,Non-SST
5749.0,28.5331,10.0459,2.6907,0.0889,0,Non-SST
5749.5,30.8288,8.9491,2.6674,0.101,0,Non-SST
5750.0,32.7966,8.8794,2.6608,0.1138,0,Non-SST
5750.5,38.0441,8.8265,2.6489,0.1229,0,Non-SST
5751.0,43.2915,6.9169,2.6738,0.1234,0,Non-SST
5751.5,50.8347,6.8193,2.6664,0.1304,0,Non-SST
5752.0,51.4907,6.8193,2.6652,0.1315,0,Non-SST
5752.5,47.883,6.9243,2.6406,0.1319,0,Non-SST
5753.0,43.9475,6.4607,2.6491,0.1317,0,Non-SST
5753.5,40.3398,6.3886,2.6211,0.136,0,Non-SST
5754.0,41.3237,4.8549,2.524,0.1548,0,Non-SST
5754.5,48.211,3.428,2.5155,0.1787,0,Non-SST
5755.0,54.7703,2.6359,2.4981,0.2186,0,Non-SST
5755.5,58.7059,2.0589,2.4924,0.2429,0,Non-SST
5756.0,63.6254,1.5599,2.4921,0.2871,0,Non-SST
5756.5,69.5288,1.5137,2.4906,0.317,0,Non-SST
5757.0,73.1364,1.5137,2.4942,0.3368,0,Non-SST
5757.5,75.1042,1.1209,2.486,0.3279,0,Non-SST
5758.0,73.7924,1.5083,2.48,0.334,0,Non-SST
5758.5,69.5288,1.4989,2.4708,0.3113,0,Non-SST
5759.0,69.5288,1.4706,2.4646,0.3172,0,Non-SST
5759.5,73.1364,1.143,2.459,0.3268,0,Non-SST
5760.0,74.4483,1.4408,2.4627,0.357,0,Non-SST
5760.5,72.8085,1.3607,2.4757,0.3575,0,Non-SST
5761.0,68.0712,1.555,2.4862,0.3426,0,Non-SST
5761.5,62.35,1.8139,2.4824,0.323,0,Non-SST
5762.0,60.528,1.8139,2.49,0.3143,0,Non-SST
5762.5,62.3136,1.662,2.476,0.3111,0,Non-SST
5763.0,65.2653,1.5769,2.4728,0.3132,0,Non-SST
5763.5,66.5771,1.3897,2.4578,0.3046,0,Non-SST
5764.0,64.2814,1.6372,2.4775,0.3045,0,Non-SST
5764.5,60.3458,1.8744,2.479,0.2805,0,Non-SST
5765.0,56.4102,2.2283,2.498,0.2718,0,Non-SST
5765.5,56.4102,2.4934,2.5093,0.2496,0,Non-SST
5766.0,58.214,2.4386,2.5092,0.246,0,Non-SST
5766.5,61.1657,2.6649,2.5258,0.2347,0,Non-SST
5767.0,62.9695,2.7396,2.5289,0.2303,0,Non-SST
5767.5,62.1496,2.7396,2.5586,0.2208,0,Non-SST
5768.0,58.214,3.1076,2.5691,0.2094,0,Non-SST
5768.5,53.1305,4.4044,2.5869,0.1972,0,Non-SST
5769.0,50.5068,4.7245,2.5871,0.1863,0,Non-SST
5769.5,50.1788,4.7618,2.5812,0.1826,0,Non-SST
5770.0,50.0148,4.9311,2.5837,0.1791,0,Non-SST
5770.5,49.8508,5.1299,2.5997,0.1798,0,Non-SST
5771.0,44.9314,4.8186,2.6229,0.1821,0,Non-SST
5771.5,40.0119,4.8186,2.6448,0.1886,0,Non-SST
5772.0,39.6839,4.6061,2.5884,0.1943,0,Non-SST
5772.5,39.3559,4.4387,2.5751,0.1933,0,Non-SST
5773.0,48.211,3.1733,2.605,0.2046,0,Non-SST
5773.5,57.0661,2.3879,2.513,0.2165,0,Non-SST
5774.0,61.1657,2.1526,2.4946,0.2441,0,Non-SST
5774.5,61.6576,2.1632,2.5013,0.2612,0,Non-SST
5775.0,64.7733,1.5965,2.5075,0.2795,0,Non-SST
5775.5,70.3487,1.7022,2.4971,0.2974,0,Non-SST
5776.0,75.1042,1.5031,2.4831,0.3039,0,Non-SST
5776.5,77.236,1.2895,2.4654,0.3271,0,Non-SST
5777.0,76.7441,1.2929,2.4586,0.3426,0,Non-SST
5777.5,77.4,1.2918,2.463,0.3593,0,Non-SST
5778.0,78.3839,1.275,2.4836,0.3602,0,Non-SST
5778.5,75.4322,1.2842,2.491,0.3498,0,Non-SST
5779.0,72.8085,1.2718,2.4851,0.3415,0,Non-SST
5779.5,73.1364,1.3648,2.473,0.3345,0,Non-SST
5780.0,72.1525,1.4603,2.4816,0.3296,0,Non-SST
5780.5,69.2008,1.3519,2.4834,0.3313,0,Non-SST
5781.0,68.8729,1.7455,2.4827,0.3327,0,Non-SST
5781.5,76.7441,1.7599,2.4678,0.3292,0,Non-SST
5782.0,93.1424,1.4915,2.4501,0.3225,0,Non-SST
5782.5,109.5407,1.3127,2.3928,0.3336,0,Non-SST
5783.0,118.0678,1.2845,2.3819,0.3705,0,Non-SST
5783.5,115.4441,1.32,2.3828,0.4092,0,Non-SST
5784.0,112.8203,1.3382,2.382,0.4283,0,Non-SST
5784.5,100.6856,1.3118,2.3768,0.4356,0,Non-SST
5785.0,85.2712,1.4554,2.3817,0.4182,0,Non-SST
5785.5,71.8246,1.5929,2.3959,0.3844,0,Non-SST
5786.0,61.3297,1.8785,2.4315,0.3168,0,Non-SST
5786.5,53.7864,2.2045,2.4871,0.2715,0,Non-SST
5787.0,49.8508,2.8376,2.5288,0.2283,0,Non-SST
5787.5,46.8992,3.2055,2.5642,0.2119,0,Non-SST
5788.0,43.2915,3.0517,2.5745,0.2027,0,Non-SST
5788.5,45.9153,2.8168,2.5554,0.2125,0,Non-SST
5789.0,48.539,2.2367,2.5066,0.2226,0,Non-SST
5789.5,61.3297,2.0629,2.4979,0.2381,0,Non-SST
5790.0,63.6254,2.0629,2.5141,0.2564,0,Non-SST
5790.5,56.7381,3.5742,2.5447,0.2508,0,Non-SST
5791.0,51.1627,4.0479,2.5666,0.229,0,Non-SST
5791.5,48.539,3.5689,2.5934,0.2028,0,Non-SST
5792.0,46.5712,3.7138,2.5947,0.1916,0,Non-SST
5792.5,44.6034,5.1592,2.6031,0.1824,0,Non-SST
5793.0,40.3398,6.0918,2.6175,0.1719,0,Non-SST
5793.5,35.0924,5.7487,2.6634,0.1567,0,Non-SST
5794.0,31.8127,5.9834,2.6619,0.1458,0,Non-SST
5794.5,34.1085,5.4807,2.673,0.1311,0,Non-SST
5795.0,35.4203,5.4807,2.6602,0.1259,0,Non-SST
5795.5,36.7322,5.0986,2.6558,0.1307,0,Non-SST
5796.0,40.6678,4.8164,2.6005,0.1498,0,Non-SST
5796.5,49.8508,4.1814,2.594,0.1725,0,Non-SST
5797.0,50.5068,3.4194,2.5793,0.1918,0,Non-SST
5797.5,51.1627,3.4627,2.5715,0.2131,0,Non-SST
5798.0,48.539,3.622,2.5668,0.2312,0,Non-SST
5798.5,48.539,3.622,2.5642,0.2366,0,Non-SST
5799.0,49.1949,3.371,2.5611,0.2288,0,Non-SST
5799.5,49.8508,2.8,2.5603,0.222,0,Non-SST
5800.0,51.8186,2.677,2.5865,0.2258,0,Non-SST
5800.5,55.0983,2.8828,2.5943,0.2214,0,Non-SST
5801.0,50.5068,3.7068,2.6214,0.2159,0,Non-SST
5801.5,45.9153,3.7068,2.6192,0.1977,0,Non-SST
5802.0,39.028,4.2292,2.6191,0.1829,0,Non-SST
5802.5,35.7483,4.1915,2.5998,0.1632,0,Non-SST
5803.0,31.3208,5.1389,2.6221,0.1589,0,Non-SST
5803.5,27.2212,6.5864,2.6374,0.1528,0,Non-SST
5804.0,28.697,6.5864,2.6673,0.1456,0,Non-SST
5804.5,33.2886,5.1524,2.6312,0.1421,0,Non-SST
5805.0,37.2242,5.0567,2.6275,0.1509,0,Non-SST
5805.5,40.3398,6.6925,2.6083,0.1641,0,Non-SST
5806.0,40.5038,6.6925,2.6308,0.1681,0,Non-SST
5806.5,35.7483,7.326,2.6426,0.1589,0,Non-SST
5807.0,27.5492,8.6298,2.6774,0.1379,0,Non-SST
5807.5,21.6458,9.1468,2.6944,0.1169,0,Non-SST
5808.0,21.3178,9.1468,2.6949,0.1003,0,Non-SST
5808.5,25.0894,9.277,2.6672,0.0929,0,Non-SST
5809.0,31.8127,8.6233,2.6362,0.0933,0,Non-SST
5809.5,37.8801,7.7043,2.6279,0.1021,0,Non-SST
5810.0,40.3398,7.2475,2.6196,0.1214,0,Non-SST
5810.5,42.3076,7.6924,2.6453,0.1357,0,Non-SST
5811.0,44.2754,6.5527,2.6239,0.1411,0,Non-SST
5811.5,41.9797,5.8938,2.6273,0.1387,0,Non-SST
5812.0,38.7,6.1578,2.6347,0.1382,0,Non-SST
5812.5,35.4203,5.6181,2.6718,0.1415,0,Non-SST
5813.0,37.3881,5.7785,2.6972,0.1391,0,Non-SST
5813.5,43.2915,6.2404,2.6483,0.1412,0,Non-SST
5814.0,55.0983,6.1913,2.5833,0.146,0,Non-SST
5814.5,66.9051,3.2074,2.5006,0.1652,0,Non-SST
5815.0,72.8085,2.0134,2.4544,0.2024,0,Non-SST
5815.5,61.6576,2.5334,2.4892,0.2473,0,Non-SST
5816.0,53.1305,3.5834,2.5295,0.2523,0,Non-SST
5816.5,44.6034,4.1292,2.5732,0.2166,0,Non-SST
5817.0,38.0441,4.4406,2.6186,0.181,0,Non-SST
5817.5,34.1085,5.157,2.6409,0.1639,0,Non-SST
5818.0,30.1729,4.3508,2.6528,0.1569,0,Non-SST
5818.5,35.4203,4.3508,2.6094,0.1609,0,Non-SST
5819.0,43.6195,3.3902,2.5769,0.1728,0,Non-SST
5819.5,52.1466,2.3642,2.5298,0.2073,0,Non-SST
5820.0,57.722,2.2947,2.5113,0.2597,0,Non-SST
5820.5,57.0661,2.2947,2.5101,0.3015,0,Non-SST
5821.0,56.4102,2.0733,2.5031,0.3089,0,Non-SST
5821.5,57.3941,2.0756,2.4937,0.3114,0,Non-SST
5822.0,58.7059,1.8678,2.4842,0.3238,0,Non-SST
5822.5,61.3297,1.8678,2.4861,0.3517,0,Non-SST
5823.0,69.5288,1.9365,2.4804,0.3465,0,Non-SST
5823.5,70.1847,1.6745,2.475,0.3455,0,Non-SST
5824.0,70.8407,2.0884,2.4811,0.3466,0,Non-SST
5824.5,64.2814,2.0884,2.4838,0.3512,0,Non-SST
5825.0,61.3297,2.2684,2.4989,0.3386,0,Non-SST
5825.5,61.6576,2.2805,2.4938,0.3151,0,Non-SST
5826.0,61.0017,2.183,2.5081,0.294,0,Non-SST
5826.5,58.05,2.3908,2.5277,0.2914,0,Non-SST
5827.0,56.4102,2.4757,2.5334,0.2796,0,Non-SST
5827.5,58.378,2.4757,2.5337,0.2934,0,Non-SST
5828.0,60.3458,2.4742,2.5183,0.2897,0,Non-SST
5828.5,72.1525,2.3465,2.4958,0.3117,0,Non-SST
5829.0,90.1907,2.2879,2.4475,0.3059,0,Non-SST
5829.5,109.5407,1.8482,2.431,0.3298,0,Non-SST
5830.0,118.7237,1.5471,2.3998,0.3512,0,Non-SST
5830.5,112.1644,1.5471,2.4055,0.3887,0,Non-SST
5831.0,94.7822,1.9043,2.4326,0.3994,0,Non-SST
5831.5,77.072,1.9174,2.4449,0.3838,0,Non-SST
5832.0,65.9212,2.0949,2.4416,0.3532,0,Non-SST
5832.5,60.3458,2.0943,2.4533,0.3237,0,Non-SST
5833.0,59.0339,2.4454,2.4829,0.3057,0,Non-SST
5833.5,57.722,2.5028,2.4892,0.2899,0,Non-SST
5834.0,58.05,2.5028,2.5036,0.2762,0,Non-SST
5834.5,60.6737,2.1811,2.4932,0.2612,0,Non-SST
5835.0,65.9212,1.9147,2.4721,0.2671,0,Non-SST
5835.5,69.8568,2.124,2.4209,0.2914,0,Non-SST
5836.0,71.8246,2.2394,2.4131,0.3183,0,Non-SST
5836.5,73.1364,1.7546,2.4095,0.3279,0,Non-SST
5837.0,72.1525,2.0034,2.4223,0.3259,0,Non-SST
5837.5,68.5449,2.72,2.4498,0.3334,0,Non-SST
5838.0,63.9534,4.0415,2.4695,0.303,0,Non-SST
5838.5,58.05,6.6614,2.5234,0.2592,0,Non-SST
5839.0,50.1788,8.5144,2.5508,0.2058,0,Non-SST
5839.5,41.6517,8.5144,2.5876,0.1582,0,Non-SST
5840.0,33.7805,11.027,2.6679,0.1194,0,Non-SST
5840.5,28.5331,14.7616,2.6994,0.0884,0,Non-SST
5841.0,26.2373,16.234,2.7257,0.0718,0,Non-SST
5841.5,27.2212,17.6474,2.733,0.0631,0,Non-SST
5842.0,30.8288,18.461,2.6938,0.0611,0,Non-SST
5842.5,34.9284,14.9189,2.6593,0.0621,0,Non-SST
5843.0,36.0763,13.464,2.6594,0.0673,0,Non-SST
5843.5,31.9767,14.7994,2.6834,0.0773,0,Non-SST
5844.0,27.8771,14.8702,2.6992,0.0764,0,Non-SST
5844.5,26.5653,14.6781,2.7072,0.0717,0,Non-SST
5845.0,28.2051,14.2272,2.716,0.0664,0,Non-SST
5845.5,34.1085,13.3419,2.6749,0.0712,0,Non-SST
5846.0,39.6839,12.6004,2.6574,0.0792,0,Non-SST
5846.5,39.028,11.2201,2.6564,0.0932,0,Non-SST
5847.0,33.9445,9.0801,2.6859,0.1096,0,Non-SST
5847.5,34.7644,9.2712,2.7078,0.1273,0,Non-SST
5848.0,47.3911,9.6705,2.6538,0.1411,0,Non-SST
5848.5,65.5932,6.4863,2.5162,0.1513,0,Non-SST
5849.0,81.6636,3.1479,2.4409,0.1822,0,Non-SST
5849.5,92.4864,2.9472,2.4023,0.2307,0,Non-SST
5850.0,99.3737,3.4802,2.4024,0.3014,0,Non-SST
5850.5,101.9975,2.8242,2.3971,0.3231,0,Non-SST
5851.0,100.3576,2.495,2.4034,0.3555,0,Non-SST
5851.5,99.7017,2.4297,2.3845,0.3813,0,Non-SST
5852.0,100.6856,2.5917,2.3689,0.3901,0,Non-SST
5852.5,99.7017,2.4931,2.3532,0.3633,0,Non-SST
5853.0,97.078,3.1457,2.35,0.3438,0,Non-SST
5853.5,92.3552,5.5083,2.3624,0.3415,0,Non-SST
5854.0,82.1227,9.4219,2.3954,0.3169,0,Non-SST
5854.5,78.4495,11.2503,2.4192,0.2816,0,Non-SST
5855.0,74.7763,16.7175,2.5128,0.2476,0,Non-SST
5855.5,62.9695,24.7034,2.5759,0.2139,0,Non-SST
5856.0,49.8508,30.3572,2.6005,0.1748,0,Non-SST
5856.5,39.028,27.5591,2.638,0.1325,0,Non-SST
5857.0,32.7966,22.0582,2.6513,0.1037,0,Non-SST
5857.5,29.8449,19.3586,2.6597,0.0892,0,Non-SST
5858.0,28.2051,21.73,2.6181,0.0806,0,Non-SST
5858.5,27.8771,19.0517,2.5834,0.081,0,Non-SST
5859.0,28.2051,19.1414,2.5593,0.0844,0,Non-SST
5859.5,27.5492,18.0299,2.6003,0.0945,0,Non-SST
5860.0,26.2373,17.2664,2.6354,0.0972,0,Non-SST
5860.5,26.8932,15.7324,2.6504,0.0953,0,Non-SST
5861.0,31.1568,15.1238,2.6185,0.1024,0,Non-SST
5861.5,38.372,9.9452,2.5999,0.1075,0,Non-SST
5862.0,46.5712,8.686,2.5789,0.1254,0,Non-SST
5862.5,51.8186,7.1628,2.5566,0.1283,0,Non-SST
5863.0,53.1305,5.1232,2.5483,0.1498,0,Non-SST
5863.5,51.8186,5.9921,2.5544,0.1609,0,Non-SST
5864.0,49.5229,6.5729,2.5663,0.1735,0,Non-SST
5864.5,48.2766,7.3571,2.6039,0.1733,0,Non-SST
5865.0,46.7844,6.7133,2.487,0.1694,0,Non-SST
5865.5,44.833,5.8837,2.4773,0.1649,0,Non-SST
5866.0,43.7015,6.4592,2.4934,0.1622,0,Non-SST
5866.5,42.1436,6.3154,2.4773,0.1618,0,Non-SST
5867.0,40.8318,6.5194,2.4986,0.1622,0,Non-SST
5867.5,39.8479,6.0008,2.5247,0.1624,0,Non-SST
5868.0,38.536,4.1461,2.5366,0.1591,0,Non-SST
5868.5,38.0441,5.4483,2.5217,0.1561,0,Non-SST
5869.0,37.0602,7.3029,2.5004,0.156,0,Non-SST
5869.5,34.7644,7.9869,2.4672,0.1596,0,Non-SST
5870.0,31.4847,8.31,2.4448,0.1596,0,Non-SST
5870.5,27.8771,8.2484,2.4583,0.14,0,Non-SST
5871.0,24.5975,8.2484,2.5071,0.1307,0,Non-SST
5871.5,21.3178,9.669,2.5406,0.1206,0,Non-SST
5872.0,19.514,11.6866,2.5756,0.1139,0,Non-SST
5872.5,20.9898,10.6352,2.5278,0.1058,0,Non-SST
5873.0,23.7775,8.8665,2.4895,0.1081,0,Non-SST
5873.5,24.9254,9.1914,2.4783,0.1297,0,Non-SST
5874.0,25.2534,9.1198,2.5004,0.1543,0,Non-SST
5874.5,25.9093,9.9507,2.4769,0.1608,0,Non-SST
5875.0,25.2534,11.8352,2.4502,0.1595,0,Non-SST
5875.5,22.3017,13.9407,2.418,0.1513,0,Non-SST
5876.0,21.6458,14.9429,2.4143,0.141,0,Non-SST
5876.5,20.9898,13.137,2.4143,0.1315,0,Non-SST
5877.0,20.0059,15.9436,2.4539,0.1344,0,Non-SST
5877.5,17.7102,17.1733,2.498,0.1457,0,Non-SST
5878.0,17.2182,17.2162,2.2774,0.1373,0,Non-SST
5878.5,20.1153,14.3732,2.2698,0.1233,1,Gas
5879.0,22.9303,12.6646,2.3504,0.1324,1,Gas
5879.5,24.4335,12.5549,2.4472,0.1675,0,Non-SST
5880.0,29.107,9.1892,2.5177,0.159,0,Non-SST
5880.5,37.5521,6.546,2.5381,0.1375,0,Non-SST
5881.0,47.2271,5.4857,2.5532,0.1298,0,Non-SST
5881.5,58.4326,4.7911,2.5273,0.1582,0,Non-SST
5882.0,70.95,3.3615,2.516,0.1919,0,Non-SST
5882.5,84.2873,3.3615,2.4697,0.217,0,Non-SST
5883.0,95.1102,2.5574,2.4371,0.2544,0,Non-SST
5883.5,99.3737,2.0194,2.3829,0.2996,0,Non-SST
5884.0,98.3898,2.0464,2.3818,0.355,0,Non-SST
5884.5,97.7339,2.3015,2.4068,0.3616,0,Non-SST
5885.0,97.078,2.7192,2.4333,0.3486,0,Non-SST
5885.5,93.1424,2.7703,2.4416,0.3365,0,Non-SST
5886.0,88.5508,2.7458,2.4449,0.3303,0,Non-SST
5886.5,83.3034,2.622,2.445,0.3188,0,Non-SST
5887.0,81.0076,2.5923,2.4438,0.3254,0,Non-SST
5887.5,83.9593,2.5882,2.4358,0.3312,0,Non-SST
5888.0,87.8949,2.6631,2.4151,0.3374,0,Non-SST
5888.5,90.8466,2.5855,2.3982,0.3345,0,Non-SST
5889.0,95.1102,2.4791,2.4011,0.3378,0,Non-SST
5889.5,100.8496,2.2601,2.4128,0.3523,0,Non-SST
5890.0,108.5568,2.0469,2.4204,0.3589,0,Non-SST
5890.5,117.5758,1.9376,2.3961,0.3659,0,Non-SST
5891.0,123.6432,1.8775,2.3566,0.3847,0,Non-SST
5891.5,123.9712,1.8246,2.3486,0.401,0,Non-SST
5892.0,119.3797,1.7876,2.3531,0.419,0,Non-SST
5892.5,110.8525,1.7009,2.3778,0.4178,0,Non-SST
5893.0,100.6856,1.7541,2.4008,0.4155,0,Non-SST
5893.5,92.8144,1.9121,2.4078,0.407,0,Non-SST
5894.0,87.239,1.8265,2.4015,0.3849,0,Non-SST
5894.5,79.6958,1.951,2.4013,0.3632,0,Non-SST
5895.0,70.1847,2.3585,2.4206,0.327,0,Non-SST
5895.5,63.9534,2.4934,2.4381,0.2972,0,Non-SST
5896.0,61.6576,2.4666,2.4612,0.2733,0,Non-SST
5896.5,60.0178,2.4386,2.5101,0.2602,0,Non-SST
5897.0,59.1979,2.4544,2.532,0.2521,0,Non-SST
5897.5,62.9695,2.1644,2.4981,0.2575,0,Non-SST
5898.0,70.6767,2.031,2.4684,0.265,0,Non-SST
5898.5,77.8919,2.0239,2.444,0.299,0,Non-SST
5899.0,82.9754,2.1085,2.4456,0.3209,0,Non-SST
5899.5,83.7953,1.9472,2.4582,0.3486,0,Non-SST
5900.0,79.2038,2.0272,2.4752,0.3375,0,Non-SST
5900.5,71.6606,2.9747,2.4996,0.327,0,Non-SST
5901.0,62.6415,3.1912,2.503,0.273,0,Non-SST
5901.5,54.9343,7.6885,2.5542,0.2196,0,Non-SST
5902.0,49.0309,12.5824,2.5992,0.1596,0,Non-SST
5902.5,40.3398,27.6247,2.6459,0.1136,0,Non-SST
5903.0,31.3208,26.981,2.6998,0.0804,0,Non-SST
5903.5,26.3466,33.9604,2.7241,0.0634,0,Non-SST
5904.0,24.4335,36.9344,2.7291,0.0562,0,Non-SST
5904.5,26.4559,32.8642,2.7113,0.0562,0,Non-SST
5905.0,34.3271,27.0125,2.6874,0.0589,0,Non-SST
5905.5,42.5263,19.847,2.6611,0.0648,0,Non-SST
5906.0,44.2754,17.8849,2.6472,0.0763,0,Non-SST
5906.5,41.9797,20.2724,2.6556,0.0868,0,Non-SST
5907.0,39.028,19.9238,2.6557,0.0923,0,Non-SST
5907.5,34.7644,18.0462,2.6751,0.0885,0,Non-SST
5908.0,30.9928,16.2378,2.6685,0.0866,0,Non-SST
5908.5,31.8127,14.8801,2.6658,0.0846,0,Non-SST
5909.0,34.6004,11.4692,2.6696,0.0887,0,Non-SST
5909.5,34.4364,9.97,2.681,0.1018,0,Non-SST
5910.0,39.028,8.3043,2.6459,0.121,0,Non-SST
5910.5,58.378,5.4116,2.6008,0.1423,0,Non-SST
5911.0,83.3034,4.0464,2.5169,0.1676,0,Non-SST
5911.5,99.3737,3.3163,2.4684,0.2011,0,Non-SST
5912.0,104.6212,2.4248,2.3766,0.2606,0,Non-SST
5912.5,101.0136,2.0545,2.3656,0.2955,0,Non-SST
5913.0,94.1263,1.6922,2.3573,0.3524,0,Non-SST
5913.5,92.8144,1.8764,2.3817,0.3711,0,Non-SST
5914.0,98.3898,1.9121,2.386,0.3783,0,Non-SST
5914.5,99.7017,1.681,2.4258,0.3601,0,Non-SST
5915.0,101.0136,1.4678,2.4852,0.3241,0,Non-SST
5915.5,78.3839,2.8481,2.5544,0.2655,0,Non-SST
5916.0,53.7864,5.6581,2.5602,0.1859,0,Non-SST
5916.5,33.7805,8.8054,2.6727,0.1212,0,Non-SST
5917.0,23.6136,11.592,2.7084,0.0824,0,Non-SST
5917.5,20.3339,14.071,2.713,0.0609,0,Non-SST
5918.0,20.3339,24.6225,2.7128,0.0511,0,Non-SST
5918.5,23.2856,22.8592,2.7102,0.0485,0,Non-SST
5919.0,28.0411,20.0387,2.7101,0.0527,0,Non-SST
5919.5,32.3047,17.5383,2.6997,0.0622,0,Non-SST
5920.0,35.5843,17.4152,2.6804,0.0738,0,Non-SST
5920.5,39.8479,11.0343,2.6251,0.0847,0,Non-SST
5921.0,45.9153,11.0343,2.6027,0.0963,0,Non-SST
5921.5,51.4907,8.46,2.5935,0.1131,0,Non-SST
5922.0,54.4424,8.5743,2.6157,0.1244,0,Non-SST
5922.5,53.7864,10.0396,2.6253,0.1302,0,Non-SST
5923.0,50.8347,10.7827,2.6311,0.1208,0,Non-SST
5923.5,47.0631,9.9894,2.6658,0.1145,0,Non-SST
5924.0,42.6356,8.7273,2.6622,0.1104,0,Non-SST
5924.5,40.0119,9.3577,2.6564,0.1147,0,Non-SST
5925.0,40.3398,8.0297,2.6599,0.1175,0,Non-SST
5925.5,40.8318,8.0409,2.6651,0.1206,0,Non-SST
5926.0,40.6678,8.9729,2.6515,0.1204,0,Non-SST
5926.5,39.3559,8.4063,2.6289,0.1234,0,Non-SST
5927.0,36.0763,7.0452,2.6274,0.125,0,Non-SST
5927.5,33.7805,7.699,2.6311,0.1265,0,Non-SST
5928.0,32.7966,6.689,2.6609,0.1236,0,Non-SST
5928.5,30.1729,7.2991,2.668,0.12,0,Non-SST
5929.0,26.8932,7.1665,2.6666,0.1134,0,Non-SST
5929.5,25.2534,6.9796,2.6436,0.1076,0,Non-SST
5930.0,24.2695,7.7688,2.6346,0.105,0,Non-SST
5930.5,23.1216,7.9337,2.623,0.1074,0,Non-SST
5931.0,24.2695,7.3203,2.6161,0.114,0,Non-SST
5931.5,27.3852,6.8228,2.601,0.1198,0,Non-SST
5932.0,28.861,7.0455,2.571,0.1273,0,Non-SST
5932.5,28.533,7.5157,2.5846,0.1336,0,Non-SST
5933.0,27.0572,6.9057,2.5826,0.1403,0,Non-SST
5933.5,24.9254,9.158,2.5828,0.1442,0,Non-SST
5934.0,24.7614,9.2942,2.5537,0.1381,0,Non-SST
5934.5,27.5492,7.8897,2.519,0.1275,0,Non-SST
5935.0,30.1729,8.416,2.5039,0.1263,0,Non-SST
5935.5,30.8288,8.8635,2.4828,0.1384,0,Non-SST
5936.0,30.8288,9.8423,2.486,0.1533,0,Non-SST
5936.5,30.1729,10.7127,2.4644,0.1548,0,Non-SST
5937.0,29.5169,12.6744,2.4338,0.1515,0,Non-SST
5937.5,29.189,11.071,2.4146,0.1497,0,Non-SST
5938.0,27.8771,13.1918,2.4671,0.1474,0,Non-SST
5938.5,25.9093,15.0936,2.5294,0.1407,0,Non-SST
5939.0,22.9576,17.3172,2.5825,0.1216,0,Non-SST
5939.5,18.8581,19.2855,2.5821,0.104,0,Non-SST
5940.0,16.3983,20.0945,2.5472,0.0859,0,Non-SST
5940.5,16.8903,20.6559,2.5414,0.0729,0,Non-SST
5941.0,18.5301,20.5369,2.5439,0.0676,0,Non-SST
5941.5,20.3339,20.0386,2.5923,0.0664,0,Non-SST
5942.0,23.6682,19.1234,2.6407,0.068,0,Non-SST
5942.5,28.9703,17.5694,2.6558,0.0671,0,Non-SST
5943.0,34.8191,16.4952,2.6815,0.07,0,Non-SST
5943.5,42.6356,15.4167,2.6645,0.0775,0,Non-SST
5944.0,53.2945,12.9287,2.6229,0.0859,0,Non-SST
5944.5,61.3297,7.8246,2.5851,0.1049,0,Non-SST
5945.0,61.6576,5.8114,2.5522,0.1295,0,Non-SST
5945.5,58.05,6.516,2.5503,0.164,0,Non-SST
5946.0,54.7703,7.1257,2.5843,0.1675,0,Non-SST
5946.5,50.5536,5.9842,2.6159,0.1623,0,Non-SST
5947.0,46.3369,6.8157,2.64,0.1583,0,Non-SST
5947.5,46.2901,7.2278,2.5921,0.157,0,Non-SST
5948.0,52.8025,3.796,2.5383,0.1668,0,Non-SST
5948.5,61.6576,2.6265,2.4994,0.1874,0,Non-SST
5949.0,71.8246,2.0032,2.4703,0.235,0,Non-SST
5949.5,85.2712,1.5517,2.4271,0.288,0,Non-SST
5950.0,94.1263,2.0028,2.4315,0.3143,0,Non-SST
5950.5,93.1424,1.6379,2.458,0.3043,0,Non-SST
5951.0,86.5831,2.0002,2.4963,0.2675,0,Non-SST
5951.5,77.4,2.9332,2.522,0.2348,0,Non-SST
5952.0,68.2169,3.0691,2.5507,0.2087,0,Non-SST
5952.5,60.3458,3.6668,2.5752,0.1937,0,Non-SST
5953.0,54.7703,4.2884,2.5975,0.1789,0,Non-SST
5953.5,49.8508,5.431,2.6267,0.1643,0,Non-SST
5954.0,44.2754,5.9231,2.6372,0.1464,0,Non-SST
5954.5,39.3559,5.7351,2.6294,0.1495,0,Non-SST
5955.0,39.3559,6.173,2.611,0.1455,0,Non-SST
5955.5,46.8992,5.3053,2.6095,0.1525,0,Non-SST
5956.0,54.4424,3.8284,2.5984,0.1515,0,Non-SST
5956.5,53.7864,4.398,2.6225,0.1715,0,Non-SST
5957.0,47.883,7.2646,2.6507,0.1675,0,Non-SST
5957.5,41.9797,7.3844,2.698,0.148,0,Non-SST
5958.0,32.4686,7.3844,2.7674,0.1263,0,Non-SST
5958.5,28.533,7.4002,2.5945,0.1166,0,Non-SST
5959.0,30.1729,7.4317,2.5815,0.1135,0,Non-SST
5959.5,34.7644,7.3884,2.5982,0.1175,0,Non-SST
5960.0,40.3398,7.1815,2.5863,0.1294,0,Non-SST
5960.5,43.9475,2.8187,2.5923,0.1452,0,Non-SST
5961.0,42.9636,3.9029,2.586,0.1584,0,Non-SST
5961.5,41.6517,6.1791,2.5877,0.1597,0,Non-SST
5962.0,43.2915,4.4837,2.6004,0.1506,0,Non-SST
5962.5,42.3076,1.7509,2.6291,0.143,0,Non-SST
5963.0,33.4525,6.1037,2.6468,0.1193,0,Non-SST
5963.5,22.3017,6.1037,2.6898,0.0968,0,Non-SST
5964.0,15.7424,7.6717,2.6836,0.0806,0,Non-SST
5964.5,17.7102,8.4797,2.6558,0.0747,0,Non-SST
5965.0,19.678,8.774,2.6241,0.0835,0,Non-SST
5965.5,29.8449,6.8121,2.6175,0.1016,0,Non-SST
5966.0,32.7966,7.3923,2.649,0.121,0,Non-SST
5966.5,31.1568,7.0127,2.6564,0.1289,0,Non-SST
5967.0,30.8288,8.8931,2.6462,0.1256,0,Non-SST
5967.5,34.4364,10.2753,2.5821,0.1255,0,Non-SST
5968.0,40.9958,4.9674,2.5825,0.1328,0,Non-SST
5968.5,44.9314,3.2088,2.5835,0.1473,0,Non-SST
5969.0,41.9797,4.1836,2.6361,0.1443,0,Non-SST
5969.5,34.4364,6.634,2.6501,0.1251,0,Non-SST
5970.0,27.2212,7.7902,2.6703,0.102,0,Non-SST
5970.5,22.9576,8.1689,2.6787,0.0909,0,Non-SST
5971.0,22.6297,9.0912,2.6688,0.0879,0,Non-SST
5971.5,27.8771,8.6146,2.6494,0.093,0,Non-SST
5972.0,37.7161,6.2219,2.6202,0.1066,0,Non-SST
5972.5,46.5712,4.0884,2.6053,0.1278,0,Non-SST
5973.0,50.1788,2.0145,2.5802,0.1598,0,Non-SST
5973.5,48.375,2.309,2.5592,0.1761,0,Non-SST
5974.0,44.1661,3.4552,2.5645,0.1781,0,Non-SST
5974.5,39.8479,7.326,2.6128,0.1689,0,Non-SST
5975.0,34.8737,9.0361,2.6204,0.1575,0,Non-SST
5975.5,30.9381,6.2281,2.6193,0.149,0,Non-SST
5976.0,29.2983,6.3854,2.5963,0.1433,0,Non-SST
5976.5,27.4398,13.3419,2.5951,0.1367,0,Non-SST
5977.0,24.0508,19.8854,2.6057,0.1335,0,Non-SST
5977.5,20.2246,16.0593,2.6294,0.1211,0,Non-SST
5978.0,16.3983,14.1711,2.6515,0.1026,0,Non-SST
5978.5,14.1025,12.4463,2.6802,0.0853,0,Non-SST
5979.0,13.7746,13.0154,2.6896,0.0751,0,Non-SST
5979.5,13.4466,14.0159,2.6775,0.0707,0,Non-SST
5980.0,13.7746,13.1522,2.7032,0.0709,0,Non-SST
5980.5,16.3983,12.3216,2.7366,0.0723,0,Non-SST
5981.0,20.9898,11.9992,2.767,0.0759,0,Non-SST
5981.5,25.5814,12.9489,2.7107,0.0799,0,Non-SST
5982.0,30.1729,11.6259,2.6722,0.0877,0,Non-SST
5982.5,42.9636,7.2094,2.5837,0.1098,0,Non-SST
5983.0,52.8025,6.3503,2.561,0.1415,0,Non-SST
5983.5,57.0661,5.9432,2.5447,0.1802,0,Non-SST
5984.0,58.05,5.3675,2.5383,0.1988,0,Non-SST
5984.5,57.722,4.1723,2.5552,0.2026,0,Non-SST
5985.0,56.7381,4.4165,2.5666,0.2035,0,Non-SST
5985.5,56.7381,5.3531,2.56,0.2121,0,Non-SST
5986.0,56.4102,4.6513,2.5356,0.2212,0,Non-SST
5986.5,57.722,3.8954,2.4956,0.225,0,Non-SST
5987.0,59.0339,3.3143,2.4611,0.2323,0,Non-SST
5987.5,67.889,2.4105,2.4179,0.2499,0,Non-SST
5988.0,74.7763,2.4105,2.3792,0.2802,0,Non-SST
5988.5,81.9915,2.1513,2.3501,0.3147,0,Non-SST
5989.0,88.2229,1.9641,2.35,0.3316,0,Non-SST
5989.5,90.8466,1.5288,2.3673,0.3321,0,Non-SST
5990.0,91.5025,1.3806,2.3425,0.3307,0,Non-SST
5990.5,92.4864,1.6185,2.3336,0.346,0,Non-SST
5991.0,92.1585,1.6627,2.3339,0.3462,0,Non-SST
5991.5,89.2068,2.0867,2.3562,0.3273,0,Non-SST
5992.0,88.5508,2.2407,2.3759,0.314,0,Non-SST
5992.5,87.8949,3.0114,2.4112,0.287,0,Non-SST
5993.0,84.2873,3.0114,2.4691,0.2674,0,Non-SST
5993.5,74.7763,4.0965,2.5171,0.2336,0,Non-SST
5994.0,62.6415,4.6393,2.5303,0.2054,0,Non-SST
5994.5,56.0822,5.2605,2.544,0.1838,0,Non-SST
5995.0,56.0822,6.074,2.5644,0.1689,0,Non-SST
5995.5,57.0661,6.8552,2.5899,0.1667,0,Non-SST
5996.0,56.7381,7.3222,2.6135,0.1631,0,Non-SST
5996.5,56.0822,7.1516,2.6109,0.1602,0,Non-SST
5997.0,55.7542,7.6926,2.6216,0.1545,0,Non-SST
5997.5,56.4102,7.9914,2.6409,0.1513,0,Non-SST
5998.0,58.7059,7.9914,2.6474,0.1555,0,Non-SST
5998.5,61.9856,8.2909,2.6247,0.1596,0,Non-SST
5999.0,64.6093,8.1551,2.6035,0.1642,0,Non-SST
5999.5,65.4839,8.1551,2.575,0.1635,0,Non-SST
6000.0,64.3907,11.5523,2.5805,0.1663,0,Non-SST
6000.5,64.172,6.0241,2.591,0.1736,0,Non-SST
6001.0,66.0852,3.855,2.5491,0.1768,0,Non-SST
6001.5,65.9212,7.2416,2.5597,0.1639,0,Non-SST
6002.0,61.8216,9.9122,2.5447,0.1512,0,Non-SST
6002.5,57.722,8.0273,2.559,0.1496,0,Non-SST
6003.0,57.6127,5.6923,2.5331,0.1665,0,Non-SST
6003.5,61.7669,4.0867,2.5164,0.1915,0,Non-SST
6004.0,68.4356,2.7769,2.504,0.2241,0,Non-SST
6004.5,75.1042,2.7207,2.5055,0.2598,0,Non-SST
6005.0,79.0398,3.3591,2.5054,0.2863,0,Non-SST
6005.5,80.0237,2.3995,2.5029,0.278,0,Non-SST
6006.0,79.3678,2.6578,2.4919,0.2671,0,Non-SST
6006.5,78.7119,3.6912,2.4595,0.2468,0,Non-SST
6007.0,81.0076,4.8998,2.4481,0.2519,0,Non-SST
6007.5,81.3356,5.539,2.4459,0.2532,0,Non-SST
6008.0,77.072,6.3249,2.4776,0.2531,0,Non-SST
6008.5,71.1686,9.5889,2.4936,0.2337,0,Non-SST
6009.0,64.6093,12.777,2.5306,0.2154,0,Non-SST
6009.5,61.0017,11.1288,2.5363,0.1894,0,Non-SST
6010.0,62.9695,8.6299,2.5232,0.1772,0,Non-SST
6010.5,65.1013,10.7546,2.5201,0.1672,0,Non-SST
6011.0,63.6254,7.004,2.5461,0.1676,0,Non-SST
6011.5,53.2945,3.4502,2.6134,0.152,0,Non-SST
6012.0,33.7805,5.4498,2.6462,0.1231,0,Non-SST
6012.5,19.35,12.5549,2.677,0.0906,0,Non-SST
6013.0,15.4144,13.0348,2.6649,0.069,0,Non-SST
6013.5,15.7424,12.1385,2.653,0.0562,0,Non-SST
6014.0,16.7263,13.3317,2.6366,0.0562,0,Non-SST
6014.5,17.7102,19.0518,2.6278,0.067,0,Non-SST
6015.0,19.678,18.293,2.6333,0.0816,0,Non-SST
6015.5,23.6136,18.1279,2.6131,0.0964,0,Non-SST
6016.0,31.8127,14.8459,2.6076,0.1066,0,Non-SST
6016.5,45.2593,9.9314,2.5969,0.1305,0,Non-SST
6017.0,61.0017,4.1478,2.5487,0.1574,0,Non-SST
6017.5,71.4966,3.3987,2.5395,0.1981,0,Non-SST
6018.0,70.1847,4.1544,2.5454,0.2216,0,Non-SST
6018.5,63.2975,5.0787,2.528,0.2363,0,Non-SST
6019.0,63.2975,5.0388,2.492,0.2267,0,Non-SST
6019.5,68.5449,3.4182,2.4549,0.2297,0,Non-SST
6020.0,69.8568,2.8731,2.4527,0.2477,0,Non-SST
6020.5,68.2169,2.8731,2.4627,0.2912,0,Non-SST
6021.0,70.1847,2.7182,2.4665,0.3158,0,Non-SST
6021.5,72.1525,2.5113,2.4729,0.3182,0,Non-SST
6022.0,78.9852,2.3771,2.4619,0.3079,0,Non-SST
6022.5,86.4737,2.3233,2.4596,0.3172,0,Non-SST
6023.0,92.6778,2.2374,2.4523,0.3241,0,Non-SST
6023.5,94.9462,1.9586,2.4464,0.3468,0,Non-SST
6024.0,92.8964,2.0779,2.462,0.3365,0,Non-SST
6024.5,87.239,2.2551,2.4791,0.3261,0,Non-SST
6025.0,81.0076,2.5231,2.4939,0.2956,0,Non-SST
6025.5,76.4161,2.9634,2.4988,0.2791,0,Non-SST
6026.0,72.6445,3.3496,2.4997,0.2602,0,Non-SST
6026.5,69.5288,4.0431,2.5122,0.2266,0,Non-SST
6027.0,65.9212,4.8635,2.5181,0.2086,0,Non-SST
6027.5,61.3297,4.8635,2.5551,0.1917,0,Non-SST
6028.0,58.05,6.1037,2.5805,0.1801,0,Non-SST
6028.5,56.0822,6.2746,2.6013,0.1633,0,Non-SST
6029.0,54.1144,5.9708,2.6171,0.1497,0,Non-SST
6029.5,52.4746,6.497,2.6404,0.1444,0,Non-SST
6030.0,49.8508,6.77,2.6371,0.1376,0,Non-SST
6030.5,44.9314,7.0984,2.6508,0.1394,0,Non-SST
6031.0,40.9958,7.303,2.665,0.1406,0,Non-SST
6031.5,41.9797,7.4916,2.6525,0.1424,0,Non-SST
6032.0,46.5712,7.7714,2.6336,0.1406,0,Non-SST
6032.5,49.8508,7.0926,2.6168,0.1428,0,Non-SST
6033.0,49.8508,6.4623,2.605,0.1543,0,Non-SST
6033.5,49.1949,6.5864,2.5999,0.1648,0,Non-SST
6034.0,48.539,7.2153,2.5863,0.1674,0,Non-SST
6034.5,49.1949,6.3222,2.6063,0.162,0,Non-SST
6035.0,45.5873,5.8418,2.6083,0.162,0,Non-SST
6035.5,37.0602,8.9276,2.6553,0.1573,0,Non-SST
6036.0,31.8127,11.3188,2.6433,0.1408,0,Non-SST
6036.5,33.4525,6.5028,2.636,0.1219,0,Non-SST
6037.0,34.7644,6.1427,2.62,0.105,0,Non-SST
6037.5,31.4847,9.8803,2.6277,0.1029,0,Non-SST
6038.0,26.2373,14.4671,2.6778,0.0977,0,Non-SST
6038.5,25.5814,14.1935,2.6907,0.0888,0,Non-SST
6039.0,24.9254,13.5777,2.6941,0.0795,0,Non-SST
6039.5,28.533,13.5777,2.6718,0.0743,0,Non-SST
6040.0,28.943,15.2691,2.6621,0.076,0,Non-SST
6040.5,28.5331,16.0726,2.6687,0.0762,0,Non-SST
6041.0,27.6311,18.5458,2.6862,0.0763,0,Non-SST
6041.5,26.0733,17.5229,2.6961,0.081,0,Non-SST
6042.0,26.8932,17.1287,2.6954,0.0878,0,Non-SST
6042.5,31.8127,18.4609,2.6526,0.0999,0,Non-SST
6043.0,42.3076,18.1115,2.6198,0.1103,0,Non-SST
6043.5,56.4102,8.0816,2.5392,0.1284,0,Non-SST
6044.0,61.6576,4.2001,2.4929,0.1576,0,Non-SST
6044.5,66.9051,3.664,2.4417,0.2104,0,Non-SST
6045.0,75.1042,3.664,2.4101,0.2695,0,Non-SST
6045.5,79.6958,2.5802,2.4079,0.3057,0,Non-SST
6046.0,79.6958,2.5655,2.4137,0.3048,0,Non-SST
6046.5,77.072,2.0284,2.4597,0.3079,0,Non-SST
6047.0,72.8085,2.2859,2.4823,0.2818,0,Non-SST
6047.5,65.5932,2.9063,2.5304,0.2502,0,Non-SST
6048.0,54.7703,4.6818,2.5604,0.2023,0,Non-SST
6048.5,44.2754,4.7638,2.6331,0.1762,0,Non-SST
6049.0,38.0441,5.6186,2.6549,0.1563,0,Non-SST
6049.5,37.3881,6.6821,2.6614,0.1496,0,Non-SST
6050.0,36.7322,6.536,2.6333,0.1436,0,Non-SST
6050.5,41.3237,6.536,2.6386,0.1425,0,Non-SST
6051.0,44.2754,6.1397,2.6037,0.1443,0,Non-SST
6051.5,43.6195,7.2875,2.6701,0.1485,0,Non-SST
6052.0,39.028,9.323,2.6767,0.1461,0,Non-SST
6052.5,34.4364,8.4945,2.6821,0.1399,0,Non-SST
6053.0,31.4847,7.5685,2.6941,0.1295,0,Non-SST
6053.5,30.8288,8.7376,2.6905,0.1259,0,Non-SST
6054.0,36.4042,8.1091,2.6605,0.1237,0,Non-SST
6054.5,47.5551,6.379,2.6148,0.1313,0,Non-SST
6055.0,59.0339,4.6674,2.561,0.1458,0,Non-SST
6055.5,64.9373,3.5312,2.5006,0.1748,0,Non-SST
6056.0,70.8407,3.5312,2.4697,0.2075,0,Non-SST
6056.5,80.3517,2.1655,2.453,0.2334,0,Non-SST
6057.0,81.9915,2.3395,2.4703,0.2396,0,Non-SST
6057.5,76.0881,3.4664,2.4902,0.2265,0,Non-SST
6058.0,64.9373,6.1488,2.5502,0.1979,0,Non-SST
6058.5,54.4424,7.2837,2.603,0.1656,0,Non-SST
6059.0,47.5551,7.8462,2.6298,0.1391,0,Non-SST
6059.5,41.3237,12.9287,2.6342,0.122,0,Non-SST
6060.0,35.4203,19.8088,2.6094,0.1158,0,Non-SST
6060.5,32.7966,19.1956,2.5778,0.1125,0,Non-SST
6061.0,30.1729,16.234,2.5277,0.1123,0,Non-SST
6061.5,27.5492,16.234,2.3912,0.1144,1,Gas
6062.0,27.8771,14.7258,2.3422,0.1241,1,Gas
6062.5,29.5169,14.3634,2.3765,0.1258,1,Gas
6063.0,29.8449,14.3978,2.498,0.1217,0,Non-SST
6063.5,29.189,14.1265,2.6,0.1119,0,Non-SST
6064.0,29.5169,13.1621,2.6599,0.1076,0,Non-SST
6064.5,31.4847,12.5549,2.6479,0.1053,0,Non-SST
6065.0,34.1085,13.7992,2.6189,0.106,0,Non-SST
6065.5,40.0119,13.0933,2.5783,0.1166,0,Non-SST
6066.0,45.9153,10.4465,2.5542,0.1337,0,Non-SST
6066.5,47.883,10.5544,2.5678,0.1505,0,Non-SST
6067.0,48.211,10.5544,2.5758,0.1597,0,Non-SST
6067.5,49.8508,12.5367,2.5845,0.1639,0,Non-SST
6068.0,50.5068,10.9037,2.5829,0.1787,0,Non-SST
6068.5,50.1788,7.0055,2.5826,0.1855,0,Non-SST
6069.0,50.8347,8.5094,2.5856,0.1945,0,Non-SST
6069.5,52.1466,6.0889,2.5585,0.1997,0,Non-SST
6070.0,57.9188,5.3845,2.5227,0.2132,0,Non-SST
6070.5,69.0041,5.784,2.5094,0.2285,0,Non-SST
6071.0,71.9722,4.7348,2.4994,0.2501,0,Non-SST
6071.5,74.9402,3.3579,2.4941,0.2658,0,Non-SST
6072.0,83.3444,3.3579,2.4501,0.2765,0,Non-SST
6072.5,88.2229,3.2592,2.4272,0.2905,0,Non-SST
6073.0,90.5186,2.9543,2.4265,0.3047,0,Non-SST
6073.5,90.5186,2.2805,2.43,0.311,0,Non-SST
6074.0,87.8949,2.1581,2.4287,0.3105,0,Non-SST
6074.5,82.6475,3.0174,2.4285,0.2976,0,Non-SST
6075.0,81.9915,2.9302,2.4519,0.2898,0,Non-SST
6075.5,81.3356,2.641,2.4593,0.2674,0,Non-SST
6076.0,76.0881,3.2843,2.486,0.2507,0,Non-SST
6076.5,69.5288,3.7804,2.488,0.2322,0,Non-SST
6077.0,63.2975,4.0447,2.5147,0.2213,0,Non-SST
6077.5,62.3136,4.0447,2.5149,0.2138,0,Non-SST
6078.0,64.9373,4.5841,2.5318,0.2087,0,Non-SST
6078.5,68.2169,4.6453,2.5177,0.2131,0,Non-SST
6079.0,71.4966,4.6403,2.5065,0.2176,0,Non-SST
6079.5,72.1525,4.5585,2.4939,0.2349,0,Non-SST
6080.0,71.4966,3.6577,2.466,0.2512,0,Non-SST
6080.5,70.8407,3.0244,2.4508,0.2883,0,Non-SST
6081.0,74.4483,2.6461,2.4372,0.3215,0,Non-SST
6081.5,71.8246,2.6461,2.4526,0.3194,0,Non-SST
6082.0,68.2169,2.4727,2.4554,0.3148,0,Non-SST
6082.5,69.0369,2.385,2.4703,0.2903,0,Non-SST
6083.0,69.6928,2.4612,2.4776,0.2864,0,Non-SST
6083.5,66.7411,2.409,2.485,0.2758,0,Non-SST
6084.0,64.1174,2.7577,2.5077,0.2691,0,Non-SST
6084.5,61.9856,3.0982,2.524,0.2584,0,Non-SST
6085.0,58.05,3.2843,2.5301,0.2432,0,Non-SST
6085.5,57.3941,3.3579,2.5049,0.2278,0,Non-SST
6086.0,62.9695,3.3425,2.4813,0.2247,0,Non-SST
6086.5,69.5288,3.3425,2.464,0.2318,0,Non-SST
6087.0,73.7924,3.4727,2.4505,0.2509,0,Non-SST
6087.5,77.728,3.297,2.4385,0.2691,0,Non-SST
6088.0,81.9915,3.1223,2.4147,0.2783,0,Non-SST
6088.5,85.2712,2.6461,2.3944,0.3055,0,Non-SST
6089.0,87.5669,2.5082,2.4075,0.3296,0,Non-SST
6089.5,90.5186,2.4849,2.4234,0.3582,0,Non-SST
6090.0,91.8305,2.3737,2.4445,0.3543,0,Non-SST
6090.5,88.8788,2.2589,2.4384,0.3518,0,Non-SST
6091.0,86.2551,2.38,2.438,0.35,0,Non-SST
6091.5,84.9432,2.4163,2.4317,0.3536,0,Non-SST
6092.0,82.6475,2.4119,2.4348,0.3325,0,Non-SST
6092.5,80.6797,2.2764,2.4196,0.3212,0,Non-SST
6093.0,78.3839,2.4662,2.4224,0.3214,0,Non-SST
6093.5,76.0881,2.3391,2.4198,0.3511,0,Non-SST
6094.0,75.7602,2.3886,2.4204,0.3535,0,Non-SST
6094.5,74.4483,2.4238,2.422,0.3406,0,Non-SST
6095.0,70.5127,2.5059,2.4217,0.3239,0,Non-SST
6095.5,66.5771,2.4788,2.442,0.3057,0,Non-SST
6096.0,63.6254,2.6537,2.461,0.2776,0,Non-SST
6096.5,61.3297,2.8065,2.4824,0.2609,0,Non-SST
6097.0,60.4186,3.0066,2.4901,0.2599,0,Non-SST
6097.5,60.4915,3.1847,2.5069,0.2636,0,Non-SST
6098.0,62.7144,3.2615,2.5079,0.2616,0,Non-SST
6098.5,68.7089,3.3342,2.4868,0.2594,0,Non-SST
6099.0,74.4483,3.2155,2.4657,0.2674,0,Non-SST
6099.5,76.9081,3.2513,2.4551,0.281,0,Non-SST
6100.0,77.4,4.3598,2.4646,0.2776,0,Non-SST
6100.5,77.728,5.2699,2.4852,0.2586,0,Non-SST
6101.0,76.4161,5.9278,2.5022,0.2286,0,Non-SST
6101.5,70.5127,5.8252,2.5401,0.2116,0,Non-SST
6102.0,63.2975,6.6476,2.5547,0.1933,0,Non-SST
6102.5,57.0661,7.8985,2.5845,0.1746,0,Non-SST
6103.0,49.5229,8.8423,2.6228,0.1564,0,Non-SST
6103.5,43.2915,7.9736,2.6403,0.1459,0,Non-SST
6104.0,41.6517,7.4397,2.6363,0.1434,0,Non-SST
6104.5,42.9636,7.1294,2.5994,0.1499,0,Non-SST
6105.0,45.2593,6.5968,2.5904,0.1604,0,Non-SST
6105.5,48.539,7.6329,2.5803,0.1706,0,Non-SST
6106.0,51.4907,6.8252,2.5736,0.1755,0,Non-SST
6106.5,52.4746,6.5094,2.5604,0.1869,0,Non-SST
6107.0,52.4746,6.0182,2.5414,0.2056,0,Non-SST
6107.5,52.4746,4.7618,2.5331,0.225,0,Non-SST
6108.0,59.0339,3.824,2.5218,0.2518,0,Non-SST
6108.5,61.0017,3.732,2.5084,0.2733,0,Non-SST
6109.0,58.7059,3.6193,2.5173,0.2972,0,Non-SST
6109.5,56.4102,3.4689,2.5003,0.3055,0,Non-SST
6110.0,56.0822,3.4219,2.5099,0.3028,0,Non-SST
6110.5,56.7381,3.0971,2.5131,0.2989,0,Non-SST
6111.0,57.722,3.0436,2.5087,0.2961,0,Non-SST
6111.5,60.3458,3.1128,2.4887,0.2985,0,Non-SST
6112.0,60.3458,3.0114,2.4836,0.3089,0,Non-SST
6112.5,60.3458,2.9624,2.4898,0.3018,0,Non-SST
6113.0,65.5932,2.9624,2.4825,0.3066,0,Non-SST
6113.5,71.1686,2.813,2.4606,0.3152,0,Non-SST
6114.0,74.7763,2.4297,2.4401,0.3336,0,Non-SST
6114.5,80.6797,2.4267,2.4195,0.3442,0,Non-SST
6115.0,88.5508,2.5438,2.4092,0.3543,0,Non-SST
6115.5,92.8144,2.3104,2.3932,0.3601,0,Non-SST
6116.0,94.1263,2.1282,2.4071,0.363,0,Non-SST
6116.5,93.4703,2.1132,2.43,0.353,0,Non-SST
6117.0,91.8305,2.0078,2.4515,0.3461,0,Non-SST
6117.5,89.2068,2.1956,2.4735,0.3319,0,Non-SST
6118.0,86.5831,2.3402,2.4745,0.3118,0,Non-SST
6118.5,79.3678,2.3402,2.4891,0.3005,0,Non-SST
6119.0,74.7763,2.4075,2.5169,0.2856,0,Non-SST
6119.5,68.8729,2.8311,2.5451,0.2605,0,Non-SST
6120.0,60.3458,3.2547,2.5877,0.2217,0,Non-SST
6120.5,50.5068,4.2866,2.6472,0.1901,0,Non-SST
6121.0,41.9797,5.0131,2.6814,0.1683,0,Non-SST
6121.5,39.028,5.1142,2.7083,0.1552,0,Non-SST
6122.0,40.6678,5.1098,2.7085,0.1464,0,Non-SST
6122.5,44.6034,4.5937,2.6522,0.1481,0,Non-SST
6123.0,48.539,4.4183,2.599,0.1636,0,Non-SST
6123.5,55.0983,3.9242,2.5667,0.2023,0,Non-SST
6124.0,60.0178,3.9242,2.5384,0.2442,0,Non-SST
6124.5,62.3136,3.7561,2.5233,0.272,0,Non-SST
6125.0,64.6093,3.7819,2.5194,0.2774,0,Non-SST
6125.5,67.561,3.5403,2.517,0.2884,0,Non-SST
6126.0,71.1686,3.2412,2.5204,0.2936,0,Non-SST
6126.5,76.7441,2.9362,2.5025,0.3026,0,Non-SST
6127.0,82.3195,2.8046,2.4853,0.3085,0,Non-SST
6127.5,86.5831,2.4112,2.4707,0.3153,0,Non-SST
6128.0,86.5831,2.2784,2.4781,0.3298,0,Non-SST
6128.5,86.5831,2.1748,2.4734,0.3187,0,Non-SST
6129.0,87.239,2.1748,2.4668,0.3167,0,Non-SST
6129.5,86.911,2.1385,2.46,0.314,0,Non-SST
6130.0,88.5508,2.2697,2.4349,0.3225,0,Non-SST
6130.5,92.4864,2.2805,2.431,0.3397,0,Non-SST
6131.0,95.4381,2.3621,2.4065,0.3379,0,Non-SST
6131.5,98.0619,2.2591,2.4008,0.338,0,Non-SST
6132.0,99.7017,2.3886,2.3929,0.3264,0,Non-SST
6132.5,98.3898,2.3735,2.4183,0.3278,0,Non-SST
6133.0,99.7017,2.3543,2.4507,0.3326,0,Non-SST
6133.5,101.0136,2.4605,2.4802,0.3286,0,Non-SST
6134.0,85.4898,2.7852,2.5013,0.326,0,Non-SST
6134.5,82.1008,2.7852,2.5333,0.3137,0,Non-SST
6135.0,78.7119,3.1319,2.5567,0.3065,0,Non-SST
6135.5,69.8568,3.9319,2.557,0.2873,0,Non-SST
6136.0,59.0339,4.3999,2.5735,0.2691,0,Non-SST
6136.5,46.2432,4.7369,2.5774,0.2523,0,Non-SST
6137.0,40.0119,4.5199,2.575,0.2359,0,Non-SST
6137.5,43.6195,4.6513,2.5487,0.2328,0,Non-SST
6138.0,51.4907,4.3725,2.5492,0.2428,0,Non-SST
6138.5,60.6737,3.8284,2.5341,0.2657,0,Non-SST
6139.0,70.5127,3.444,2.4958,0.2816,0,Non-SST
6139.5,80.0237,3.444,2.4687,0.29,0,Non-SST
6140.0,84.6152,3.221,2.4657,0.3131,0,Non-SST
6140.5,89.2068,2.4643,2.478,0.3353,0,Non-SST
6141.0,79.0398,2.8614,2.503,0.3331,0,Non-SST
6141.5,69.5288,2.9232,2.505,0.3216,0,Non-SST
6142.0,64.2814,2.9462,2.5177,0.3002,0,Non-SST
6142.5,62.6415,2.7324,2.522,0.3066,0,Non-SST
6143.0,62.6415,2.478,2.5078,0.2966,0,Non-SST
6143.5,65.2653,2.8721,2.4954,0.3147,0,Non-SST
6144.0,71.1686,2.814,2.4825,0.3147,0,Non-SST
6144.5,77.4,2.4127,2.4916,0.3105,0,Non-SST
6145.0,81.6636,2.2825,2.5006,0.3077,0,Non-SST
6145.5,83.9593,2.3742,2.5001,0.3054,0,Non-SST
6146.0,80.0237,2.6744,2.5011,0.3187,0,Non-SST
6146.5,76.0881,2.6744,2.5088,0.3166,0,Non-SST
6147.0,70.8407,3.0264,2.5164,0.311,0,Non-SST
6147.5,67.889,3.1901,2.5118,0.2985,0,Non-SST
6148.0,65.5932,3.1651,2.5076,0.2952,0,Non-SST
6148.5,63.9534,3.0753,2.5016,0.2919,0,Non-SST
6149.0,63.9534,3.0578,2.4975,0.296,0,Non-SST
6149.5,66.9051,2.9382,2.4937,0.2937,0,Non-SST
6150.0,74.7763,2.7632,2.4931,0.2955,0,Non-SST
6150.5,82.3195,2.3908,2.4907,0.3063,0,Non-SST
6151.0,83.9593,2.3886,2.4886,0.3168,0,Non-SST
6151.5,84.6152,2.3742,2.4879,0.3235,0,Non-SST
6152.0,85.2712,2.3742,2.4895,0.3223,0,Non-SST
6152.5,76.0881,2.6065,2.4974,0.3052,0,Non-SST
6153.0,67.889,2.7316,2.498,0.3003,0,Non-SST
6153.5,62.9695,2.9332,2.5067,0.2877,0,Non-SST
6154.0,62.9695,2.9382,2.5082,0.2854,0,Non-SST
6154.5,66.9051,2.9113,2.5108,0.2849,0,Non-SST
6155.0,73.1364,2.8557,2.5073,0.2948,0,Non-SST
6155.5,76.7441,2.5358,2.5052,0.3082,0,Non-SST
6156.0,72.1525,2.6174,2.5164,0.3084,0,Non-SST
6156.5,70.8407,2.7504,2.5153,0.3046,0,Non-SST
6157.0,69.5288,2.2128,2.5267,0.3036,0,Non-SST
6157.5,78.3839,1.7995,2.5353,0.2995,0,Non-SST
6158.0,84.6152,1.7995,2.547,0.3021,0,Non-SST
6158.5,90.5186,2.0814,2.5468,0.3004,0,Non-SST
6159.0,93.4703,2.0919,2.5334,0.3062,0,Non-SST
6159.5,91.1746,2.0832,2.5202,0.2974,0,Non-SST
6160.0,91.8305,2.2199,2.4978,0.2944,0,Non-SST
6160.5,97.078,2.2531,2.4985,0.2991,0,Non-SST
6161.0,98.0619,2.2872,2.4811,0.2973,0,Non-SST
6161.5,93.1424,2.3557,2.4933,0.297,0,Non-SST
6162.0,91.8305,2.5035,2.4749,0.2918,0,Non-SST
6162.5,90.5186,2.5176,2.4894,0.2982,0,Non-SST
6163.0,86.5831,2.5176,2.5011,0.2938,0,Non-SST
6163.5,82.3195,2.5342,2.5173,0.2874,0,Non-SST
6164.0,77.4,2.9382,2.5148,0.2832,0,Non-SST
6164.5,72.8085,3.2378,2.533,0.2802,0,Non-SST
6165.0,69.5288,3.2912,2.5206,0.266,0,Non-SST
6165.5,67.561,3.0294,2.5189,0.2554,0,Non-SST
6166.0,66.9051,3.1738,2.5077,0.2569,0,Non-SST
6166.5,67.889,3.1694,2.5232,0.2602,0,Non-SST
6167.0,70.8407,3.2558,2.5304,0.2595,0,Non-SST
6167.5,68.2169,3.1684,2.5403,0.2435,0,Non-SST
6168.0,65.5932,3.3307,2.5428,0.2434,0,Non-SST
6168.5,61.0017,3.3307,2.5404,0.2462,0,Non-SST
6169.0,60.3458,3.4478,2.5412,0.2405,0,Non-SST
6169.5,60.6737,3.3698,2.5445,0.2425,0,Non-SST
6170.0,60.6737,3.1858,2.5359,0.2437,0,Non-SST
6170.5,63.2975,3.1662,2.5258,0.2606,0,Non-SST
6171.0,67.561,3.1619,2.5382,0.2684,0,Non-SST
6171.5,72.1525,3.1097,2.5311,0.2762,0,Non-SST
6172.0,78.7119,2.9272,2.5305,0.2785,0,Non-SST
6172.5,82.6475,2.4888,2.5157,0.2795,0,Non-SST
6173.0,86.5831,2.3944,2.528,0.2868,0,Non-SST
6173.5,84.2873,2.3944,2.5308,0.3015,0,Non-SST
6174.0,81.9915,2.5712,2.507,0.3152,0,Non-SST
6174.5,81.9915,2.555,2.4983,0.3193,0,Non-SST
6175.0,87.5669,2.5639,2.491,0.328,0,Non-SST
6175.5,94.1263,2.311,2.4815,0.3358,0,Non-SST
6176.0,99.7017,2.4112,2.4581,0.3569,0,Non-SST
6176.5,106.9169,2.5526,2.4424,0.3627,0,Non-SST
6177.0,111.1805,2.5406,2.4373,0.3619,0,Non-SST
6177.5,110.1966,2.6082,2.4342,0.3482,0,Non-SST
6178.0,109.5407,2.7333,2.4398,0.3378,0,Non-SST
6178.5,108.8847,3.0274,2.4563,0.3243,0,Non-SST
6179.0,98.7178,3.0274,2.4929,0.3144,0,Non-SST
6179.5,87.5669,3.3272,2.5142,0.3003,0,Non-SST
6180.0,77.4,3.3794,2.5159,0.2892,0,Non-SST
6180.5,69.2008,3.5768,2.509,0.2673,0,Non-SST
6181.0,65.5932,3.6957,2.504,0.2639,0,Non-SST
6181.5,69.2008,3.7222,2.4902,0.2707,0,Non-SST
6182.0,77.4,3.498,2.4726,0.283,0,Non-SST
6182.5,86.5831,3.3378,2.4552,0.2867,0,Non-SST
6183.0,95.7661,3.0929,2.4451,0.2854,0,Non-SST
6183.5,97.7339,3.1586,2.4367,0.3053,0,Non-SST
6184.0,99.7017,3.1139,2.4288,0.3287,0,Non-SST
6184.5,99.0458,3.1139,2.4176,0.3339,0,Non-SST
6185.0,100.3576,3.1576,2.4031,0.3305,0,Non-SST
6185.5,102.6534,2.9533,2.3947,0.3175,0,Non-SST
6186.0,106.261,2.9382,2.3923,0.3314,0,Non-SST
6186.5,108.2288,2.8567,2.3923,0.3346,0,Non-SST
6187.0,109.2127,2.9113,2.4036,0.3559,0,Non-SST
6187.5,109.8686,2.8056,2.4078,0.3515,0,Non-SST
6188.0,107.5729,2.7972,2.4181,0.3454,0,Non-SST
6188.5,104.2932,2.8093,2.4072,0.3312,0,Non-SST
6189.0,101.0136,2.7577,2.4112,0.3266,0,Non-SST
6189.5,101.6695,2.7577,2.4075,0.3145,0,Non-SST
6190.0,99.7017,2.8557,2.4315,0.3111,0,Non-SST
6190.5,94.4542,2.9911,2.4313,0.3003,0,Non-SST
6191.0,88.5508,3.0114,2.4502,0.2901,0,Non-SST
6191.5,81.9915,3.0982,2.4585,0.2712,0,Non-SST
6192.0,73.7924,3.1792,2.4645,0.2486,0,Non-SST
6192.5,67.561,3.312,2.4672,0.2414,0,Non-SST
6193.0,66.5771,3.3818,2.4795,0.2333,0,Non-SST
6193.5,70.8407,3.2935,2.4916,0.2383,0,Non-SST
6194.0,71.4966,3.1836,2.4988,0.2379,0,Non-SST
6194.5,72.1525,3.1149,2.4887,0.242,0,Non-SST
6195.0,72.1525,3.1149,2.4918,0.2423,0,Non-SST
6195.5,73.4644,3.1308,2.4942,0.2502,0,Non-SST
6196.0,73.7924,3.1329,2.5068,0.2477,0,Non-SST
6196.5,75.7602,3.0558,2.5136,0.2533,0,Non-SST
6197.0,80.3517,3.0214,2.5112,0.2567,0,Non-SST
6197.5,80.6797,2.9604,2.5132,0.2627,0,Non-SST
6198.0,75.4322,2.9503,2.5177,0.2621,0,Non-SST
6198.5,67.561,2.9392,2.5338,0.2539,0,Non-SST
6199.0,56.4102,3.1034,2.5467,0.2508,0,Non-SST
6199.5,56.4102,3.2355,2.547,0.2418,0,Non-SST
6200.0,56.4102,3.1934,2.5414,0.2401,0,Non-SST
6200.5,61.6576,3.1934,2.5406,0.2409,0,Non-SST
6201.0,64.2814,2.9777,2.5431,0.2456,0,Non-SST
6201.5,68.5449,2.7032,2.5491,0.2597,0,Non-SST
6202.0,73.7924,2.4772,2.5411,0.2671,0,Non-SST
6202.5,77.728,2.5004,2.5383,0.2829,0,Non-SST
6203.0,78.3839,2.4773,2.5246,0.2787,0,Non-SST
6203.5,73.7924,2.3536,2.5245,0.277,0,Non-SST
6204.0,65.5932,2.8596,2.5192,0.2701,0,Non-SST
6204.5,67.561,2.9645,2.5289,0.2674,0,Non-SST
6205.0,69.5288,2.6554,2.5322,0.2688,0,Non-SST
6205.5,71.4966,2.6554,2.5288,0.2765,0,Non-SST
6206.0,74.4483,2.4312,2.5236,0.2897,0,Non-SST
6206.5,75.4322,2.2845,2.5182,0.2954,0,Non-SST
6207.0,73.7924,2.5184,2.5167,0.2912,0,Non-SST
6207.5,70.1847,2.5655,2.5064,0.282,0,Non-SST
6208.0,65.9212,2.555,2.5084,0.2778,0,Non-SST
6208.5,64.9373,2.874,2.517,0.2732,0,Non-SST
6209.0,64.9373,2.9113,2.5166,0.2683,0,Non-SST
6209.5,64.2814,2.9232,2.5219,0.2683,0,Non-SST
6210.0,64.9373,2.8779,2.5061,0.2763,0,Non-SST
6210.5,65.5932,2.8896,2.5028,0.2871,0,Non-SST
6211.0,68.2169,2.8896,2.4937,0.2896,0,Non-SST
6211.5,68.2169,2.9152,2.5061,0.2839,0,Non-SST
6212.0,68.5449,2.9942,2.523,0.2773,0,Non-SST
6212.5,71.1686,3.1436,2.5337,0.2761,0,Non-SST
6213.0,73.1364,3.1825,2.5387,0.2804,0,Non-SST
6213.5,74.1203,3.1576,2.5531,0.2689,0,Non-SST
6214.0,77.072,3.221,2.5579,0.266,0,Non-SST
6214.5,80.6797,3.2592,2.5686,0.2589,0,Non-SST
6215.0,81.3356,3.1013,2.5688,0.262,0,Non-SST
6215.5,82.6475,3.2809,2.5699,0.2659,0,Non-SST
6216.0,83.9593,3.2683,2.5609,0.2668,0,Non-SST
6216.5,80.3517,3.2683,2.558,0.2765,0,Non-SST
6217.0,77.4,3.1404,2.5601,0.2818,0,Non-SST
6217.5,74.7763,3.2434,2.5622,0.2828,0,Non-SST
6218.0,73.7924,3.2524,2.5605,0.2835,0,Non-SST
6218.5,74.4483,3.4853,2.5581,0.2715,0,Non-SST
6219.0,73.4644,3.6207,2.559,0.2736,0,Non-SST
6219.5,70.5127,3.2797,2.5469,0.2782,0,Non-SST
6220.0,66.9051,3.1149,2.5449,0.2715,0,Non-SST
6220.5,69.5288,3.2088,2.5457,0.2729,0,Non-SST
6221.0,72.1525,2.9563,2.5506,0.2703,0,Non-SST
6221.5,73.7924,2.9563,2.539,0.2872,0,Non-SST
6222.0,74.4483,2.8916,2.5283,0.2908,0,Non-SST
6222.5,74.4483,2.7595,2.532,0.2849,0,Non-SST
6223.0,73.7924,2.658,2.5404,0.2769,0,Non-SST
6223.5,74.1203,2.5462,2.5408,0.2775,0,Non-SST
6224.0,74.4483,2.5239,2.5432,0.2736,0,Non-SST
6224.5,73.1364,2.4068,2.5463,0.2952,0,Non-SST
6225.0,70.8407,2.3304,2.5468,0.2947,0,Non-SST
6225.5,70.1847,2.535,2.543,0.3013,0,Non-SST
6226.0,69.5288,2.6149,2.5214,0.2835,0,Non-SST
6226.5,66.5771,2.6317,2.5234,0.2796,0,Non-SST
6227.0,67.2658,2.6317,2.5284,0.2793,0,Non-SST
6227.5,70.2503,2.6726,2.5314,0.2762,0,Non-SST
6228.0,71.8574,2.5655,2.53,0.2747,0,Non-SST
6228.5,73.4644,2.6099,2.5186,0.2813,0,Non-SST
6229.0,76.0881,2.6606,2.5217,0.2838,0,Non-SST
6229.5,76.0881,2.5941,2.5289,0.2788,0,Non-SST
6230.0,76.0881,2.5129,2.5432,0.2672,0,Non-SST
6230.5,77.4,2.4364,2.5516,0.2639,0,Non-SST
6231.0,79.0398,2.409,2.5581,0.2542,0,Non-SST
6231.5,78.0559,2.4119,2.5649,0.2583,0,Non-SST
6232.0,76.7441,2.4119,2.5611,0.2592,0,Non-SST
6232.5,77.4,2.3966,2.5654,0.2799,0,Non-SST
6233.0,78.3839,2.2637,2.5689,0.2983,0,Non-SST
6233.5,79.0398,2.2276,2.5763,0.3022,0,Non-SST
6234.0,79.3678,2.2387,2.5691,0.2997,0,Non-SST
6234.5,78.7119,2.1575,2.5638,0.2885,0,Non-SST
6235.0,78.0559,2.2102,2.5586,0.2887,0,Non-SST
6235.5,77.4,2.2141,2.5628,0.2878,0,Non-SST
6236.0,75.7602,2.209,2.5592,0.2984,0,Non-SST
6236.5,75.7602,2.2192,2.5752,0.3002,0,Non-SST
6237.0,75.4322,2.2485,2.5732,0.3043,0,Non-SST
6237.5,73.7924,2.2691,2.5768,0.2923,0,Non-SST
6238.0,73.1364,2.3857,2.5683,0.2911,0,Non-SST
6238.5,73.1364,2.3193,2.5603,0.2903,0,Non-SST
6239.0,71.8246,2.3465,2.5589,0.2854,0,Non-SST
6239.5,71.1686,2.5216,2.5631,0.2843,0,Non-SST
6240.0,72.8085,2.5462,2.5485,0.2847,0,Non-SST
6240.5,76.0881,2.5671,2.5473,0.284,0,Non-SST
6241.0,76.0881,2.5999,2.5545,0.2808,0,Non-SST
6241.5,76.0881,2.5999,2.5721,0.2852,0,Non-SST
6242.0,75.1042,2.5991,2.5805,0.2908,0,Non-SST
6242.5,76.0881,2.6804,2.5725,0.2897,0,Non-SST
6243.0,76.4161,2.7432,2.5625,0.2801,0,Non-SST
6243.5,76.4161,2.7067,2.5525,0.2729,0,Non-SST
6244.0,76.7441,2.8634,2.5353,0.2781,0,Non-SST
6244.5,76.7441,2.8481,2.5434,0.2779,0,Non-SST
6245.0,77.072,2.7888,2.5476,0.2807,0,Non-SST
6245.5,77.4,2.8121,2.5555,0.2774,0,Non-SST
6246.0,75.4322,2.9422,2.5702,0.2845,0,Non-SST
6246.5,73.4644,2.9312,2.5656,0.286,0,Non-SST
6247.0,77.728,2.9312,2.5696,0.2856,0,Non-SST
6247.5,80.6797,3.0385,2.5678,0.275,0,Non-SST
6248.0,80.3517,3.0753,2.5812,0.2763,0,Non-SST
6248.5,78.7119,3.1511,2.5734,0.2741,0,Non-SST
6249.0,78.0559,3.1967,2.5673,0.2768,0,Non-SST
6249.5,78.3839,3.2981,2.5536,0.2644,0,Non-SST
6250.0,78.3839,3.3806,2.5574,0.2685,0,Non-SST
6250.5,76.7441,3.4677,2.5575,0.2714,0,Non-SST
6251.0,73.4644,3.5261,2.5628,0.279,0,Non-SST
6251.5,76.7441,3.769,2.5556,0.2837,0,Non-SST
6252.0,80.0237,3.8624,2.5551,0.2814,0,Non-SST
6252.5,77.4,3.8624,2.5651,0.2823,0,Non-SST
6253.0,76.0881,3.8225,2.5647,0.2834,0,Non-SST
6253.5,76.7441,3.759,2.5585,0.2766,0,Non-SST
6254.0,76.0881,3.6368,2.537,0.2797,0,Non-SST
6254.5,74.1203,3.5834,2.5441,0.2712,0,Non-SST
6255.0,73.4644,3.5926,2.5564,0.2754,0,Non-SST
6255.5,73.7924,3.5351,2.5621,0.272,0,Non-SST
6256.0,76.0881,3.4565,2.5592,0.2685,0,Non-SST
6256.5,78.0559,3.2935,2.5544,0.2736,0,Non-SST
6257.0,80.0237,3.0888,2.5548,0.2742,0,Non-SST
6257.5,78.7119,3.0888,2.5493,0.2806,0,Non-SST
6258.0,77.072,2.8828,2.5359,0.2822,0,Non-SST
6258.5,77.728,2.7604,2.5355,0.2871,0,Non-SST
6259.0,77.728,2.6512,2.5364,0.2933,0,Non-SST
6259.5,76.0881,2.6623,2.5383,0.2896,0,Non-SST
6260.0,76.4161,2.5406,2.5322,0.2872,0,Non-SST
6260.5,77.728,2.4401,2.5259,0.2824,0,Non-SST
6261.0,78.0559,2.2644,2.5103,0.2899,0,Non-SST
6261.5,78.7119,1.9069,2.4965,0.2986,0,Non-SST
6262.0,79.3678,1.929,2.4921,0.308,0,Non-SST
6262.5,80.0237,1.8438,2.4945,0.3092,0,Non-SST
6263.0,76.4161,1.8438,2.4944,0.3121,0,Non-SST
6263.5,75.7602,1.7396,2.4959,0.316,0,Non-SST
6264.0,78.0559,1.6072,2.4787,0.3221,0,Non-SST
6264.5,81.0076,1.6606,2.4808,0.3276,0,Non-SST
6265.0,80.3517,1.6488,2.4811,0.3166,0,Non-SST
6265.5,77.072,1.6169,2.4927,0.3161,0,Non-SST
6266.0,76.0881,1.6745,2.4987,0.3095,0,Non-SST
6266.5,80.0237,1.7355,2.503,0.3205,0,Non-SST
6267.0,79.3678,1.7806,2.5091,0.324,0,Non-SST
6267.5,78.7119,1.9027,2.4995,0.3231,0,Non-SST
6268.0,77.4,2.0089,2.4862,0.3103,0,Non-SST
6268.5,76.7441,2.0089,2.4682,0.2808,0,Non-SST
6269.0,75.7602,2.2886,2.4737,0.2596,0,Non-SST
6269.5,72.4805,2.5908,2.4968,0.2296,0,Non-SST
6270.0,67.561,3.0365,2.5125,0.21,0,Non-SST
6270.5,61.9856,3.1716,2.5163,0.1879,0,Non-SST
6271.0,56.4102,3.249,2.5044,0.1754,0,Non-SST
6271.5,51.8186,3.1825,2.4758,0.1658,0,Non-SST
6272.0,48.211,3.1934,2.4292,0.1688,0,Non-SST
6272.5,45.9153,3.2333,2.4085,0.1736,0,Non-SST
6273.0,45.2593,3.2088,2.3884,0.1846,5,WTR
6273.5,44.6034,3.2088,2.3771,0.1851,5,WTR
6274.0,43.2915,3.1814,2.3519,0.1944,5,WTR
6274.5,42.3076,3.1869,2.3394,0.1891,5,WTR
6275.0,41.3237,3.2133,2.3228,0.1913,5,WTR
6275.5,41.1597,3.1836,2.3199,0.1827,5,WTR
6276.0,41.6517,3.1202,2.332,0.1849,5,WTR
6276.5,41.1597,3.0857,2.3634,0.1869,5,WTR
6277.0,41.1597,3.0517,2.3723,0.1937,5,WTR
6277.5,40.0119,3.0274,2.3716,0.1996,5,WTR
6278.0,37.2242,3.0264,2.3454,0.206,5,WTR
6278.5,36.0763,3.0264,2.3197,0.2056,5,WTR
6279.0,35.4203,3.0234,2.3116,0.2089,5,WTR
6279.5,35.0924,3.0134,2.3079,0.2081,5,WTR
6280.0,36.0763,3.0249,2.3025,0.2126,5,WTR
6280.5,37.3881,3.0466,2.302,0.2118,5,WTR
6281.0,38.7,3.0446,2.3112,0.2064,5,WTR
6281.5,39.3559,3.0395,2.3283,0.2069,5,WTR
6282.0,39.3559,3.0019,2.3375,0.2079,5,WTR
6282.5,40.9958,2.9665,2.3745,0.207,5,WTR
6283.0,44.4394,2.9604,2.4238,0.2035,5,WTR
6283.5,47.3364,2.9824,2.4324,0.203,0,Non-SST
6284.0,48.9216,2.9736,2.4268,0.2014,0,Non-SST
6284.5,47.6644,2.9655,2.4096,0.1936,5,WTR
6285.0,44.6034,2.9093,2.4037,0.1887,5,WTR
6285.5,45.2593,2.8605,2.4153,0.1883,5,WTR
6286.0,49.5229,2.8385,2.4242,0.196,0,Non-SST
6286.5,52.1466,2.8567,2.4426,0.2008,0,Non-SST
6287.0,53.6225,2.831,2.4502,0.2015,0,Non-SST
6287.5,55.4263,2.7981,2.4662,0.1976,0,Non-SST
6288.0,56.2462,2.7714,2.4586,0.1934,5,WTR
6288.5,56.7381,2.755,2.451,0.1955,0,Non-SST
6289.0,54.4424,2.7541,2.4265,0.1951,5,WTR
6289.5,48.211,2.7668,2.3902,0.1942,5,WTR
6290.0,42.9636,2.7545,2.3546,0.1863,5,WTR
6290.5,40.3398,2.7518,2.3393,0.1888,5,WTR
6291.0,39.6839,2.7552,2.326,0.1909,5,WTR
6291.5,40.9958,2.7783,2.3013,0.1983,5,WTR
6292.0,41.9797,2.8457,2.2934,0.2011,5,WTR
6292.5,43.2915,2.8804,2.2687,0.2077,5,WTR
6293.0,45.9153,2.8224,2.2907,0.2101,5,WTR
6293.5,47.883,2.8721,2.3116,0.2125,5,WTR
6294.0,49.8508,3.0214,2.3666,0.2186,5,WTR
6294.5,53.1305,3.4106,2.4218,0.2216,0,Non-SST
6295.0,61.0017,3.4903,2.5007,0.222,0,Non-SST
6295.5,75.4322,3.3555,2.5274,0.2157,0,Non-SST
6296.0,87.239,3.512,2.5348,0.2109,0,Non-SST
6296.5,86.2551,3.7405,2.5208,0.1976,0,Non-SST
6297.0,74.7763,3.273,2.4932,0.1815,0,Non-SST
6297.5,61.0017,3.5742,2.4627,0.1671,0,Non-SST
6298.0,50.1788,3.7462,2.4583,0.161,0,Non-SST
6298.5,44.2754,3.8505,2.4496,0.1588,0,Non-SST
6299.0,44.2754,3.7718,2.4546,0.1603,0,Non-SST
6299.5,46.8992,3.6777,2.4286,0.1635,0,Non-SST
6300.0,46.2432,3.6764,2.3996,0.1693,0,Non-SST
6300.5,44.2754,3.312,2.3858,0.1847,5,WTR
6301.0,43.6195,3.1608,2.3763,0.1961,5,WTR
6301.5,42.3076,2.9849,2.3732,0.1984,5,WTR
6302.0,40.3398,2.8945,2.3753,0.1963,5,WTR
6302.5,40.3398,3.0214,2.3932,0.1903,5,WTR
6303.0,42.9636,3.1308,2.408,0.1933,5,WTR
6303.5,43.9475,3.4219,2.4083,0.1894,0,Non-SST
6304.0,41.6517,3.586,2.4165,0.1866,0,Non-SST
6304.5,39.6839,3.8713,2.4351,0.178,0,Non-SST
6305.0,40.0119,4.4313,2.4652,0.1753,0,Non-SST
6305.5,41.1597,5.0175,2.4687,0.1675,0,Non-SST
6306.0,41.9797,5.8032,2.4432,0.1626,0,Non-SST
6306.5,42.4716,6.6101,2.4219,0.1601,0,Non-SST
6307.0,43.6195,6.773,2.4111,0.1665,0,Non-SST
6307.5,45.5873,7.3953,2.4277,0.168,0,Non-SST
6308.0,47.2271,13.9286,2.4555,0.1629,0,Non-SST
6308.5,48.539,22.7183,2.513,0.1501,0,Non-SST
6309.0,47.883,23.1697,2.5251,0.1429,0,Non-SST
6309.5,47.2271,22.9065,2.5342,0.1323,0,Non-SST
6310.0,47.2271,22.3273,2.5538,0.1243,0,Non-SST
6310.5,45.2593,34.6982,2.5871,0.127,0,Non-SST
6311.0,42.9636,53.6445,2.6121,0.13,0,Non-SST
6311.5,40.0119,27.0759,2.6175,0.1345,0,Non-SST
6312.0,36.4042,35.2222,2.6085,0.1277,0,Non-SST
6312.5,35.4203,32.5238,2.5457,0.1234,0,Non-SST
6313.0,37.0602,35.9915,2.5039,0.1236,0,Non-SST
6313.5,39.028,31.7485,2.4616,0.1355,0,Non-SST
6314.0,40.0119,27.911,2.4496,0.149,0,Non-SST
6314.5,39.028,20.5174,2.4678,0.1579,0,Non-SST
6315.0,37.3881,24.6226,2.4749,0.1573,0,Non-SST
6315.5,35.7483,24.6226,2.5006,0.149,0,Non-SST
6316.0,34.7644,14.572,2.5049,0.1334,0,Non-SST
6316.5,35.4203,10.4332,2.5119,0.1231,0,Non-SST
6317.0,35.4203,8.6096,2.5384,0.1216,0,Non-SST
6317.5,35.4203,7.067,2.5614,0.1229,0,Non-SST
6318.0,36.0763,7.8116,2.572,0.115,0,Non-SST
6318.5,38.372,9.2257,2.5754,0.1079,0,Non-SST
6319.0,41.6517,10.7057,2.5756,0.1051,0,Non-SST
6319.5,43.4555,11.1154,2.5782,0.1073,0,Non-SST
6320.0,41.4877,11.3341,2.6004,0.1094,0,Non-SST
6320.5,36.8962,14.9067,2.6154,0.1156,0,Non-SST
6321.0,33.6165,15.8098,2.6692,0.108,0,Non-SST
6321.5,32.1407,14.5368,2.7045,0.0979,0,Non-SST
6322.0,29.8449,13.2315,2.7242,0.0841,0,Non-SST
6322.5,26.5653,13.6824,2.7631,0.0814,0,Non-SST
6323.0,24.5975,15.3796,2.7861,0.0816,0,Non-SST
6323.5,24.2695,15.3796,2.76,0.0817,0,Non-SST
6324.0,23.9415,15.0467,2.7342,0.0835,0,Non-SST
6324.5,23.6136,14.7138,2.7127,0.0897,0,Non-SST
6325.0,24.2695,13.5052,2.7064,0.1041,0,Non-SST
6325.5,24.9254,13.4949,2.6625,0.1128,0,Non-SST
6326.0,36.4042,14.9801,2.6011,0.1205,0,Non-SST
6326.5,45.9153,13.5258,2.606,0.1225,0,Non-SST
6327.0,52.8025,13.0154,2.5947,0.1388,0,Non-SST
6327.5,57.5034,13.1626,2.6174,0.1531,0,Non-SST
6328.0,58.9246,11.4123,2.6083,0.1722,0,Non-SST
6328.5,58.6185,10.3603,2.6106,0.1833,0,Non-SST
6329.0,59.6242,9.1078,2.6001,0.1866,0,Non-SST
6329.5,60.7393,8.2484,2.6025,0.1849,0,Non-SST
6330.0,60.6737,8.7376,2.6026,0.1818,0,Non-SST
6330.5,59.7554,7.7475,2.5962,0.1805,0,Non-SST
6331.0,57.8532,8.5995,2.5919,0.1714,0,Non-SST
6331.5,55.8198,8.5995,2.5589,0.1603,0,Non-SST
6332.0,53.2289,7.9469,2.6846,0.1495,0,Non-SST
6332.5,48.211,9.8297,2.6968,0.142,0,Non-SST
6333.0,40.5038,10.7617,2.701,0.1203,0,Non-SST
6333.5,33.1246,11.3648,2.7047,0.1035,0,Non-SST
6334.0,29.189,11.7044,2.6814,0.0861,0,Non-SST
6334.5,28.533,11.7044,2.6775,0.0783,0,Non-SST
6335.0,29.5169,13.4425,2.6954,0.071,0,Non-SST
6335.5,30.1729,15.4662,2.7199,0.0673,0,Non-SST
6336.0,29.8449,16.6597,2.7062,0.0639,0,Non-SST
6336.5,30.1729,16.4118,2.6809,0.0662,0,Non-SST
6337.0,32.1407,16.0716,2.6755,0.0723,0,Non-SST
6337.5,34.1085,15.3297,2.6766,0.084,0,Non-SST
6338.0,35.4203,15.5554,2.6947,0.0942,0,Non-SST
6338.5,36.7322,15.3218,2.7165,0.1012,0,Non-SST
6339.0,32.4686,13.7914,2.7235,0.1023,0,Non-SST
6339.5,30.1729,13.4131,2.718,0.102,0,Non-SST
6340.0,28.533,13.2515,2.7121,0.0981,0,Non-SST
6340.5,26.8932,14.0159,2.732,0.0914,0,Non-SST
6341.0,26.5653,14.6308,2.7252,0.0828,0,Non-SST
6341.5,26.8932,14.9311,2.7105,0.074,0,Non-SST
6342.0,26.7292,14.3406,2.6997,0.068,0,Non-SST
6342.5,26.4013,13.0445,2.6908,0.0612,0,Non-SST
6343.0,25.0894,16.5652,2.7013,0.0549,0,Non-SST
6343.5,23.5589,16.2475,2.6988,0.0498,0,Non-SST
6344.0,23.8322,15.6429,2.6982,0.048,0,Non-SST
6344.5,25.1987,15.6429,2.6603,0.0499,0,Non-SST
6345.0,26.8932,14.8581,2.5691,0.0588,0,Non-SST
6345.5,29.025,13.994,2.4718,0.0702,0,Non-SST
6346.0,31.6487,9.7545,2.3908,0.0932,1,Gas
6346.5,36.0763,8.5094,2.3797,0.1177,1,Gas
6347.0,42.1436,8.3291,2.401,0.1364,0,Non-SST
6347.5,46.5712,7.3261,2.4305,0.1438,0,Non-SST
6348.0,47.0631,5.9489,2.4464,0.1452,0,Non-SST
6348.5,44.2754,5.9489,2.4537,0.1486,0,Non-SST
6349.0,40.5038,7.0089,2.4683,0.1419,0,Non-SST
6349.5,37.9347,8.1295,2.5039,0.1316,0,Non-SST
6350.0,36.3496,8.9326,2.5469,0.1233,0,Non-SST
6350.5,34.4364,8.1979,2.5444,0.1146,0,Non-SST
6351.0,32.7419,7.4138,2.4795,0.111,0,Non-SST
6351.5,31.0475,6.407,2.426,0.1145,0,Non-SST
6352.0,29.7356,6.0768,2.3354,0.1244,0,Non-SST
6352.5,28.861,5.639,2.2647,0.1446,5,WTR
6353.0,26.7292,5.1772,2.2262,0.1716,5,WTR
6353.5,24.2695,5.1358,2.2092,0.2022,5,WTR
6354.0,22.7936,4.4151,2.2057,0.2186,5,WTR
6354.5,22.7936,3.023,2.2031,0.2145,5,WTR
6355.0,23.4496,2.6165,2.2439,0.2093,5,WTR
6355.5,23.1216,2.8799,2.3025,0.1905,5,WTR
6356.0,23.7775,3.977,2.368,0.1656,0,Non-SST
6356.5,26.2373,6.4106,2.3388,0.1427,5,WTR
6357.0,26.5653,7.2648,2.3077,0.1313,1,Gas
6357.5,25.2534,5.0207,2.298,0.1429,5,WTR
6358.0,26.2373,2.3724,2.3734,0.1669,0,Non-SST
6358.5,28.2051,2.8687,2.4471,0.1678,0,Non-SST
6359.0,29.5169,3.6039,2.4574,0.1513,0,Non-SST
6359.5,29.8449,3.5707,2.3683,0.147,0,Non-SST
6360.0,28.861,0.7437,2.2921,0.1664,0,Non-SST
6360.5,29.189,1.0122,2.2696,0.2075,0,Non-SST
6361.0,30.3915,1.2885,2.2685,0.225,5,WTR
6361.5,31.0475,1.6092,2.2937,0.2216,5,WTR
6362.0,34.2178,1.9977,2.3328,0.2184,5,WTR
6362.5,39.3013,2.5694,2.3547,0.212,5,WTR
6363.0,40.9958,3.9035,2.3668,0.209,5,WTR
6363.5,39.8479,5.3558,2.3858,0.1992,0,Non-SST
6364.0,40.0119,6.6693,2.422,0.1899,0,Non-SST
6364.5,40.8318,12.5502,2.4589,0.1658,0,Non-SST
6365.0,40.3398,25.2545,2.5285,0.138,0,Non-SST
6365.5,38.536,25.7111,2.5738,0.1121,0,Non-SST
6366.0,35.4203,17.3542,2.6375,0.0823,0,Non-SST
6366.5,30.8288,17.7259,2.6766,0.0602,0,Non-SST
6367.0,27.2212,15.3549,2.7062,0.0436,0,Non-SST
6367.5,26.5653,15.0998,2.72,0.037,0,Non-SST
6368.0,26.8932,18.5212,2.7505,0.0345,0,Non-SST
6368.5,26.2373,19.8479,2.7556,0.0359,0,Non-SST
6369.0,24.9254,17.5661,2.771,0.0395,0,Non-SST
6369.5,24.2695,16.1257,2.7649,0.0437,0,Non-SST
6370.0,23.6136,16.1664,2.7426,0.0495,0,Non-SST
6370.5,28.5331,16.3706,2.7263,0.0555,0,Non-SST
6371.0,33.7805,17.025,2.6959,0.0628,0,Non-SST
6371.5,40.3398,17.1137,2.6784,0.0728,0,Non-SST
6372.0,45.5873,16.2069,2.6542,0.0837,0,Non-SST
6372.5,48.211,15.4836,2.6412,0.0944,0,Non-SST
6373.0,52.1466,14.7377,2.6232,0.1028,0,Non-SST
6373.5,57.3941,15.5165,2.6125,0.1102,0,Non-SST
6374.0,60.3458,12.1991,2.6171,0.1175,0,Non-SST
6374.5,59.0339,11.5999,2.6282,0.1181,0,Non-SST
6375.0,57.722,11.8352,2.6319,0.1201,0,Non-SST
6375.5,61.3297,11.584,2.6196,0.1237,0,Non-SST
6376.0,61.9856,11.584,2.6193,0.125,0,Non-SST
6376.5,59.5258,11.5602,2.6136,0.1249,0,Non-SST
6377.0,58.05,10.3603,2.5978,0.1223,0,Non-SST
6377.5,58.214,8.5793,2.5894,0.1221,0,Non-SST
6378.0,58.05,7.7433,2.5815,0.1207,0,Non-SST
6378.5,55.7542,10.5544,2.5994,0.1151,0,Non-SST
6379.0,52.4746,11.4423,2.601,0.1087,0,Non-SST
6379.5,50.5068,11.7287,2.61,0.0973,0,Non-SST
6380.0,48.867,11.9937,2.6169,0.0904,0,Non-SST
6380.5,47.5551,14.4439,2.6423,0.0831,0,Non-SST
6381.0,47.2271,14.4324,2.663,0.0754,0,Non-SST
6381.5,42.6356,14.4324,2.676,0.0685,0,Non-SST
6382.0,38.0441,14.444,2.6924,0.0637,0,Non-SST
6382.5,39.7386,16.7208,2.69,0.0611,0,Non-SST
6383.0,40.4492,17.4153,2.7018,0.0591,0,Non-SST
6383.5,40.0119,16.9664,2.7025,0.0569,0,Non-SST
6384.0,40.0119,16.1529,2.7046,0.0584,0,Non-SST
6384.5,41.4877,15.8094,2.693,0.0616,0,Non-SST
6385.0,46.0246,17.0989,2.6662,0.0653,0,Non-SST
6385.5,53.6771,11.175,2.6477,0.0683,0,Non-SST
6386.0,58.9792,8.0726,2.6342,0.0734,0,Non-SST
6386.5,57.2301,9.2884,2.6446,0.0808,0,Non-SST
6387.0,50.6708,17.7259,2.6686,0.0838,0,Non-SST
6387.5,45.0953,18.1279,2.6743,0.0774,0,Non-SST
6388.0,42.3076,18.1279,2.7114,0.068,0,Non-SST
6388.5,39.028,16.2475,2.7197,0.0604,0,Non-SST
6389.0,35.7483,17.234,2.7299,0.0568,0,Non-SST
6389.5,35.4203,19.5976,2.7106,0.0559,0,Non-SST
6390.0,37.3881,19.7234,2.7069,0.0573,0,Non-SST
6390.5,41.3237,19.6285,2.7016,0.0589,0,Non-SST
6391.0,47.0631,17.5036,2.7017,0.0611,0,Non-SST
6391.5,51.1627,10.3208,2.6956,0.0637,0,Non-SST
6392.0,50.0148,12.3361,2.7052,0.0675,0,Non-SST
6392.5,46.0792,16.4766,2.7116,0.069,0,Non-SST
6393.0,43.2915,19.8957,2.7179,0.0672,0,Non-SST
6393.5,40.5038,22.2142,2.7221,0.0661,0,Non-SST
6394.0,37.3881,23.4136,2.7218,0.0669,0,Non-SST
6394.5,36.7322,23.7779,2.6887,0.0698,0,Non-SST
6395.0,37.7161,18.3432,2.635,0.0758,0,Non-SST
6395.5,38.372,11.4657,2.6053,0.0829,0,Non-SST
6396.0,43.2915,7.9285,2.5697,0.0922,0,Non-SST
6396.5,51.8186,4.2309,2.5413,0.0993,0,Non-SST
6397.0,53.7864,4.3798,2.5224,0.1117,0,Non-SST
6397.5,47.2271,20.9351,2.5362,0.118,0,Non-SST
6398.0,40.6678,22.35,2.5952,0.1078,0,Non-SST
6398.5,37.7161,10.48,2.6417,0.0951,0,Non-SST
6399.0,34.1085,6.3694,2.6823,0.0933,0,Non-SST
6399.5,29.5169,14.0492,2.6714,0.0966,0,Non-SST
6400.0,24.9254,15.9798,2.6796,0.0947,0,Non-SST
6400.5,27.5492,17.6007,2.6483,0.0892,0,Non-SST
6401.0,30.5008,4.9466,2.6455,0.091,0,Non-SST
6401.5,33.4525,7.3377,2.6369,0.0983,0,Non-SST
6402.0,35.4203,10.9397,2.6112,0.1037,0,Non-SST
6402.5,36.7322,9.5407,2.586,0.108,0,Non-SST
6403.0,36.0763,2.5631,2.5653,0.1181,0,Non-SST
6403.5,32.4686,6.1247,2.5554,0.1207,0,Non-SST
6404.0,30.8288,6.3376,2.5328,0.1176,0,Non-SST
6404.5,34.1085,6.4896,2.4887,0.1143,0,Non-SST
6405.0,34.1085,4.2137,2.4706,0.1207,0,Non-SST
6405.5,34.1085,4.1713,2.4709,0.1384,0,Non-SST
6406.0,35.0924,4.1713,2.5044,0.1469,0,Non-SST
6406.5,32.7966,4.7493,2.5268,0.1482,0,Non-SST
6407.0,28.861,4.9267,2.5427,0.1449,0,Non-SST
6407.5,25.2534,4.7369,2.539,0.144,0,Non-SST
6408.0,23.2856,4.5761,2.5286,0.1462,0,Non-SST
6408.5,23.2856,4.1212,2.5176,0.1508,0,Non-SST
6409.0,24.2695,3.7819,2.4878,0.1593,0,Non-SST
6409.5,26.8932,3.3132,2.4769,0.1666,0,Non-SST
6410.0,30.8288,3.2683,2.4769,0.1679,0,Non-SST
6410.5,33.1246,3.4727,2.4892,0.1627,0,Non-SST
6411.0,32.7966,3.4727,2.5147,0.1579,0,Non-SST
6411.5,32.4686,3.4478,2.5145,0.1549,0,Non-SST
6412.0,33.7805,3.9442,2.5148,0.1528,0,Non-SST
6412.5,35.4203,3.6382,2.4966,0.1467,0,Non-SST
6413.0,34.7644,3.4219,2.4916,0.1363,0,Non-SST
6413.5,34.1085,3.4072,2.4965,0.1301,0,Non-SST
6414.0,32.0423,4.2743,2.5402,0.1217,0,Non-SST
6414.5,30.8616,5.0002,2.561,0.1227,0,Non-SST
6415.0,31.3208,5.521,2.5307,0.1184,0,Non-SST
6415.5,34.4364,5.2699,2.4809,0.1259,0,Non-SST
6416.0,38.372,4.578,2.4605,0.1335,0,Non-SST
6416.5,39.6839,5.198,2.4824,0.1483,0,Non-SST
6417.0,38.372,7.1628,2.5145,0.1394,0,Non-SST
6417.5,37.0602,9.481,2.5512,0.1163,0,Non-SST
6418.0,38.372,12.2252,2.5753,0.0993,0,Non-SST
6418.5,41.433,12.6744,2.5807,0.0901,0,Non-SST
6419.0,43.0182,11.8104,2.5965,0.0869,0,Non-SST
6419.5,43.2915,11.8104,2.6074,0.0837,0,Non-SST
6420.0,41.433,13.6299,2.6541,0.0815,0,Non-SST
6420.5,35.9669,16.0328,2.6982,0.0729,0,Non-SST
6421.0,30.0089,18.7544,2.7048,0.0609,0,Non-SST
6421.5,27.8771,19.0697,2.7155,0.0509,0,Non-SST
6422.0,30.1729,18.5454,2.7082,0.0476,0,Non-SST
6422.5,33.1246,19.3228,2.7083,0.049,0,Non-SST
6423.0,33.2886,20.4978,2.7126,0.0492,0,Non-SST
6423.5,31.4847,20.996,2.704,0.0463,0,Non-SST
6424.0,30.9928,20.5958,2.706,0.044,0,Non-SST
6424.5,32.7966,20.4589,2.7101,0.0443,0,Non-SST
6425.0,34.2725,20.4589,2.6675,0.0478,0,Non-SST
6425.5,34.4364,19.5259,2.6653,0.0509,0,Non-SST
6426.0,34.7644,17.6092,2.6618,0.0549,0,Non-SST
6426.5,35.5843,13.1247,2.6477,0.0597,0,Non-SST
6427.0,37.3881,11.1742,2.6308,0.0682,0,Non-SST
6427.5,40.0119,14.2278,2.6224,0.0786,0,Non-SST
6428.0,42.7996,15.5667,2.61,0.085,0,Non-SST
6428.5,45.0953,11.1552,2.5812,0.0879,0,Non-SST
6429.0,45.5873,6.9023,2.5825,0.0905,0,Non-SST
6429.5,45.2593,11.4267,2.5943,0.0941,0,Non-SST
6430.0,44.6034,14.0967,2.6587,0.0881,0,Non-SST
6430.5,41.8157,14.6156,2.6834,0.0805,0,Non-SST
6431.0,38.7,14.0489,2.68,0.0745,0,Non-SST
6431.5,37.8801,13.3073,2.6686,0.0773,0,Non-SST
6432.0,38.372,12.4105,2.6602,0.081,0,Non-SST
6432.5,39.6839,12.7012,2.6273,0.0874,0,Non-SST
6433.0,40.6678,12.3429,2.5996,0.0951,0,Non-SST
6433.5,39.6839,11.1096,2.5896,0.1045,0,Non-SST
6434.0,39.028,10.1214,2.5918,0.1118,0,Non-SST
6434.5,40.6678,12.107,2.5981,0.1125,0,Non-SST
6435.0,42.9636,11.0203,2.6053,0.113,0,Non-SST
6435.5,44.6034,6.4687,2.5979,0.1161,0,Non-SST
6436.0,44.2754,7.2304,2.5989,0.1239,0,Non-SST
6436.5,41.9797,7.2439,2.5947,0.1293,0,Non-SST
6437.0,41.4877,6.5695,2.603,0.13,0,Non-SST
6437.5,43.9475,6.2925,2.5804,0.1339,0,Non-SST
6438.0,47.3911,4.4686,2.5686,0.1443,0,Non-SST
6438.5,50.9987,3.9914,2.5467,0.1598,0,Non-SST
6439.0,51.9826,2.9292,2.5495,0.1759,0,Non-SST
6439.5,48.047,2.9083,2.5221,0.1877,0,Non-SST
6440.0,43.7835,2.8132,2.5176,0.2024,0,Non-SST
6440.5,42.6356,2.3122,2.5068,0.2111,0,Non-SST
6441.0,41.8157,2.082,2.5051,0.2154,0,Non-SST
6441.5,39.192,2.4996,2.5019,0.2066,0,Non-SST
6442.0,36.4042,3.2233,2.5259,0.191,0,Non-SST
6442.5,34.9284,3.8969,2.5384,0.1781,0,Non-SST
6443.0,34.2725,4.5065,2.5581,0.1642,0,Non-SST
6443.5,34.8737,5.1683,2.5714,0.1464,0,Non-SST
6444.0,36.2949,6.9945,2.5925,0.1326,0,Non-SST
6444.5,36.5136,7.0816,2.6092,0.125,0,Non-SST
6445.0,36.2402,6.8145,2.6294,0.1195,0,Non-SST
6445.5,38.372,7.074,2.6365,0.1136,0,Non-SST
6446.0,40.5038,7.4285,2.6416,0.1088,0,Non-SST
6446.5,39.6839,7.7688,2.6516,0.1095,0,Non-SST
6447.0,37.7161,8.0935,2.6633,0.108,0,Non-SST
6447.5,35.7483,8.0407,2.6595,0.105,0,Non-SST
6448.0,34.1085,7.7709,2.6628,0.0991,0,Non-SST
6448.5,35.0924,7.2418,2.6605,0.0984,0,Non-SST
6449.0,39.028,6.6033,2.6459,0.1027,0,Non-SST
6449.5,39.6839,6.7571,2.6132,0.1151,0,Non-SST
6450.0,34.4364,6.7098,2.6088,0.1264,0,Non-SST
6450.5,29.5169,6.5028,2.6093,0.1279,0,Non-SST
6451.0,28.861,6.1943,2.5837,0.1256,0,Non-SST
6451.5,29.025,5.7891,2.5724,0.1277,0,Non-SST
6452.0,27.5492,5.5903,2.5413,0.136,0,Non-SST
6452.5,26.5653,6.0622,2.5155,0.143,0,Non-SST
6453.0,26.8932,5.7559,2.5042,0.1477,0,Non-SST
6453.5,27.3852,4.5898,2.4964,0.1566,0,Non-SST
6454.0,27.8771,6.6614,2.5115,0.1555,0,Non-SST
6454.5,29.025,8.0273,2.518,0.1508,0,Non-SST
6455.0,30.1729,7.8332,2.536,0.1412,0,Non-SST
6455.5,30.6648,8.2249,2.5559,0.1315,0,Non-SST
6456.0,31.1568,7.701,2.5978,0.1171,0,Non-SST
6456.5,29.8449,11.4035,2.6312,0.1007,0,Non-SST
6457.0,26.2373,12.9191,2.6895,0.0861,0,Non-SST
6457.5,24.2695,12.2513,2.7059,0.0739,0,Non-SST
6458.0,24.9254,12.6836,2.7013,0.0651,0,Non-SST
6458.5,27.3852,13.6509,2.7082,0.0632,0,Non-SST
6459.0,30.8288,15.1815,2.702,0.0623,0,Non-SST
6459.5,33.2886,15.9009,2.6958,0.0642,0,Non-SST
6460.0,37.5521,15.4228,2.7002,0.0657,0,Non-SST
6460.5,43.9475,14.1487,2.6994,0.071,0,Non-SST
6461.0,45.9153,13.4743,2.7166,0.0761,0,Non-SST
6461.5,43.9475,15.7969,2.7115,0.0804,0,Non-SST
6462.0,42.7996,19.6193,2.7113,0.0794,0,Non-SST
6462.5,43.4555,16.6053,2.7063,0.08,0,Non-SST
6463.0,43.9475,12.1042,2.6937,0.0834,0,Non-SST
6463.5,40.6678,14.2047,2.6994,0.0856,0,Non-SST
6464.0,34.4364,14.986,2.698,0.0843,0,Non-SST
6464.5,30.8288,14.5426,2.7143,0.0776,0,Non-SST
6465.0,32.4686,13.4948,2.6878,0.0777,0,Non-SST
6465.5,35.7483,12.3216,2.6932,0.0814,0,Non-SST
6466.0,37.3881,11.7125,2.6954,0.0886,0,Non-SST
6466.5,36.5682,12.1264,2.7134,0.0943,0,Non-SST
6467.0,33.7805,12.0105,2.7108,0.0933,0,Non-SST
6467.5,30.5008,12.1214,2.7166,0.0896,0,Non-SST
6468.0,27.5492,10.752,2.7084,0.0849,0,Non-SST
6468.5,26.5653,11.2201,2.6901,0.0827,0,Non-SST
6469.0,28.5331,10.7233,2.6622,0.083,0,Non-SST
6469.5,31.8127,10.1473,2.6419,0.0844,0,Non-SST
6470.0,35.0924,9.148,2.6529,0.0874,0,Non-SST
6470.5,37.0602,7.7987,2.652,0.0964,0,Non-SST
6471.0,36.4042,8.6362,2.6719,0.1034,0,Non-SST
6471.5,34.4364,9.4455,2.6792,0.1118,0,Non-SST
6472.0,34.1085,8.4979,2.6534,0.1144,0,Non-SST
6472.5,37.5521,6.9463,2.6069,0.1252,0,Non-SST
6473.0,43.2915,5.4664,2.589,0.1492,0,Non-SST
6473.5,47.3911,5.2489,2.5786,0.1803,0,Non-SST
6474.0,49.8508,5.3874,2.5868,0.197,0,Non-SST
6474.5,52.4746,5.198,2.5798,0.1864,0,Non-SST
6475.0,51.8186,5.3555,2.6198,0.17,0,Non-SST
6475.5,46.5712,6.2219,2.65,0.1417,0,Non-SST
6476.0,39.5199,8.8001,2.7071,0.1088,0,Non-SST
6476.5,32.4686,11.656,2.7103,0.0813,0,Non-SST
6477.0,28.0411,12.6412,2.7094,0.0689,0,Non-SST
6477.5,25.9093,14.7857,2.7279,0.0632,0,Non-SST
6478.0,24.2695,15.3303,2.7485,0.0613,0,Non-SST
6478.5,23.2856,16.5091,2.7627,0.0599,0,Non-SST
6479.0,22.3017,15.3549,2.759,0.061,0,Non-SST
6479.5,23.9415,15.8618,2.7641,0.067,0,Non-SST
6480.0,28.5331,15.184,2.7473,0.0726,0,Non-SST
6480.5,30.8288,11.8187,2.7082,0.0823,0,Non-SST
6481.0,33.7805,13.6448,2.6786,0.0863,0,Non-SST
6481.5,39.6839,12.881,2.6466,0.0948,0,Non-SST
6482.0,40.6678,5.9318,2.6596,0.1068,0,Non-SST
6482.5,33.7805,6.536,2.6976,0.1101,0,Non-SST
6483.0,26.2373,10.9977,2.6849,0.0959,0,Non-SST
6483.5,25.5814,12.3748,2.611,0.0786,0,Non-SST
6484.0,31.1568,13.1399,2.5435,0.0759,0,Non-SST
6484.5,37.7161,11.9852,2.5392,0.0901,0,Non-SST
6485.0,44.6034,9.9122,2.5543,0.1195,0,Non-SST
6485.5,53.7864,7.9161,2.539,0.1489,0,Non-SST
6486.0,61.6576,6.0666,2.548,0.1722,0,Non-SST
6486.5,62.4775,4.6553,2.5463,0.1938,0,Non-SST
6487.0,58.378,6.5227,2.5654,0.2019,0,Non-SST
6487.5,55.9182,5.1706,2.579,0.2006,0,Non-SST
6488.0,55.7542,5.7459,2.5859,0.1837,0,Non-SST
6488.5,56.4102,5.4583,2.607,0.1719,0,Non-SST
6489.0,57.3941,5.2326,2.618,0.1608,0,Non-SST
6489.5,54.4424,5.6004,2.6134,0.1512,0,Non-SST
6490.0,49.3589,6.4469,2.6055,0.1378,0,Non-SST
6490.5,49.1949,6.0889,2.5897,0.1297,0,Non-SST
6491.0,50.3428,6.6408,2.6038,0.1238,0,Non-SST
6491.5,48.539,7.701,2.6042,0.1202,0,Non-SST
6492.0,47.2271,8.5293,2.6033,0.1077,0,Non-SST
6492.5,48.539,8.8623,2.612,0.1018,0,Non-SST
6493.0,50.1788,9.4311,2.6162,0.0946,0,Non-SST
6493.5,48.703,9.8486,2.6312,0.0942,0,Non-SST
6494.0,45.5873,10.9996,2.6355,0.0899,0,Non-SST
6494.5,42.4716,11.5884,2.658,0.0871,0,Non-SST
6495.0,38.0441,12.0067,2.6954,0.0827,0,Non-SST
6495.5,33.6165,12.2953,2.7063,0.079,0,Non-SST
6496.0,32.7966,12.4824,2.6859,0.0779,0,Non-SST
6496.5,35.5843,12.7022,2.6541,0.0838,0,Non-SST
6497.0,37.7161,12.8146,2.6323,0.0879,0,Non-SST
6497.5,40.3398,12.7769,2.5854,0.0897,0,Non-SST
6498.0,44.6034,11.3521,2.5729,0.0934,0,Non-SST
6498.5,44.9314,11.9516,2.5669,0.0979,0,Non-SST
6499.0,42.6356,13.5776,2.5737,0.0947,0,Non-SST
6499.5,43.6195,14.3292,2.5798,0.0875,0,Non-SST
6500.0,44.6034,13.4435,2.6418,0.0884,0,Non-SST
6500.5,40.9958,11.5128,2.6894,0.0907,0,Non-SST
6501.0,38.372,14.3352,2.6929,0.0835,0,Non-SST
6501.5,41.3237,13.7193,2.6684,0.0775,0,Non-SST
6502.0,42.9636,12.2469,2.6679,0.0803,0,Non-SST
6502.5,38.7,12.3305,2.6801,0.0887,0,Non-SST
6503.0,34.4364,13.609,2.6848,0.0889,0,Non-SST
6503.5,33.1246,12.8057,2.6564,0.0884,0,Non-SST
6504.0,31.4847,14.295,2.6578,0.092,0,Non-SST
6504.5,34.7644,14.8339,2.6383,0.0952,0,Non-SST
6505.0,38.0441,13.9722,2.6512,0.0988,0,Non-SST
6505.5,45.5873,10.1722,2.621,0.1009,0,Non-SST
6506.0,48.539,12.7582,2.6339,0.1066,0,Non-SST
6506.5,45.9153,11.8932,2.6382,0.1029,0,Non-SST
6507.0,40.9229,12.7863,2.6621,0.0961,0,Non-SST
6507.5,38.5542,14.7377,2.6607,0.0883,0,Non-SST
6508.0,38.9551,11.6963,2.6541,0.0853,0,Non-SST
6508.5,40.0119,13.9831,2.6499,0.0835,0,Non-SST
6509.0,39.3559,13.0251,2.6477,0.0823,0,Non-SST
6509.5,34.7644,15.0401,2.6451,0.0751,0,Non-SST
6510.0,30.1729,14.5019,2.6447,0.0673,0,Non-SST
6510.5,28.861,15.0998,2.6468,0.0632,0,Non-SST
6511.0,28.2051,15.0998,2.6323,0.0636,0,Non-SST
6511.5,27.2212,15.0164,2.6275,0.0676,0,Non-SST
6512.0,28.2051,16.046,2.6016,0.0751,0,Non-SST
6512.5,30.3369,14.69,2.6175,0.0797,0,Non-SST
6513.0,30.3369,15.0758,2.6386,0.081,0,Non-SST
6513.5,28.697,15.7452,2.6762,0.0766,0,Non-SST
6514.0,27.3852,15.8227,2.6955,0.0742,0,Non-SST
6514.5,25.5814,15.4191,2.6997,0.0707,0,Non-SST
6515.0,24.2695,15.5165,2.6927,0.0702,0,Non-SST
6515.5,26.2373,14.7857,2.6902,0.0712,0,Non-SST
6516.0,30.1729,13.4333,2.6979,0.0751,0,Non-SST
6516.5,33.6165,13.2216,2.6905,0.0784,0,Non-SST
6517.0,36.4042,12.036,2.6925,0.0855,0,Non-SST
6517.5,39.8479,11.108,2.6772,0.0921,0,Non-SST
6518.0,44.2754,10.5748,2.6954,0.1003,0,Non-SST
6518.5,48.539,10.1531,2.7307,0.1105,0,Non-SST
6519.0,50.8347,10.1531,2.6093,0.1254,0,Non-SST
6519.5,51.1627,9.0795,2.6022,0.1426,0,Non-SST
6520.0,52.9665,6.4264,2.5833,0.1523,0,Non-SST
6520.5,55.0983,7.5849,2.6198,0.1543,0,Non-SST
6521.0,53.2945,8.7043,2.6394,0.15,0,Non-SST
6521.5,47.883,9.5647,2.6526,0.1341,0,Non-SST
6522.0,40.9958,9.3057,2.6524,0.1151,0,Non-SST
6522.5,34.4364,10.2688,2.6725,0.096,0,Non-SST
6523.0,29.8449,11.0123,2.6545,0.0843,0,Non-SST
6523.5,27.5492,10.6296,2.6533,0.0793,0,Non-SST
6524.0,25.9093,10.7127,2.6354,0.0782,0,Non-SST
6524.5,26.128,10.2107,2.6407,0.0849,0,Non-SST
6525.0,32.578,9.3174,2.6327,0.0964,0,Non-SST
6525.5,42.5263,6.9833,2.6186,0.1192,0,Non-SST
6526.0,51.6547,5.8502,2.6172,0.1512,0,Non-SST
6526.5,59.6898,6.1821,2.5935,0.1868,0,Non-SST
6527.0,64.1174,5.9318,2.5796,0.2114,0,Non-SST
6527.5,63.9534,8.3966,2.5678,0.1917,0,Non-SST
6528.0,60.6737,6.8415,2.6066,0.1596,0,Non-SST
6528.5,53.7864,12.3749,2.6223,0.1357,0,Non-SST
6529.0,42.9636,14.8824,2.6773,0.1156,0,Non-SST
6529.5,32.7966,15.064,2.6883,0.0935,0,Non-SST
6530.0,28.5331,16.5651,2.6999,0.0761,0,Non-SST
6530.5,28.861,17.2333,2.6735,0.063,0,Non-SST
6531.0,28.2051,18.6142,2.6632,0.0582,0,Non-SST
6531.5,24.9254,20.5566,2.6661,0.0549,0,Non-SST
6532.0,25.5814,20.324,2.6741,0.0533,0,Non-SST
6532.5,26.2373,19.6761,2.6673,0.052,0,Non-SST
6533.0,25.2534,18.4109,2.6519,0.0539,0,Non-SST
6533.5,25.5814,16.4493,2.6662,0.0597,0,Non-SST
6534.0,29.5169,13.3216,2.6684,0.0696,0,Non-SST
6534.5,37.3881,11.1619,2.6535,0.0824,0,Non-SST
6535.0,43.9475,9.97,2.6405,0.0997,0,Non-SST
6535.5,45.4233,9.6192,2.6491,0.1148,0,Non-SST
6536.0,43.3735,9.97,2.659,0.1242,0,Non-SST
6536.5,41.761,9.3985,2.6209,0.1272,0,Non-SST
6537.0,44.0841,7.5889,2.6037,0.1332,0,Non-SST
6537.5,47.0085,6.0644,2.5844,0.1492,0,Non-SST
6538.0,46.4072,5.5926,2.5808,0.1733,0,Non-SST
6538.5,45.2593,5.5926,2.5722,0.204,0,Non-SST
6539.0,45.5873,4.7659,2.5653,0.2277,0,Non-SST
6539.5,46.8992,4.4724,2.5678,0.249,0,Non-SST
6540.0,51.1627,4.2035,2.5529,0.2565,0,Non-SST
6540.5,59.3619,3.7391,2.5431,0.2588,0,Non-SST
6541.0,69.2008,3.164,2.5221,0.2586,0,Non-SST
6541.5,77.072,2.9736,2.497,0.27,0,Non-SST
6542.0,79.6958,2.5688,2.4852,0.2956,0,Non-SST
6542.5,77.072,2.6049,2.4896,0.3095,0,Non-SST
6543.0,72.1525,2.8605,2.5047,0.3129,0,Non-SST
6543.5,72.8085,2.6673,2.5343,0.2995,0,Non-SST
6544.0,73.4644,2.4895,2.5494,0.2944,0,Non-SST
6544.5,72.4805,2.6687,2.542,0.2906,0,Non-SST
6545.0,77.072,2.4857,2.5124,0.2884,0,Non-SST
6545.5,89.8627,2.2764,2.4997,0.2935,0,Non-SST
6546.0,97.7339,2.0167,2.455,0.3036,0,Non-SST
6546.5,92.1585,2.3235,2.4269,0.3225,0,Non-SST
6547.0,85.2712,2.9482,2.4314,0.3246,0,Non-SST
6547.5,82.9754,2.6241,2.4615,0.3122,0,Non-SST
6548.0,79.0398,2.875,2.4811,0.2967,0,Non-SST
6548.5,74.7763,4.113,2.5083,0.2796,0,Non-SST
6549.0,74.7763,4.4128,2.5338,0.2573,0,Non-SST
6549.5,74.7763,4.4072,2.5633,0.2262,0,Non-SST
6550.0,69.5288,4.4072,2.5802,0.21,0,Non-SST
6550.5,58.378,5.5438,2.6059,0.1957,0,Non-SST
6551.0,48.539,6.9133,2.6078,0.1743,0,Non-SST
6551.5,51.1627,7.0127,2.5906,0.1528,0,Non-SST
6552.0,59.0339,5.6421,2.5894,0.1479,0,Non-SST
6552.5,59.3619,7.3183,2.5886,0.1585,0,Non-SST
6553.0,54.7703,9.3635,2.6306,0.1598,0,Non-SST
6553.5,52.1466,10.4133,2.653,0.1459,0,Non-SST
6554.0,53.7864,9.6314,2.6638,0.1268,0,Non-SST
6554.5,55.7542,11.7858,2.6705,0.1166,0,Non-SST
6555.0,57.722,14.3979,2.6648,0.1059,0,Non-SST
6555.5,48.867,14.3979,2.6546,0.0975,0,Non-SST
6556.0,42.6356,15.4664,2.6597,0.094,0,Non-SST
6556.5,36.7322,16.7064,2.6757,0.0857,0,Non-SST
6557.0,31.4847,17.339,2.6898,0.0798,0,Non-SST
6557.5,29.8449,17.9491,2.6434,0.0695,0,Non-SST
6558.0,29.8449,17.663,2.6103,0.0639,0,Non-SST
6558.5,28.861,17.5383,2.6134,0.0635,0,Non-SST
6559.0,29.5169,16.85,2.6155,0.0661,0,Non-SST
6559.5,32.7966,15.7067,2.6328,0.0727,0,Non-SST
6560.0,36.0763,14.2724,2.6243,0.077,0,Non-SST
6560.5,39.3559,13.8313,2.6332,0.0846,0,Non-SST
6561.0,40.9958,13.8313,2.6376,0.0951,0,Non-SST
6561.5,43.6195,12.1042,2.6459,0.1041,0,Non-SST
6562.0,42.3076,12.6006,2.6548,0.107,0,Non-SST
6562.5,37.7161,12.1731,2.6702,0.1062,0,Non-SST
6563.0,33.4525,11.9265,2.695,0.1011,0,Non-SST
6563.5,30.1729,11.4814,2.7171,0.0983,0,Non-SST
6564.0,28.533,10.0898,2.7218,0.0971,0,Non-SST
6564.5,29.5169,8.9008,2.6999,0.1054,0,Non-SST
6565.0,35.0924,8.0454,2.6572,0.1172,0,Non-SST
6565.5,43.6195,6.379,2.6019,0.1337,0,Non-SST
6566.0,50.1788,6.379,2.5763,0.1554,0,Non-SST
6566.5,54.7703,4.4331,2.5591,0.1904,0,Non-SST
6567.0,62.6415,3.779,2.5579,0.2346,0,Non-SST
6567.5,76.0881,3.749,2.5346,0.266,0,Non-SST
6568.0,86.583,3.618,2.5104,0.2924,0,Non-SST
6568.5,97.078,2.2617,2.4549,0.3044,0,Non-SST
6569.0,95.4381,2.4312,2.4459,0.3253,0,Non-SST
6569.5,83.9593,3.2055,2.4492,0.3288,0,Non-SST
6570.0,69.2008,3.4145,2.4729,0.3219,0,Non-SST
6570.5,61.6576,3.548,2.4861,0.2988,0,Non-SST
6571.0,60.0178,3.704,2.4793,0.2758,0,Non-SST
6571.5,61.3297,4.2447,2.4834,0.2567,0,Non-SST
6572.0,64.9373,4.4818,2.4974,0.2422,0,Non-SST
6572.5,66.5771,5.3006,2.5411,0.2216,0,Non-SST
6573.0,65.5932,6.1305,2.5874,0.1985,0,Non-SST
6573.5,62.3136,6.9537,2.6181,0.1737,0,Non-SST
6574.0,59.0339,7.3962,2.6771,0.155,0,Non-SST
6574.5,44.9314,7.3962,2.717,0.1438,0,Non-SST
6575.0,35.0924,7.2077,2.7057,0.1356,0,Non-SST
6575.5,33.4525,6.8733,2.6724,0.1301,0,Non-SST
6576.0,41.3237,5.7056,2.6368,0.137,0,Non-SST
6576.5,52.8025,4.3779,2.5907,0.1614,0,Non-SST
6577.0,64.2814,3.8773,2.5326,0.2078,0,Non-SST
6577.5,76.4161,3.4011,2.5025,0.24,0,Non-SST
6578.0,89.2068,2.8634,2.4567,0.2582,0,Non-SST
6578.5,91.1746,2.5892,2.4472,0.2739,0,Non-SST
6579.0,93.1424,3.1245,2.4429,0.2824,0,Non-SST
6579.5,83.6314,3.0609,2.4593,0.288,0,Non-SST
6580.0,74.7763,3.0609,2.4604,0.2768,0,Non-SST
6580.5,71.8246,2.9829,2.4742,0.2718,0,Non-SST
6581.0,75.1042,2.8433,2.4839,0.2704,0,Non-SST
6581.5,75.4322,2.9063,2.4978,0.276,0,Non-SST
6582.0,69.2008,3.0164,2.508,0.2872,0,Non-SST
6582.5,61.3297,3.1023,2.5071,0.287,0,Non-SST
6583.0,56.0822,3.2649,2.5316,0.2813,0,Non-SST
6583.5,53.7864,3.346,2.5355,0.2699,0,Non-SST
6584.0,53.7864,3.4231,2.543,0.2641,0,Non-SST
6584.5,53.7864,3.3914,2.5491,0.2499,0,Non-SST
6585.0,56.4102,3.3914,2.5729,0.2409,0,Non-SST
6585.5,60.0178,3.2649,2.554,0.2379,0,Non-SST
6586.0,63.2975,3.3366,2.5346,0.2449,0,Non-SST
6586.5,66.9051,3.1608,2.5289,0.2532,0,Non-SST
6587.0,68.8729,3.1533,2.5288,0.2535,0,Non-SST
6587.5,67.889,3.0671,2.5301,0.2623,0,Non-SST
6588.0,63.9534,3.3818,2.5292,0.2604,0,Non-SST
6588.5,56.4102,4.0128,2.5404,0.2514,0,Non-SST
6589.0,55.7542,3.7876,2.5471,0.2334,0,Non-SST
6589.5,55.0983,3.6626,2.5474,0.2116,0,Non-SST
6590.0,51.1627,3.6846,2.5574,0.2111,0,Non-SST
6590.5,49.5229,3.6846,2.5623,0.2116,0,Non-SST
6591.0,52.1466,3.6558,2.5679,0.2257,0,Non-SST
6591.5,54.7703,3.5808,2.5583,0.2199,0,Non-SST
6592.0,54.4424,3.5519,2.5478,0.2174,0,Non-SST
6592.5,52.8025,3.6166,2.5274,0.2119,0,Non-SST
6593.0,51.4907,3.7704,2.5217,0.2131,0,Non-SST
6593.5,50.8347,3.7661,2.5056,0.2143,0,Non-SST
6594.0,48.539,3.7476,2.5025,0.2157,0,Non-SST
6594.5,46.5712,3.8594,2.495,0.2153,0,Non-SST
6595.0,44.6034,3.8108,2.5216,0.2158,0,Non-SST
6595.5,47.883,3.8108,2.5242,0.2211,0,Non-SST
6596.0,49.5229,3.7718,2.5332,0.2295,0,Non-SST
6596.5,50.1788,3.6819,2.5316,0.2465,0,Non-SST
6597.0,51.4907,3.6193,2.5248,0.2504,0,Non-SST
6597.5,53.7864,3.7547,2.5138,0.2585,0,Non-SST
6598.0,55.4263,3.598,2.4899,0.255,0,Non-SST
6598.5,55.0983,3.5808,2.4866,0.2606,0,Non-SST
6599.0,53.7864,3.6681,2.4782,0.2568,0,Non-SST
6599.5,53.7864,4.0737,2.4894,0.2518,0,Non-SST
6600.0,53.7864,4.0965,2.4911,0.2358,0,Non-SST
6600.5,53.4585,4.2586,2.5181,0.2208,0,Non-SST
6601.0,49.1585,4.2586,2.5271,0.1984,0,Non-SST
6601.5,43.8746,4.8101,2.5749,0.179,0,Non-SST
6602.0,40.6314,5.166,2.6126,0.1688,0,Non-SST
6602.5,38.0441,5.2003,2.6262,0.1618,0,Non-SST
6603.0,39.6839,4.8917,2.609,0.1638,0,Non-SST
6603.5,48.539,4.4443,2.5711,0.1709,0,Non-SST
6604.0,53.7864,3.3496,2.5615,0.1969,0,Non-SST
6604.5,59.0339,2.7559,2.534,0.2338,0,Non-SST
6605.0,66.9051,2.6883,2.5275,0.2602,0,Non-SST
6605.5,69.8568,3.0877,2.5228,0.2618,0,Non-SST
6606.0,68.5449,3.0877,2.5229,0.2578,0,Non-SST
6606.5,68.8729,2.1312,2.5232,0.2578,0,Non-SST
6607.0,72.1525,2.4223,2.5195,0.2615,0,Non-SST
6607.5,72.8085,2.1761,2.5073,0.27,0,Non-SST
6608.0,73.4644,2.207,2.496,0.2704,0,Non-SST
6608.5,70.5127,2.2803,2.5011,0.2714,0,Non-SST
6609.0,69.2008,2.2704,2.5039,0.2682,0,Non-SST
6609.5,68.2169,2.3172,2.5145,0.2685,0,Non-SST
6610.0,66.5771,2.4996,2.5241,0.2617,0,Non-SST
6610.5,61.6576,2.4996,2.533,0.2567,0,Non-SST
6611.0,55.0983,2.814,2.5357,0.2592,0,Non-SST
6611.5,52.8025,3.2412,2.5127,0.254,0,Non-SST
6612.0,52.1466,3.4206,2.4985,0.2479,0,Non-SST
6612.5,51.4907,3.189,2.4978,0.242,0,Non-SST
6613.0,53.7864,3.1989,2.4975,0.2505,0,Non-SST
6613.5,55.7542,3.2199,2.4842,0.2614,0,Non-SST
6614.0,57.722,3.3097,2.4863,0.2689,0,Non-SST
6614.5,60.0178,3.2277,2.5001,0.2787,0,Non-SST
6615.0,59.0339,3.3319,2.4971,0.2844,0,Non-SST
6615.5,62.9695,3.1684,2.4834,0.2998,0,Non-SST
6616.0,75.1042,2.7324,2.4432,0.3165,0,Non-SST
6616.5,87.8949,2.3021,2.4134,0.343,0,Non-SST
6617.0,93.1424,2.2947,2.405,0.338,0,Non-SST
6617.5,89.5347,2.6384,2.4193,0.3251,0,Non-SST
6618.0,81.3356,2.6813,2.4364,0.3106,0,Non-SST
6618.5,75.4322,2.8644,2.4774,0.3098,0,Non-SST
6619.0,69.5288,3.0589,2.4803,0.3149,0,Non-SST
6619.5,65.5932,3.0589,2.473,0.3077,0,Non-SST
6620.0,68.5449,2.6874,2.4506,0.3295,0,Non-SST
6620.5,78.0559,2.2778,2.4568,0.3396,0,Non-SST
6621.0,83.3034,1.9472,2.4534,0.3693,0,Non-SST
6621.5,80.0237,1.8939,2.4571,0.3409,0,Non-SST
6622.0,73.3004,2.2644,2.4573,0.3332,0,Non-SST
6622.5,69.3648,2.6744,2.4615,0.3118,0,Non-SST
6623.0,70.0208,2.124,2.4521,0.2961,0,Non-SST
6623.5,70.5127,2.1367,2.4308,0.2913,0,Non-SST
6624.0,68.3809,2.8867,2.4242,0.2883,0,Non-SST
6624.5,67.0691,2.8965,2.4264,0.2839,0,Non-SST
6625.0,66.7411,2.8965,2.4393,0.2744,0,Non-SST
6625.5,64.2814,2.6649,2.4671,0.2846,0,Non-SST
6626.0,60.3458,2.6418,2.4931,0.2975,0,Non-SST
6626.5,56.4102,2.9202,2.4889,0.2865,0,Non-SST
6627.0,53.4585,3.0385,2.4931,0.269,0,Non-SST
6627.5,52.1466,2.986,2.4961,0.2626,0,Non-SST
6628.0,50.8347,3.0405,2.5078,0.2553,0,Non-SST
6628.5,49.5229,3.3132,2.506,0.2495,0,Non-SST
6629.0,48.867,3.3951,2.5098,0.2307,0,Non-SST
6629.5,47.5551,3.6736,2.5316,0.2146,0,Non-SST
6630.0,47.2271,3.932,2.5553,0.1928,0,Non-SST
6630.5,48.211,4.2949,2.5465,0.1833,0,Non-SST
6631.0,46.8992,4.4781,2.5338,0.1763,0,Non-SST
6631.5,44.2754,4.5898,2.5192,0.1726,0,Non-SST
6632.0,42.9636,4.5721,2.5527,0.1686,0,Non-SST
6632.5,42.9636,4.4762,2.5601,0.1657,0,Non-SST
6633.0,44.9314,4.3256,2.5741,0.1707,0,Non-SST
6633.5,47.883,4.2035,2.5636,0.174,0,Non-SST
6634.0,50.1788,3.9751,2.5586,0.1915,0,Non-SST
6634.5,52.4746,3.598,2.5331,0.2053,0,Non-SST
6635.0,55.0983,3.598,2.508,0.2315,0,Non-SST
6635.5,57.722,3.3508,2.4952,0.2465,0,Non-SST
6636.0,60.3458,2.9016,2.4905,0.265,0,Non-SST
6636.5,62.6415,2.7138,2.4995,0.2792,0,Non-SST
6637.0,64.2814,2.5866,2.5103,0.29,0,Non-SST
6637.5,62.9695,2.5493,2.5346,0.2849,0,Non-SST
6638.0,56.7381,2.5426,2.5569,0.2656,0,Non-SST
6638.5,49.5229,2.7577,2.5802,0.2511,0,Non-SST
6639.0,45.5873,3.2877,2.5794,0.2394,0,Non-SST
6639.5,45.9153,2.9523,2.5519,0.234,0,Non-SST
6640.0,51.8186,2.7289,2.5312,0.2304,0,Non-SST
6640.5,60.6737,2.398,2.4974,0.2366,0,Non-SST
6641.0,65.4292,2.4142,2.4906,0.245,0,Non-SST
6641.5,63.9534,2.568,2.4761,0.2623,0,Non-SST
6642.0,59.0339,2.568,2.4819,0.2659,0,Non-SST
6642.5,61.0017,2.5851,2.5075,0.2779,0,Non-SST
6643.0,62.9695,2.4673,2.5164,0.2736,0,Non-SST
6643.5,64.6093,2.4046,2.5139,0.2821,0,Non-SST
6644.0,59.6898,2.5247,2.5106,0.2686,0,Non-SST
6644.5,53.7864,2.5966,2.5144,0.2697,0,Non-SST
6645.0,52.9665,2.4491,2.5246,0.2634,0,Non-SST
6645.5,58.05,2.1108,2.5219,0.2737,0,Non-SST
6646.0,67.725,1.8236,2.5298,0.2843,0,Non-SST
6646.5,76.7441,1.634,2.5332,0.311,0,Non-SST
6647.0,79.3678,1.5736,2.532,0.3251,0,Non-SST
6647.5,78.2199,1.6163,2.52,0.3263,0,Non-SST
6648.0,79.6958,1.7435,2.5001,0.3301,0,Non-SST
6648.5,83.4674,1.666,2.4876,0.3297,0,Non-SST
6649.0,84.9432,1.6144,2.4811,0.3336,0,Non-SST
6649.5,81.9915,1.9032,2.4688,0.3113,0,Non-SST
6650.0,76.4161,2.4409,2.4753,0.3093,0,Non-SST
6650.5,72.4805,2.6469,2.4596,0.2844,0,Non-SST
6651.0,68.5449,2.988,2.4645,0.2733,0,Non-SST
6651.5,60.0178,3.4292,2.462,0.25,0,Non-SST
6652.0,48.539,3.7208,2.4906,0.2391,0,Non-SST
6652.5,46.5712,4.5488,2.5387,0.2124,0,Non-SST
6653.0,44.6034,5.5281,2.5697,0.1844,0,Non-SST
6653.5,41.9797,6.5759,2.6144,0.1498,0,Non-SST
6654.0,39.6839,7.1628,2.6469,0.1285,0,Non-SST
6654.5,38.372,7.5972,2.6686,0.1125,0,Non-SST
6655.0,38.372,7.9869,2.6671,0.1051,0,Non-SST
6655.5,39.028,8.1322,2.6732,0.099,0,Non-SST
6656.0,38.7,7.7263,2.6672,0.1024,0,Non-SST
6656.5,37.7161,7.4159,2.6547,0.1099,0,Non-SST
6657.0,38.0441,7.5726,2.6327,0.1227,0,Non-SST
6657.5,41.9797,7.3571,2.6209,0.1285,0,Non-SST
6658.0,45.9153,5.8585,2.5938,0.1351,0,Non-SST
6658.5,46.5712,5.8585,2.5829,0.1421,0,Non-SST
6659.0,42.3076,6.4047,2.5658,0.143,0,Non-SST
6659.5,34.7644,8.9061,2.5742,0.135,0,Non-SST
6660.0,28.2051,10.4532,2.6058,0.1135,0,Non-SST
6660.5,23.9415,10.8465,2.6239,0.1035,0,Non-SST
6661.0,22.3017,11.6079,2.6668,0.0943,0,Non-SST
6661.5,23.6136,11.5761,2.6557,0.0919,0,Non-SST
6662.0,25.9093,10.8394,2.6245,0.0903,0,Non-SST
6662.5,27.5492,9.9829,2.5288,0.0939,0,Non-SST
6663.0,28.861,9.1133,2.5031,0.1022,0,Non-SST
6663.5,30.1729,7.1591,2.5236,0.1157,0,Non-SST
6664.0,36.7322,7.1591,2.5807,0.1303,0,Non-SST
6664.5,39.3559,7.9736,2.5976,0.1378,0,Non-SST
6665.0,41.3237,8.0453,2.6224,0.1325,0,Non-SST
6665.5,42.6356,8.3052,2.6428,0.1283,0,Non-SST
6666.0,41.3237,8.1782,2.6459,0.1288,0,Non-SST
6666.5,38.372,8.6502,2.6412,0.1278,0,Non-SST
6667.0,34.7644,9.3229,2.6425,0.1225,0,Non-SST
6667.5,30.1729,9.9765,2.6514,0.1193,0,Non-SST
6668.0,27.5492,10.0396,2.6783,0.1175,0,Non-SST
6668.5,24.9254,9.8931,2.686,0.1142,0,Non-SST
6669.0,24.9254,9.2884,2.6799,0.1113,0,Non-SST
6669.5,25.2534,9.2884,2.6204,0.1026,0,Non-SST
6670.0,26.5653,8.5193,2.5753,0.1028,0,Non-SST
6670.5,30.8288,7.7221,2.5565,0.1116,0,Non-SST
6671.0,39.028,6.3919,2.5818,0.1348,0,Non-SST
6671.5,47.883,5.0088,2.5902,0.1574,0,Non-SST
6672.0,55.0983,3.711,2.5755,0.1788,0,Non-SST
6672.5,60.6737,2.614,2.5524,0.2051,0,Non-SST
6673.0,64.2814,2.4068,2.546,0.2354,0,Non-SST
6673.5,62.9695,2.3131,2.5435,0.263,0,Non-SST
6674.0,61.6576,2.6848,2.5433,0.269,0,Non-SST
6674.5,61.0017,2.6848,2.5239,0.2651,0,Non-SST
6675.0,61.0017,2.6512,2.5274,0.2445,0,Non-SST
6675.5,59.3619,3.0405,2.549,0.2257,0,Non-SST
6676.0,55.7542,3.8431,2.5602,0.2113,0,Non-SST
6676.5,51.4907,4.358,2.5738,0.1932,0,Non-SST
6677.0,44.6034,5.4782,2.6075,0.1752,0,Non-SST
6677.5,34.7644,6.696,2.6495,0.1507,0,Non-SST
6678.0,27.2212,6.766,2.6826,0.127,0,Non-SST
6678.5,24.9254,6.9206,2.6822,0.1083,0,Non-SST
6679.0,30.1729,6.4437,2.6752,0.1016,0,Non-SST
6679.5,35.4203,5.9091,2.6289,0.1056,0,Non-SST
6680.0,41.6517,5.9091,2.6003,0.1217,0,Non-SST
6680.5,46.5712,5.4607,2.5874,0.1393,0,Non-SST
6681.0,49.8508,5.3435,2.578,0.155,0,Non-SST
6681.5,52.4746,5.4957,2.5712,0.1613,0,Non-SST
6682.0,53.4585,5.3992,2.5914,0.16,0,Non-SST
6682.5,50.8347,6.0978,2.6197,0.1576,0,Non-SST
6683.0,43.9475,6.6169,2.6333,0.151,0,Non-SST
6683.5,32.7966,6.8552,2.6715,0.1431,0,Non-SST
6684.0,30.8288,7.0091,2.6945,0.1326,0,Non-SST
6684.5,28.861,6.7943,2.7089,0.1286,0,Non-SST
6685.0,31.4847,6.536,2.6853,0.1283,0,Non-SST
6685.5,36.4042,6.536,2.6645,0.1335,0,Non-SST
6686.0,42.9636,5.7595,2.6379,0.1451,0,Non-SST
6686.5,46.2432,5.4114,2.6182,0.1597,0,Non-SST
6687.0,48.211,5.9006,2.6092,0.1725,0,Non-SST
6687.5,51.4907,5.1547,2.6288,0.1754,0,Non-SST
6688.0,51.4907,5.6631,2.6421,0.1732,0,Non-SST
6688.5,47.2271,6.8157,2.6359,0.1661,0,Non-SST
6689.0,43.2915,6.7273,2.628,0.1547,0,Non-SST
6689.5,41.9797,6.8516,2.6318,0.143,0,Non-SST
6690.0,40.6678,7.4635,2.6351,0.1394,0,Non-SST
6690.5,39.6839,7.4635,2.6153,0.1317,0,Non-SST
6691.0,39.6839,6.917,2.5927,0.1294,0,Non-SST
6691.5,40.3398,6.4307,2.5289,0.1283,0,Non-SST
6692.0,42.3076,5.9006,2.5054,0.1425,0,Non-SST
6692.5,47.883,5.1187,2.4955,0.1592,0,Non-SST
6693.0,53.7864,4.463,2.5329,0.1859,0,Non-SST
6693.5,55.0983,3.9288,2.5355,0.2076,0,Non-SST
6694.0,54.508,3.6819,2.5471,0.2263,0,Non-SST
6694.5,55.5575,3.4145,2.5397,0.2397,0,Non-SST
6695.0,58.7715,3.3051,2.5419,0.2461,0,Non-SST
6695.5,65.2653,3.3051,2.5353,0.2571,0,Non-SST
6696.0,69.5288,2.9624,2.5244,0.2527,0,Non-SST
6696.5,65.2653,2.9192,2.5181,0.2579,0,Non-SST
6697.0,57.722,2.9984,2.5285,0.2529,0,Non-SST
6697.5,58.378,3.0517,2.5414,0.2567,0,Non-SST
6698.0,59.0339,2.9573,2.5539,0.2582,0,Non-SST
6698.5,60.3458,2.83,2.5485,0.2702,0,Non-SST
6699.0,65.2653,2.6216,2.5242,0.2671,0,Non-SST
6699.5,77.4,2.1538,2.4839,0.2942,0,Non-SST
6700.0,91.8305,2.0045,2.4521,0.3185,0,Non-SST
6700.5,100.0297,1.9762,2.4456,0.3596,0,Non-SST
6701.0,99.3737,1.9614,2.4405,0.3628,0,Non-SST
6701.5,94.1263,1.9795,2.4585,0.3631,0,Non-SST
6702.0,88.5508,1.9801,2.4955,0.3206,0,Non-SST
6702.5,84.9432,1.9923,2.5201,0.2923,0,Non-SST
6703.0,84.9432,1.9912,2.5178,0.273,0,Non-SST
6703.5,87.8949,1.9912,2.5084,0.2832,0,Non-SST
6704.0,82.6475,2.0172,2.5207,0.2884,0,Non-SST
6704.5,77.4,2.0572,2.536,0.2852,0,Non-SST
6705.0,80.3517,2.1156,2.5381,0.2825,0,Non-SST
6705.5,77.728,2.238,2.5378,0.2729,0,Non-SST
6706.0,71.1686,2.3353,2.5408,0.2545,0,Non-SST
6706.5,65.9212,2.5704,2.5414,0.2393,0,Non-SST
6707.0,64.2814,2.7613,2.5388,0.228,0,Non-SST
6707.5,64.6093,2.8721,2.5239,0.2339,0,Non-SST
6708.0,65.5932,2.7459,2.5447,0.2308,0,Non-SST
6708.5,66.5771,2.6325,2.5586,0.2331,0,Non-SST
6709.0,66.9051,2.609,2.5697,0.2242,0,Non-SST
6709.5,65.5932,2.581,2.5583,0.2211,0,Non-SST
6710.0,64.2814,2.581,2.5566,0.2211,0,Non-SST
6710.5,63.9534,2.5671,2.5433,0.2206,0,Non-SST
6711.0,62.9695,2.5663,2.5436,0.2291,0,Non-SST
6711.5,62.9695,2.6049,2.5479,0.2297,0,Non-SST
6712.0,64.6093,2.5999,2.5407,0.2281,0,Non-SST
6712.5,63.9534,2.6418,2.5362,0.2247,0,Non-SST
6713.0,60.6737,2.7477,2.5222,0.2186,0,Non-SST
6713.5,59.3619,2.876,2.5437,0.214,0,Non-SST
6714.0,60.3458,2.8711,2.5518,0.2069,0,Non-SST
6714.5,61.0017,2.9043,2.558,0.2035,0,Non-SST
6715.0,61.6576,2.8906,2.5404,0.2053,0,Non-SST
6715.5,57.3941,2.9665,2.522,0.2013,0,Non-SST
6716.0,54.1144,2.9665,2.5076,0.1998,0,Non-SST
6716.5,54.7703,2.9818,2.5246,0.1969,0,Non-SST
6717.0,57.722,2.9808,2.5256,0.2026,0,Non-SST
6717.5,57.3941,2.9901,2.5244,0.2015,0,Non-SST
6718.0,54.4424,3.0324,2.5189,0.1971,0,Non-SST
6718.5,53.7864,3.0702,2.5244,0.186,0,Non-SST
6719.0,53.7864,3.0702,2.521,0.1821,0,Non-SST
6719.5,51.1627,3.063,2.5124,0.1844,0,Non-SST
6720.0,51.8186,3.0619,2.5042,0.1918,0,Non-SST
6720.5,52.4746,3.0365,2.5181,0.1916,0,Non-SST
6721.0,52.8025,3.0365,2.5212,0.1857,0,Non-SST
6721.5,55.0983,2.9829,2.5274,0.1852,0,Non-SST
6722.0,55.7542,2.9594,2.5317,0.1875,0,Non-SST
6722.5,54.1144,2.9252,2.5507,0.1962,0,Non-SST
6723.0,52.8025,2.877,2.5677,0.1946,0,Non-SST
6723.5,52.8025,2.8272,2.5637,0.1934,0,Non-SST
6724.0,55.0983,2.8644,2.5427,0.1934,0,Non-SST
6724.5,60.3458,2.8196,2.5288,0.1958,0,Non-SST
6725.0,61.0017,2.814,2.5254,0.1999,0,Non-SST
6725.5,61.6576,2.8253,2.537,0.2007,0,Non-SST
6726.0,59.3619,2.8538,2.5365,0.2033,0,Non-SST
6726.5,56.0822,2.8538,2.5509,0.2067,0,Non-SST
6727.0,55.7542,2.8253,2.5308,0.2119,0,Non-SST
6727.5,58.378,2.745,2.5159,0.2187,0,Non-SST
6728.0,59.6898,2.6683,2.4998,0.22,0,Non-SST
6728.5,60.0178,2.5974,2.5141,0.2154,0,Non-SST
6729.0,60.0178,2.5736,2.5209,0.2135,0,Non-SST
6729.5,58.7059,2.5941,2.5217,0.2146,0,Non-SST
6730.0,56.4102,2.5933,2.5096,0.2164,0,Non-SST
6730.5,56.4102,2.551,2.5027,0.2095,0,Non-SST
6731.0,56.4102,2.8509,2.5076,0.1922,0,Non-SST
6731.5,47.5551,2.8509,2.4977,0.1666,0,Non-SST
6732.0,39.3559,3.2468,2.535,0.1436,0,Non-SST
6732.5,33.1246,4.9822,2.5417,0.1242,0,Non-SST
6733.0,32.4686,5.7163,2.5557,0.1113,0,Non-SST
6733.5,35.7483,5.5823,2.5304,0.1119,0,Non-SST
6734.0,37.7161,5.0348,2.5412,0.1321,0,Non-SST
6734.5,40.3398,5.1957,2.5602,0.1571,0,Non-SST
6735.0,44.6034,6.0504,2.5743,0.1598,0,Non-SST
6735.5,45.5873,6.3407,2.5952,0.1428,0,Non-SST
6736.0,40.9958,6.5427,2.6064,0.1341,0,Non-SST
6736.5,34.1085,6.0328,2.5667,0.1244,0,Non-SST
6737.0,30.8288,6.0328,2.5085,0.1193,0,Non-SST
6737.5,32.4686,5.1615,2.469,0.1202,0,Non-SST
6738.0,35.4203,3.6463,2.4157,0.1416,0,Non-SST
6738.5,37.3881,2.7723,2.3679,0.1733,5,WTR
6739.0,39.3559,2.4039,2.3453,0.1976,5,WTR
6739.5,37.0602,2.1318,2.3184,0.1969,5,WTR
6740.0,35.0924,2.0715,2.3138,0.1984,5,WTR
6740.5,32.7966,1.9867,2.3128,0.1996,5,WTR
6741.0,31.4847,1.9011,2.3253,0.2074,5,WTR
6741.5,32.1407,1.8862,2.3252,0.206,5,WTR
6742.0,32.1407,1.8708,2.3341,0.2046,5,WTR
6742.5,30.1729,1.8251,2.3246,0.198,5,WTR
6743.0,27.2212,1.7867,2.3253,0.1965,5,WTR
6743.5,25.2534,1.7455,2.3232,0.1948,5,WTR
6744.0,26.2373,1.7657,2.3226,0.1961,5,WTR
6744.5,28.861,1.7427,2.3096,0.1985,5,WTR
6745.0,26.8932,1.7427,2.3084,0.1993,5,WTR
6745.5,24.9254,1.7026,2.3192,0.1984,5,WTR
6746.0,24.9254,1.6891,2.3337,0.1979,5,WTR
6746.5,25.9093,1.7265,2.3478,0.1978,5,WTR
6747.0,27.2212,1.799,2.3699,0.1992,5,WTR
6747.5,27.8771,1.9121,2.3823,0.1976,0,Non-SST
6748.0,29.5169,1.92,2.373,0.1966,5,WTR
6748.5,30.5008,1.8623,2.3359,0.1977,5,WTR
6749.0,29.8449,1.8256,2.3293,0.2003,5,WTR
6749.5,29.8449,1.8502,2.3311,0.1992,5,WTR
6750.0,30.1729,1.8739,2.3508,0.1972,5,WTR
6750.5,29.5169,1.9565,2.3512,0.1984,5,WTR
6751.0,28.861,2.0002,2.3594,0.1965,5,WTR
6751.5,30.8288,2.0002,2.3683,0.1975,5,WTR
6752.0,31.8127,2.089,2.3683,0.1896,5,WTR
6752.5,32.7966,2.1385,2.3764,0.1891,5,WTR
6753.0,34.7644,2.1805,2.3924,0.1933,5,WTR
6753.5,37.0602,2.3166,2.4157,0.1957,5,WTR
6754.0,38.7,2.5129,2.4337,0.1977,5,WTR
6754.5,40.0119,2.6718,2.4327,0.1852,5,WTR
6755.0,40.6678,2.8177,2.4099,0.1827,5,WTR
6755.5,38.0441,2.9503,2.3871,0.1758,5,WTR
6756.0,35.4203,3.2854,2.3608,0.1731,5,WTR
6756.5,31.1568,3.2786,2.3591,0.1717,5,WTR
6757.0,29.5169,3.2786,2.3491,0.1696,5,WTR
6757.5,30.5008,2.8253,2.3498,0.1781,5,WTR
6758.0,32.7966,2.4379,2.3603,0.1893,5,WTR
6758.5,34.4364,2.2218,2.3784,0.2039,5,WTR
6759.0,35.0924,2.2051,2.3762,0.2052,5,WTR
6759.5,36.7322,2.2322,2.3853,0.2047,5,WTR
6760.0,36.7322,2.5446,2.3813,0.2024,5,WTR
6760.5,31.4847,2.652,2.3965,0.1955,5,WTR
6761.0,30.8288,2.4911,2.3854,0.1861,5,WTR
6761.5,30.1729,2.4039,2.3777,0.1815,5,WTR
6762.0,30.5008,2.4039,2.3666,0.1868,5,WTR
6762.5,30.5008,2.2367,2.3678,0.1893,5,WTR
6763.0,32.1407,2.1019,2.3671,0.1904,5,WTR
6763.5,33.1246,2.1385,2.3672,0.1819,5,WTR
6764.0,31.8127,2.1397,2.3974,0.1763,0,Non-SST
6764.5,30.8288,2.3028,2.4305,0.1613,0,Non-SST
6765.0,30.8288,2.6032,2.467,0.1498,0,Non-SST
6765.5,30.1729,2.5542,2.4585,0.1377,0,Non-SST
6766.0,30.1729,2.309,2.4265,0.1387,0,Non-SST
6766.5,30.1729,2.2309,2.4116,0.1543,0,Non-SST
6767.0,33.4525,2.2354,2.4109,0.1714,0,Non-SST
6767.5,35.4203,2.2354,2.4018,0.1824,5,WTR
6768.0,36.0763,2.2691,2.3986,0.1813,5,WTR
6768.5,35.7483,2.2664,2.3848,0.1861,5,WTR
6769.0,34.7644,2.2328,2.3804,0.1854,5,WTR
6769.5,33.1246,2.1761,2.3661,0.1848,5,WTR
6770.0,32.4686,2.1477,2.3607,0.1843,5,WTR
6770.5,32.4686,2.1192,2.3659,0.1928,5,WTR
6771.0,30.1729,2.0715,2.3673,0.1908,5,WTR
6771.5,30.8288,2.0435,2.377,0.1893,5,WTR
6772.0,31.4847,2.0919,2.3821,0.1799,0,Non-SST
6772.5,31.4847,2.0919,2.38,0.1811,5,WTR
6773.0,29.8449,2.1981,2.356,0.1736,5,WTR
6773.5,29.5169,2.3864,2.3498,0.1735,5,WTR
6774.0,31.4847,2.4749,2.3645,0.1699,5,WTR
6774.5,33.7805,2.5983,2.3973,0.174,5,WTR
6775.0,37.0602,2.9808,2.4118,0.1688,0,Non-SST
6775.5,40.6678,3.383,2.4559,0.1647,0,Non-SST
6776.0,40.9958,4.0351,2.5272,0.1551,0,Non-SST
6776.5,39.3559,4.578,2.5744,0.1441,0,Non-SST
6777.0,36.7322,4.6533,2.6114,0.1308,0,Non-SST
6777.5,34.1085,4.5488,2.5955,0.1229,0,Non-SST
6778.0,38.0441,4.5488,2.5227,0.12,0,Non-SST
6778.5,40.9958,4.3239,2.4678,0.129,0,Non-SST
6779.0,42.6356,3.7363,2.4553,0.1455,0,Non-SST
6779.5,43.6195,3.2233,2.4576,0.1679,0,Non-SST
6780.0,43.9475,2.9973,2.4693,0.1787,0,Non-SST
6780.5,43.9475,2.9736,2.4739,0.1818,0,Non-SST
6781.0,43.6195,3.0898,2.48,0.1841,0,Non-SST
6781.5,43.2915,2.9747,2.4782,0.1856,0,Non-SST
6782.0,45.2593,3.0415,2.4755,0.1854,0,Non-SST
6782.5,47.2271,3.0722,2.4759,0.1876,0,Non-SST
6783.0,46.8992,3.0722,2.4747,0.1885,0,Non-SST
6783.5,45.2593,2.9963,2.4749,0.195,0,Non-SST
6784.0,46.2432,2.8682,2.4654,0.1979,5,WTR
6784.5,48.867,2.8159,2.471,0.1964,0,Non-SST
6785.0,49.5229,2.7907,2.473,0.1892,0,Non-SST
6785.5,49.1949,2.7833,2.4775,0.1819,0,Non-SST
6786.0,47.5551,2.7861,2.4781,0.1823,0,Non-SST
6786.5,41.9797,2.7732,2.4898,0.1831,0,Non-SST
6787.0,44.6034,2.7723,2.5031,0.1838,0,Non-SST
6787.5,47.2271,2.765,2.4914,0.1874,0,Non-SST
6788.0,44.341,2.7705,2.4686,0.1925,5,WTR
6788.5,44.6034,2.7705,2.4608,0.1958,5,WTR
6789.0,43.9475,2.765,2.4557,0.1908,5,WTR
6789.5,43.2915,2.7787,2.4618,0.189,5,WTR
6790.0,44.2754,2.7595,2.4761,0.1913,5,WTR
6790.5,44.9314,2.8056,2.4978,0.1967,0,Non-SST
6791.0,46.2432,2.8093,2.4868,0.1891,0,Non-SST
6791.5,48.867,2.8253,2.4774,0.1806,0,Non-SST
6792.0,51.1627,2.8789,2.4798,0.1803,0,Non-SST
6792.5,51.1627,2.9362,2.4997,0.1865,0,Non-SST
6793.0,51.4907,2.9332,2.5134,0.1949,0,Non-SST
6793.5,52.8025,2.9332,2.515,0.1919,0,Non-SST
6794.0,51.1627,2.9392,2.5086,0.1934,0,Non-SST
6794.5,49.5229,2.9083,2.4904,0.1882,0,Non-SST
6795.0,52.4746,2.8779,2.4774,0.1945,5,WTR
6795.5,51.8186,2.8346,2.4681,0.1958,5,WTR
6796.0,51.1627,2.8102,2.4731,0.1991,5,WTR
6796.5,50.5068,2.7916,2.4658,0.2004,5,WTR
6797.0,51.1627,2.7468,2.4709,0.2073,5,WTR
6797.5,53.1305,2.7316,2.4662,0.2137,5,WTR
6798.0,55.0983,2.7888,2.48,0.211,0,Non-SST
6798.5,55.5902,2.8224,2.4879,0.2061,0,Non-SST
6799.0,56.0822,2.8519,2.4921,0.1986,0,Non-SST
6799.5,56.5742,2.8789,2.493,0.201,0,Non-SST
6800.0,56.7381,2.9389,2.5018,0.2011,0,Non-SST
6800.5,56.7381,2.9706,2.4981,0.2087,0,Non-SST
6801.0,54.1144,3.0154,2.4893,0.2039,0,Non-SST
6801.5,50.8347,3.0154,2.4921,0.2075,0,Non-SST
6802.0,50.5068,3.0446,2.5001,0.2004,0,Non-SST
6802.5,51.4907,3.0743,2.5212,0.2018,0,Non-SST
6803.0,51.1627,3.1361,2.5264,0.2,0,Non-SST
6803.5,51.8186,3.1651,2.5073,0.1997,0,Non-SST
6804.0,52.4746,3.2111,2.4924,0.1958,0,Non-SST
6804.5,50.8347,3.2423,2.4682,0.1833,0,Non-SST
6805.0,47.2271,3.2854,2.472,0.1773,0,Non-SST
6805.5,44.9314,3.3004,2.492,0.1729,0,Non-SST
6806.0,42.9636,3.6307,2.5282,0.1689,0,Non-SST
6806.5,40.6678,3.8505,2.5318,0.1568,0,Non-SST
6807.0,40.9958,3.6819,2.4998,0.1505,0,Non-SST
6807.5,41.9797,3.3555,2.4771,0.1526,0,Non-SST
6808.0,41.9797,3.1511,2.4564,0.1698,0,Non-SST
6808.5,42.6356,3.0712,2.4666,0.1813,0,Non-SST
6809.0,43.2915,3.0763,2.4696,0.1895,0,Non-SST
6809.5,42.9636,3.1393,2.4798,0.188,0,Non-SST
6810.0,44.6034,3.1393,2.4802,0.1838,0,Non-SST
6810.5,43.2915,3.1989,2.4802,0.1778,0,Non-SST
6811.0,39.3559,3.3213,2.4815,0.1742,0,Non-SST
6811.5,38.0441,3.2981,2.4723,0.1717,0,Non-SST
6812.0,36.7322,2.987,2.4546,0.1733,0,Non-SST
6812.5,42.6356,2.7369,2.4559,0.1799,5,WTR
6813.0,50.8347,2.5494,2.4667,0.1987,5,WTR
6813.5,57.722,2.4811,2.5024,0.2221,0,Non-SST
6814.0,63.6254,2.4171,2.5213,0.2376,0,Non-SST
6814.5,68.8729,2.3599,2.5324,0.237,0,Non-SST
6815.0,70.5127,2.3599,2.536,0.2313,0,Non-SST
6815.5,70.1847,2.3493,2.5435,0.2365,0,Non-SST
6816.0,70.8407,2.4267,2.5499,0.2397,0,Non-SST
6816.5,67.561,2.3901,2.5414,0.2428,0,Non-SST
6817.0,64.2814,2.3564,2.5425,0.237,0,Non-SST
6817.5,65.2653,2.3678,2.5289,0.2366,0,Non-SST
6818.0,65.9212,2.3381,2.5108,0.2403,0,Non-SST
6818.5,66.9051,2.3145,2.5074,0.2398,0,Non-SST
6819.0,66.5771,2.3339,2.5177,0.2409,0,Non-SST
6819.5,64.6093,2.3262,2.5378,0.2361,0,Non-SST
6820.0,64.6093,2.2865,2.541,0.2298,0,Non-SST
6820.5,65.2653,2.3685,2.5311,0.232,0,Non-SST
6821.0,64.2814,2.4215,2.5311,0.2348,0,Non-SST
6821.5,64.2814,2.4567,2.5178,0.2448,0,Non-SST
6822.0,64.2814,2.4559,2.5257,0.2358,0,Non-SST
6822.5,64.2814,2.4865,2.5236,0.2338,0,Non-SST
6823.0,63.9534,2.4865,2.5282,0.2259,0,Non-SST
6823.5,61.3297,2.6657,2.5031,0.2269,0,Non-SST
6824.0,57.0661,2.7477,2.5045,0.212,0,Non-SST
6824.5,56.7381,2.7861,2.5088,0.2049,0,Non-SST
6825.0,59.6898,2.83,2.4994,0.1996,0,Non-SST
6825.5,59.6898,2.9162,2.486,0.2004,0,Non-SST
6826.0,56.0822,3.0815,2.4799,0.2009,0,Non-SST
6826.5,51.1627,3.4954,2.508,0.195,0,Non-SST
6827.0,51.1627,4.0113,2.522,0.1814,0,Non-SST
6827.5,51.1627,4.5411,2.5672,0.1654,0,Non-SST
6828.0,48.211,4.5411,2.596,0.1421,0,Non-SST
6828.5,44.6034,4.7576,2.6133,0.1218,0,Non-SST
6829.0,40.6678,4.7869,2.605,0.11,0,Non-SST
6829.5,36.7322,4.367,2.5284,0.1108,0,Non-SST
6830.0,33.7805,3.6929,2.4437,0.1263,0,Non-SST
6830.5,32.7966,2.3076,2.3461,0.1574,0,Non-SST
6831.0,31.4847,1.7359,2.288,0.1996,5,WTR
6831.5,28.2051,1.4373,2.2683,0.2374,5,WTR
6832.0,24.9254,1.3712,2.2368,0.2568,5,WTR
6832.5,24.9254,1.3118,2.2394,0.27,5,WTR
6833.0,24.9254,1.196,2.2403,0.2742,5,WTR
6833.5,25.5814,1.196,2.2575,0.2629,5,WTR
6834.0,26.8932,1.1566,2.2369,0.2474,5,WTR
6834.5,26.5653,1.1804,2.2608,0.2436,5,WTR
6835.0,26.5653,1.1852,2.2704,0.236,5,WTR
6835.5,29.5169,1.341,2.4021,0.2285,5,WTR
6836.0,31.1568,1.7848,2.519,0.1918,0,Non-SST
6836.5,31.1568,2.7759,2.5741,0.1527,0,Non-SST
6837.0,32.7966,3.4815,2.5447,0.1299,0,Non-SST
6837.5,35.4203,3.718,2.5084,0.1222,0,Non-SST
6838.0,36.0763,2.85,2.4353,0.1407,0,Non-SST
6838.5,36.7322,2.7298,2.3823,0.1615,5,WTR
6839.0,31.8127,2.7298,2.3441,0.1828,5,WTR
6839.5,27.2212,2.5414,2.3064,0.1933,5,WTR
6840.0,27.5492,2.5745,2.3057,0.2039,5,WTR
6840.5,31.4847,2.5326,2.3739,0.1933,5,WTR
6841.0,33.4525,3.0826,2.4445,0.18,0,Non-SST
6841.5,33.7805,3.9565,2.4951,0.1578,0,Non-SST
6842.0,35.7483,4.1882,2.5647,0.1463,0,Non-SST
6842.5,39.3559,4.1916,2.5537,0.1389,0,Non-SST
6843.0,40.0119,3.1013,2.5219,0.148,0,Non-SST
6843.5,40.6678,2.3221,2.4138,0.1678,0,Non-SST
6844.0,37.0602,2.3221,2.3358,0.1942,5,WTR
6844.5,31.4847,2.0134,2.2884,0.2112,5,WTR
6845.0,26.8932,1.8207,2.2555,0.2246,5,WTR
6845.5,26.5653,1.7123,2.2506,0.2281,5,WTR
6846.0,27.8771,1.7929,2.2526,0.2372,5,WTR
6846.5,27.5492,1.8453,2.2446,0.2386,5,WTR
6847.0,26.5653,1.6767,2.2266,0.2428,5,WTR
6847.5,26.2373,1.7092,2.2231,0.2273,5,WTR
6848.0,26.2373,2.2147,2.2762,0.2171,5,WTR
6848.5,31.4847,3.6287,2.3438,0.2027,5,WTR
6849.0,36.7322,4.2103,2.4538,0.1778,0,Non-SST
6849.5,41.6517,4.2103,2.4623,0.1578,0,Non-SST
6850.0,43.9475,4.4183,2.4592,0.1457,0,Non-SST
6850.5,45.2593,4.1428,2.4558,0.1546,0,Non-SST
6851.0,46.2432,3.6328,2.4834,0.1627,0,Non-SST
6851.5,47.2271,3.7138,2.5034,0.1647,0,Non-SST
6852.0,46.5712,3.9457,2.489,0.1609,0,Non-SST
6852.5,43.2915,4.9488,2.4572,0.1575,0,Non-SST
6853.0,40.6678,3.9829,2.4015,0.1626,0,Non-SST
6853.5,39.3559,3.5887,2.3717,0.1713,5,WTR
6854.0,38.0441,3.2877,2.3524,0.187,5,WTR
6854.5,36.7322,3.2022,2.3431,0.1998,5,WTR
6855.0,39.028,3.2022,2.345,0.2081,5,WTR
6855.5,41.9797,3.0857,2.3337,0.2108,5,WTR
6856.0,43.6195,3.0365,2.3289,0.212,5,WTR
6856.5,45.2593,3.1383,2.3402,0.2201,5,WTR
6857.0,47.5551,3.2672,2.3736,0.2259,5,WTR
6857.5,50.1788,3.5637,2.3975,0.2315,5,WTR
6858.0,53.7864,3.5056,2.4078,0.2353,5,WTR
6858.5,58.05,3.4292,2.3984,0.2504,5,WTR
6859.0,64.2814,3.5069,2.3927,0.2675,0,Non-SST
6859.5,64.9373,3.9044,2.4097,0.2666,0,Non-SST
6860.0,65.5932,4.6674,2.4313,0.2662,0,Non-SST
6860.5,62.6415,4.6674,2.4501,0.266,0,Non-SST
6861.0,61.3297,4.398,2.4684,0.2754,0,Non-SST
6861.5,63.2975,4.463,2.4756,0.2788,0,Non-SST
6862.0,65.9212,4.6095,2.4903,0.2739,0,Non-SST
6862.5,66.2492,5.1638,2.5004,0.2623,0,Non-SST
6863.0,65.2653,5.7949,2.4918,0.2543,0,Non-SST
6863.5,66.5771,4.9333,2.4972,0.245,0,Non-SST
6864.0,68.2169,5.8087,2.4987,0.2415,0,Non-SST
6864.5,66.9051,8.1458,2.5431,0.2282,0,Non-SST
6865.0,62.9695,10.1531,2.5837,0.2183,0,Non-SST
6865.5,59.0339,10.1531,2.6086,0.2023,0,Non-SST
6866.0,53.7864,8.8529,2.6153,0.1956,0,Non-SST
6866.5,50.6708,6.5494,2.624,0.1893,0,Non-SST
6867.0,50.6708,5.8363,2.6233,0.1937,0,Non-SST
6867.5,52.4746,5.4187,2.6141,0.2073,0,Non-SST
6868.0,55.9182,4.4951,2.5772,0.2324,0,Non-SST
6868.5,64.9373,4.0049,2.5196,0.2539,0,Non-SST
6869.0,76.7441,3.7876,2.4869,0.2719,0,Non-SST
6869.5,83.9593,3.383,2.4809,0.2854,0,Non-SST
6870.0,81.3356,3.4403,2.4734,0.305,0,Non-SST
6870.5,78.7119,3.5351,2.4564,0.3159,0,Non-SST
6871.0,71.8246,3.5351,2.457,0.3031,0,Non-SST
6871.5,68.5449,3.3155,2.451,0.3025,0,Non-SST
6872.0,68.2169,3.282,2.4589,0.295,0,Non-SST
6872.5,65.2653,3.2889,2.4536,0.3048,0,Non-SST
6873.0,60.0178,3.2502,2.4487,0.3041,0,Non-SST
6873.5,57.0661,3.1798,2.4444,0.2935,0,Non-SST
6874.0,55.7542,3.1298,2.4348,0.2825,0,Non-SST
6874.5,55.7542,3.15,2.4333,0.2758,0,Non-SST
6875.0,57.722,3.1287,2.4252,0.2745,0,Non-SST
6875.5,58.378,3.0877,2.4414,0.2665,0,Non-SST
6876.0,59.0339,3.0877,2.4524,0.252,0,Non-SST
6876.5,61.6576,3.1781,2.4586,0.2411,0,Non-SST
6877.0,61.6576,3.2993,2.4454,0.2485,0,Non-SST
6877.5,61.0017,3.3237,2.4216,0.2663,0,Non-SST
6878.0,61.6576,3.3603,2.4232,0.3057,0,Non-SST
6878.5,62.9695,3.2222,2.4206,0.3102,0,Non-SST
6879.0,62.6415,3.1978,2.4329,0.316,0,Non-SST
6879.5,60.6737,3.249,2.4382,0.3024,0,Non-SST
6880.0,60.6737,3.176,2.4387,0.2924,0,Non-SST
6880.5,62.3604,3.1945,2.4587,0.2712,0,Non-SST
6881.0,64.3751,3.1586,2.4524,0.2576,0,Non-SST
6881.5,66.9519,3.0929,2.4364,0.2434,0,Non-SST
6882.0,66.4131,3.0929,2.4296,0.2321,0,Non-SST
6882.5,61.3297,3.1673,2.4382,0.221,0,Non-SST
6883.0,55.9182,3.1825,2.4663,0.2223,0,Non-SST
6883.5,52.8025,3.2221,2.4688,0.2284,0,Non-SST
6884.0,51.1627,3.3674,2.4751,0.2286,0,Non-SST
6884.5,51.8186,3.4305,2.4748,0.2229,0,Non-SST
6885.0,56.4102,3.4627,2.4863,0.2197,0,Non-SST
6885.5,60.6737,3.3926,2.487,0.2286,0,Non-SST
6886.0,60.3458,3.3027,2.4868,0.2364,0,Non-SST
6886.5,57.3941,3.3225,2.4876,0.2342,0,Non-SST
6887.0,53.4585,3.3331,2.476,0.2172,0,Non-SST
6887.5,48.867,3.319,2.4533,0.1983,0,Non-SST
6888.0,45.2593,3.1981,2.4378,0.1852,5,WTR
6888.5,43.9475,3.1803,2.4186,0.176,5,WTR
6889.0,43.6195,3.1803,2.4159,0.1724,5,WTR
6889.5,42.6356,3.1716,2.4036,0.1686,5,WTR
6890.0,41.9797,3.2188,2.3874,0.1696,5,WTR
6890.5,41.9797,3.188,2.3851,0.1681,5,WTR
6891.0,40.6678,3.176,2.3775,0.1687,5,WTR
6891.5,38.7,3.1836,2.3572,0.1696,5,WTR
6892.0,38.0441,3.1651,2.3528,0.169,5,WTR
6892.5,37.7161,3.1425,2.3514,0.1665,5,WTR
6893.0,38.372,3.1044,2.3523,0.1682,5,WTR
6893.5,39.5199,3.0898,2.3563,0.1714,5,WTR
6894.0,38.7,3.0124,2.3521,0.178,5,WTR
6894.5,37.8801,2.8755,2.3516,0.1799,5,WTR
6895.0,38.7,2.7787,2.3495,0.1792,5,WTR
6895.5,39.6839,2.755,2.3543,0.1831,5,WTR
6896.0,39.6839,2.7468,2.3563,0.1827,5,WTR
6896.5,39.3559,2.7622,2.36,0.1838,5,WTR
6897.0,39.6839,2.8309,2.359,0.183,5,WTR
6897.5,40.6678,2.9192,2.3576,0.1843,5,WTR
6898.0,42.3076,3.0918,2.3605,0.1833,5,WTR
6898.5,42.9636,3.3319,2.3774,0.183,5,WTR
6899.0,41.3237,3.7208,2.4116,0.1764,5,WTR
6899.5,38.372,4.4611,2.4474,0.1735,0,Non-SST
6900.0,35.4203,5.0479,2.4741,0.1593,0,Non-SST
6900.5,36.7322,5.6737,2.4802,0.1455,0,Non-SST
6901.0,38.0441,5.6395,2.4682,0.1325,0,Non-SST
6901.5,34.1085,5.719,2.4727,0.1279,0,Non-SST
6902.0,30.8288,5.9006,2.4967,0.1213,0,Non-SST
6902.5,28.533,6.6511,2.5542,0.109,0,Non-SST
6903.0,26.5653,6.5327,2.5766,0.0946,0,Non-SST
6903.5,25.5814,7.7053,2.5908,0.084,0,Non-SST
6904.0,25.2534,9.058,2.5975,0.0785,0,Non-SST
6904.5,23.9415,9.4102,2.608,0.0767,0,Non-SST
6905.0,22.3017,9.203,2.6291,0.0784,0,Non-SST
6905.5,21.6458,9.7297,2.6222,0.0814,0,Non-SST
6906.0,20.9898,9.4396,2.6233,0.0838,0,Non-SST
6906.5,24.5975,9.6253,2.5992,0.0855,0,Non-SST
6907.0,27.5492,9.6253,2.5723,0.0901,0,Non-SST
6907.5,29.8449,9.6497,2.5368,0.0998,0,Non-SST
6908.0,31.4847,10.4399,2.5191,0.1097,0,Non-SST
6908.5,32.7966,11.1377,2.5069,0.1179,0,Non-SST
6909.0,34.7644,13.7353,2.5186,0.1227,0,Non-SST
6909.5,36.0763,14.2837,2.5265,0.1237,0,Non-SST
6910.0,34.1085,14.6781,2.545,0.1168,0,Non-SST
6910.5,30.1729,14.7857,2.5584,0.1102,0,Non-SST
6911.0,28.861,15.9271,2.58,0.0991,0,Non-SST
6911.5,27.5492,18.7003,2.5687,0.09,0,Non-SST
6912.0,25.2534,18.7003,2.5584,0.0819,0,Non-SST
6912.5,24.9254,20.6549,2.5403,0.0826,0,Non-SST
6913.0,27.5492,24.33,2.5574,0.0881,0,Non-SST
6913.5,29.8449,18.03,2.564,0.0934,0,Non-SST
6914.0,29.189,12.6929,2.5879,0.0983,0,Non-SST
6914.5,28.2051,10.6227,2.5717,0.0999,0,Non-SST
6915.0,29.5169,8.3387,2.5645,0.1045,0,Non-SST
6915.5,32.7966,6.6683,2.5297,0.1107,0,Non-SST
6916.0,32.1407,7.5359,2.5078,0.1204,0,Non-SST
6916.5,31.4847,8.1829,2.5036,0.1233,0,Non-SST
6917.0,28.5331,8.5144,2.4963,0.1188,0,Non-SST
6917.5,27.5492,8.5144,2.5351,0.1117,0,Non-SST
6918.0,27.2212,9.381,2.5458,0.1083,0,Non-SST
6918.5,27.5492,10.1214,2.5814,0.1035,0,Non-SST
6919.0,28.861,11.1154,2.571,0.098,0,Non-SST
6919.5,28.861,12.6282,2.5953,0.0948,0,Non-SST
6920.0,27.8771,13.4845,2.573,0.0979,0,Non-SST
6920.5,27.8771,14.0159,2.5462,0.107,0,Non-SST
6921.0,28.861,13.3318,2.468,0.1205,0,Non-SST
6921.5,28.2051,12.2601,2.3798,0.1386,1,Gas
6922.0,27.5492,6.2934,2.3366,0.1552,5,WTR
6922.5,25.2534,6.2934,2.2857,0.1706,5,WTR
6923.0,23.6136,4.0431,2.2701,0.187,5,WTR
6923.5,22.6297,3.9488,2.2743,0.1983,5,WTR
6924.0,21.9737,5.0655,2.2946,0.2013,5,WTR
6924.5,22.3017,8.3675,2.3369,0.187,5,WTR
6925.0,24.5975,15.1238,2.3936,0.1805,0,Non-SST
6925.5,26.8932,26.5458,2.4271,0.1672,0,Non-SST
6926.0,27.2212,16.9664,2.4255,0.1528,0,Non-SST
6926.5,26.2373,16.778,2.408,0.1395,1,Gas
6927.0,26.2373,20.9351,2.3872,0.1385,1,Gas
6927.5,26.2373,16.1261,2.3485,0.1494,1,Gas
6928.0,25.5814,16.1261,2.3396,0.1678,0,Non-SST
6928.5,25.5814,7.4397,2.3256,0.1871,5,WTR
6929.0,24.9254,8.2909,2.3345,0.2034,5,WTR
6929.5,24.9254,9.0801,2.3374,0.2034,5,WTR
6930.0,26.5653,10.7057,2.348,0.1986,5,WTR
6930.5,27.8771,12.9096,2.3461,0.193,5,WTR
6931.0,29.189,10.9541,2.3491,0.1962,5,WTR
6931.5,31.4847,9.1636,2.3503,0.1974,5,WTR
6932.0,31.4847,8.5343,2.3508,0.194,5,WTR
6932.5,31.4847,7.8636,2.3489,0.1854,5,WTR
6933.0,29.189,7.8636,2.3726,0.1896,5,WTR
6933.5,28.861,7.2266,2.3886,0.1891,5,WTR
6934.0,31.1568,8.2672,2.4223,0.1906,0,Non-SST
6934.5,34.1085,9.9378,2.4285,0.1776,0,Non-SST
6935.0,36.4042,10.8181,2.4329,0.1658,0,Non-SST
6935.5,36.7322,13.9503,2.439,0.1569,0,Non-SST
6936.0,34.7644,18.7697,2.4626,0.1528,0,Non-SST
6936.5,32.7966,20.4007,2.4998,0.1477,0,Non-SST
6937.0,31.4847,18.4778,2.5402,0.1411,0,Non-SST
6937.5,31.4847,17.7417,2.5386,0.1323,0,Non-SST
6938.0,31.4847,10.6365,2.5702,0.1333,0,Non-SST
6938.5,31.8127,10.6365,2.5826,0.1316,0,Non-SST
6939.0,33.1246,8.5944,2.5733,0.1324,0,Non-SST
6939.5,34.1085,10.8394,2.5304,0.1328,0,Non-SST
6940.0,32.7966,10.4532,2.4821,0.1437,0,Non-SST
6940.5,30.8288,9.1412,2.4698,0.159,0,Non-SST
6941.0,30.8288,5.4707,2.4451,0.1656,0,Non-SST
6941.5,32.1407,4.1394,2.4098,0.1681,0,Non-SST
6942.0,32.7966,3.7761,2.395,0.1694,0,Non-SST
6942.5,32.7966,3.5184,2.3986,0.1744,5,WTR
6943.0,32.7966,3.4182,2.4016,0.1821,5,WTR
6943.5,33.4525,2.7235,2.395,0.1819,5,WTR
6944.0,33.4525,2.7235,2.3829,0.1871,5,WTR
6944.5,34.1085,2.4727,2.3947,0.1873,5,WTR
6945.0,34.7644,2.3614,2.4038,0.192,5,WTR
6945.5,34.7644,2.3076,2.4254,0.1883,5,WTR
6946.0,34.7644,2.3042,2.4304,0.1924,5,WTR
6946.5,34.7644,2.2758,2.4336,0.1882,5,WTR
6947.0,35.4203,2.3255,2.4352,0.1858,5,WTR
6947.5,36.7322,2.3297,2.4283,0.1788,5,WTR
6948.0,36.0763,2.3124,2.4239,0.1786,0,Non-SST
6948.5,35.4203,2.3536,2.411,0.1806,5,WTR
6949.0,35.0924,2.3536,2.4006,0.1825,5,WTR
6949.5,34.1085,2.3893,2.3966,0.1834,5,WTR
6950.0,33.7805,2.3671,2.3736,0.1838,5,WTR
6950.5,34.4364,2.3756,2.3657,0.1788,5,WTR
6951.0,36.0763,2.3692,2.3625,0.1811,5,WTR
6951.5,39.6839,2.3944,2.3971,0.1817,5,WTR
6952.0,41.3237,2.4537,2.4177,0.1876,5,WTR
6952.5,38.372,2.4696,2.4089,0.1871,5,WTR
6953.0,34.1085,2.4719,2.3885,0.1889,5,WTR
6953.5,33.4525,2.4304,2.3603,0.192,5,WTR
6954.0,32.7966,2.3381,2.3511,0.1957,5,WTR
6954.5,28.861,2.3381,2.3389,0.202,5,WTR
6955.0,26.2373,2.3221,2.3397,0.2009,5,WTR
6955.5,25.9093,2.2859,2.3443,0.1988,5,WTR
6956.0,26.2373,2.3262,2.3638,0.1952,5,WTR
6956.5,26.5653,2.4252,2.3707,0.1956,5,WTR
6957.0,27.8771,2.5059,2.3951,0.1899,5,WTR
6957.5,28.533,2.5574,2.3845,0.1847,5,WTR
6958.0,26.2373,2.5818,2.3871,0.1792,5,WTR
6958.5,28.861,2.6718,2.3991,0.1803,5,WTR
6959.0,31.4847,2.7604,2.4261,0.1798,5,WTR
6959.5,36.7322,2.7604,2.4352,0.187,5,WTR
6960.0,40.6678,2.8149,2.4264,0.1873,5,WTR
6960.5,42.3076,2.9083,2.4196,0.1861,5,WTR
6961.0,42.3076,2.9212,2.418,0.184,5,WTR
6961.5,41.9797,2.8818,2.4374,0.1797,5,WTR
6962.0,42.3076,2.8159,2.4625,0.1751,0,Non-SST
6962.5,43.2915,2.7714,2.52,0.167,0,Non-SST
6963.0,43.6195,2.9984,2.5695,0.1622,0,Non-SST
6963.5,40.6678,3.0888,2.5677,0.1547,0,Non-SST
6964.0,40.6678,2.9788,2.507,0.1482,0,Non-SST
6964.5,40.6678,2.7324,2.4598,0.153,0,Non-SST
6965.0,40.3398,2.7324,2.4306,0.1693,5,WTR
6965.5,40.0119,2.6589,2.4404,0.1814,5,WTR
6966.0,40.9958,2.7235,2.4526,0.1867,5,WTR
6966.5,42.3076,2.7486,2.4344,0.1818,5,WTR
6967.0,41.9797,2.755,2.4287,0.1828,5,WTR
6967.5,41.3237,2.712,2.4286,0.1863,5,WTR
6968.0,42.3076,2.6804,2.452,0.1952,5,WTR
6968.5,44.6034,2.7146,2.4485,0.1971,5,WTR
6969.0,45.9153,2.7824,2.4578,0.1938,5,WTR
6969.5,47.2271,2.8605,2.4446,0.1872,5,WTR
6970.0,44.6034,2.8605,2.44,0.1825,5,WTR
6970.5,44.9314,2.9113,2.4364,0.1783,5,WTR
6971.0,46.2432,2.9202,2.4367,0.1791,5,WTR
6971.5,46.8992,2.9747,2.4434,0.183,5,WTR
6972.0,45.9153,3.0815,2.4508,0.1896,0,Non-SST
6972.5,42.3076,3.2729,2.4361,0.1878,5,WTR
6973.0,39.3559,3.5081,2.424,0.1848,5,WTR
6973.5,39.6183,4.0303,2.4341,0.178,5,WTR
6974.0,41.8485,4.6513,2.4419,0.1702,0,Non-SST
6974.5,43.2259,4.7974,2.4838,0.1652,0,Non-SST
6975.0,43.6195,5.1367,2.4953,0.1597,0,Non-SST
6975.5,43.9475,5.1367,2.5639,0.1541,0,Non-SST
6976.0,43.2915,5.6473,2.6039,0.1477,0,Non-SST
6976.5,42.3076,5.7003,2.6323,0.1421,0,Non-SST
6977.0,41.9797,6.0563,2.6054,0.134,0,Non-SST
6977.5,41.6517,5.679,2.5904,0.1299,0,Non-SST
6978.0,41.6517,5.5387,2.5652,0.1293,0,Non-SST
6978.5,42.1436,5.3845,2.5627,0.1387,0,Non-SST
6979.0,41.3237,5.1209,2.5375,0.1463,0,Non-SST
6979.5,41.8157,4.9443,2.5247,0.1488,0,Non-SST
6980.0,45.5873,5.1322,2.5232,0.1501,0,Non-SST
6980.5,47.5551,5.1322,2.5326,0.1537,0,Non-SST
6981.0,45.2593,4.5921,2.5606,0.1375,0,Non-SST
6981.5,40.9958,4.3025,2.6005,0.1261,0,Non-SST
6982.0,38.372,4.518,2.6187,0.1142,0,Non-SST
6982.5,37.7161,5.2817,2.6505,0.113,0,Non-SST
6983.0,36.7322,5.5134,2.6276,0.1122,0,Non-SST
6983.5,36.7322,5.2982,2.5842,0.1132,0,Non-SST
6984.0,37.7161,5.3943,2.53,0.1229,0,Non-SST
6984.5,38.7,5.616,2.5935,0.1311,0,Non-SST
6985.0,40.0119,5.404,2.3855,0.146,0,Non-SST
6985.5,40.0119,4.4387,2.3665,0.1566,5,WTR
6986.0,38.7,3.6341,2.376,0.1743,5,WTR
6986.5,37.7161,3.3401,2.3701,0.1859,5,WTR
6987.0,37.3881,2.8569,2.3998,0.1957,5,WTR
6987.5,38.372,2.9696,2.4146,0.1939,5,WTR
6988.0,40.3398,2.7686,2.4394,0.1882,5,WTR
6988.5,42.3076,2.9113,2.4319,0.1867,5,WTR
6989.0,43.9475,2.9132,2.4436,0.187,5,WTR
6989.5,45.9153,2.9472,2.4643,0.1912,5,WTR
6990.0,47.883,2.9798,2.4739,0.1892,0,Non-SST
6990.5,47.5551,3.0703,2.4836,0.1863,0,Non-SST
6991.0,47.2271,3.1901,2.4973,0.1877,0,Non-SST
6991.5,48.211,3.2672,2.5013,0.1961,0,Non-SST
6992.0,48.539,3.3638,2.4919,0.203,0,Non-SST
6992.5,48.867,3.4752,2.5037,0.2031,0,Non-SST
6993.0,49.5229,3.539,2.5001,0.1982,0,Non-SST
6993.5,51.4907,3.6517,2.5091,0.1941,0,Non-SST
6994.0,53.1305,3.8176,2.5161,0.1886,0,Non-SST
6994.5,51.1627,4.016,2.5399,0.1822,0,Non-SST
6995.0,47.2271,4.178,2.5653,0.1745,0,Non-SST
6995.5,43.2915,3.9689,2.5725,0.164,0,Non-SST
6996.0,44.6034,4.0065,2.5627,0.1553,0,Non-SST
6996.5,45.9153,4.1916,2.5302,0.1568,0,Non-SST
6997.0,46.2432,4.0884,2.5051,0.1641,0,Non-SST
6997.5,45.5873,3.849,2.5002,0.1727,0,Non-SST
6998.0,46.2432,3.5275,2.5167,0.181,0,Non-SST
6998.5,49.5229,3.3543,2.5125,0.19,0,Non-SST
6999.0,53.1305,3.3496,2.5171,0.1951,0,Non-SST
6999.5,54.4424,3.3284,2.5122,0.1975,0,Non-SST
7000.0,54.7703,3.3331,2.5127,0.2023,0,Non-SST
7000.5,53.7864,3.29,2.5091,0.2066,0,Non-SST
7001.0,49.8508,3.297,2.5152,0.202,0,Non-SST
7001.5,51.1627,3.3085,2.5077,0.196,0,Non-SST
7002.0,52.4746,3.346,2.4963,0.1961,0,Non-SST
7002.5,52.4746,3.346,2.5018,0.1966,0,Non-SST
7003.0,50.5068,3.3963,2.4921,0.1942,0,Non-SST
7003.5,49.1949,3.5196,2.494,0.1877,0,Non-SST
7004.0,50.5068,3.5637,2.472,0.1894,0,Non-SST
7004.5,53.1305,3.5325,2.4747,0.1925,0,Non-SST
7005.0,54.7703,3.4664,2.467,0.1967,0,Non-SST
7005.5,54.4424,3.4639,2.4816,0.1982,0,Non-SST
7006.0,52.1466,3.4702,2.4808,0.2003,0,Non-SST
7006.5,48.539,3.6999,2.4997,0.1978,0,Non-SST
7007.0,47.883,3.8461,2.5104,0.1842,0,Non-SST
7007.5,47.2271,3.9212,2.5609,0.1743,0,Non-SST
7008.0,48.539,3.9212,2.5729,0.1702,0,Non-SST
7008.5,47.5551,3.9334,2.5806,0.1702,0,Non-SST
7009.0,45.5873,3.9488,2.5508,0.1687,0,Non-SST
7009.5,44.9314,3.8328,2.5251,0.1667,0,Non-SST
7010.0,46.5712,3.7504,2.5196,0.1745,0,Non-SST
7010.5,49.1949,3.6943,2.5158,0.1873,0,Non-SST
7011.0,51.9826,3.5834,2.5348,0.1985,0,Non-SST
7011.5,55.4263,3.6073,2.535,0.2017,0,Non-SST
7012.0,60.8377,3.6153,2.5602,0.2006,0,Non-SST
7012.5,68.2169,3.5545,2.5583,0.2066,0,Non-SST
7013.0,68.2169,3.5094,2.5698,0.2085,0,Non-SST
7013.5,68.2169,3.5094,2.5604,0.2065,0,Non-SST
7014.0,64.2814,3.4929,2.5585,0.2015,0,Non-SST
7014.5,61.9856,3.5585,2.5588,0.2014,0,Non-SST
7015.0,61.0017,3.5415,2.5311,0.1967,0,Non-SST
7015.5,58.7059,3.6059,2.5331,0.1951,0,Non-SST
7016.0,56.0822,3.622,2.5224,0.1883,0,Non-SST
7016.5,53.4585,3.6791,2.537,0.1844,0,Non-SST
7017.0,51.4907,3.8803,2.5328,0.1758,0,Non-SST
7017.5,50.8347,3.9814,2.5427,0.1699,0,Non-SST
7018.0,48.539,4.0867,2.5343,0.1721,0,Non-SST
7018.5,45.9153,4.0835,2.5279,0.1699,0,Non-SST
7019.0,43.2915,4.1511,2.5191,0.1713,0,Non-SST
7019.5,44.9314,4.3096,2.5288,0.1636,0,Non-SST
7020.0,44.2754,4.5295,2.5462,0.1572,0,Non-SST
7020.5,42.6356,4.9554,2.5649,0.148,0,Non-SST
7021.0,42.3076,5.1277,2.5744,0.1411,0,Non-SST
7021.5,41.9797,5.1751,2.5688,0.1365,0,Non-SST
7022.0,40.0119,5.1434,2.5433,0.1311,0,Non-SST
7022.5,38.0441,4.6036,2.5038,0.1233,0,Non-SST
7023.0,35.0924,4.1511,2.4937,0.1197,0,Non-SST
7023.5,29.8449,4.1047,2.5076,0.1236,0,Non-SST
7024.0,24.9254,4.2779,2.5445,0.1228,0,Non-SST
7024.5,25.5814,4.2779,2.5797,0.1158,0,Non-SST
7025.0,26.2373,4.6897,2.6178,0.1057,0,Non-SST
7025.5,25.9093,5.0457,2.6357,0.1008,0,Non-SST
7026.0,25.9093,5.3435,2.6177,0.1016,0,Non-SST
7026.5,26.8932,5.6316,2.5497,0.1057,0,Non-SST
7027.0,29.189,5.6004,2.5003,0.1158,0,Non-SST
7027.5,32.1407,3.6901,2.4501,0.1315,0,Non-SST
7028.0,33.1246,3.7054,2.4394,0.151,0,Non-SST
7028.5,32.4686,3.7448,2.4436,0.1642,0,Non-SST
7029.0,32.7966,3.7096,2.4542,0.1648,0,Non-SST
7029.5,35.4203,3.6531,2.4847,0.1529,0,Non-SST
7030.0,34.7644,4.1932,2.5174,0.1386,0,Non-SST
7030.5,34.1085,6.3091,2.5693,0.1279,0,Non-SST
7031.0,33.7805,6.3091,2.5774,0.1197,0,Non-SST
7031.5,36.7322,5.9461,2.5822,0.1183,0,Non-SST
7032.0,43.6195,5.9719,2.5875,0.1201,0,Non-SST
7032.5,51.4907,5.7513,2.5801,0.1295,0,Non-SST
7033.0,57.722,5.5515,2.5587,0.1402,0,Non-SST
7033.5,61.6576,5.7785,2.5068,0.1599,0,Non-SST
7034.0,65.5932,6.1157,2.4608,0.181,0,Non-SST
7034.5,71.1686,5.9461,2.4338,0.2167,0,Non-SST
7035.0,73.7924,5.4286,2.427,0.2418,0,Non-SST
7035.5,71.8246,5.3992,2.4667,0.2464,0,Non-SST
7036.0,65.9212,5.9805,2.5158,0.2414,0,Non-SST
7036.5,59.3619,5.9805,2.5642,0.2332,0,Non-SST
7037.0,54.1144,5.9318,2.5795,0.2242,0,Non-SST
7037.5,50.1788,5.9147,2.5986,0.218,0,Non-SST
7038.0,47.2271,5.6324,2.5913,0.2154,0,Non-SST
7038.5,44.6034,5.6474,2.5947,0.2143,0,Non-SST
7039.0,43.2915,6.17,2.5972,0.2004,0,Non-SST
7039.5,41.9797,6.17,2.5948,0.1814,0,Non-SST
7040.0,41.3237,6.3822,2.5971,0.1616,0,Non-SST
7040.5,39.6839,6.5594,2.5967,0.1451,0,Non-SST
7041.0,37.7161,5.929,2.5839,0.1349,0,Non-SST
7041.5,35.7483,5.6737,2.5927,0.1294,0,Non-SST
7042.0,35.0924,5.4907,2.5857,0.1263,0,Non-SST
7042.5,37.3881,4.6755,2.5743,0.1296,0,Non-SST
7043.0,40.0119,4.3436,2.5082,0.1371,0,Non-SST
7043.5,39.3559,4.064,2.4069,0.1529,0,Non-SST
7044.0,36.7322,2.465,2.3224,0.1683,5,WTR
7044.5,38.0441,1.979,2.3008,0.1842,5,WTR
7045.0,39.3559,2.309,2.306,0.189,5,WTR
7045.5,38.372,2.309,2.3577,0.1879,5,WTR
7046.0,36.4042,2.3262,2.4487,0.1827,5,WTR
7046.5,35.7483,3.1308,2.4898,0.1735,0,Non-SST
7047.0,36.0763,5.5489,2.5011,0.1589,0,Non-SST
7047.5,35.4203,4.8377,2.4297,0.1471,0,Non-SST
7048.0,33.7805,4.5917,2.4219,0.1515,0,Non-SST
7048.5,33.1246,3.649,2.4292,0.1692,0,Non-SST
7049.0,35.4203,4.0624,2.4876,0.171,0,Non-SST
7049.5,35.4203,5.1524,2.5057,0.1562,0,Non-SST
7050.0,35.4203,6.0681,2.4866,0.1451,0,Non-SST
7050.5,34.7644,6.0681,2.4696,0.1471,0,Non-SST
7051.0,34.7644,6.4015,2.4443,0.1584,0,Non-SST
7051.5,34.7644,5.3053,2.4169,0.1701,0,Non-SST
7052.0,36.4042,4.5046,2.4184,0.1864,5,WTR
7052.5,40.6678,3.8225,2.4288,0.1998,5,WTR
7053.0,46.8992,3.7891,2.4604,0.2078,0,Non-SST
7053.5,52.8025,4.0034,2.4877,0.2122,0,Non-SST
7054.0,56.0822,3.503,2.5079,0.2174,0,Non-SST
7054.5,59.0339,3.116,2.5173,0.2189,0,Non-SST
7055.0,59.0339,3.0415,2.5214,0.2224,0,Non-SST
7055.5,59.0339,2.9777,2.5219,0.2145,0,Non-SST
7056.0,57.722,2.9777,2.5104,0.2063,0,Non-SST
7056.5,55.0983,3.0681,2.4803,0.2005,0,Non-SST
7057.0,51.8186,3.0836,2.4508,0.1977,0,Non-SST
7057.5,49.1949,3.0815,2.4498,0.1982,5,WTR
7058.0,44.9314,3.1554,2.4668,0.1937,5,WTR
7058.5,41.6517,3.5676,2.5014,0.1893,0,Non-SST
7059.0,41.6517,4.1196,2.544,0.1739,0,Non-SST
7059.5,40.0119,4.8356,2.5785,0.1504,0,Non-SST
7060.0,36.0763,4.6273,2.5981,0.1371,0,Non-SST
7060.5,33.7805,4.7911,2.5676,0.1291,0,Non-SST
7061.0,34.1085,4.6095,2.4999,0.1324,0,Non-SST
7061.5,33.4525,4.6095,2.4501,0.1423,0,Non-SST
7062.0,32.7966,4.4072,2.4255,0.1582,0,Non-SST
7062.5,31.4847,4.0982,2.4256,0.1763,0,Non-SST
7063.0,32.7966,3.7675,2.4168,0.184,5,WTR
7063.5,34.7644,3.5794,2.4106,0.1928,5,WTR
7064.0,35.7483,3.2763,2.4222,0.1938,5,WTR
7064.5,36.4042,3.2,2.427,0.1947,5,WTR
7065.0,37.0602,3.1457,2.438,0.1925,5,WTR
7065.5,37.7161,3.2133,2.43,0.1929,5,WTR
7066.0,39.3559,3.221,2.4426,0.1907,5,WTR
7066.5,40.8646,3.2706,2.4476,0.1791,5,WTR
7067.0,39.7495,3.3284,2.4562,0.1638,0,Non-SST
7067.5,37.9129,3.8743,2.4764,0.1469,0,Non-SST
7068.0,36.4042,3.8743,2.4853,0.1313,0,Non-SST
7068.5,33.4525,4.2673,2.5688,0.1196,0,Non-SST
7069.0,30.5008,4.1763,2.6266,0.1118,0,Non-SST
7069.5,30.5008,4.3328,2.6212,0.1062,0,Non-SST
7070.0,32.4686,4.5334,2.5632,0.107,0,Non-SST
7070.5,34.1085,4.5065,2.5094,0.116,0,Non-SST
7071.0,35.4203,4.349,2.4662,0.1412,0,Non-SST
7071.5,36.5136,3.9135,2.4422,0.1663,0,Non-SST
7072.0,37.6068,3.417,2.4138,0.1857,5,WTR
7072.5,39.9025,2.9362,2.3942,0.1926,5,WTR
7073.0,40.6678,2.6554,2.3704,0.1976,5,WTR
7073.5,40.0119,2.6554,2.3706,0.1925,5,WTR
7074.0,38.7,2.5414,2.3664,0.1837,5,WTR
7074.5,38.372,2.5308,2.3964,0.1754,5,WTR
7075.0,38.7,2.6283,2.4272,0.1769,5,WTR
7075.5,38.0441,2.8984,2.4613,0.1752,5,WTR
7076.0,38.208,3.1192,2.454,0.1775,0,Non-SST
7076.5,40.6678,2.9292,2.4452,0.1733,5,WTR
7077.0,43.1275,2.8586,2.4452,0.176,5,WTR
7077.5,45.2593,2.8586,2.4516,0.1808,0,Non-SST
7078.0,48.211,2.9655,2.447,0.1938,5,WTR
7078.5,50.5068,3.0395,2.4638,0.2016,0,Non-SST
7079.0,50.1788,3.0958,2.4655,0.204,0,Non-SST
7079.5,48.703,3.0929,2.4655,0.2107,0,Non-SST
7080.0,49.8508,3.1255,2.4687,0.2151,0,Non-SST
7080.5,52.6386,3.1597,2.4891,0.2137,0,Non-SST
7081.0,53.7864,3.1912,2.4969,0.2039,0,Non-SST
7081.5,53.4585,3.2077,2.5241,0.1999,0,Non-SST
7082.0,54.1144,3.2055,2.5328,0.1962,0,Non-SST
7082.5,56.0822,3.1901,2.5481,0.1905,0,Non-SST
7083.0,56.2462,3.1308,2.5298,0.1872,0,Non-SST
7083.5,54.4424,3.0681,2.5155,0.1855,0,Non-SST
7084.0,52.3106,3.0681,2.4777,0.1842,0,Non-SST
7084.5,50.1788,3.0763,2.4493,0.1875,5,WTR
7085.0,48.539,2.9901,2.4317,0.197,5,WTR
7085.5,48.211,2.9412,2.4327,0.2013,5,WTR
7086.0,49.0309,2.9523,2.4363,0.2127,5,WTR
7086.5,48.867,2.9442,2.432,0.2086,5,WTR
7087.0,47.7191,2.8955,2.4205,0.2136,5,WTR
7087.5,46.2432,2.8277,2.4105,0.2099,5,WTR
7088.0,44.6034,2.8702,2.4014,0.217,5,WTR
7088.5,43.9475,2.8808,2.4122,0.2168,5,WTR
7089.0,44.2754,2.9332,2.4368,0.2139,5,WTR
7089.5,45.2593,2.9655,2.4617,0.2018,5,WTR
7090.0,46.0792,2.9402,2.4648,0.1976,5,WTR
7090.5,46.8992,2.7568,2.4377,0.1926,5,WTR
7091.0,47.0631,2.6401,2.4305,0.2012,5,WTR
7091.5,45.2593,2.5843,2.4203,0.2074,5,WTR
7092.0,42.9636,2.5494,2.4282,0.2158,5,WTR
7092.5,41.3237,2.5374,2.4154,0.219,5,WTR
7093.0,40.9958,2.5647,2.4165,0.2177,5,WTR
7093.5,41.9797,2.6124,2.4218,0.2159,5,WTR
7094.0,42.9636,2.674,2.4306,0.2055,5,WTR
7094.5,43.9475,2.8102,2.4289,0.203,5,WTR
7095.0,44.9314,2.9766,2.4313,0.1924,5,WTR
7095.5,44.6034,3.2603,2.4354,0.1831,5,WTR
7096.0,42.3076,3.5821,2.4719,0.1708,0,Non-SST
7096.5,40.0119,4.0224,2.5052,0.1583,0,Non-SST
7097.0,38.0441,4.5996,2.5729,0.1459,0,Non-SST
7097.5,34.4364,4.4989,2.5975,0.1319,0,Non-SST
7098.0,32.1407,3.9955,2.5686,0.1241,0,Non-SST
7098.5,31.8127,3.4596,2.5174,0.1255,0,Non-SST
7099.0,31.8127,3.9135,2.4988,0.1335,0,Non-SST
7099.5,33.7805,4.7245,2.5266,0.1397,0,Non-SST
7100.0,36.0763,4.4518,2.5266,0.1401,0,Non-SST
7100.5,37.7161,4.173,2.506,0.1434,0,Non-SST
7101.0,39.6839,3.512,2.449,0.1547,0,Non-SST
7101.5,40.6678,2.9952,2.4348,0.1713,5,WTR
7102.0,40.3398,3.6615,2.4396,0.1812,5,WTR
7102.5,38.7,4.0673,2.442,0.1787,0,Non-SST
7103.0,35.4203,4.4856,2.4628,0.1705,0,Non-SST
7103.5,34.1085,4.9157,2.4831,0.1591,0,Non-SST
7104.0,32.7966,4.6115,2.5174,0.1514,0,Non-SST
7104.5,34.1085,4.1814,2.527,0.1448,0,Non-SST
7105.0,32.7966,3.6613,2.4914,0.1424,0,Non-SST
7105.5,30.8288,3.3963,2.4695,0.1369,0,Non-SST
7106.0,30.5008,3.604,2.4658,0.1388,0,Non-SST
7106.5,31.4847,3.5834,2.504,0.139,0,Non-SST
7107.0,32.7966,4.1612,2.4863,0.1408,0,Non-SST
7107.5,33.9445,3.906,2.4562,0.141,0,Non-SST
7108.0,35.0924,3.2133,2.4357,0.1434,0,Non-SST
7108.5,34.9284,3.188,2.4529,0.1523,0,Non-SST
7109.0,33.4525,3.5416,2.4791,0.1534,0,Non-SST
7109.5,33.7805,4.1052,2.5402,0.1501,0,Non-SST
7110.0,35.0924,4.358,2.5872,0.1418,0,Non-SST
7110.5,36.4042,4.7827,2.5767,0.1393,0,Non-SST
7111.0,39.3559,4.7245,2.5778,0.143,0,Non-SST
7111.5,42.9636,4.7514,2.5903,0.1515,0,Non-SST
7112.0,45.5873,4.2051,2.6045,0.157,0,Non-SST
7112.5,46.5712,3.725,2.5249,0.1611,0,Non-SST
7113.0,45.9153,3.406,2.4524,0.1681,0,Non-SST
7113.5,43.9475,3.1543,2.3838,0.1802,5,WTR
7114.0,41.9797,3.1361,2.3923,0.1917,5,WTR
7114.5,41.1597,2.6988,2.418,0.1937,5,WTR
7115.0,40.0119,2.614,2.4723,0.1892,5,WTR
7115.5,38.864,2.9709,2.4804,0.1858,0,Non-SST
7116.0,39.028,3.2935,2.4724,0.1727,0,Non-SST
7116.5,38.7,2.9973,2.4535,0.1674,0,Non-SST
7117.0,37.7161,2.502,2.4789,0.1671,0,Non-SST
7117.5,37.7161,2.9073,2.5178,0.1607,0,Non-SST
7118.0,38.0441,3.5081,2.5797,0.1491,0,Non-SST
7118.5,38.7,3.9349,2.573,0.1374,0,Non-SST
7119.0,39.028,4.3346,2.5396,0.1379,0,Non-SST
7119.5,37.7161,4.1772,2.5376,0.1471,0,Non-SST
7120.0,37.3881,3.8328,2.5632,0.1543,0,Non-SST
7120.5,38.7,4.0144,2.583,0.157,0,Non-SST
7121.0,39.6839,4.3508,2.5698,0.1474,0,Non-SST
7121.5,41.3237,4.4091,2.566,0.1432,0,Non-SST
7122.0,43.2915,4.5046,2.5442,0.1435,0,Non-SST
7122.5,43.6195,4.6775,2.5311,0.1542,0,Non-SST
7123.0,43.6195,4.9705,2.5248,0.1571,0,Non-SST
7123.5,44.9314,4.6055,2.527,0.1556,0,Non-SST
7124.0,45.5873,4.7081,2.5496,0.1504,0,Non-SST
7124.5,42.9636,4.6574,2.5653,0.1516,0,Non-SST
7125.0,39.6839,5.1367,2.6099,0.1472,0,Non-SST
7125.5,40.0119,4.8164,2.6302,0.1435,0,Non-SST
7126.0,41.8157,4.6174,2.6315,0.1374,0,Non-SST
7126.5,41.3237,4.4569,2.6274,0.1371,0,Non-SST
7127.0,40.5038,4.2223,2.607,0.1361,0,Non-SST
7127.5,42.9636,3.8833,2.5979,0.1389,0,Non-SST
7128.0,46.8992,3.4992,2.5812,0.147,0,Non-SST
7128.5,47.2271,3.6355,2.5866,0.1595,0,Non-SST
7129.0,44.2754,3.6287,2.5867,0.1642,0,Non-SST
7129.5,42.4716,4.0543,2.5993,0.1609,0,Non-SST
7130.0,42.9636,4.0415,2.5858,0.1491,0,Non-SST
7130.5,43.7835,4.3668,2.555,0.1378,0,Non-SST
7131.0,43.9475,4.448,2.528,0.134,0,Non-SST
7131.5,44.2754,4.7101,2.5223,0.1423,0,Non-SST
7132.0,45.9153,4.9621,2.5163,0.1489,0,Non-SST
7132.5,48.867,4.8786,2.5138,0.1511,0,Non-SST
7133.0,51.4907,4.5976,2.4846,0.1548,0,Non-SST
7133.5,51.8186,4.4183,2.4622,0.17,0,Non-SST
7134.0,49.8508,3.9442,2.4502,0.1866,0,Non-SST
7134.5,48.211,3.7661,2.4352,0.1946,5,WTR
7135.0,45.2593,4.2257,2.455,0.1894,0,Non-SST
7135.5,40.6678,4.4875,2.467,0.1746,0,Non-SST
7136.0,40.0119,4.6154,2.5499,0.159,0,Non-SST
7136.5,41.3237,4.5721,2.5687,0.1462,0,Non-SST
7137.0,39.5199,4.6513,2.5663,0.1394,0,Non-SST
7137.5,38.372,4.5297,2.5565,0.1363,0,Non-SST
7138.0,41.4877,4.3834,2.5585,0.1409,0,Non-SST
7138.5,45.5873,4.3834,2.5397,0.147,0,Non-SST
7139.0,47.883,3.9955,2.5196,0.1571,0,Non-SST
7139.5,48.539,3.6207,2.5102,0.1695,0,Non-SST
7140.0,48.539,3.8357,2.5425,0.1849,0,Non-SST
7140.5,48.539,4.2171,2.5779,0.185,0,Non-SST
7141.0,47.2271,4.5353,2.5965,0.1766,0,Non-SST
7141.5,43.9475,4.5674,2.612,0.1633,0,Non-SST
7142.0,41.3237,4.8292,2.6078,0.158,0,Non-SST
7142.5,40.9958,5.0045,2.6149,0.1565,0,Non-SST
7143.0,41.9797,5.2187,2.6336,0.1579,0,Non-SST
7143.5,42.6356,5.3748,2.6471,0.1601,0,Non-SST
7144.0,43.2915,5.3918,2.6584,0.1586,0,Non-SST
7144.5,45.5873,5.3992,2.6405,0.1617,0,Non-SST
7145.0,46.5712,5.5515,2.6389,0.1643,0,Non-SST
7145.5,43.9475,6.0037,2.6259,0.1692,0,Non-SST
7146.0,41.6517,7.067,2.6342,0.162,0,Non-SST
7146.5,41.6517,6.2035,2.6329,0.1561,0,Non-SST
7147.0,41.6517,5.3459,2.6368,0.1458,0,Non-SST
7147.5,42.6356,5.6264,2.6183,0.1465,0,Non-SST
7148.0,46.2432,5.3172,2.5849,0.1447,0,Non-SST
7148.5,48.375,4.7245,2.5596,0.1547,0,Non-SST
7149.0,47.9924,4.9255,2.5678,0.1606,0,Non-SST
7149.5,47.9377,4.9755,2.5738,0.1653,0,Non-SST
7150.0,47.6644,5.112,2.5894,0.1607,0,Non-SST
7150.5,47.883,5.1277,2.5811,0.1576,0,Non-SST
7151.0,49.5229,5.1187,2.5695,0.1558,0,Non-SST
7151.5,51.1627,5.0305,2.563,0.1553,0,Non-SST
7152.0,53.4585,4.6938,2.5088,0.1565,0,Non-SST
7152.5,55.4263,4.461,2.4521,0.1663,0,Non-SST
7153.0,54.1144,4.1865,2.4367,0.1777,5,WTR
7153.5,51.6547,3.2077,2.3706,0.187,5,WTR
7154.0,51.4907,2.6623,2.3329,0.1927,5,WTR
7154.5,52.9665,2.2578,2.3061,0.1959,5,WTR
7155.0,53.1305,2.2512,2.3006,0.2094,5,WTR
7155.5,50.5068,2.2341,2.3017,0.2228,5,WTR
7156.0,45.9153,1.9095,2.3171,0.2317,5,WTR
7156.5,41.8157,1.7515,2.3435,0.2223,5,WTR
7157.0,40.3398,1.7596,2.3744,0.2079,5,WTR
7157.5,39.3559,2.0334,2.378,0.2008,5,WTR
7158.0,35.9123,1.9567,2.3585,0.2054,5,WTR
7158.5,32.6326,1.7601,2.3581,0.2073,5,WTR
7159.0,30.9928,1.6601,2.3542,0.2037,5,WTR
7159.5,28.5331,1.6754,2.3358,0.1941,5,WTR
7160.0,27.5082,1.7132,2.3112,0.1925,5,WTR
7160.5,28.779,1.641,2.2868,0.2013,5,WTR
7161.0,29.148,1.6699,2.2777,0.2096,5,WTR
7161.5,29.189,1.6462,2.2842,0.2111,5,WTR
7162.0,30.8288,1.6926,2.2952,0.2114,5,WTR
7162.5,34.1085,1.7341,2.3123,0.2066,5,WTR
7163.0,35.4203,1.7858,2.3374,0.2089,5,WTR
7163.5,36.7322,1.8776,2.3552,0.2037,5,WTR
7164.0,36.4042,2.0506,2.3616,0.2015,5,WTR
7164.5,38.0441,2.1575,2.3603,0.2027,5,WTR
7165.0,39.028,2.1699,2.3539,0.2042,5,WTR
7165.5,37.0602,2.2539,2.3514,0.2076,5,WTR
7166.0,34.7644,2.4568,2.3564,0.204,5,WTR
7166.5,34.7644,2.5491,2.3591,0.2082,5,WTR
7167.0,37.0602,2.4222,2.3622,0.2094,5,WTR
7167.5,40.0119,2.423,2.3612,0.202,5,WTR
7168.0,41.9797,2.6619,2.3705,0.2051,5,WTR
7168.5,41.9797,2.7668,2.4028,0.2104,5,WTR
7169.0,41.9797,2.63,2.4278,0.2003,5,WTR
7169.5,40.3398,2.63,2.4721,0.1749,5,WTR
7170.0,38.372,3.4565,2.4537,0.1596,0,Non-SST
7170.5,36.7322,3.5222,2.4343,0.1618,0,Non-SST
7171.0,35.4203,2.7641,2.4108,0.1766,5,WTR
7171.5,33.7805,2.4282,2.3219,0.1879,5,WTR
7172.0,32.1407,2.3145,2.3123,0.1989,5,WTR
7172.5,30.8288,2.2731,2.3332,0.2053,5,WTR
7173.0,30.1729,2.1331,2.3004,0.2097,5,WTR
7173.5,31.1568,1.9064,2.2937,0.2114,5,WTR
7174.0,32.7966,1.9168,2.2871,0.2121,5,WTR
7174.5,32.1407,1.9674,2.2975,0.2131,5,WTR
7175.0,31.4847,1.9674,2.3205,0.2125,5,WTR
7175.5,35.0924,1.9679,2.3413,0.2112,5,WTR
7176.0,38.7,1.937,2.3553,0.2155,5,WTR
7176.5,39.028,1.9756,2.3586,0.2149,5,WTR
7177.0,37.3881,1.9158,2.3601,0.2119,5,WTR
7177.5,36.0763,1.9527,2.3556,0.211,5,WTR
7178.0,34.7644,1.9723,2.345,0.209,5,WTR
7178.5,34.4364,1.9462,2.336,0.2116,5,WTR
7179.0,35.4203,1.9333,2.3338,0.2127,5,WTR
7179.5,35.4203,1.9516,2.3436,0.2201,5,WTR
7180.0,35.4203,2.0189,2.3453,0.2245,5,WTR
7180.5,36.7322,2.1742,2.3548,0.217,5,WTR
7181.0,38.0441,2.1742,2.379,0.2064,5,WTR
7181.5,39.3559,2.4559,2.4312,0.1982,5,WTR
7182.0,39.6839,2.9716,2.4834,0.1914,0,Non-SST
7182.5,38.372,3.6572,2.5176,0.1867,0,Non-SST
7183.0,38.372,3.8848,2.4977,0.1806,0,Non-SST
7183.5,41.3237,3.8848,2.4807,0.1809,0,Non-SST
7184.0,45.0953,3.274,2.471,0.1923,0,Non-SST
7184.5,48.211,3.2088,2.461,0.2044,5,WTR
7185.0,48.703,3.4023,2.4446,0.2196,5,WTR
7185.5,45.5873,3.2479,2.4237,0.2148,5,WTR
7186.0,40.3398,3.2479,2.4141,0.197,5,WTR
7186.5,34.7644,2.9123,2.4214,0.1731,5,WTR
7187.0,30.5008,3.5847,2.4535,0.1575,0,Non-SST
7187.5,28.2051,3.5196,2.4969,0.1357,0,Non-SST
7188.0,27.8771,5.2118,2.5343,0.1149,0,Non-SST
7188.5,28.861,4.8335,2.543,0.1023,0,Non-SST
7189.0,29.8449,4.3962,2.5265,0.1036,0,Non-SST
7189.5,30.5008,4.3962,2.4764,0.1153,0,Non-SST
7190.0,31.1568,3.4428,2.4127,0.136,0,Non-SST
7190.5,31.1568,2.9282,2.3725,0.1576,5,WTR
7191.0,30.5008,2.5591,2.3355,0.1784,5,WTR
7191.5,30.8288,2.2967,2.3213,0.1916,5,WTR
7192.0,31.6487,2.2657,2.3091,0.2042,5,WTR
7192.5,31.4847,2.9067,2.3319,0.2107,5,WTR
7193.0,30.9928,3.1858,2.3706,0.1986,5,WTR
7193.5,29.8449,3.8446,2.4672,0.1716,0,Non-SST
7194.0,27.8771,5.2935,2.5231,0.1558,0,Non-SST
7194.5,26.2373,5.4508,2.5149,0.1419,0,Non-SST
7195.0,25.7453,4.8528,2.469,0.1449,0,Non-SST
7195.5,28.2051,3.3295,2.4487,0.1538,0,Non-SST
7196.0,32.6326,2.6367,2.3926,0.1785,5,WTR
7196.5,35.7483,2.8906,2.3895,0.2,5,WTR
7197.0,38.372,2.829,2.3946,0.2084,5,WTR
7197.5,41.3237,3.0254,2.4061,0.2135,5,WTR
7198.0,42.9636,3.2322,2.4215,0.2068,5,WTR
7198.5,42.6356,3.3878,2.4596,0.2066,5,WTR
7199.0,42.3076,3.4502,2.5083,0.197,0,Non-SST
7199.5,44.6034,3.5274,2.5072,0.1883,0,Non-SST
7200.0,48.539,3.5601,2.521,0.1754,0,Non-SST
7200.5,46.5712,3.4206,2.5001,0.1674,0,Non-SST
7201.0,44.6034,3.6033,2.4851,0.1652,0,Non-SST
7201.5,41.6517,3.7992,2.4506,0.1687,0,Non-SST
7202.0,40.0119,3.805,2.4278,0.1714,5,WTR
7202.5,40.9958,3.4752,2.4109,0.1801,5,WTR
7203.0,41.9797,3.0401,2.4095,0.1927,5,WTR
7203.5,42.3076,2.9594,2.4059,0.2078,5,WTR
7204.0,42.9636,2.877,2.3999,0.2131,5,WTR
7204.5,43.6195,2.829,2.4009,0.2103,5,WTR
7205.0,44.6034,2.5761,2.4134,0.2066,5,WTR
7205.5,45.9153,2.4605,2.4205,0.2086,5,WTR
7206.0,45.2593,2.4643,2.4207,0.2116,5,WTR
7206.5,44.6034,2.4274,2.4048,0.211,5,WTR
7207.0,46.2432,2.4371,2.3769,0.2064,5,WTR
7207.5,46.8992,2.4002,2.3721,0.1969,5,WTR
7208.0,46.2432,2.4711,2.4005,0.1938,5,WTR
7208.5,45.5873,2.9014,2.4555,0.1891,5,WTR
7209.0,46.2432,3.5377,2.514,0.1814,0,Non-SST
7209.5,48.867,3.7661,2.552,0.169,0,Non-SST
7210.0,48.867,3.9319,2.5622,0.1584,0,Non-SST
7210.5,44.6034,3.7026,2.5804,0.1465,0,Non-SST
7211.0,39.3559,4.5546,2.5873,0.1393,0,Non-SST
7211.5,40.0119,4.8249,2.6021,0.1336,0,Non-SST
7212.0,40.6678,4.8207,2.5798,0.1319,0,Non-SST
7212.5,43.9475,4.8207,2.5802,0.1342,0,Non-SST
7213.0,44.6034,4.1595,2.5385,0.1393,0,Non-SST
7213.5,42.9636,4.0495,2.5226,0.1472,0,Non-SST
7214.0,41.3237,4.1628,2.5329,0.1431,0,Non-SST
7214.5,40.9958,4.4443,2.5705,0.1381,0,Non-SST
7215.0,41.6517,4.4837,2.6077,0.131,0,Non-SST
7215.5,41.6517,4.6453,2.5746,0.1324,0,Non-SST
7216.0,41.9797,4.4128,2.5604,0.1348,0,Non-SST
7216.5,43.2915,4.2361,2.545,0.141,0,Non-SST
7217.0,43.9475,4.09,2.5544,0.148,0,Non-SST
7217.5,44.6034,4.5276,2.5486,0.1548,0,Non-SST
7218.0,49.1949,4.5276,2.5514,0.1584,0,Non-SST
7218.5,52.4746,4.7163,2.5485,0.1606,0,Non-SST
7219.0,53.1305,4.3167,2.538,0.1624,0,Non-SST
7219.5,49.5229,4.3346,2.479,0.1625,0,Non-SST
7220.0,43.6195,3.8939,2.4262,0.1623,5,WTR
7220.5,39.3559,3.4182,2.4059,0.1669,5,WTR
7221.0,38.372,3.1023,2.3972,0.1763,5,WTR
7221.5,38.7,2.8093,2.4083,0.178,5,WTR
7222.0,38.0441,2.5884,2.4219,0.18,5,WTR
7222.5,37.3881,2.652,2.4349,0.1772,5,WTR
7223.0,36.7322,2.7631,2.4404,0.174,5,WTR
7223.5,36.4042,2.7631,2.4269,0.1704,5,WTR
7224.0,36.4042,2.6891,2.4012,0.1751,5,WTR
7224.5,38.0441,2.3959,2.4034,0.1861,5,WTR
7225.0,39.6839,2.3864,2.3936,0.1889,5,WTR
7225.5,38.7,2.7067,2.3789,0.1794,5,WTR
7226.0,35.7483,3.2188,2.359,0.1729,5,WTR
7226.5,33.4525,2.7182,2.3537,0.1656,5,WTR
7227.0,32.7966,2.5639,2.3664,0.1681,5,WTR
7227.5,32.7966,2.8906,2.396,0.1592,5,WTR
7228.0,33.4525,2.8896,2.4245,0.1536,5,WTR
7228.5,34.1085,2.8065,2.406,0.1496,5,WTR
7229.0,35.7483,2.8065,2.3777,0.1561,5,WTR
7229.5,36.0763,2.4208,2.3389,0.1655,5,WTR
7230.0,36.7322,2.2771,2.3492,0.1738,5,WTR
7230.5,38.0441,2.502,2.389,0.1715,5,WTR
7231.0,38.7,2.8702,2.433,0.1672,5,WTR
7231.5,37.3881,2.5777,2.4531,0.1479,0,Non-SST
7232.0,35.4203,2.5318,2.4867,0.1376,0,Non-SST
7232.5,35.4203,2.52,2.5188,0.1291,0,Non-SST
7233.0,36.0763,2.6376,2.5288,0.1252,0,Non-SST
7233.5,36.7322,2.6132,2.5207,0.1177,0,Non-SST
7234.0,37.3881,2.4476,2.4915,0.109,0,Non-SST
7234.5,35.7483,2.4476,2.4589,0.1117,0,Non-SST
7235.0,35.0924,2.6874,2.4481,0.1254,0,Non-SST
7235.5,35.0924,3.2133,2.4492,0.1322,0,Non-SST
7236.0,35.0924,5.4138,2.481,0.1243,0,Non-SST
7236.5,36.0763,6.5094,2.5056,0.1115,0,Non-SST
7237.0,36.7322,7.6177,2.5074,0.1105,0,Non-SST
7237.5,36.0763,7.6177,2.4848,0.1194,0,Non-SST
7238.0,35.4203,5.6684,2.4567,0.1332,0,Non-SST
7238.5,36.0763,3.0507,2.3919,0.1524,5,WTR
7239.0,34.7644,2.2452,2.3775,0.1745,5,WTR
7239.5,33.4525,2.2452,2.3999,0.1914,5,WTR
7240.0,35.0924,1.9435,2.43,0.1851,0,Non-SST
7240.5,36.7322,2.1872,2.4432,0.1712,0,Non-SST
7241.0,36.0763,3.1847,2.3951,0.1616,5,WTR
7241.5,35.4203,3.3223,2.3432,0.1635,5,WTR
7242.0,36.0763,3.0345,2.3309,0.1731,5,WTR
7242.5,38.0441,2.7289,2.3448,0.1823,5,WTR
7243.0,38.7,2.9839,2.373,0.1823,5,WTR
7243.5,39.3559,4.0576,2.3908,0.1715,5,WTR
7244.0,36.0763,4.0576,2.4109,0.165,5,WTR
7244.5,35.0924,3.6558,2.4246,0.1635,5,WTR
7245.0,35.7483,3.0004,2.4363,0.1697,5,WTR
7245.5,35.0924,2.6503,2.3975,0.1676,5,WTR
7246.0,33.4525,2.63,2.3786,0.1731,5,WTR
7246.5,34.1085,2.5542,2.3379,0.1779,5,WTR
7247.0,36.4042,2.5615,2.3295,0.1932,5,WTR
7247.5,36.7322,2.4919,2.3274,0.2011,5,WTR
7248.0,38.0441,2.3749,2.3355,0.2082,5,WTR
7248.5,39.3559,2.1912,2.3339,0.2207,5,WTR
7249.0,38.372,2.1912,2.3379,0.2233,5,WTR
7249.5,37.7161,2.1162,2.344,0.2268,5,WTR
7250.0,37.3881,2.2134,2.3648,0.2186,5,WTR
7250.5,37.7161,2.3262,2.3889,0.2142,5,WTR
7251.0,38.0441,2.4996,2.3937,0.2157,5,WTR
7251.5,38.0441,2.5696,2.4036,0.2105,5,WTR
7252.0,37.3881,2.5785,2.4019,0.2071,5,WTR
7252.5,35.4203,2.4156,2.4014,0.1957,5,WTR
7253.0,33.8898,2.3678,2.3781,0.193,5,WTR
7253.5,34.3271,2.5161,2.392,0.1892,5,WTR
7254.0,35.2017,2.7714,2.4151,0.1892,5,WTR
7254.5,36.0763,2.7714,2.4558,0.1848,5,WTR
7255.0,38.372,2.7387,2.4854,0.1834,5,WTR
7255.5,42.9636,2.7972,2.5053,0.1834,0,Non-SST
7256.0,48.539,2.8867,2.5252,0.1913,0,Non-SST
7256.5,52.4746,3.0124,2.5251,0.1942,0,Non-SST
7257.0,55.0983,3.0064,2.5186,0.2043,0,Non-SST
7257.5,57.886,2.9777,2.5176,0.2098,0,Non-SST
7258.0,60.3458,2.9322,2.5247,0.2201,0,Non-SST
7258.5,63.7894,2.9614,2.5249,0.2236,0,Non-SST
7259.0,67.233,2.9044,2.5146,0.2237,0,Non-SST
7259.5,67.233,2.9044,2.5128,0.2244,0,Non-SST
7260.0,65.9212,2.987,2.5188,0.2241,0,Non-SST
7260.5,64.6093,2.9777,2.5175,0.2232,0,Non-SST
7261.0,62.9695,3.0142,2.5057,0.2158,0,Non-SST
7261.5,60.0178,3.0134,2.4734,0.2108,0,Non-SST
7262.0,54.7703,3.0898,2.4526,0.2093,5,WTR
7262.5,50.8347,3.0114,2.4493,0.2094,5,WTR
7263.0,49.5229,3.0074,2.4469,0.2045,5,WTR
7263.5,49.1949,3.0004,2.4438,0.2032,5,WTR
7264.0,50.1788,2.9788,2.4508,0.2051,5,WTR
7264.5,52.1466,2.9614,2.52,0.207,0,Non-SST
7265.0,53.4585,3.0064,2.5262,0.2001,0,Non-SST
7265.5,52.8025,3.0681,2.5309,0.1963,0,Non-SST
7266.0,50.8347,3.1953,2.5231,0.1831,0,Non-SST
7266.5,49.8508,3.406,2.5041,0.1808,0,Non-SST
7267.0,49.8508,3.4366,2.4808,0.1748,0,Non-SST
7267.5,50.1788,3.3746,2.4663,0.1832,0,Non-SST
7268.0,51.4907,3.2672,2.4658,0.1826,5,WTR
7268.5,53.4585,3.3939,2.4709,0.1864,0,Non-SST
7269.0,53.9504,3.3927,2.4892,0.1849,0,Non-SST
7269.5,53.1305,3.5312,2.492,0.1832,0,Non-SST
7270.0,52.9665,3.8,2.5011,0.1857,0,Non-SST
7270.5,53.4585,3.8313,2.4884,0.1896,0,Non-SST
7271.0,54.4424,3.675,2.4841,0.1961,0,Non-SST
7271.5,54.7703,3.4765,2.4808,0.2,0,Non-SST
7272.0,54.1144,3.4182,2.49,0.2038,0,Non-SST
7272.5,53.7864,3.3249,2.4903,0.2092,0,Non-SST
7273.0,51.1627,3.2797,2.4868,0.2132,0,Non-SST
7273.5,48.539,3.2026,2.4795,0.2202,0,Non-SST
7274.0,50.5068,3.1836,2.4749,0.2259,0,Non-SST
7274.5,51.1627,3.2322,2.4679,0.2212,0,Non-SST
7275.0,52.1466,3.1329,2.4566,0.2101,5,WTR
7275.5,54.1144,3.1749,2.4699,0.2022,0,Non-SST
7276.0,54.4424,3.3155,2.4962,0.1975,0,Non-SST
7276.5,53.1305,3.5702,2.5158,0.1971,0,Non-SST
7277.0,51.8186,3.7711,2.5126,0.1908,0,Non-SST
7277.5,49.8508,3.626,2.531,0.1901,0,Non-SST
7278.0,48.539,3.8225,2.5502,0.1804,0,Non-SST
7278.5,47.2271,3.6382,2.5883,0.1698,0,Non-SST
7279.0,45.5873,3.779,2.5667,0.161,0,Non-SST
7279.5,44.9314,3.779,2.5453,0.1599,0,Non-SST
7280.0,45.5873,3.7082,2.5047,0.1587,0,Non-SST
7280.5,45.9153,3.9534,2.4948,0.1614,0,Non-SST
7281.0,46.8992,3.7819,2.5094,0.1696,0,Non-SST
7281.5,48.211,3.7704,2.5095,0.186,0,Non-SST
7282.0,49.1949,3.7026,2.5262,0.1959,0,Non-SST
7282.5,50.5068,3.2797,2.5053,0.1985,0,Non-SST
7283.0,51.1627,3.0054,2.4723,0.2031,5,WTR
7283.5,52.4746,3.0487,2.458,0.2077,5,WTR
7284.0,53.7864,3.0681,2.4562,0.2137,5,WTR
7284.5,50.8347,3.0681,2.4752,0.2175,5,WTR
7285.0,49.5229,3.0497,2.4721,0.2202,5,WTR
7285.5,52.1466,3.0014,2.4719,0.2205,5,WTR
7286.0,55.0983,2.9053,2.471,0.2209,0,Non-SST
7286.5,55.7542,2.9553,2.4903,0.2162,0,Non-SST
7287.0,55.4263,2.9004,2.4963,0.2159,0,Non-SST
7287.5,54.4424,2.8975,2.4993,0.2148,0,Non-SST
7288.0,53.7864,2.8234,2.5026,0.2216,0,Non-SST
7288.5,54.4424,2.9034,2.4952,0.2251,0,Non-SST
7289.0,55.0983,2.8395,2.483,0.2248,0,Non-SST
7289.5,51.1627,2.8906,2.4736,0.2172,5,WTR
7290.0,48.539,2.8906,2.46,0.2101,5,WTR
7290.5,48.539,2.8886,2.4562,0.2089,5,WTR
7291.0,49.5229,2.9767,2.4551,0.2125,5,WTR
7291.5,50.8347,3.0375,2.4645,0.2223,5,WTR
7292.0,54.1144,3.0971,2.4707,0.2295,0,Non-SST
7292.5,57.722,3.0763,2.4658,0.2349,0,Non-SST
7293.0,58.378,3.0825,2.4828,0.234,0,Non-SST
7293.5,56.4102,3.0254,2.4827,0.2346,0,Non-SST
7294.0,56.4102,2.9332,2.4941,0.2375,0,Non-SST
7294.5,56.4102,3.0024,2.4939,0.2418,0,Non-SST
7295.0,60.0178,3.0024,2.506,0.2475,0,Non-SST
7295.5,62.6415,3.063,2.5135,0.2487,0,Non-SST
7296.0,63.9534,2.6249,2.5054,0.2533,0,Non-SST
7296.5,65.2653,2.5422,2.5138,0.2617,0,Non-SST
7297.0,67.889,2.6174,2.508,0.2698,0,Non-SST
7297.5,69.8568,2.6444,2.5164,0.2747,0,Non-SST
7298.0,69.2008,2.6597,2.5097,0.2747,0,Non-SST
7298.5,66.9051,2.5542,2.5189,0.2698,0,Non-SST
7299.0,68.2169,2.7146,2.5255,0.2658,0,Non-SST
7299.5,69.5288,2.7741,2.5395,0.2599,0,Non-SST
7300.0,63.6254,2.876,2.5418,0.2504,0,Non-SST
7300.5,59.0339,2.876,2.5216,0.2379,0,Non-SST
7301.0,55.7542,2.7732,2.5071,0.2264,0,Non-SST
7301.5,54.4424,2.8596,2.503,0.2198,0,Non-SST
7302.0,53.1305,2.8187,2.5068,0.2085,0,Non-SST
7302.5,50.5068,2.8215,2.5063,0.2017,0,Non-SST
7303.0,50.1788,2.8,2.5021,0.2011,0,Non-SST
7303.5,52.4746,2.8065,2.5164,0.2063,0,Non-SST
7304.0,55.0983,2.799,2.5168,0.2119,0,Non-SST
7304.5,57.0661,2.8357,2.5139,0.2186,0,Non-SST
7305.0,59.0339,2.7769,2.4867,0.222,0,Non-SST
7305.5,57.3941,2.7769,2.4796,0.2232,0,Non-SST
7306.0,55.0983,2.7459,2.4539,0.2203,5,WTR
7306.5,51.1627,2.6804,2.4266,0.2215,5,WTR
7307.0,45.9153,2.5966,2.4145,0.2195,5,WTR
7307.5,42.6356,2.393,2.392,0.2189,5,WTR
7308.0,40.6678,2.2919,2.3751,0.2209,5,WTR
7308.5,38.372,2.2341,2.3442,0.2223,5,WTR
7309.0,38.0441,2.1599,2.3445,0.2275,5,WTR
7309.5,39.3559,2.1483,2.3367,0.2296,5,WTR
7310.0,38.0441,2.2096,2.3401,0.2376,5,WTR
7310.5,36.7322,2.1563,2.3555,0.2326,5,WTR
7311.0,38.7,2.1563,2.3677,0.2324,5,WTR
7311.5,39.6839,2.1655,2.3901,0.2274,5,WTR
7312.0,37.7161,2.0785,2.3835,0.2302,5,WTR
7312.5,35.0924,2.0034,2.3778,0.2243,5,WTR
7313.0,33.4525,1.8658,2.3542,0.2259,5,WTR
7313.5,32.4686,1.7986,2.3386,0.2197,5,WTR
7314.0,31.4847,1.7274,2.3394,0.2242,5,WTR
7314.5,30.5008,1.7496,2.3444,0.2176,5,WTR
7315.0,30.1729,1.7225,2.3539,0.2205,5,WTR
7315.5,28.861,1.7872,2.3519,0.2157,5,WTR
7316.0,27.5492,1.7096,2.3456,0.216,5,WTR
7316.5,25.9093,1.7096,2.3327,0.2124,5,WTR
7317.0,26.5653,1.7638,2.3051,0.2053,5,WTR
7317.5,27.5492,1.5985,2.2948,0.2052,5,WTR
7318.0,26.2373,1.4656,2.2876,0.2165,5,WTR
7318.5,24.2695,1.4145,2.2911,0.2266,5,WTR
7319.0,23.9415,1.4058,2.2795,0.2335,5,WTR
7319.5,24.2695,1.3731,2.2663,0.2195,5,WTR
7320.0,23.9415,1.3747,2.2528,0.2228,5,WTR
7320.5,23.6136,1.3642,2.2629,0.2204,5,WTR
7321.0,22.9576,1.3648,2.2671,0.2304,5,WTR
7321.5,22.3017,1.3557,2.2666,0.2256,5,WTR
7322.0,20.0059,1.3557,2.2654,0.2323,5,WTR
7322.5,20.3339,1.3588,2.2685,0.229,5,WTR
7323.0,20.9898,1.4179,2.2877,0.2331,5,WTR
7323.5,21.6458,1.4328,2.3113,0.2252,5,WTR
7324.0,24.2695,1.4796,2.3216,0.2238,5,WTR
7324.5,27.5492,1.481,2.318,0.2245,5,WTR
7325.0,29.189,1.5501,2.3094,0.2283,5,WTR
7325.5,30.1729,1.6189,2.3085,0.2334,5,WTR
7326.0,30.1729,1.7341,2.3207,0.2337,5,WTR
7326.5,30.1729,1.7943,2.3237,0.2345,5,WTR
7327.0,26.2373,1.7943,2.338,0.2311,5,WTR
7327.5,25.5814,1.9274,2.3542,0.2207,5,WTR
7328.0,28.5331,2.1905,2.3954,0.2116,5,WTR
7328.5,33.7805,2.2926,2.4325,0.2014,5,WTR
7329.0,37.7161,2.2784,2.4526,0.2,5,WTR
7329.5,38.0441,2.2426,2.4304,0.1966,5,WTR
7330.0,36.4042,2.0538,2.3945,0.2019,5,WTR
7330.5,33.1246,2.0526,2.3667,0.202,5,WTR
7331.0,27.5492,1.8831,2.3443,0.2097,5,WTR
7331.5,28.861,1.8062,2.308,0.2094,5,WTR
7332.0,30.1729,1.7163,2.2864,0.2153,5,WTR
7332.5,29.5169,1.7163,2.2887,0.2204,5,WTR
7333.0,28.2051,1.781,2.2863,0.2251,5,WTR
7333.5,27.2212,1.8612,2.279,0.228,5,WTR
7334.0,26.2373,1.8592,2.2785,0.2266,5,WTR
7334.5,25.9093,1.8754,2.2914,0.2291,5,WTR
7335.0,27.5492,2.0435,2.2956,0.2334,5,WTR
7335.5,30.1729,2.2302,2.312,0.2353,5,WTR
7336.0,31.1568,2.227,2.3343,0.2325,5,WTR
7336.5,28.861,2.0062,2.3504,0.2208,5,WTR
7337.0,28.861,2.0368,2.3463,0.2172,5,WTR
7337.5,28.861,2.0368,2.3324,0.2079,5,WTR
7338.0,26.8932,1.8805,2.3192,0.2123,5,WTR
7338.5,26.8932,1.9483,2.3141,0.2099,5,WTR
7339.0,27.8771,1.8388,2.3105,0.2253,5,WTR
7339.5,27.8771,1.7815,2.3127,0.229,5,WTR
7340.0,28.2051,1.7587,2.3053,0.2317,5,WTR
7340.5,29.8449,1.7624,2.2965,0.2227,5,WTR
7341.0,31.1568,1.7158,2.2946,0.2188,5,WTR
7341.5,32.1407,1.7212,2.3247,0.2203,5,WTR
7342.0,34.1085,1.8295,2.3534,0.2223,5,WTR
7342.5,36.0763,1.9429,2.3822,0.2189,5,WTR
7343.0,38.0441,2.3692,2.3925,0.2149,5,WTR
7343.5,38.0441,2.3692,2.4272,0.2177,5,WTR
7344.0,38.372,2.4996,2.4406,0.2352,5,WTR
7344.5,38.372,2.614,2.4836,0.2399,0,Non-SST
7345.0,37.0602,3.0074,2.4985,0.2392,0,Non-SST
7345.5,36.0763,3.1586,2.4817,0.23,0,Non-SST
7346.0,36.7322,3.0415,2.4514,0.2356,0,Non-SST
7346.5,37.7489,3.2797,2.4466,0.2342,5,WTR
7347.0,38.1097,3.5702,2.4308,0.2375,5,WTR
7347.5,38.0769,3.7891,2.4304,0.23,5,WTR
7348.0,37.7161,4.1612,2.4202,0.2273,5,WTR
7348.5,37.0602,4.7389,2.441,0.2183,0,Non-SST
7349.0,37.7161,4.7389,2.4451,0.214,5,WTR
7349.5,39.6839,3.5821,2.4487,0.2143,5,WTR
7350.0,40.9958,3.3249,2.4567,0.2169,5,WTR
7350.5,40.9958,3.2055,2.4647,0.2121,5,WTR
7351.0,39.3559,3.1002,2.4774,0.206,5,WTR
7351.5,37.7161,3.0456,2.4704,0.1933,5,WTR
7352.0,38.0441,2.9952,2.4676,0.1928,5,WTR
7352.5,40.0119,2.9113,2.4673,0.1967,5,WTR
7353.0,41.8157,2.9342,2.4904,0.1998,5,WTR
7353.5,42.3076,2.9302,2.4906,0.2073,5,WTR
7354.0,43.4555,2.9516,2.5038,0.202,0,Non-SST
7354.5,46.4072,2.9331,2.483,0.2042,5,WTR
7355.0,48.867,2.8965,2.486,0.2003,0,Non-SST
7355.5,49.5229,2.9024,2.4784,0.203,5,WTR
7356.0,50.5068,2.8658,2.4998,0.207,0,Non-SST
7356.5,53.4585,2.8794,2.4925,0.2089,0,Non-SST
7357.0,56.4102,2.7958,2.4873,0.2103,0,Non-SST
7357.5,54.1144,2.8056,2.4646,0.2092,5,WTR
7358.0,49.5229,2.7833,2.4672,0.2172,5,WTR
7358.5,48.211,2.7235,2.4699,0.2169,5,WTR
7359.0,50.8347,2.7787,2.473,0.2248,5,WTR
7359.5,52.1466,2.8028,2.4975,0.2206,0,Non-SST
7360.0,49.5229,2.8224,2.4958,0.2207,0,Non-SST
7360.5,46.2432,2.9492,2.5065,0.2084,0,Non-SST
7361.0,46.5712,3.0805,2.498,0.2021,0,Non-SST
7361.5,49.8508,2.9352,2.4794,0.2,5,WTR
7362.0,51.8186,2.8395,2.4714,0.2056,5,WTR
7362.5,53.7864,2.8916,2.4684,0.2098,5,WTR
7363.0,53.4585,2.9142,2.4921,0.2183,0,Non-SST
7363.5,55.0983,2.8414,2.5015,0.2251,0,Non-SST
7364.0,56.7381,2.7146,2.5153,0.2339,0,Non-SST
7364.5,57.722,2.7925,2.4886,0.2281,0,Non-SST
7365.0,58.7059,2.8084,2.4755,0.2213,0,Non-SST
7365.5,57.3941,2.8009,2.4762,0.2169,0,Non-SST
7366.0,55.4263,2.7622,2.4934,0.2236,0,Non-SST
7366.5,55.4263,2.8224,2.5215,0.2272,0,Non-SST
7367.0,56.0822,2.9083,2.4979,0.2335,0,Non-SST
7367.5,57.722,2.874,2.4971,0.2302,0,Non-SST
7368.0,59.0339,2.8159,2.4855,0.2377,0,Non-SST
7368.5,58.05,2.8159,2.4695,0.2331,0,Non-SST
7369.0,54.7703,2.7641,2.4448,0.2389,5,WTR
7369.5,48.867,2.6935,2.4175,0.2371,5,WTR
7370.0,42.4716,2.4857,2.3808,0.2397,5,WTR
7370.5,38.0441,2.2731,2.3457,0.2494,5,WTR
7371.0,35.9123,2.4461,2.3281,0.26,5,WTR
7371.5,35.4203,2.3599,2.3232,0.2695,5,WTR
7372.0,35.0924,2.2083,2.3145,0.2647,5,WTR
7372.5,34.1085,2.3262,2.3286,0.2592,5,WTR
7373.0,33.7805,2.5121,2.3415,0.2588,5,WTR
7373.5,33.1246,3.1705,2.3581,0.2529,5,WTR
7374.0,28.861,3.3143,2.3204,0.2368,5,WTR
7374.5,23.9415,2.097,2.2875,0.2357,5,WTR
7375.0,22.6297,1.8125,2.2717,0.2367,5,WTR
7375.5,23.6136,1.8354,2.2687,0.252,5,WTR
7376.0,25.2534,1.9116,2.2888,0.2491,5,WTR
7376.5,27.2212,2.0727,2.3056,0.2469,5,WTR
7377.0,29.5169,2.0278,2.3034,0.2507,5,WTR
7377.5,31.8127,1.9751,2.3005,0.2449,5,WTR
7378.0,34.1085,1.9205,2.3111,0.2482,5,WTR
7378.5,37.0602,1.9075,2.3461,0.2485,5,WTR
7379.0,38.7,1.9392,2.3507,0.2627,5,WTR
7379.5,38.372,1.9137,2.3589,0.2618,5,WTR
7380.0,37.7161,1.9248,2.3465,0.2638,5,WTR
7380.5,36.7322,1.9723,2.351,0.257,5,WTR
7381.0,38.0441,1.9153,2.3467,0.2604,5,WTR
7381.5,39.3559,1.9498,2.3436,0.2597,5,WTR
7382.0,38.7,1.8985,2.329,0.2571,5,WTR
7382.5,37.3881,1.9521,2.3316,0.26,5,WTR
7383.0,36.7322,2.0972,2.3353,0.2576,5,WTR
7383.5,36.4042,2.2186,2.355,0.2515,5,WTR
7384.0,35.7483,2.2026,2.3831,0.2458,5,WTR
7384.5,33.7805,2.3235,2.4219,0.2245,5,WTR
7385.0,29.5169,3.1858,2.4367,0.2106,5,WTR
7385.5,25.9093,2.9053,2.4112,0.1974,5,WTR
7386.0,24.9254,1.9168,2.3501,0.2045,5,WTR
7386.5,24.9254,1.7118,2.31,0.22,5,WTR
7387.0,24.9254,1.7436,2.2792,0.2455,5,WTR
7387.5,25.9093,1.7436,2.2869,0.2583,5,WTR
7388.0,26.8932,1.7726,2.3008,0.2573,5,WTR
7388.5,28.2051,1.8275,2.3362,0.2466,5,WTR
7389.0,30.1729,2.0572,2.3728,0.2323,5,WTR
7389.5,32.4686,2.85,2.3782,0.2194,5,WTR
7390.0,31.8127,3.2763,2.3988,0.2132,5,WTR
7390.5,29.8449,4.8506,2.4012,0.1923,5,WTR
7391.0,30.8288,4.9466,2.4179,0.1882,5,WTR
7391.5,30.8288,4.7555,2.4333,0.1842,5,WTR
7392.0,27.5492,4.704,2.436,0.1979,5,WTR
7392.5,24.5975,3.2877,2.3987,0.197,5,WTR
7393.0,22.3017,3.2877,2.3346,0.1927,5,WTR
7393.5,22.3017,2.2302,2.3002,0.1989,5,WTR
7394.0,22.3017,1.756,2.2733,0.2149,5,WTR
7394.5,24.9254,2.0002,2.2721,0.2346,5,WTR
7395.0,26.5653,2.5208,2.2702,0.2396,5,WTR
7395.5,26.2373,2.3663,2.2651,0.2433,5,WTR
7396.0,24.9254,1.9163,2.2606,0.2472,5,WTR
7396.5,23.7775,1.9823,2.2563,0.2556,5,WTR
7397.0,22.9576,1.7736,2.2566,0.2525,5,WTR
7397.5,23.7775,1.7445,2.2859,0.251,5,WTR
7398.0,27.8771,1.8344,2.3118,0.2408,5,WTR
7398.5,33.4525,1.9614,2.3333,0.2437,5,WTR
7399.0,37.7161,1.9862,2.3272,0.2468,5,WTR
7399.5,40.0119,1.9929,2.3375,0.2522,5,WTR
7400.0,43.2915,1.9929,2.356,0.2525,5,WTR
7400.5,52.1466,2.0532,2.4,0.2512,5,WTR
7401.0,65.5932,2.3908,2.4413,0.2482,0,Non-SST
7401.5,72.1525,2.4386,2.4931,0.254,0,Non-SST
7402.0,78.7119,2.4439,2.5157,0.2507,0,Non-SST
7402.5,73.4644,2.2724,2.5186,0.2551,0,Non-SST
7403.0,76.9081,2.2231,2.5315,0.2575,0,Non-SST
7403.5,83.9593,2.1618,2.5246,0.2682,0,Non-SST
7404.0,81.9915,2.1312,2.519,0.2719,0,Non-SST
7404.5,80.0237,2.1123,2.4987,0.2761,0,Non-SST
7405.0,80.6797,2.1599,2.5016,0.2777,0,Non-SST
7405.5,81.9915,1.9462,2.519,0.2798,0,Non-SST
7406.0,80.6797,2.0826,2.5214,0.275,0,Non-SST
7406.5,78.7119,2.1037,2.5259,0.2712,0,Non-SST
7407.0,79.3678,2.025,2.5207,0.2704,0,Non-SST
7407.5,82.9754,2.0117,2.519,0.2737,0,Non-SST
7408.0,86.5831,2.0117,2.5156,0.2779,0,Non-SST
7408.5,88.8788,2.0161,2.512,0.2901,0,Non-SST
7409.0,89.2068,2.1717,2.5192,0.2898,0,Non-SST
7409.5,86.583,2.2302,2.5255,0.2845,0,Non-SST
7410.0,83.9593,2.3949,2.5623,0.267,0,Non-SST
7410.5,74.1203,2.4446,2.6002,0.2459,0,Non-SST
7411.0,59.0339,2.9044,2.6294,0.2182,0,Non-SST
7411.5,49.5229,5.1706,2.6073,0.1996,0,Non-SST
7412.0,53.4585,4.1831,2.5994,0.1899,0,Non-SST
7412.5,62.3136,2.9372,2.5417,0.204,0,Non-SST
7413.0,68.2169,2.7468,2.5183,0.2282,0,Non-SST
7413.5,70.1847,2.6996,2.4998,0.251,0,Non-SST
7414.0,69.5288,2.6891,2.5189,0.2538,0,Non-SST
7414.5,70.8407,2.6683,2.5256,0.2558,0,Non-SST
7415.0,72.1525,2.5802,2.5379,0.2577,0,Non-SST
7415.5,67.561,2.5802,2.5077,0.2639,0,Non-SST
7416.0,61.6576,2.5769,2.4866,0.259,0,Non-SST
7416.5,49.8508,2.4017,2.3946,0.2488,5,WTR
7417.0,35.4203,2.2102,2.3437,0.2447,5,WTR
7417.5,25.9093,1.8168,2.2955,0.2527,5,WTR
7418.0,21.9737,1.6501,2.2529,0.2664,5,WTR
7418.5,21.3178,1.6173,2.229,0.2655,5,WTR
7419.0,22.9576,1.5603,2.2583,0.2488,5,WTR
7419.5,26.2373,1.8577,2.3042,0.2356,5,WTR
7420.0,29.5169,2.2309,2.3408,0.2296,5,WTR
7420.5,32.7966,2.2551,2.3617,0.2268,5,WTR
7421.0,35.0924,2.2551,2.392,0.2199,5,WTR
7421.5,39.6839,2.478,2.4235,0.2175,5,WTR
7422.0,45.2593,2.8916,2.4806,0.2139,5,WTR
7422.5,47.5551,3.3097,2.5011,0.2068,0,Non-SST
7423.0,45.2593,3.4727,2.4833,0.2017,0,Non-SST
7423.5,43.9475,2.6418,2.4615,0.2018,5,WTR
7424.0,47.2271,2.3635,2.4602,0.2103,5,WTR
7424.5,52.4746,2.7879,2.486,0.2283,0,Non-SST
7425.0,55.0983,2.6359,2.478,0.2401,0,Non-SST
7425.5,57.722,2.7049,2.4377,0.2428,0,Non-SST
7426.0,45.2593,1.9657,2.3822,0.2315,5,WTR
7426.5,35.4203,1.9657,2.3523,0.2349,5,WTR
7427.0,30.8288,1.9867,2.363,0.2374,5,WTR
7427.5,32.4686,3.3555,2.3735,0.2294,5,WTR
7428.0,40.3398,2.0641,2.4036,0.2258,5,WTR
7428.5,51.8186,2.2711,2.4714,0.2333,5,WTR
7429.0,61.0017,2.535,2.5163,0.2508,0,Non-SST
7429.5,66.9051,2.8328,2.5346,0.259,0,Non-SST
7430.0,72.1525,2.7226,2.5575,0.256,0,Non-SST
7430.5,72.8085,2.7014,2.5795,0.2577,0,Non-SST
7431.0,73.4644,2.7396,2.5819,0.2597,0,Non-SST
7431.5,70.5127,2.7396,2.55,0.263,0,Non-SST
7432.0,65.2653,2.609,2.4948,0.2668,0,Non-SST
7432.5,55.7542,2.2433,2.4049,0.2631,5,WTR
7433.0,43.9475,2.2218,2.339,0.2679,5,WTR
7433.5,35.4203,2.0872,2.3194,0.2665,5,WTR
7434.0,33.4525,1.9996,2.3206,0.2617,5,WTR
7434.5,33.7805,2.195,2.362,0.2507,5,WTR
7435.0,31.4847,2.3908,2.4058,0.2409,5,WTR
7435.5,31.4847,5.0218,2.4454,0.2144,5,WTR
7436.0,31.4847,4.3508,2.4295,0.1989,5,WTR
7436.5,30.5008,4.3508,2.3505,0.1877,5,WTR
7437.0,28.2051,3.2412,2.2832,0.1978,5,WTR
7437.5,26.5653,2.555,2.2697,0.2232,5,WTR
7438.0,25.2534,2.3564,2.2722,0.2527,5,WTR
7438.5,21.9737,2.1969,2.2883,0.2771,5,WTR
7439.0,17.7102,2.1931,2.2904,0.2726,5,WTR
7439.5,15.4144,2.3621,2.3031,0.2556,5,WTR
7440.0,15.5456,1.9467,2.3272,0.231,5,WTR
7440.5,16.6607,2.8644,2.4196,0.211,5,WTR
7441.0,19.8092,4.7327,2.5118,0.1873,0,Non-SST
7441.5,26.2373,4.7389,2.5148,0.1728,0,Non-SST
7442.0,30.1729,4.7389,2.4615,0.1691,0,Non-SST
7442.5,34.1085,3.2367,2.4034,0.183,5,WTR
7443.0,36.4042,2.2407,2.3618,0.21,5,WTR
7443.5,37.7161,1.9227,2.3732,0.2301,5,WTR
7444.0,39.6839,2.02,2.3665,0.2413,5,WTR
7444.5,42.9636,1.8754,2.3935,0.2405,5,WTR
7445.0,45.5873,2.0538,2.3921,0.2369,5,WTR
7445.5,47.5551,1.9301,2.3989,0.2369,5,WTR
7446.0,48.539,2.1282,2.4169,0.23,5,WTR
7446.5,48.7576,2.1391,2.4347,0.2288,5,WTR
7447.0,49.4136,2.1391,2.4558,0.2236,5,WTR
7447.5,48.3203,2.1501,2.4499,0.2319,5,WTR
7448.0,47.2271,2.1937,2.4424,0.2335,5,WTR
7448.5,45.4233,2.1937,2.4166,0.2404,5,WTR
7449.0,40.3398,2.0272,2.3974,0.2404,5,WTR
7449.5,39.5199,1.7986,2.365,0.2433,5,WTR
7450.0,40.9958,1.8305,2.3262,0.2447,5,WTR
7450.5,37.0602,1.8364,2.3065,0.2435,5,WTR
7451.0,32.4686,1.5486,2.3228,0.2469,5,WTR
7451.5,32.1407,2.0013,2.3629,0.2321,5,WTR
7452.0,31.4847,1.8759,2.2904,0.2347,5,WTR
7452.5,27.8771,1.6463,2.2905,0.2246,5,WTR
7453.0,25.5814,1.5862,2.3177,0.2225,5,WTR
7453.5,29.5169,1.5862,2.3903,0.2214,5,WTR
7454.0,39.3559,2.2621,2.416,0.2151,5,WTR
7454.5,40.6678,2.4149,2.4123,0.2168,5,WTR
7455.0,41.9797,2.343,2.4109,0.2043,5,WTR
7455.5,42.9636,2.309,2.3999,0.211,5,WTR
7456.0,43.6195,2.3423,2.3953,0.2223,5,WTR
7456.5,44.6034,2.4117,2.3875,0.224,5,WTR
7457.0,45.2593,2.4186,2.4031,0.2241,5,WTR
7457.5,44.6034,2.423,2.4181,0.2129,5,WTR
7458.0,42.9636,2.4597,2.4483,0.2177,5,WTR
7458.5,41.3237,2.677,2.4491,0.2129,5,WTR
7459.0,40.6678,2.4857,2.454,0.2105,5,WTR
7459.5,42.6356,2.1849,2.4252,0.2091,5,WTR
7460.0,44.6034,2.1538,2.4273,0.2152,5,WTR
7460.5,49.1949,2.2637,2.4406,0.2211,5,WTR
7461.0,54.1144,2.2637,2.453,0.2251,5,WTR
7461.5,56.4102,2.2784,2.4509,0.2276,5,WTR
7462.0,55.4263,2.3269,2.4512,0.2295,5,WTR
7462.5,54.1144,2.3035,2.4567,0.2322,5,WTR
7463.0,52.8025,2.2651,2.4536,0.2306,5,WTR
7463.5,49.1949,2.2845,2.427,0.2253,5,WTR
7464.0,44.2754,2.168,2.4198,0.2163,5,WTR
7464.5,40.6678,2.1014,2.3979,0.2065,5,WTR
7465.0,39.3559,2.0779,2.3782,0.2077,5,WTR
7465.5,38.0441,2.0595,2.3612,0.2122,5,WTR
7466.0,38.7,2.0595,2.3659,0.2219,5,WTR
7466.5,39.028,2.015,2.3774,0.2299,5,WTR
7467.0,40.3398,2.0715,2.3935,0.2338,5,WTR
7467.5,41.6517,2.0855,2.3878,0.2334,5,WTR
7468.0,43.2915,2.0779,2.3929,0.2304,5,WTR
7468.5,46.8992,2.1674,2.3991,0.2322,5,WTR
7469.0,51.1627,2.1483,2.421,0.2345,5,WTR
7469.5,55.0983,2.1416,2.4689,0.2414,0,Non-SST
7470.0,61.6576,2.147,2.5236,0.2472,0,Non-SST
7470.5,68.2169,2.1724,2.5456,0.2685,0,Non-SST
7471.0,73.7924,2.2039,2.5674,0.276,0,Non-SST
7471.5,74.1203,2.2039,2.5626,0.2881,0,Non-SST
7472.0,72.1525,2.1204,2.5828,0.2941,0,Non-SST
7472.5,71.4966,1.9543,2.5765,0.2933,0,Non-SST
7473.0,70.8407,2.0658,2.5656,0.2824,0,Non-SST
7473.5,69.2008,2.155,2.524,0.2631,0,Non-SST
7474.0,67.561,2.1416,2.509,0.2618,0,Non-SST
7474.5,68.8729,2.1792,2.5175,0.2619,0,Non-SST
7475.0,74.7763,2.1649,2.5428,0.2714,0,Non-SST
7475.5,72.8085,2.1724,2.5634,0.275,0,Non-SST
7476.0,70.8407,2.1361,2.5631,0.2829,0,Non-SST
7476.5,70.1847,2.1361,2.562,0.2937,0,Non-SST
7477.0,70.5127,2.398,2.5569,0.2988,0,Non-SST
7477.5,72.4805,2.2758,2.5594,0.3,0,Non-SST
7478.0,76.0881,2.2374,2.5548,0.29,0,Non-SST
7478.5,78.7119,2.2128,2.5585,0.2999,0,Non-SST
7479.0,80.0237,2.1724,2.5523,0.2907,0,Non-SST
7479.5,79.0398,2.2538,2.5522,0.2919,0,Non-SST
7480.0,73.4644,2.2717,2.5649,0.2761,0,Non-SST
7480.5,74.1203,2.2906,2.5602,0.2853,0,Non-SST
7481.0,74.7763,2.2309,2.5713,0.2865,0,Non-SST
7481.5,75.4322,2.3764,2.5698,0.288,0,Non-SST
7482.0,72.1525,2.3764,2.5382,0.2815,0,Non-SST
7482.5,68.2169,2.7396,2.5191,0.2697,0,Non-SST
7483.0,67.561,2.5059,2.491,0.2656,0,Non-SST
7483.5,67.561,2.5035,2.5009,0.2588,0,Non-SST
7484.0,63.2975,2.712,2.5116,0.2399,0,Non-SST
7484.5,58.05,3.1716,2.5186,0.228,0,Non-SST
7485.0,58.05,3.3237,2.5181,0.216,0,Non-SST
7485.5,61.6576,3.1393,2.5291,0.222,0,Non-SST
7486.0,61.6576,3.1276,2.5332,0.2188,0,Non-SST
7486.5,61.6576,3.0815,2.5571,0.2237,0,Non-SST
7487.0,64.9373,3.0815,2.5554,0.2228,0,Non-SST
7487.5,65.2653,3.0763,2.5613,0.2345,0,Non-SST
7488.0,64.6093,2.9123,2.5443,0.2399,0,Non-SST
7488.5,64.2814,2.814,2.5206,0.2392,0,Non-SST
7489.0,63.9534,2.9412,2.5155,0.2291,0,Non-SST
7489.5,62.9695,2.9614,2.5094,0.2253,0,Non-SST
7490.0,61.9856,2.9004,2.5127,0.2259,0,Non-SST
7490.5,60.6737,2.8028,2.5192,0.2327,0,Non-SST
7491.0,59.0339,2.8159,2.5253,0.2308,0,Non-SST
7491.5,59.6898,2.7861,2.5434,0.2316,0,Non-SST
7492.0,60.3458,2.7093,2.5414,0.231,0,Non-SST
7492.5,66.2491,2.7093,2.5415,0.2393,0,Non-SST
7493.0,70.1847,2.7146,2.5511,0.2522,0,Non-SST
7493.5,67.561,2.7568,2.5444,0.2572,0,Non-SST
7494.0,63.9534,2.8243,2.5423,0.2562,0,Non-SST
7494.5,66.5771,2.7477,2.5398,0.2517,0,Non-SST
7495.0,71.4966,2.5933,2.5561,0.2569,0,Non-SST
7495.5,73.4644,2.4024,2.5618,0.2724,0,Non-SST
7496.0,73.4644,2.3451,2.5624,0.2907,0,Non-SST
7496.5,74.7763,2.2637,2.5542,0.3054,0,Non-SST
7497.0,74.7763,2.2077,2.5585,0.3044,0,Non-SST
7497.5,74.7763,2.0972,2.5713,0.2941,0,Non-SST
7498.0,78.7119,2.0972,2.5869,0.2884,0,Non-SST
7498.5,80.0237,2.0949,2.5954,0.2971,0,Non-SST
7499.0,81.3356,2.1824,2.5779,0.3059,0,Non-SST
7499.5,80.0237,2.3283,2.5719,0.306,0,Non-SST
7500.0,76.4161,2.3578,2.5718,0.2976,0,Non-SST
7500.5,74.1203,2.7164,2.5836,0.2776,0,Non-SST
7501.0,71.8246,3.0867,2.5755,0.2507,0,Non-SST
7501.5,66.9051,4.0351,2.5768,0.2262,0,Non-SST
7502.0,60.3458,4.5741,2.5798,0.2084,0,Non-SST
7502.5,59.6898,4.6674,2.5813,0.1987,0,Non-SST
7503.0,59.0339,4.4686,2.5612,0.1931,0,Non-SST
7503.5,63.9534,4.4686,2.5475,0.1981,0,Non-SST
7504.0,67.889,4.5469,2.528,0.2043,0,Non-SST
7504.5,69.2008,4.7451,2.5365,0.2067,0,Non-SST
7505.0,65.5932,5.0392,2.5501,0.1998,0,Non-SST
7505.5,57.0661,5.1344,2.5656,0.1789,0,Non-SST
7506.0,50.5068,5.5362,2.577,0.1574,0,Non-SST
7506.5,52.1466,5.2982,2.5559,0.1449,0,Non-SST
7507.0,58.05,4.7743,2.5503,0.1518,0,Non-SST
7507.5,64.2814,4.1612,2.5327,0.1781,0,Non-SST
7508.0,65.5932,3.6791,2.5308,0.2105,0,Non-SST
7508.5,66.9051,3.6046,2.5274,0.2376,0,Non-SST
7509.0,70.8407,3.6046,2.5325,0.2534,0,Non-SST
7509.5,75.4322,3.5286,2.5326,0.2533,0,Non-SST
7510.0,76.4161,3.4133,2.5356,0.2473,0,Non-SST
7510.5,72.4805,3.1749,2.5265,0.2352,0,Non-SST
7511.0,67.233,3.3027,2.5342,0.2328,0,Non-SST
7511.5,61.9856,3.2536,2.5211,0.2184,0,Non-SST
7512.0,57.722,3.6805,2.512,0.2123,0,Non-SST
7512.5,59.0339,3.5403,2.4957,0.1998,0,Non-SST
7513.0,57.0661,3.2513,2.488,0.2044,0,Non-SST
7513.5,55.0983,3.0324,2.4829,0.208,0,Non-SST
7514.0,54.7703,3.0324,2.4848,0.22,0,Non-SST
7514.5,57.722,2.9952,2.5012,0.2255,0,Non-SST
7515.0,62.6415,3.1192,2.5061,0.2319,0,Non-SST
7515.5,64.6093,3.0825,2.5222,0.2314,0,Non-SST
7516.0,63.9534,3.1576,2.5417,0.2314,0,Non-SST
7516.5,64.2814,3.4329,2.5681,0.2245,0,Non-SST
7517.0,63.9534,3.3016,2.5747,0.2217,0,Non-SST
7517.5,61.9856,3.2412,2.5768,0.216,0,Non-SST
7518.0,61.6576,3.2547,2.5785,0.2115,0,Non-SST
7518.5,59.0339,3.4145,2.5779,0.2126,0,Non-SST
7519.0,56.4102,3.6341,2.5732,0.2046,0,Non-SST
7519.5,55.0983,3.6341,2.5689,0.2015,0,Non-SST
7520.0,59.0339,3.3178,2.576,0.1951,0,Non-SST
7520.5,65.2653,3.176,2.5979,0.206,0,Non-SST
7521.0,71.4966,3.0284,2.6037,0.2205,0,Non-SST
7521.5,76.4161,2.83,2.5933,0.2334,0,Non-SST
7522.0,76.0881,2.7369,2.584,0.2434,0,Non-SST
7522.5,74.4483,2.8471,2.596,0.2433,0,Non-SST
7523.0,78.7119,2.5999,2.5811,0.2491,0,Non-SST
7523.5,79.3678,2.5247,2.5669,0.2506,0,Non-SST
7524.0,80.0237,2.4872,2.5493,0.2538,0,Non-SST
7524.5,78.0559,2.4872,2.5583,0.2506,0,Non-SST
7525.0,76.7441,2.5295,2.5748,0.2515,0,Non-SST
7525.5,76.0881,2.7307,2.594,0.2552,0,Non-SST
7526.0,76.4161,2.8056,2.602,0.2567,0,Non-SST
7526.5,74.7763,2.8093,2.5787,0.2452,0,Non-SST
7527.0,71.1686,2.8272,2.5722,0.2335,0,Non-SST
7527.5,69.2008,2.876,2.5643,0.2322,0,Non-SST
7528.0,68.8729,2.9422,2.5794,0.2407,0,Non-SST
7528.5,69.5288,2.8886,2.5783,0.2494,0,Non-SST
7529.0,70.8407,2.7935,2.5844,0.249,0,Non-SST
7529.5,72.1525,2.6813,2.5757,0.2487,0,Non-SST
7530.0,76.4161,2.6813,2.5734,0.257,0,Non-SST
7530.5,78.3839,2.6427,2.5659,0.266,0,Non-SST
7531.0,75.4322,2.7111,2.5796,0.2626,0,Non-SST
7531.5,72.4805,2.7342,2.5748,0.2514,0,Non-SST
7532.0,74.1203,2.6718,2.5839,0.252,0,Non-SST
7532.5,76.7441,2.6554,2.5689,0.2606,0,Non-SST
7533.0,76.0881,2.6537,2.5594,0.2749,0,Non-SST
7533.5,73.6284,2.6839,2.5556,0.2742,0,Non-SST
7534.0,72.4805,2.9973,2.5652,0.2758,0,Non-SST
7534.5,71.9886,2.9932,2.5678,0.2614,0,Non-SST
7535.0,69.5288,2.9932,2.5465,0.2543,0,Non-SST
7535.5,66.2491,3.095,2.5268,0.2336,0,Non-SST
7536.0,62.9695,3.0702,2.5175,0.2301,0,Non-SST
7536.5,60.6737,2.9182,2.5315,0.2297,0,Non-SST
7537.0,61.3297,2.8177,2.5437,0.2323,0,Non-SST
7537.5,63.6254,2.6874,2.5674,0.2388,0,Non-SST
7538.0,64.2814,2.52,2.5411,0.2342,0,Non-SST
7538.5,59.3619,2.4842,2.503,0.2362,0,Non-SST
7539.0,51.1627,2.5966,2.48,0.2219,5,WTR
7539.5,45.5873,2.6032,2.4513,0.2143,5,WTR
7540.0,44.2754,2.3353,2.467,0.2065,5,WTR
7540.5,45.9153,2.3353,2.4702,0.206,5,WTR
7541.0,45.2593,2.6503,2.4679,0.2076,5,WTR
7541.5,44.6034,2.3726,2.4545,0.2124,5,WTR
7542.0,45.2593,2.3785,2.4824,0.2162,5,WTR
7542.5,49.8508,2.3937,2.5243,0.2224,0,Non-SST
7543.0,54.1144,2.543,2.5603,0.2222,0,Non-SST
7543.5,54.1144,2.7316,2.5812,0.2196,0,Non-SST
7544.0,52.1466,2.9747,2.5928,0.2209,0,Non-SST
7544.5,53.4585,2.9553,2.5617,0.2173,0,Non-SST
7545.0,61.0017,2.7695,2.5787,0.229,0,Non-SST
7545.5,67.561,2.6752,2.5594,0.2387,0,Non-SST
7546.0,66.9051,2.6988,2.5573,0.2509,0,Non-SST
7546.5,64.9373,2.9212,2.5508,0.239,0,Non-SST
7547.0,62.9695,3.0094,2.5375,0.2195,0,Non-SST
7547.5,54.1144,3.0094,2.543,0.2052,0,Non-SST
7548.0,49.5229,2.9655,2.5311,0.2047,0,Non-SST
7548.5,48.539,2.9432,2.5273,0.2044,0,Non-SST
7549.0,49.1949,2.9113,2.5268,0.2045,0,Non-SST
7549.5,52.4746,2.9513,2.5319,0.2035,0,Non-SST
7550.0,57.0661,2.9262,2.5289,0.209,0,Non-SST
7550.5,57.722,2.8955,2.5465,0.207,0,Non-SST
7551.0,55.7542,2.8605,2.5384,0.2014,0,Non-SST
7551.5,56.4102,2.8935,2.5326,0.194,0,Non-SST
7552.0,54.4424,2.9292,2.5127,0.1955,0,Non-SST
7552.5,52.4746,2.8808,2.5021,0.1948,0,Non-SST
7553.0,51.8186,2.8808,2.4746,0.2066,5,WTR
7553.5,50.5068,2.7541,2.4525,0.2125,5,WTR
7554.0,49.8508,2.7541,2.4277,0.2171,5,WTR
7554.5,48.211,2.7632,2.4447,0.2087,5,WTR
7555.0,46.8992,2.704,2.4506,0.2049,5,WTR
7555.5,50.5068,2.7898,2.4892,0.2063,0,Non-SST
7556.0,56.0822,2.8442,2.5133,0.2039,0,Non-SST
7556.5,60.3458,2.7586,2.5164,0.2096,0,Non-SST
7557.0,57.0661,2.6953,2.4997,0.2123,0,Non-SST
7557.5,53.7864,2.6452,2.5051,0.2219,0,Non-SST
7558.0,59.0339,2.6469,2.5422,0.2319,0,Non-SST
7558.5,65.9212,2.6469,2.5673,0.2437,0,Non-SST
7559.0,69.2008,2.6241,2.591,0.2475,0,Non-SST
7559.5,69.2008,2.652,2.5852,0.2395,0,Non-SST
7560.0,67.561,2.8065,2.5773,0.2303,0,Non-SST
7560.5,66.9051,2.7423,2.5727,0.2249,0,Non-SST
7561.0,67.889,2.6418,2.5724,0.2272,0,Non-SST
7561.5,67.889,2.5502,2.5765,0.2282,0,Non-SST
7562.0,68.2169,2.4386,2.5808,0.2388,0,Non-SST
7562.5,74.1203,2.311,2.5886,0.2417,0,Non-SST
7563.0,80.0237,2.4002,2.5786,0.2598,0,Non-SST
7563.5,77.728,2.4002,2.5761,0.2544,0,Non-SST
7564.0,74.7763,2.3374,2.5668,0.2573,0,Non-SST
7564.5,72.8085,2.3521,2.5712,0.2512,0,Non-SST
7565.0,70.5127,2.4312,2.5829,0.2493,0,Non-SST
7565.5,67.233,2.6874,2.6034,0.2461,0,Non-SST
7566.0,66.5771,2.8414,2.5911,0.2329,0,Non-SST
7566.5,70.5127,2.6115,2.5761,0.2383,0,Non-SST
7567.0,76.0881,2.4075,2.568,0.2442,0,Non-SST
7567.5,75.4322,2.3228,2.5929,0.2688,0,Non-SST
7568.0,74.7763,2.2551,2.6042,0.2789,0,Non-SST
7568.5,80.6797,2.1886,2.6005,0.2872,0,Non-SST
7569.0,81.0076,2.1886,2.589,0.2852,0,Non-SST
7569.5,75.7602,2.1661,2.6062,0.2777,0,Non-SST
7570.0,66.2491,2.4215,2.6242,0.2458,0,Non-SST
7570.5,56.0822,3.2706,2.6423,0.2069,0,Non-SST
7571.0,52.1466,3.7561,2.6908,0.1811,0,Non-SST
7571.5,53.4585,3.9365,2.5538,0.1697,0,Non-SST
7572.0,54.7703,3.4714,2.5482,0.1765,0,Non-SST
7572.5,55.0983,3.2,2.5517,0.1872,0,Non-SST
7573.0,55.7542,3.0578,2.5541,0.2009,0,Non-SST
7573.5,56.4102,3.0487,2.5444,0.2105,0,Non-SST
7574.0,57.722,3.0487,2.5405,0.22,0,Non-SST
7574.5,61.0017,2.9829,2.5406,0.2315,0,Non-SST
7575.0,65.9212,2.635,2.5427,0.2331,0,Non-SST
7575.5,68.5449,2.7695,2.5568,0.2389,0,Non-SST
7576.0,69.8568,2.7342,2.5548,0.2492,0,Non-SST
7576.5,72.8085,2.4727,2.5771,0.2659,0,Non-SST
7577.0,76.0881,2.4356,2.5824,0.2788,0,Non-SST
7577.5,77.4,2.2832,2.6013,0.2817,0,Non-SST
7578.0,76.0881,2.3056,2.6027,0.2979,0,Non-SST
7578.5,74.7763,2.2545,2.5966,0.2943,0,Non-SST
7579.0,72.1525,2.2545,2.5715,0.2917,0,Non-SST
7579.5,72.1525,2.5043,2.556,0.2729,0,Non-SST
7580.0,72.8085,2.5917,2.5178,0.2633,0,Non-SST
7580.5,71.8246,2.6418,2.4916,0.2503,0,Non-SST
7581.0,67.561,2.8084,2.4583,0.234,0,Non-SST
7581.5,60.3458,2.765,2.4401,0.2295,5,WTR
7582.0,53.4585,2.9422,2.4308,0.2187,5,WTR
7582.5,47.883,3.0732,2.461,0.2164,5,WTR
7583.0,43.2915,3.1393,2.4639,0.1963,5,WTR
7583.5,45.2593,3.1202,2.455,0.1848,5,WTR
7584.0,47.2271,3.2603,2.4352,0.1743,5,WTR
7584.5,47.883,3.2603,2.4298,0.1787,5,WTR
7585.0,48.539,3.1847,2.4243,0.1842,5,WTR
7585.5,47.883,2.9839,2.4313,0.1936,5,WTR
7586.0,46.5712,2.799,2.4317,0.199,5,WTR
7586.5,45.5873,2.6107,2.4213,0.205,5,WTR
7587.0,45.9153,2.4529,2.4444,0.2138,5,WTR
7587.5,49.8508,2.3901,2.446,0.22,5,WTR
7588.0,58.7059,2.0572,2.4945,0.2377,0,Non-SST
7588.5,69.5288,2.1252,2.4871,0.2546,0,Non-SST
7589.0,73.4644,2.2644,2.4964,0.287,0,Non-SST
7589.5,77.4,2.1811,2.5026,0.3037,0,Non-SST
7590.0,86.583,2.1811,2.5225,0.323,0,Non-SST
7590.5,90.1907,2.1428,2.5183,0.3358,0,Non-SST
7591.0,91.5025,2.1403,2.4788,0.3602,0,Non-SST
7591.5,93.7983,2.0902,2.4712,0.3633,0,Non-SST
7592.0,92.4864,2.1905,2.4762,0.3682,0,Non-SST
7592.5,85.5992,2.4156,2.5215,0.3365,0,Non-SST
7593.0,80.0237,2.5647,2.5444,0.3164,0,Non-SST
7593.5,78.7119,2.4903,2.5614,0.2873,0,Non-SST
7594.0,78.0559,2.4469,2.5112,0.2738,0,Non-SST
7594.5,77.4,2.2758,2.4146,0.2564,0,Non-SST
7595.0,53.1305,2.2758,2.3289,0.2445,5,WTR
7595.5,34.1085,1.9806,2.3239,0.2289,5,WTR
7596.0,26.2373,1.7886,2.3206,0.2181,5,WTR
7596.5,29.189,1.8775,2.3305,0.2064,5,WTR
7597.0,34.4364,2.4364,2.3275,0.2012,5,WTR
7597.5,36.7322,2.2892,2.3203,0.1972,5,WTR
7598.0,39.3559,2.0458,2.3285,0.1996,5,WTR
7598.5,42.6356,2.4658,2.3376,0.1983,5,WTR
7599.0,45.9153,2.8028,2.3124,0.1936,5,WTR
7599.5,37.3881,2.8319,2.2843,0.1818,5,WTR
7600.0,28.861,2.5769,2.2566,0.1723,5,WTR
7600.5,25.9093,2.5769,2.2653,0.1718,5,WTR
7601.0,24.5975,2.2328,2.2821,0.1789,5,WTR
7601.5,24.2695,2.0526,2.2944,0.1922,5,WTR
7602.0,24.2695,2.0073,2.3029,0.1976,5,WTR
7602.5,24.2695,1.9934,2.3087,0.2064,5,WTR
7603.0,23.9415,1.8448,2.2967,0.2024,5,WTR
7603.5,22.9576,1.767,2.2897,0.2049,5,WTR
7604.0,22.3017,1.7796,2.2961,0.2071,5,WTR
7604.5,22.9576,1.7578,2.3158,0.2078,5,WTR
7605.0,23.6136,1.7105,2.3224,0.2085,5,WTR
7605.5,21.6458,1.6669,2.2966,0.1988,5,WTR
7606.0,19.022,1.6669,2.276,0.2003,5,WTR
7606.5,17.0542,1.6165,2.2682,0.1964,5,WTR
7607.0,16.3983,1.6012,2.2811,0.1977,5,WTR
7607.5,18.0381,1.6455,2.2833,0.2041,5,WTR
7608.0,20.9898,1.7083,2.2798,0.2092,5,WTR
7608.5,21.6458,1.7172,2.2713,0.2149,5,WTR
7609.0,19.678,1.6385,2.2692,0.2152,5,WTR
7609.5,17.0542,1.5839,2.2655,0.2216,5,WTR
7610.0,17.7102,1.5592,2.2628,0.2188,5,WTR
7610.5,18.3661,1.5642,2.2574,0.2144,5,WTR
7611.0,18.3661,1.5642,2.2353,0.2103,5,WTR
7611.5,15.7424,1.799,2.2245,0.2146,5,WTR
7612.0,12.7907,1.5839,2.2012,0.2147,5,WTR
7612.5,13.1186,1.5989,2.2411,0.2119,5,WTR
7613.0,19.35,1.9221,2.3194,0.211,5,WTR
7613.5,33.4525,2.9839,2.4517,0.203,5,WTR
7614.0,48.867,2.568,2.4981,0.199,0,Non-SST
7614.5,56.4102,2.8673,2.5471,0.1887,0,Non-SST
7615.0,53.1305,3.1319,2.5551,0.1937,0,Non-SST
7615.5,49.8508,3.1351,2.5565,0.1894,0,Non-SST
7616.0,47.5551,3.1298,2.5533,0.1941,0,Non-SST
7616.5,51.4907,3.1298,2.5407,0.1952,0,Non-SST
7617.0,58.05,3.0426,2.5432,0.2083,0,Non-SST
7617.5,61.0017,3.0405,2.5565,0.2074,0,Non-SST
7618.0,57.722,3.2166,2.5494,0.2088,0,Non-SST
7618.5,52.4746,3.3698,2.5298,0.1993,0,Non-SST
7619.0,53.4585,3.2155,2.5092,0.2032,0,Non-SST
7619.5,59.3619,3.1425,2.5176,0.2008,0,Non-SST
7620.0,62.9695,3.0619,2.529,0.2128,0,Non-SST
7620.5,64.9373,3.1404,2.5392,0.2172,0,Non-SST
7621.0,66.9051,3.2066,2.5496,0.2141,0,Non-SST
7621.5,61.6576,3.2066,2.5618,0.2013,0,Non-SST
7622.0,56.0822,3.2581,2.5598,0.1868,0,Non-SST
7622.5,50.8347,3.3016,2.5277,0.1853,0,Non-SST
7623.0,48.539,3.4602,2.5195,0.1751,0,Non-SST
7623.5,50.5068,3.4627,2.5041,0.1768,0,Non-SST
7624.0,55.4263,3.149,2.5354,0.181,0,Non-SST
7624.5,61.3297,3.1234,2.5513,0.2024,0,Non-SST
7625.0,66.9051,3.1213,2.578,0.2239,0,Non-SST
7625.5,68.2169,2.8935,2.5441,0.2422,0,Non-SST
7626.0,69.5288,2.8442,2.5209,0.2476,0,Non-SST
7626.5,67.233,3.0929,2.4958,0.237,0,Non-SST
7627.0,61.3297,3.0929,2.4952,0.2256,0,Non-SST
7627.5,50.4248,3.1415,2.4598,0.209,5,WTR
7628.0,38.536,3.2066,2.4088,0.1959,5,WTR
7628.5,30.1729,3.1234,2.3954,0.1735,5,WTR
7629.0,29.5169,3.0214,2.3905,0.1654,5,WTR
7629.5,28.861,3.0784,2.4366,0.1611,5,WTR
7630.0,38.372,3.2378,2.4657,0.1675,5,WTR
7630.5,44.6034,3.2981,2.5002,0.1713,0,Non-SST
7631.0,45.9153,3.406,2.4933,0.1773,0,Non-SST
7631.5,45.5873,3.4379,2.4809,0.1793,0,Non-SST
7632.0,47.883,3.4379,2.4841,0.1845,0,Non-SST
7632.5,53.1305,3.4416,2.5027,0.1865,0,Non-SST
7633.0,58.7059,3.4903,2.5338,0.1954,0,Non-SST
7633.5,60.3458,3.5248,2.5498,0.1967,0,Non-SST
7634.0,59.0339,3.5506,2.5405,0.1994,0,Non-SST
7634.5,59.0339,3.5377,2.5226,0.1946,0,Non-SST
7635.0,59.0339,3.524,2.5192,0.1887,0,Non-SST
7635.5,54.4424,3.4929,2.5006,0.1841,0,Non-SST
7636.0,50.5068,3.5145,2.4975,0.1836,0,Non-SST
7636.5,48.867,3.4702,2.4882,0.1876,0,Non-SST
7637.0,47.2271,3.4157,2.491,0.1927,0,Non-SST
7637.5,45.9153,3.3818,2.4897,0.196,0,Non-SST
7638.0,46.8992,3.3579,2.5034,0.1969,0,Non-SST
7638.5,50.1788,3.3097,2.5035,0.1943,0,Non-SST
7639.0,56.0822,3.2412,2.498,0.196,0,Non-SST
7639.5,61.3297,3.2,2.4601,0.2061,0,Non-SST
7640.0,62.9695,3.2843,2.4501,0.2114,0,Non-SST
7640.5,61.0017,3.3484,2.4788,0.2079,0,Non-SST
7641.0,59.0339,3.3484,2.4538,0.2039,0,Non-SST
7641.5,57.722,3.3062,2.4781,0.2118,0,Non-SST
7642.0,62.6415,3.1825,2.5263,0.2302,0,Non-SST
7642.5,69.5288,2.9839,2.5268,0.2379,0,Non-SST
7643.0,72.8085,2.7333,2.5544,0.2486,0,Non-SST
7643.5,74.7763,2.6469,2.5608,0.2519,0,Non-SST
7644.0,75.7602,2.4865,2.5597,0.2708,0,Non-SST
7644.5,74.1203,2.4446,2.5648,0.2779,0,Non-SST
7645.0,72.8085,2.7085,2.5491,0.2731,0,Non-SST
7645.5,73.4644,2.5028,2.5558,0.2636,0,Non-SST
7646.0,72.8085,2.9482,2.5383,0.2529,0,Non-SST
7646.5,72.1525,2.9482,2.5331,0.2484,0,Non-SST
7647.0,72.4805,2.9573,2.5148,0.2427,0,Non-SST
7647.5,69.5288,3.0224,2.5,0.2334,0,Non-SST
7648.0,61.9856,3.1694,2.4993,0.22,0,Non-SST
7648.5,53.1305,3.4639,2.5007,0.2006,0,Non-SST
7649.0,48.539,3.7761,2.5108,0.1938,0,Non-SST
7649.5,50.5068,3.6971,2.4984,0.1881,0,Non-SST
7650.0,56.7381,3.6436,2.5026,0.1908,0,Non-SST
7650.5,60.0178,3.614,2.4927,0.192,0,Non-SST
7651.0,56.4102,3.686,2.4894,0.1958,0,Non-SST
7651.5,53.7864,3.7632,2.4747,0.1967,0,Non-SST
7652.0,51.1627,3.7632,2.4704,0.1906,0,Non-SST
7652.5,53.1305,3.6463,2.4696,0.1907,0,Non-SST
7653.0,54.1508,3.6153,2.4714,0.1921,0,Non-SST
7653.5,56.0458,3.5299,2.4884,0.1992,0,Non-SST
7654.0,60.7539,3.5069,2.499,0.207,0,Non-SST
7654.5,68.0584,3.1934,2.5341,0.2117,0,Non-SST
7655.0,72.4149,2.9482,2.547,0.2155,0,Non-SST
7655.5,68.4629,2.8847,2.5305,0.2261,0,Non-SST
7656.0,59.6898,3.5403,2.5123,0.2257,0,Non-SST
7656.5,58.05,3.5145,2.5111,0.2132,0,Non-SST
7657.0,56.4102,3.539,2.5102,0.1979,0,Non-SST
7657.5,56.7381,3.539,2.4851,0.1932,0,Non-SST
7658.0,53.4585,3.6113,2.4298,0.1859,5,WTR
7658.5,46.5712,4.4072,2.3385,0.167,1,Gas
7659.0,39.3559,5.0853,2.2743,0.1428,1,Gas
7659.5,33.4525,5.7568,2.2582,0.1247,1,Gas
7660.0,30.5008,6.1337,2.2702,0.1178,1,Gas
7660.5,30.1729,6.3006,2.2924,0.1177,1,Gas
7661.0,29.5169,6.4324,2.3045,0.1165,1,Gas
7661.5,29.189,6.5839,2.3086,0.1109,1,Gas
7662.0,30.1729,6.7131,2.289,0.1082,1,Gas
7662.5,30.1729,6.8075,2.2815,0.1083,1,Gas
7663.0,30.1729,6.7343,2.2849,0.1096,1,Gas
7663.5,31.1568,6.516,2.2908,0.1097,1,Gas
7664.0,31.4847,6.2127,2.3157,0.1165,1,Gas
7664.5,34.7644,5.7003,2.3708,0.13,0,Non-SST
7665.0,44.9314,5.0392,2.4369,0.1498,0,Non-SST
7665.5,56.7381,4.0399,2.5172,0.1754,0,Non-SST
7666.0,63.9534,3.7363,2.5449,0.2028,0,Non-SST
7666.5,67.889,3.3987,2.5492,0.2358,0,Non-SST
7667.0,70.5127,2.8567,2.5506,0.2541,0,Non-SST
7667.5,72.1525,2.874,2.5448,0.2568,0,Non-SST
7668.0,71.4966,2.7559,2.5385,0.2424,0,Non-SST
7668.5,70.8407,3.0527,2.54,0.2299,0,Non-SST
7669.0,63.9534,3.0527,2.5601,0.2163,0,Non-SST
7669.5,58.7059,3.3342,2.5605,0.2023,0,Non-SST
7670.0,58.378,3.2524,2.5618,0.1893,0,Non-SST
7670.5,61.0017,3.1673,2.5659,0.1903,0,Non-SST
7671.0,63.2975,3.1608,2.5679,0.1996,0,Non-SST
7671.5,61.0017,3.389,2.5662,0.202,0,Non-SST
7672.0,52.1466,3.849,2.5705,0.1888,0,Non-SST
7672.5,43.2915,4.4017,2.5801,0.1715,0,Non-SST
7673.0,42.6356,4.6594,2.5681,0.1545,0,Non-SST
7673.5,41.9797,4.6174,2.5319,0.1466,0,Non-SST
7674.0,41.9797,4.6174,2.5003,0.144,0,Non-SST
7674.5,43.9475,4.2673,2.5087,0.1536,0,Non-SST
7675.0,49.5229,3.8446,2.5209,0.1652,0,Non-SST
7675.5,56.4102,3.5663,2.5428,0.1796,0,Non-SST
7676.0,61.9856,3.3378,2.5612,0.1902,0,Non-SST
7676.5,65.5932,3.2277,2.5636,0.204,0,Non-SST
7677.0,68.8729,3.1181,2.5623,0.2146,0,Non-SST
7677.5,71.8246,2.9503,2.5692,0.2186,0,Non-SST
7678.0,72.1525,3.0324,2.597,0.2122,0,Non-SST
7678.5,66.2491,3.4715,2.6241,0.202,0,Non-SST
7679.0,60.3458,4.6174,2.6284,0.1802,0,Non-SST
7679.5,52.8025,4.6174,2.6042,0.1569,0,Non-SST
7680.0,46.8992,5.0545,2.5555,0.1438,0,Non-SST
7680.5,44.2754,4.6353,2.5237,0.15,0,Non-SST
7681.0,45.9153,4.1444,2.519,0.1659,0,Non-SST
7681.5,50.1788,3.9257,2.5101,0.1814,0,Non-SST
7682.0,53.4585,3.8461,2.5091,0.1867,0,Non-SST
7682.5,54.1144,3.8343,2.4915,0.1853,0,Non-SST
7683.0,52.8025,3.8624,2.476,0.1806,0,Non-SST
7683.5,51.1627,3.8654,2.4664,0.1766,0,Non-SST
7684.0,50.5068,3.8416,2.4643,0.177,0,Non-SST
7684.5,49.8508,3.7891,2.4602,0.1732,0,Non-SST
7685.0,48.211,3.7891,2.4643,0.1742,0,Non-SST
7685.5,50.5068,3.7504,2.4857,0.1698,0,Non-SST
7686.0,52.4746,3.6819,2.5078,0.1732,0,Non-SST
7686.5,51.8186,3.6764,2.5241,0.1746,0,Non-SST
7687.0,51.4907,3.6207,2.5224,0.1777,0,Non-SST
7687.5,51.8186,3.6233,2.5338,0.1758,0,Non-SST
7688.0,51.1627,3.6902,2.5186,0.1743,0,Non-SST
7688.5,49.8508,3.6819,2.5142,0.1739,0,Non-SST
7689.0,51.8186,3.7747,2.5055,0.173,0,Non-SST
7689.5,53.7864,3.9971,2.5226,0.1757,0,Non-SST
7690.0,55.7542,3.9971,2.5293,0.1757,0,Non-SST
7690.5,56.7381,4.3061,2.5591,0.1725,0,Non-SST
7691.0,53.1305,5.228,2.6113,0.1521,0,Non-SST
7691.5,46.5712,6.895,2.6537,0.1328,0,Non-SST
7692.0,40.3398,8.7428,2.7213,0.1138,0,Non-SST
7692.5,35.0924,9.7173,2.7281,0.1024,0,Non-SST
7693.0,32.7966,10.0147,2.7139,0.0952,0,Non-SST
7693.5,33.7805,9.5167,2.6834,0.0957,0,Non-SST
7694.0,35.4203,8.2249,2.6362,0.0975,0,Non-SST
7694.5,37.3881,6.5494,2.5516,0.1107,0,Non-SST
7695.0,39.3559,5.5849,2.4972,0.127,0,Non-SST
7695.5,43.2915,5.5849,2.4983,0.1486,0,Non-SST
7696.0,46.2432,5.3077,2.4995,0.1573,0,Non-SST
7696.5,43.9475,5.1457,2.4966,0.1599,0,Non-SST
7697.0,39.6839,5.0589,2.4823,0.1618,0,Non-SST
7697.5,37.3881,5.9233,2.4698,0.1515,0,Non-SST
7698.0,36.4042,5.0831,2.452,0.1485,0,Non-SST
7698.5,36.7322,4.6614,2.4299,0.1496,0,Non-SST
7699.0,39.3559,4.2673,2.4228,0.1586,5,WTR
7699.5,39.3559,3.9674,2.4176,0.1646,5,WTR
7700.0,39.3559,3.8328,2.41,0.1643,5,WTR
7700.5,40.0119,3.6832,2.407,0.1649,5,WTR
7701.0,43.2915,3.6832,2.4137,0.165,5,WTR
7701.5,49.8508,3.484,2.4519,0.1756,0,Non-SST
7702.0,57.0661,3.2389,2.4977,0.1869,0,Non-SST
7702.5,63.9534,3.0294,2.5202,0.2094,0,Non-SST
7703.0,70.1847,2.7414,2.5566,0.2279,0,Non-SST
7703.5,73.7924,2.6041,2.5767,0.256,0,Non-SST
7704.0,73.7924,2.7138,2.5869,0.2637,0,Non-SST
7704.5,69.5288,2.7935,2.5845,0.2576,0,Non-SST
7705.0,71.4966,2.6874,2.5796,0.2512,0,Non-SST
7705.5,73.4644,2.5769,2.5701,0.2502,0,Non-SST
7706.0,77.4,2.5769,2.5625,0.2536,0,Non-SST
7706.5,77.072,2.5161,2.576,0.2542,0,Non-SST
7707.0,73.4644,2.5311,2.5906,0.2527,0,Non-SST
7707.5,69.5288,2.5446,2.6061,0.2545,0,Non-SST
7708.0,65.9212,2.5826,2.5746,0.248,0,Non-SST
7708.5,62.3136,2.7262,2.5488,0.2415,0,Non-SST
7709.0,57.722,2.7613,2.5282,0.2284,0,Non-SST
7709.5,53.7864,2.6589,2.5421,0.2264,0,Non-SST
7710.0,59.6898,2.5753,2.5476,0.2258,0,Non-SST
7710.5,65.5932,2.3706,2.5548,0.2419,0,Non-SST
7711.0,77.072,2.2348,2.5679,0.268,0,Non-SST
7711.5,82.3195,2.2348,2.5836,0.2927,0,Non-SST
7712.0,80.0237,2.0715,2.5927,0.2967,0,Non-SST
7712.5,76.7441,2.1361,2.5903,0.29,0,Non-SST
7713.0,76.4161,2.2077,2.5964,0.2936,0,Non-SST
7713.5,76.0881,2.4156,2.5908,0.2957,0,Non-SST
7714.0,76.4161,2.426,2.6021,0.2953,0,Non-SST
7714.5,79.0398,2.2426,2.6003,0.289,0,Non-SST
7715.0,81.3356,2.1103,2.5931,0.2972,0,Non-SST
7715.5,81.9915,2.0413,2.5842,0.2936,0,Non-SST
7716.0,82.6475,2.0045,2.5857,0.3061,0,Non-SST
7716.5,83.3034,2.0045,2.5828,0.2998,0,Non-SST
7717.0,83.6314,2.0095,2.5873,0.3138,0,Non-SST
7717.5,83.6314,2.0002,2.5948,0.315,0,Non-SST
7718.0,82.3195,2.0067,2.6041,0.3154,0,Non-SST
7718.5,80.6797,1.9734,2.5843,0.3073,0,Non-SST
7719.0,79.6958,1.9646,2.5728,0.2949,0,Non-SST
7719.5,81.0076,2.1162,2.5744,0.2888,0,Non-SST
7720.0,85.2712,2.0908,2.5818,0.2795,0,Non-SST
7720.5,85.9271,2.0178,2.5892,0.2831,0,Non-SST
7721.0,86.5831,1.9851,2.58,0.2869,0,Non-SST
7721.5,87.3327,1.8795,2.58,0.2977,0,Non-SST
7722.0,86.5831,1.8795,2.5805,0.3045,0,Non-SST
7722.5,85.9271,1.8497,2.5883,0.3129,0,Non-SST
7723.0,85.2712,1.8628,2.5799,0.3162,0,Non-SST
7723.5,82.9754,1.9285,2.5708,0.3103,0,Non-SST
7724.0,82.9754,1.9674,2.5742,0.3035,0,Non-SST
7724.5,84.9432,1.9745,2.5861,0.3021,0,Non-SST
7725.0,84.2873,2.0206,2.5926,0.3032,0,Non-SST
7725.5,81.9915,1.9729,2.5699,0.3021,0,Non-SST
7726.0,81.6636,1.8965,2.5601,0.3024,0,Non-SST
7726.5,81.3356,1.8222,2.5684,0.2985,0,Non-SST
7727.0,83.3034,1.8222,2.5757,0.3004,0,Non-SST
7727.5,85.2712,1.8388,2.5786,0.3051,0,Non-SST
7728.0,83.9593,1.8334,2.5599,0.333,0,Non-SST
7728.5,84.2873,1.7657,2.5629,0.3333,0,Non-SST
7729.0,83.3034,1.6582,2.5811,0.3403,0,Non-SST
7729.5,81.0076,1.6522,2.5837,0.3109,0,Non-SST
7730.0,81.3356,1.7039,2.5979,0.3,0,Non-SST
7730.5,83.6314,2.0167,2.577,0.2831,0,Non-SST
7731.0,83.3034,2.1397,2.5702,0.2793,0,Non-SST
7731.5,79.0398,2.0178,2.5461,0.2856,0,Non-SST
7732.0,72.1525,2.1886,2.5299,0.2762,0,Non-SST
7732.5,72.1525,2.2717,2.5492,0.2633,0,Non-SST
7733.0,72.1525,2.3104,2.4945,0.2507,0,Non-SST
7733.5,70.1847,2.3104,2.4969,0.243,0,Non-SST
7734.0,67.889,2.4772,2.4824,0.2333,0,Non-SST
7734.5,64.6093,2.6554,2.4514,0.1943,5,WTR
7735.0,56.7381,3.274,2.3397,0.1562,5,WTR
7735.5,44.6034,4.2171,2.2617,0.1255,1,Gas
7736.0,35.0924,5.0721,2.2263,0.1122,1,Gas
7736.5,33.1246,5.5413,2.2283,0.1105,1,Gas
7737.0,37.3881,6.2715,2.2817,0.1211,1,Gas
7737.5,45.9153,6.4437,2.319,0.1401,1,Gas
7738.0,53.1305,5.3291,2.4247,0.1702,0,Non-SST
7738.5,60.3458,4.4164,2.4653,0.2059,0,Non-SST
7739.0,74.1203,4.4164,2.4916,0.2553,0,Non-SST
7739.5,82.3195,3.4011,2.5066,0.3009,0,Non-SST
7740.0,86.2551,2.8481,2.5288,0.3427,0,Non-SST
7740.5,88.5508,2.0715,2.5456,0.3733,0,Non-SST
7741.0,89.5347,2.2531,2.554,0.3845,0,Non-SST
7741.5,90.1907,2.609,2.5413,0.3773,0,Non-SST
7742.0,88.5508,1.7722,2.5349,0.3665,0,Non-SST
7742.5,86.2551,1.7066,2.5346,0.3537,0,Non-SST
7743.0,87.8949,1.7555,2.5303,0.3487,0,Non-SST
7743.5,87.239,1.7464,2.5223,0.3481,0,Non-SST
7744.0,86.5831,1.5414,2.5266,0.3447,0,Non-SST
7744.5,89.2068,1.5414,2.4982,0.3493,0,Non-SST
7745.0,90.8466,1.6682,2.45,0.3511,0,Non-SST
7745.5,90.5186,1.7261,2.4184,0.3766,0,Non-SST
7746.0,88.8788,1.9306,2.4084,0.3831,0,Non-SST
7746.5,88.8788,2.0902,2.4139,0.3889,0,Non-SST
7747.0,90.8466,2.0133,2.444,0.3906,0,Non-SST
7747.5,91.5025,1.9462,2.453,0.3792,0,Non-SST
7748.0,89.8627,2.0843,2.4611,0.3781,0,Non-SST
7748.5,86.2551,2.3255,2.4621,0.35,0,Non-SST
7749.0,82.6475,2.2994,2.4755,0.3579,0,Non-SST
7749.5,83.9593,2.2879,2.492,0.3674,0,Non-SST
7750.0,85.2712,2.2879,2.4887,0.3701,0,Non-SST
7750.5,83.3034,2.2538,2.4879,0.3619,0,Non-SST
7751.0,82.9754,2.2771,2.4674,0.3517,0,Non-SST
7751.5,81.0076,2.3458,2.475,0.3569,0,Non-SST
7752.0,80.0237,2.3042,2.4719,0.3698,0,Non-SST
7752.5,82.3195,2.343,2.4887,0.3841,0,Non-SST
7753.0,83.3034,2.3599,2.4857,0.392,0,Non-SST
7753.5,83.6314,2.2778,2.5004,0.3835,0,Non-SST
7754.0,89.2068,2.2374,2.512,0.369,0,Non-SST
7754.5,91.1746,2.1144,2.5163,0.3732,0,Non-SST
7755.0,93.1424,2.0704,2.5304,0.3713,0,Non-SST
7755.5,89.8627,2.3283,2.5299,0.3757,0,Non-SST
7756.0,86.2551,2.3283,2.5075,0.3862,0,Non-SST
7756.5,85.9271,2.5688,2.3611,0.4201,0,Non-SST
7757.0,82.9754,3.1945,2.1108,0.4652,0,Non-SST
7757.5,69.5288,5.9091,1.741,0.5251,0,Non-SST
7758.0,48.539,9.5167,1.4825,0.5951,0,Non-SST
7758.5,31.1568,10.9325,1.378,0.6955,0,Non-SST
7759.0,24.5975,11.2427,1.3246,0.7122,0,Non-SST
7759.5,27.5492,10.9686,1.3973,0.698,0,Non-SST
7760.0,36.0763,9.9058,1.6118,0.6547,0,Non-SST
7760.5,44.6034,4.9113,2.0042,0.5746,0,Non-SST
7761.0,67.889,4.9113,2.2538,0.4834,0,Non-SST
7761.5,80.6797,3.6902,2.4731,0.3983,0,Non-SST
7762.0,85.2712,3.4182,2.4629,0.374,0,Non-SST
7762.5,86.911,3.0194,2.4451,0.3866,0,Non-SST
7763.0,87.239,2.2263,2.4108,0.4137,0,Non-SST
7763.5,87.8949,2.7468,2.4044,0.41,0,Non-SST
7764.0,89.8627,2.8149,2.4103,0.3953,0,Non-SST
7764.5,93.1424,2.7824,2.44,0.3844,0,Non-SST
7765.0,94.4542,2.9402,2.4452,0.3729,0,Non-SST
7765.5,95.7661,3.0174,2.4622,0.3773,0,Non-SST
7766.0,99.7017,3.0825,2.4511,0.3773,0,Non-SST
7766.5,96.75,3.0825,2.4624,0.379,0,Non-SST
7767.0,90.1907,2.9655,2.4508,0.3693,0,Non-SST
7767.5,87.239,2.8168,2.4699,0.3785,0,Non-SST
7768.0,87.8949,2.6726,2.4646,0.372,0,Non-SST
7768.5,88.2229,2.5802,2.4654,0.3737,0,Non-SST
7769.0,87.5669,2.5591,2.4564,0.3565,0,Non-SST
7769.5,87.5669,2.568,2.456,0.3634,0,Non-SST
7770.0,87.8949,2.539,2.4478,0.3539,0,Non-SST
7770.5,88.5508,2.5082,2.4695,0.3448,0,Non-SST
7771.0,89.2068,2.475,2.4811,0.3334,0,Non-SST
7771.5,87.239,2.475,2.5079,0.3361,0,Non-SST
7772.0,84.9432,2.555,2.5493,0.3238,0,Non-SST
7772.5,82.3195,2.4046,2.604,0.3154,0,Non-SST
7773.0,75.7602,2.5607,2.6013,0.2771,0,Non-SST
7773.5,66.5771,2.8965,2.5766,0.2394,0,Non-SST
7774.0,59.6898,3.2322,2.5553,0.1983,0,Non-SST
7774.5,53.7864,3.5966,2.5334,0.1761,0,Non-SST
7775.0,50.8347,3.7891,2.5298,0.1649,0,Non-SST
7775.5,55.0983,3.6626,2.5334,0.1655,0,Non-SST
7776.0,59.6898,3.3401,2.5381,0.1726,0,Non-SST
7776.5,64.2814,2.9901,2.5468,0.1923,0,Non-SST
7777.0,69.2008,2.9901,2.552,0.2189,0,Non-SST
7777.5,73.7924,2.8177,2.5704,0.2448,0,Non-SST
7778.0,76.7441,2.4857,2.5783,0.2546,0,Non-SST
7778.5,77.072,2.2335,2.5671,0.2633,0,Non-SST
7779.0,78.0559,2.2758,2.5723,0.2731,0,Non-SST
7779.5,81.3356,2.16,2.5734,0.2832,0,Non-SST
7780.0,82.6475,2.0972,2.5926,0.2875,0,Non-SST
7780.5,79.3678,2.1312,2.5737,0.2797,0,Non-SST
7781.0,74.7763,2.1618,2.5615,0.2804,0,Non-SST
7781.5,75.4322,2.4605,2.5072,0.2767,0,Non-SST
7782.0,76.0881,2.7732,2.4712,0.2781,0,Non-SST
7782.5,72.1525,2.7732,2.4193,0.2848,0,Non-SST
7783.0,70.5127,3.3842,2.4053,0.2829,0,Non-SST
7783.5,71.1686,3.5781,2.4018,0.3109,0,Non-SST
7784.0,72.1525,3.8079,2.4212,0.3104,0,Non-SST
7784.5,73.4644,3.7377,2.4461,0.309,0,Non-SST
7785.0,71.8246,3.484,2.4649,0.2779,0,Non-SST
7785.5,67.561,3.2166,2.5022,0.2598,0,Non-SST
7786.0,66.2491,3.2423,2.5135,0.2476,0,Non-SST
7786.5,69.5288,2.8965,2.5532,0.2395,0,Non-SST
7787.0,73.4644,2.6726,2.5631,0.2391,0,Non-SST
7787.5,77.4,2.6726,2.5736,0.2413,0,Non-SST
7788.0,75.4322,2.7351,2.5718,0.2435,0,Non-SST
7788.5,73.4644,2.9162,2.5712,0.2367,0,Non-SST
7789.0,69.5288,3.1705,2.5692,0.2229,0,Non-SST
7789.5,63.9534,3.6046,2.5518,0.2054,0,Non-SST
7790.0,56.4102,4.0608,2.5161,0.1819,0,Non-SST
7790.5,47.883,4.5372,2.4696,0.1649,0,Non-SST
7791.0,45.9153,4.6917,2.4516,0.1566,0,Non-SST
7791.5,53.7864,4.2103,2.4744,0.1599,0,Non-SST
7792.0,61.6576,3.6033,2.5026,0.1736,0,Non-SST
7792.5,69.5288,3.6545,2.5024,0.1948,0,Non-SST
7793.0,62.9695,3.6545,2.4493,0.2029,0,Non-SST
7793.5,55.4263,4.7183,2.4319,0.192,0,Non-SST
7794.0,52.4746,4.9377,2.4295,0.1705,0,Non-SST
7794.5,56.0822,4.4091,2.4666,0.1662,0,Non-SST
7795.0,61.3297,4.0034,2.504,0.178,0,Non-SST
7795.5,65.5932,3.6409,2.5408,0.1975,0,Non-SST
7796.0,68.2169,3.6153,2.5643,0.2133,0,Non-SST
7796.5,67.889,3.711,2.5811,0.216,0,Non-SST
7797.0,65.5932,3.8624,2.5545,0.2076,0,Non-SST
7797.5,63.6254,3.9488,2.53,0.1935,0,Non-SST
7798.0,61.6576,4.1528,2.5032,0.1802,0,Non-SST
7798.5,52.8025,4.1528,2.4657,0.1745,0,Non-SST
7799.0,47.2271,4.3221,2.4462,0.1687,5,WTR
7799.5,50.5068,4.3078,2.4648,0.1675,0,Non-SST
7800.0,61.0017,3.7949,2.4895,0.1783,0,Non-SST
7800.5,68.2169,3.2751,2.5222,0.1968,0,Non-SST
7801.0,64.9373,3.266,2.4746,0.2157,0,Non-SST
7801.5,55.4263,3.7804,2.4449,0.2072,5,WTR
7802.0,48.539,3.9105,2.432,0.1913,5,WTR
7802.5,51.8186,3.7675,2.4626,0.1775,0,Non-SST
7803.0,55.0983,3.2981,2.5064,0.1791,0,Non-SST
7803.5,60.6737,2.9172,2.5366,0.2021,0,Non-SST
7804.0,62.9695,2.9172,2.5687,0.2314,0,Non-SST
7804.5,66.2491,3.0014,2.5644,0.2567,0,Non-SST
7805.0,71.1686,2.7824,2.5681,0.2581,0,Non-SST
7805.5,74.1203,2.8644,2.5447,0.2584,0,Non-SST
7806.0,72.4805,3.0691,2.5394,0.2433,0,Non-SST
7806.5,65.2653,3.5056,2.4958,0.2243,0,Non-SST
7807.0,57.722,3.7447,2.408,0.1983,5,WTR
7807.5,55.0983,3.4891,2.3796,0.1872,5,WTR
7808.0,53.7864,3.3307,2.3726,0.1826,5,WTR
7808.5,52.4746,3.3366,2.4121,0.1875,5,WTR
7809.0,62.9695,3.3366,2.4816,0.197,0,Non-SST
7809.5,70.1847,2.8177,2.4896,0.2099,0,Non-SST
7810.0,66.5771,3.063,2.4736,0.2055,0,Non-SST
7810.5,57.722,3.664,2.4002,0.1899,5,WTR
7811.0,50.8347,4.1229,2.365,0.1672,5,WTR
7811.5,48.211,5.0045,2.3499,0.1553,5,WTR
7812.0,51.8186,4.8377,2.3695,0.1455,5,WTR
7812.5,57.722,4.3871,2.3526,0.1425,5,WTR
7813.0,53.1305,4.6273,2.2932,0.1361,1,Gas
7813.5,48.539,5.6264,2.2335,0.1285,1,Gas
7814.0,39.3559,5.6264,2.2274,0.1241,1,Gas
7814.5,37.0602,6.3091,2.2989,0.1227,1,Gas
7815.0,43.76,5.3603,2.3656,0.1422,5,WTR
7815.5,50.4599,4.1645,2.4612,0.1596,0,Non-SST
7816.0,51.9592,4.0335,2.4656,0.1756,0,Non-SST
7816.5,51.4907,3.9611,2.4654,0.1696,0,Non-SST
7817.0,51.8186,3.6368,2.5028,0.169,0,Non-SST
7817.5,55.7542,3.2649,2.5392,0.1821,0,Non-SST
7818.0,63.9534,2.9332,2.5859,0.2007,0,Non-SST
7818.5,70.8407,2.6452,2.6117,0.2364,0,Non-SST
7819.0,72.8085,2.5478,2.6077,0.26,0,Non-SST
7819.5,75.4322,2.5478,2.6059,0.279,0,Non-SST
7820.0,81.3356,2.0855,2.5917,0.2774,0,Non-SST
7820.5,87.239,2.4704,2.602,0.2951,0,Non-SST
7821.0,90.1907,2.83,2.61,0.3056,0,Non-SST
7821.5,89.5347,2.9788,2.6153,0.3134,0,Non-SST
7822.0,87.5669,3.0446,2.5962,0.3002,0,Non-SST
7822.5,86.2551,3.2431,2.5904,0.2956,0,Non-SST
7823.0,86.5831,3.2626,2.58,0.2979,0,Non-SST
7823.5,85.9271,3.3531,2.5779,0.2986,0,Non-SST
7824.0,85.2712,3.5598,2.5703,0.2904,0,Non-SST
7824.5,79.6958,3.622,2.5691,0.272,0,Non-SST
7825.0,72.1525,3.9488,2.5622,0.2458,0,Non-SST
7825.5,67.561,4.0431,2.618,0.2247,0,Non-SST
7826.0,65.9212,4.178,2.5002,0.2062,0,Non-SST
7826.5,63.2975,4.178,2.4999,0.1985,0,Non-SST
7827.0,60.6737,4.3346,2.512,0.1928,0,Non-SST
7827.5,58.7059,4.42,2.5188,0.193,0,Non-SST
7828.0,59.3619,4.2673,2.4931,0.1992,0,Non-SST
7828.5,62.9695,3.9075,2.5024,0.2037,0,Non-SST
7829.0,65.5932,3.9105,2.4871,0.2066,0,Non-SST
7829.5,63.6254,4.1047,2.4966,0.1979,0,Non-SST
7830.0,61.6576,4.1047,2.4715,0.1891,0,Non-SST
7830.5,54.1144,4.2447,2.4642,0.1734,0,Non-SST
7831.0,49.8508,4.2035,2.4587,0.1648,0,Non-SST
7831.5,48.539,4.0998,2.4636,0.163,0,Non-SST
7832.0,50.1788,3.9611,2.4677,0.1696,0,Non-SST
7832.5,55.7542,3.7876,2.5105,0.18,0,Non-SST
7833.0,62.3136,3.6233,2.5409,0.1887,0,Non-SST
7833.5,63.9534,3.5808,2.5639,0.1968,0,Non-SST
7834.0,61.6576,3.4777,2.5639,0.1993,0,Non-SST
7834.5,63.6254,3.2981,2.5607,0.2074,0,Non-SST
7835.0,65.5932,3.176,2.5694,0.216,0,Non-SST
7835.5,66.5771,3.0517,2.5855,0.2294,0,Non-SST
7836.0,67.889,3.0517,2.5947,0.2393,0,Non-SST
7836.5,71.1686,2.9901,2.5913,0.2501,0,Non-SST
7837.0,75.4322,2.9262,2.5864,0.2623,0,Non-SST
7837.5,77.072,2.7796,2.5946,0.268,0,Non-SST
7838.0,76.0881,2.7842,2.5924,0.2677,0,Non-SST
7838.5,74.4483,3.1825,2.5459,0.2615,0,Non-SST
7839.0,70.1847,3.484,2.5041,0.2472,0,Non-SST
7839.5,62.9695,4.1612,2.4745,0.2256,0,Non-SST
7840.0,62.9695,4.056,2.4171,0.2035,0,Non-SST
7840.5,62.9695,5.3363,2.3889,0.1912,0,Non-SST
7841.0,58.7059,5.3363,2.403,0.1935,0,Non-SST
7841.5,61.0017,5.8474,2.4465,0.2083,0,Non-SST
7842.0,67.889,5.7949,2.5057,0.2366,0,Non-SST
7842.5,72.4805,6.17,2.5214,0.2634,0,Non-SST
7843.0,73.4644,6.4896,2.5478,0.2849,0,Non-SST
7843.5,74.4483,6.906,2.554,0.2914,0,Non-SST
7844.0,77.4,6.074,2.604,0.2884,0,Non-SST
7844.5,81.3356,5.703,2.6143,0.2751,0,Non-SST
7845.0,78.7119,5.7217,2.6139,0.2679,0,Non-SST
7845.5,76.0881,6.2622,2.5883,0.2616,0,Non-SST
7846.0,74.4483,6.2622,2.5828,0.2582,0,Non-SST
7846.5,73.7924,7.1964,2.5841,0.2445,0,Non-SST
7847.0,71.4966,7.2493,2.5822,0.2389,0,Non-SST
7847.5,66.5771,6.5762,2.5736,0.2182,0,Non-SST
7848.0,61.0017,5.4983,2.5571,0.199,0,Non-SST
7848.5,55.7542,5.1911,2.5277,0.1785,0,Non-SST
7849.0,52.1466,4.896,2.5211,0.1661,0,Non-SST
7849.5,52.8025,4.8614,2.5184,0.1687,0,Non-SST
7850.0,56.4102,4.9157,2.5311,0.1701,0,Non-SST
7850.5,55.7542,4.9934,2.5485,0.1767,0,Non-SST
7851.0,55.0983,4.9311,2.5344,0.1737,0,Non-SST
7851.5,53.7864,4.9311,2.522,0.1744,0,Non-SST
7852.0,50.8347,4.6234,2.5041,0.17,0,Non-SST
7852.5,52.4746,4.5858,2.5021,0.1684,0,Non-SST
7853.0,58.7059,4.3167,2.5121,0.1728,0,Non-SST
7853.5,61.3297,3.9257,2.5306,0.1893,0,Non-SST
7854.0,61.3297,3.824,2.5533,0.2109,0,Non-SST
7854.5,61.3297,3.7804,2.5759,0.215,0,Non-SST
7855.0,60.3458,3.7377,2.578,0.2176,0,Non-SST
7855.5,59.6898,3.7804,2.5588,0.2108,0,Non-SST
7856.0,59.0339,3.6599,2.5391,0.2086,0,Non-SST
7856.5,60.3458,3.6599,2.5346,0.2049,0,Non-SST
7857.0,61.6576,3.6943,2.528,0.2073,0,Non-SST
7857.5,63.2975,3.5637,2.5352,0.218,0,Non-SST
7858.0,66.5771,3.4715,2.5315,0.234,0,Non-SST
7858.5,71.8246,3.3567,2.5379,0.2699,0,Non-SST
7859.0,76.0881,2.9382,2.4804,0.3066,0,Non-SST
7859.5,76.7441,3.2854,2.3798,0.3518,0,Non-SST
7860.0,76.0881,4.9355,2.2872,0.3722,0,Non-SST
7860.5,77.4,6.7484,2.2869,0.4059,0,Non-SST
7861.0,77.4,9.4988,2.3361,0.4145,0,Non-SST
7861.5,77.4,7.0561,2.3646,0.4228,0,Non-SST
7862.0,77.728,7.0561,2.166,0.4454,0,Non-SST
7862.5,68.8729,9.1468,1.7436,0.4956,0,Non-SST
7863.0,53.7864,15.052,1.5174,0.541,0,Non-SST
7863.5,41.9797,19.5445,1.4517,0.5901,0,Non-SST
7864.0,38.7,26.8242,1.4863,0.6162,0,Non-SST
7864.5,43.6195,31.1146,1.6471,0.5531,0,Non-SST
7865.0,53.1305,22.2821,1.8405,0.5085,0,Non-SST
7865.5,62.9695,18.3599,1.921,0.4471,0,Non-SST
7866.0,68.8729,9.5048,2.0546,0.4181,0,Non-SST
7866.5,74.7763,7.7859,2.282,0.3709,0,Non-SST
7867.0,75.1042,6.6408,2.4625,0.329,0,Non-SST
7867.5,74.7763,6.6408,2.5245,0.3027,0,Non-SST
7868.0,75.1042,5.2349,2.5326,0.2886,0,Non-SST
7868.5,74.7763,5.4138,2.5532,0.2789,0,Non-SST
7869.0,73.7924,4.7974,2.5541,0.2696,0,Non-SST
7869.5,73.4644,3.769,2.5862,0.2732,0,Non-SST
7870.0,76.0881,3.5158,2.5892,0.2848,0,Non-SST
7870.5,81.6636,3.3437,2.5737,0.3059,0,Non-SST
7871.0,85.2712,2.9624,2.536,0.3222,0,Non-SST
7871.5,85.9271,2.8159,2.5133,0.3363,0,Non-SST
7872.0,86.5831,2.6325,2.5011,0.3463,0,Non-SST
7872.5,87.8949,2.6325,2.5091,0.3514,0,Non-SST
7873.0,87.239,2.3543,2.51,0.3527,0,Non-SST
7873.5,86.5831,2.207,2.5148,0.3461,0,Non-SST
7874.0,86.2551,2.3416,2.5268,0.3311,0,Non-SST
7874.5,82.3195,2.3207,2.5347,0.3194,0,Non-SST
7875.0,76.4161,2.3507,2.5387,0.3054,0,Non-SST
7875.5,74.7763,2.5239,2.546,0.2962,0,Non-SST
7876.0,75.4322,2.5785,2.5648,0.2986,0,Non-SST
7876.5,76.0881,2.6822,2.5723,0.2907,0,Non-SST
7877.0,74.1203,2.7586,2.559,0.2843,0,Non-SST
7877.5,72.1525,2.8414,2.5402,0.2608,0,Non-SST
7878.0,74.7763,2.8414,2.5498,0.2569,0,Non-SST
7878.5,77.072,2.7432,2.5608,0.2559,0,Non-SST
7879.0,77.4,2.7796,2.5663,0.2623,0,Non-SST
7879.5,74.4483,2.9685,2.5676,0.2627,0,Non-SST
7880.0,71.4966,3.1149,2.5812,0.2677,0,Non-SST
7880.5,71.8246,3.312,2.5802,0.2673,0,Non-SST
7881.0,72.4805,3.3155,2.5755,0.266,0,Non-SST
7881.5,70.8407,3.1956,2.5591,0.2655,0,Non-SST
7882.0,69.5288,3.1404,2.5635,0.2721,0,Non-SST
7882.5,68.2169,3.1749,2.5481,0.2729,0,Non-SST
7883.0,73.4644,3.1749,2.5483,0.2625,0,Non-SST
7883.5,75.1042,3.0284,2.548,0.2604,0,Non-SST
7884.0,72.4805,3.0415,2.5764,0.2531,0,Non-SST
7884.5,68.8729,3.1361,2.5838,0.245,0,Non-SST
7885.0,68.2169,3.2637,2.5828,0.236,0,Non-SST
7885.5,69.5288,3.4145,2.5766,0.2283,0,Non-SST
7886.0,69.5288,3.4428,2.5844,0.2249,0,Non-SST
7886.5,64.2814,3.4689,2.5631,0.2078,0,Non-SST
7887.0,52.4746,3.6006,2.5058,0.1971,0,Non-SST
7887.5,50.5068,3.8564,2.4869,0.1869,0,Non-SST
7888.0,48.539,3.7334,2.4908,0.1842,0,Non-SST
7888.5,55.4263,3.7334,2.5406,0.1921,0,Non-SST
7889.0,62.7508,3.1847,2.5598,0.2121,0,Non-SST
7889.5,71.0593,2.8935,2.578,0.24,0,Non-SST
7890.0,75.8695,2.5802,2.5716,0.2743,0,Non-SST
7890.5,77.4,2.2341,2.5659,0.2847,0,Non-SST
7891.0,77.072,2.1489,2.5547,0.2941,0,Non-SST
7891.5,75.7602,2.4053,2.5679,0.2826,0,Non-SST
7892.0,76.7441,2.2899,2.5792,0.2819,0,Non-SST
7892.5,78.0559,2.1699,2.6043,0.2792,0,Non-SST
7893.0,78.0559,2.1037,2.5987,0.2778,0,Non-SST
7893.5,78.7119,2.1686,2.5939,0.2804,0,Non-SST
7894.0,78.7119,2.1686,2.5756,0.2814,0,Non-SST
7894.5,78.7119,2.1575,2.5714,0.2913,0,Non-SST
7895.0,78.0559,2.1905,2.573,0.2913,0,Non-SST
7895.5,74.4483,2.4223,2.5796,0.282,0,Non-SST
7896.0,70.5127,2.6813,2.5628,0.2661,0,Non-SST
7896.5,65.9212,2.7569,2.5491,0.2594,0,Non-SST
7897.0,61.0017,2.8056,2.5164,0.2506,0,Non-SST
7897.5,60.6737,2.6961,2.5113,0.2396,0,Non-SST
7898.0,66.5771,2.5688,2.5086,0.2316,0,Non-SST
7898.5,76.0881,2.4643,2.5219,0.2334,0,Non-SST
7899.0,78.7119,2.2778,2.5457,0.2587,0,Non-SST
7899.5,81.3356,2.509,2.5428,0.2873,0,Non-SST
7900.0,81.9915,2.509,2.4443,0.3355,0,Non-SST
7900.5,81.3356,3.0456,2.0592,0.3723,0,Non-SST
7901.0,70.1847,4.0624,1.7379,0.4345,0,Non-SST
7901.5,46.2432,7.7052,1.4486,0.5269,0,Non-SST
7902.0,23.2856,13.2615,1.323,0.6456,0,Non-SST
7902.5,10.8229,21.326,1.2912,0.7896,0,Non-SST
7903.0,5.9034,31.427,1.2857,0.8722,0,Non-SST
7903.5,3.9356,45.628,1.2818,0.8545,0,Non-SST
7904.0,5.2475,81.2162,1.276,0.8409,0,Non-SST
7904.5,6.5593,110.6284,1.2669,0.7909,0,Non-SST
7905.0,6.8873,148.6493,1.272,0.7558,0,Non-SST
7905.5,5.5754,148.6493,1.2764,0.7153,0,Non-SST
7906.0,4.2636,181.0683,1.2849,0.701,0,Non-SST
7906.5,4.2636,205.3144,1.2855,0.7345,0,Non-SST
7907.0,5.9034,201.0782,1.2926,0.7262,0,Non-SST
7907.5,8.5271,173.5868,1.2971,0.7231,0,Non-SST
7908.0,13.3529,134.7534,1.3372,0.7002,0,Non-SST
7908.5,22.1143,105.5623,1.3804,0.7514,0,Non-SST
7909.0,27.4554,64.3527,1.4035,0.7924,0,Non-SST
7909.5,23.6136,47.5331,1.3595,0.805,0,Non-SST
7910.0,15.7424,32.6502,1.3336,0.742,0,Non-SST
7910.5,19.022,32.6502,1.418,0.6564,0,Non-SST
7911.0,22.3017,22.3047,1.5891,0.5891,0,Non-SST
7911.5,38.7,14.2047,1.97,0.4833,0,Non-SST
7912.0,57.3941,5.4607,2.3915,0.3658,0,Non-SST
7912.5,71.0375,5.1547,2.5303,0.2853,0,Non-SST
7913.0,75.1698,4.1146,2.5346,0.2384,0,Non-SST
7913.5,72.3493,3.9135,2.466,0.2246,0,Non-SST
7914.0,61.9856,3.7747,2.4188,0.1982,5,WTR
7914.5,48.867,5.9461,2.3497,0.1661,5,WTR
7915.0,44.2754,5.5592,2.3628,0.1375,5,WTR
7915.5,46.8992,5.9576,2.3906,0.127,0,Non-SST
7916.0,48.539,6.1852,2.4296,0.1348,0,Non-SST
7916.5,45.2593,7.174,2.429,0.1309,0,Non-SST
7917.0,41.9797,7.174,2.4553,0.1301,0,Non-SST
7917.5,40.3398,8.0093,2.4299,0.1188,0,Non-SST
7918.0,36.7322,9.5647,2.2929,0.1051,1,Gas
7918.5,29.5169,11.8187,2.1989,0.077,1,Gas
7919.0,22.6297,13.0835,2.1849,0.0575,1,Gas
7919.5,20.9898,13.2815,2.2514,0.0511,1,Gas
7920.0,22.3017,13.352,2.3071,0.0574,1,Gas
7920.5,25.5814,13.5884,2.3103,0.0672,1,Gas
7921.0,29.189,13.6824,2.3135,0.0784,1,Gas
7921.5,27.5492,15.8618,2.3326,0.085,1,Gas
7922.0,30.8288,15.5417,2.3595,0.0892,1,Gas
7922.5,34.1085,15.5417,2.3419,0.0872,1,Gas
7923.0,34.7644,17.0989,2.3354,0.0847,1,Gas
7923.5,32.7966,17.5229,2.2939,0.0853,1,Gas
7924.0,28.861,19.6948,2.3192,0.0871,1,Gas
7924.5,28.5331,20.4589,2.3238,0.0881,1,Gas
7925.0,36.7322,24.5689,2.4136,0.0938,1,Gas
7925.5,51.1627,11.8269,2.462,0.1059,0,Non-SST
7926.0,60.6737,6.3439,2.4788,0.1409,0,Non-SST
7926.5,59.0339,4.6614,2.4984,0.188,0,Non-SST
7927.0,52.4746,6.4929,2.5019,0.2273,0,Non-SST
7927.5,53.7864,10.4066,2.5172,0.2391,0,Non-SST
7928.0,55.0983,10.568,2.5144,0.2453,0,Non-SST
7928.5,57.0661,10.568,2.5022,0.2563,0,Non-SST
7929.0,58.7059,6.4015,2.49,0.2841,0,Non-SST
7929.5,62.6415,5.695,2.4645,0.311,0,Non-SST
7930.0,66.9051,5.1843,2.4359,0.3518,0,Non-SST
7930.5,67.889,4.3871,2.4422,0.3658,0,Non-SST
7931.0,69.5288,4.6938,2.4783,0.3567,0,Non-SST
7931.5,74.1203,3.548,2.5374,0.3458,0,Non-SST
7932.0,78.7119,2.1767,2.5587,0.3388,0,Non-SST
7932.5,77.4,1.8607,2.5643,0.3437,0,Non-SST
7933.0,76.0881,1.8719,2.5666,0.3523,0,Non-SST
7933.5,76.4161,1.8719,2.5641,0.3458,0,Non-SST
7934.0,78.7119,1.7387,2.5688,0.3426,0,Non-SST
7934.5,82.3195,1.5753,2.5622,0.3448,0,Non-SST
7935.0,82.3195,1.4749,2.5526,0.3506,0,Non-SST
7935.5,79.3678,1.5839,2.5416,0.3596,0,Non-SST
7936.0,79.3678,1.5471,2.542,0.3597,0,Non-SST
7936.5,81.0076,1.7514,2.4468,0.3723,0,Non-SST
7937.0,80.0237,1.6299,2.3731,0.3837,0,Non-SST
7937.5,80.6797,1.8567,2.2684,0.4054,0,Non-SST
7938.0,81.3356,2.0583,2.2589,0.4111,0,Non-SST
7938.5,82.6475,2.2845,2.2857,0.4115,0,Non-SST
7939.0,80.3517,2.2845,2.3498,0.3999,0,Non-SST
7939.5,78.0559,1.9413,2.4585,0.3634,0,Non-SST
7940.0,72.4805,1.8754,2.4861,0.3068,0,Non-SST
7940.5,60.3458,2.3536,2.4848,0.2459,0,Non-SST
7941.0,49.1949,2.8272,2.44,0.2097,5,WTR
7941.5,46.8992,2.9312,2.4347,0.1931,5,WTR
7942.0,53.1305,2.6469,2.4885,0.1963,0,Non-SST
7942.5,61.6576,2.3592,2.5093,0.212,0,Non-SST
7943.0,66.2491,2.0256,2.5316,0.233,0,Non-SST
7943.5,70.8407,1.8438,2.5293,0.2498,0,Non-SST
7944.0,66.2491,1.8438,2.5427,0.2519,0,Non-SST
7944.5,59.6898,2.2244,2.5164,0.25,0,Non-SST
7945.0,60.6737,2.1824,2.5325,0.2503,0,Non-SST
7945.5,67.233,2.0284,2.5377,0.2562,0,Non-SST
7946.0,70.5127,2.0843,2.5485,0.2569,0,Non-SST
7946.5,68.4356,2.3944,2.5237,0.2424,0,Non-SST
7947.0,61.5483,2.6546,2.5198,0.227,0,Non-SST
7947.5,56.0275,2.8,2.5052,0.2115,0,Non-SST
7948.0,54.8797,2.7907,2.4809,0.2139,0,Non-SST
7948.5,54.0597,3.2637,2.4339,0.2165,5,WTR
7949.0,48.9763,4.5027,2.3153,0.2216,5,WTR
7949.5,39.7932,4.5027,2.2915,0.2009,5,WTR
7950.0,35.7483,5.3172,2.2856,0.1912,5,WTR
7950.5,37.2788,4.2154,2.3401,0.1891,5,WTR
7951.0,40.9958,4.0786,2.3467,0.2031,5,WTR
7951.5,50.1788,3.6287,2.3931,0.2194,5,WTR
7952.0,62.9695,2.7244,2.4685,0.2337,0,Non-SST
7952.5,67.561,2.2102,2.5067,0.2555,0,Non-SST
7953.0,72.1525,1.897,2.5424,0.2756,0,Non-SST
7953.5,73.7924,1.8265,2.5455,0.2971,0,Non-SST
7954.0,73.4644,1.8112,2.5355,0.298,0,Non-SST
7954.5,72.8085,1.8002,2.5189,0.2934,0,Non-SST
7955.0,72.8085,1.7518,2.5208,0.2925,0,Non-SST
7955.5,73.1364,1.7127,2.5332,0.3042,0,Non-SST
7956.0,74.4483,1.7114,2.5423,0.3038,0,Non-SST
7956.5,75.4322,1.732,2.5505,0.3007,0,Non-SST
7957.0,74.7763,1.7283,2.5505,0.2959,0,Non-SST
7957.5,73.4644,1.8325,2.5591,0.2999,0,Non-SST
7958.0,70.8407,1.8433,2.5329,0.2958,0,Non-SST
7958.5,68.2169,1.8657,2.5392,0.2848,0,Non-SST
7959.0,69.2008,1.8769,2.5309,0.2864,0,Non-SST
7959.5,71.1686,1.9132,2.5466,0.2847,0,Non-SST
7960.0,72.4805,1.8202,2.5399,0.3067,0,Non-SST
7960.5,74.1203,1.6878,2.5568,0.3102,0,Non-SST
7961.0,76.4161,1.672,2.5565,0.3221,0,Non-SST
7961.5,77.4,1.6935,2.567,0.3205,0,Non-SST
7962.0,78.3839,1.5715,2.5559,0.3353,0,Non-SST
7962.5,79.3678,1.425,2.561,0.3414,0,Non-SST
7963.0,77.4,1.3223,2.5526,0.3704,0,Non-SST
7963.5,81.3356,1.2516,2.541,0.385,0,Non-SST
7964.0,85.2712,1.2041,2.5262,0.3897,0,Non-SST
7964.5,85.9271,1.2041,2.5103,0.3506,0,Non-SST
7965.0,79.6958,1.3607,2.4688,0.3332,0,Non-SST
7965.5,67.561,2.1868,2.3515,0.3334,0,Non-SST
7966.0,58.05,3.326,2.0658,0.368,0,Non-SST
7966.5,53.4585,5.5134,1.7679,0.415,0,Non-SST
7967.0,49.8508,7.361,1.6282,0.5199,0,Non-SST
7967.5,47.883,8.465,1.5325,0.5603,0,Non-SST
7968.0,49.8508,7.8462,1.503,0.5892,0,Non-SST
7968.5,49.8508,6.3154,1.598,0.5705,0,Non-SST
7969.0,49.8508,3.8999,1.729,0.6021,0,Non-SST
7969.5,63.2975,1.8851,1.9817,0.5835,0,Non-SST
7970.0,81.6636,1.8851,2.1474,0.5468,0,Non-SST
7970.5,91.8305,1.5229,2.2148,0.4845,0,Non-SST
7971.0,87.239,2.2179,2.2472,0.4452,0,Non-SST
7971.5,81.3356,1.7615,2.4226,0.3956,0,Non-SST
7972.0,82.6475,1.4771,2.5425,0.3443,0,Non-SST
7972.5,83.9593,1.4102,2.5538,0.3007,0,Non-SST
7973.0,81.0076,1.5021,2.5749,0.2862,0,Non-SST
7973.5,74.7763,1.8226,2.5783,0.2858,0,Non-SST
7974.0,72.1525,2.0913,2.5862,0.2872,0,Non-SST
7974.5,69.5288,2.1981,2.5652,0.2749,0,Non-SST
7975.0,71.1686,2.1981,2.5721,0.2692,0,Non-SST
7975.5,70.1847,2.3771,2.5653,0.2628,0,Non-SST
7976.0,68.8729,2.475,2.5679,0.2613,0,Non-SST
7976.5,69.2008,2.3685,2.5652,0.2606,0,Non-SST
7977.0,69.8568,2.3663,2.5673,0.2597,0,Non-SST
7977.5,71.8246,2.3671,2.5664,0.2686,0,Non-SST
7978.0,73.7924,2.4075,2.5547,0.2597,0,Non-SST
7978.5,72.8085,2.5366,2.5583,0.2609,0,Non-SST
7979.0,69.5288,2.5502,2.5579,0.2398,0,Non-SST
7979.5,69.5288,2.6401,2.5488,0.2353,0,Non-SST
7980.0,69.5288,2.9332,2.543,0.233,0,Non-SST
7980.5,63.2975,2.9332,2.5208,0.2427,0,Non-SST
7981.0,59.0339,2.9726,2.4775,0.2456,0,Non-SST
7981.5,56.7381,3.1597,2.4346,0.243,0,Non-SST
7982.0,56.4102,3.4145,2.4243,0.2351,5,WTR
7982.5,59.6898,3.7618,2.4462,0.2338,0,Non-SST
7983.0,62.9695,3.565,2.4508,0.2345,0,Non-SST
7983.5,60.6737,3.6764,2.4704,0.2375,0,Non-SST
7984.0,52.4746,4.3382,2.4693,0.2317,0,Non-SST
7984.5,47.2271,6.0563,2.5141,0.2233,0,Non-SST
7985.0,41.9797,8.8848,2.6002,0.2004,0,Non-SST
7985.5,30.8288,8.8848,2.664,0.1712,0,Non-SST
7986.0,23.2856,11.5602,2.6729,0.1381,0,Non-SST
7986.5,21.6458,11.9937,2.6291,0.1165,0,Non-SST
7987.0,22.3017,8.9437,2.6383,0.119,0,Non-SST
7987.5,21.9737,13.1522,2.6766,0.1349,0,Non-SST
7988.0,24.2695,12.5732,2.6465,0.1452,0,Non-SST
7988.5,30.1729,8.8794,2.4578,0.1465,0,Non-SST
7989.0,32.7966,9.3403,2.3285,0.162,1,Gas
7989.5,28.861,10.4199,2.262,0.2044,5,WTR
7990.0,23.6136,13.9394,2.1965,0.2374,5,WTR
7990.5,18.3661,17.8849,2.1486,0.2334,5,WTR
7991.0,14.7585,17.8849,2.1376,0.2195,5,WTR
7991.5,12.4627,22.7651,2.1139,0.2058,1,Gas
7992.0,11.8068,22.8356,2.1026,0.2058,1,Gas
7992.5,11.1508,22.695,2.1103,0.2,1,Gas
7993.0,10.4949,24.4358,2.1248,0.1961,1,Gas
7993.5,12.7907,21.9259,2.1414,0.1901,1,Gas
7994.0,16.7263,19.7706,2.1473,0.1973,1,Gas
7994.5,18.3661,17.4766,2.1487,0.2112,5,WTR
7995.0,18.3661,16.778,2.1425,0.2168,5,WTR
7995.5,18.3661,15.0998,2.1344,0.228,5,WTR
7996.0,17.3822,15.0998,2.1418,0.2299,5,WTR
7996.5,15.0864,14.7019,2.1433,0.2292,5,WTR
7997.0,14.1025,14.846,2.1564,0.2171,5,WTR
7997.5,16.0703,14.5368,2.1648,0.214,5,WTR
7998.0,19.678,12.843,2.1895,0.2132,5,WTR
7998.5,22.3017,10.6365,2.1999,0.2216,5,WTR
7999.0,21.9737,11.5443,2.1912,0.2205,5,WTR
7999.5,19.678,11.1302,2.1818,0.2178,5,WTR
8000.0,20.9898,11.4423,2.1742,0.2186,5,WTR
8000.5,22.3017,11.1006,2.1631,0.2167,5,WTR
8001.0,20.6619,11.745,2.1553,0.2186,5,WTR
8001.5,18.6941,11.745,2.1618,0.206,5,WTR
8002.0,17.3002,11.7695,2.1677,0.201,5,WTR
8002.5,16.5623,12.3128,2.1709,0.1941,5,WTR
8003.0,16.3163,12.2426,2.1643,0.1993,5,WTR
8003.5,17.3822,10.804,2.1784,0.2028,5,WTR
8004.0,18.3661,9.8994,2.179,0.2071,5,WTR
8004.5,17.0542,10.6227,2.1745,0.2024,5,WTR
8005.0,17.0542,9.3927,2.1535,0.2013,1,Gas
8005.5,17.0542,8.0725,2.1635,0.2031,1,Gas
8006.0,21.3178,6.7413,2.187,0.2208,5,WTR
8006.5,26.8932,6.7413,2.2125,0.238,5,WTR
8007.0,32.7966,5.8725,2.2261,0.2534,5,WTR
8007.5,34.1085,4.6917,2.1993,0.2526,5,WTR
8008.0,29.5169,4.5858,2.1953,0.2455,5,WTR
8008.5,26.5653,4.212,2.2347,0.2391,5,WTR
8009.0,32.7966,3.5454,2.3403,0.2393,5,WTR
8009.5,47.5551,3.1239,2.4681,0.2556,0,Non-SST
8010.0,62.6415,3.0971,2.5492,0.2677,0,Non-SST
8010.5,70.8407,3.0476,2.5553,0.2754,0,Non-SST
8011.0,71.4966,3.0877,2.548,0.2625,0,Non-SST
8011.5,66.9051,3.0877,2.5275,0.2608,0,Non-SST
8012.0,64.2814,3.2763,2.5186,0.2366,0,Non-SST
8012.5,61.6576,3.7349,2.523,0.2037,0,Non-SST
8013.0,53.7864,4.1328,2.5412,0.1818,0,Non-SST
8013.5,49.8508,3.938,2.5914,0.1765,0,Non-SST
8014.0,54.4424,3.4391,2.6011,0.1902,0,Non-SST
8014.5,63.2975,2.9192,2.5943,0.2138,0,Non-SST
8015.0,70.1847,2.509,2.577,0.2494,0,Non-SST
8015.5,76.0881,2.0884,2.5708,0.2962,0,Non-SST
8016.0,81.3356,1.812,2.607,0.3343,0,Non-SST
8016.5,83.3034,1.7523,2.6086,0.3503,0,Non-SST
8017.0,83.3034,1.7551,2.6132,0.3603,0,Non-SST
8017.5,82.6475,1.5757,2.5778,0.3854,0,Non-SST
8018.0,84.6152,1.5653,2.5659,0.4123,0,Non-SST
8018.5,86.5831,1.5653,2.4856,0.4181,0,Non-SST
8019.0,88.8788,1.4807,2.4439,0.4094,0,Non-SST
8019.5,91.5025,1.6282,2.4295,0.4174,0,Non-SST
8020.0,91.5025,1.7061,2.3961,0.4239,0,Non-SST
8020.5,87.5669,1.7578,2.4271,0.4031,0,Non-SST
8021.0,82.3195,1.7712,2.4486,0.3814,0,Non-SST
8021.5,80.6797,1.8597,2.4803,0.3566,0,Non-SST
8022.0,81.6636,1.8607,2.4872,0.3579,0,Non-SST
8022.5,81.6636,1.8139,2.5141,0.35,0,Non-SST
8023.0,81.9915,1.9027,2.5313,0.3393,0,Non-SST
8023.5,79.9144,2.294,2.5815,0.2918,0,Non-SST
8024.0,71.9339,2.294,2.61,0.2501,0,Non-SST
8024.5,63.5161,2.8481,2.6146,0.2285,0,Non-SST
8025.0,58.378,3.063,2.5759,0.2249,0,Non-SST
8025.5,58.378,3.1814,2.5507,0.2244,0,Non-SST
8026.0,63.6254,3.1372,2.5451,0.232,0,Non-SST
8026.5,66.9051,2.8867,2.5788,0.2422,0,Non-SST
8027.0,67.889,2.7925,2.5956,0.2615,0,Non-SST
8027.5,72.1525,2.3522,2.5831,0.2766,0,Non-SST
8028.0,78.7119,2.0532,2.5526,0.2897,0,Non-SST
8028.5,85.2712,1.8668,2.5381,0.3221,0,Non-SST
8029.0,84.9432,1.7967,2.5137,0.3529,0,Non-SST
8029.5,83.3034,1.9147,2.4914,0.3829,0,Non-SST
8030.0,85.5992,2.0128,2.448,0.3917,0,Non-SST
8030.5,93.1424,1.937,2.3986,0.4052,0,Non-SST
8031.0,99.3737,2.1674,2.3568,0.4383,0,Non-SST
8031.5,100.3576,2.4263,2.3415,0.4493,0,Non-SST
8032.0,101.9975,2.4811,2.3166,0.4441,0,Non-SST
8032.5,108.8847,2.4193,2.2856,0.4266,0,Non-SST
8033.0,108.8847,2.876,2.2516,0.4348,0,Non-SST
8033.5,108.8847,3.6695,2.2597,0.4373,0,Non-SST
8034.0,103.3093,3.0244,2.3226,0.4246,0,Non-SST
8034.5,102.6534,3.0244,2.4023,0.4051,0,Non-SST
8035.0,103.6373,3.3237,2.3927,0.3674,0,Non-SST
8035.5,102.9814,3.2683,2.3054,0.342,0,Non-SST
8036.0,104.2932,3.1847,2.264,0.3344,0,Non-SST
8036.5,104.6212,3.249,2.2839,0.3419,0,Non-SST
8037.0,95.7661,3.2763,2.3781,0.3253,0,Non-SST
8037.5,84.2873,3.0174,2.4745,0.2941,0,Non-SST
8038.0,78.7119,2.7459,2.543,0.2612,0,Non-SST
8038.5,80.6797,2.4386,2.5702,0.2488,0,Non-SST
8039.0,82.6475,2.2439,2.5804,0.246,0,Non-SST
8039.5,84.6152,2.2439,2.5788,0.2545,0,Non-SST
8040.0,82.3195,2.5663,2.5975,0.2507,0,Non-SST
8040.5,78.0559,3.0114,2.5987,0.2394,0,Non-SST
8041.0,72.8085,3.2022,2.6267,0.2257,0,Non-SST
8041.5,64.9373,3.4515,2.6313,0.2238,0,Non-SST
8042.0,58.7059,3.4391,2.6252,0.2229,0,Non-SST
8042.5,60.0178,3.1533,2.6106,0.2337,0,Non-SST
8043.0,68.2169,2.7513,2.6087,0.2462,0,Non-SST
8043.5,69.5288,2.3966,2.6085,0.2783,0,Non-SST
8044.0,70.8407,2.3318,2.6036,0.2963,0,Non-SST
8044.5,80.3517,2.294,2.5866,0.3027,0,Non-SST
8045.0,82.6475,2.294,2.5819,0.2958,0,Non-SST
8045.5,80.0237,2.1306,2.5818,0.2916,0,Non-SST
8046.0,75.4322,2.3367,2.5496,0.2914,0,Non-SST
8046.5,66.5771,2.8102,2.4957,0.2559,0,Non-SST
8047.0,53.4585,3.5171,2.4491,0.2207,5,WTR
8047.5,45.2593,3.6874,2.4397,0.193,5,WTR
8048.0,46.8992,3.5676,2.4636,0.1843,5,WTR
8048.5,55.0983,3.2244,2.5232,0.1908,0,Non-SST
8049.0,58.378,3.2832,2.5474,0.2068,0,Non-SST
8049.5,61.6576,3.4453,2.5494,0.2208,0,Non-SST
8050.0,57.722,3.4453,2.5656,0.2248,0,Non-SST
8050.5,60.0178,3.3734,2.5928,0.2253,0,Non-SST
8051.0,64.9373,3.312,2.5992,0.2321,0,Non-SST
8051.5,67.889,3.3543,2.5973,0.2383,0,Non-SST
8052.0,71.1686,3.3866,2.5921,0.2428,0,Non-SST
8052.5,75.1042,3.163,2.6061,0.2632,0,Non-SST
8053.0,77.728,2.8886,2.6013,0.2912,0,Non-SST
8053.5,80.0237,2.6692,2.6113,0.3277,0,Non-SST
8054.0,80.0237,2.6132,2.6126,0.3359,0,Non-SST
8054.5,80.0237,2.5793,2.6228,0.3343,0,Non-SST
8055.0,81.3356,2.6476,2.6068,0.3133,0,Non-SST
8055.5,81.3356,2.7159,2.592,0.297,0,Non-SST
8056.0,75.1042,2.7842,2.5832,0.2751,0,Non-SST
8056.5,62.9695,3.5834,2.5732,0.2355,0,Non-SST
8057.0,55.0983,4.4017,2.6067,0.2031,0,Non-SST
8057.5,54.1144,4.6214,2.6174,0.1899,0,Non-SST
8058.0,55.7542,5.5874,2.6618,0.1865,0,Non-SST
8058.5,61.0017,4.9777,2.6389,0.1887,0,Non-SST
8059.0,69.5288,4.1262,2.6214,0.1918,0,Non-SST
8059.5,69.5288,3.9411,2.567,0.2062,0,Non-SST
8060.0,69.5288,4.1295,2.5438,0.2164,0,Non-SST
8060.5,66.2491,4.1295,2.5439,0.2151,0,Non-SST
8061.0,65.9212,3.7026,2.566,0.2243,0,Non-SST
8061.5,67.889,3.4664,2.5712,0.2296,0,Non-SST
8062.0,68.5449,3.4577,2.5221,0.2335,0,Non-SST
8062.5,66.2491,3.5261,2.4441,0.2193,0,Non-SST
8063.0,60.6737,3.958,2.4134,0.2125,0,Non-SST
8063.5,55.7542,3.8954,2.4299,0.2122,5,WTR
8064.0,58.378,3.7152,2.4811,0.2216,0,Non-SST
8064.5,69.5288,3.0324,2.5377,0.2403,0,Non-SST
8065.0,72.1525,2.7495,2.5951,0.2624,0,Non-SST
8065.5,74.7763,2.6692,2.609,0.2848,0,Non-SST
8066.0,76.0881,2.6692,2.6079,0.2897,0,Non-SST
8066.5,76.0881,2.5663,2.602,0.3003,0,Non-SST
8067.0,77.728,2.329,2.6085,0.3141,0,Non-SST
8067.5,81.6636,2.173,2.6251,0.3348,0,Non-SST
8068.0,83.6314,2.0996,2.6197,0.3336,0,Non-SST
8068.5,81.3356,2.0978,2.6158,0.3298,0,Non-SST
8069.0,79.0398,2.0744,2.6082,0.3173,0,Non-SST
8069.5,78.7119,2.1649,2.6156,0.2949,0,Non-SST
8070.0,79.3678,2.4834,2.5848,0.27,0,Non-SST
8070.5,80.0237,2.7182,2.5642,0.2517,0,Non-SST
8071.0,76.0881,2.7182,2.555,0.2573,0,Non-SST
8071.5,72.8085,2.9024,2.5745,0.2572,0,Non-SST
8072.0,72.8085,2.8877,2.5937,0.2591,0,Non-SST
8072.5,75.7602,2.7759,2.5972,0.2586,0,Non-SST
8073.0,76.0881,2.6065,2.5887,0.271,0,Non-SST
8073.5,73.7924,2.6317,2.576,0.2807,0,Non-SST
8074.0,73.4644,2.728,2.5693,0.2795,0,Non-SST
8074.5,74.4483,2.6065,2.5706,0.2742,0,Non-SST
8075.0,74.7763,2.4201,2.5724,0.2806,0,Non-SST
8075.5,75.4322,2.2697,2.5744,0.2973,0,Non-SST
8076.0,76.0881,2.0595,2.5894,0.3166,0,Non-SST
8076.5,76.4161,2.0595,2.592,0.3352,0,Non-SST
8077.0,81.0076,1.8898,2.6101,0.3335,0,Non-SST
8077.5,85.2712,1.7496,2.6124,0.3518,0,Non-SST
8078.0,86.2551,1.6792,2.6147,0.3572,0,Non-SST
8078.5,85.2712,1.5561,2.6111,0.3744,0,Non-SST
8079.0,83.9593,1.5373,2.608,0.3748,0,Non-SST
8079.5,82.9754,1.5429,2.6188,0.3782,0,Non-SST
8080.0,83.9593,1.5638,2.6213,0.3879,0,Non-SST
8080.5,86.583,1.5913,2.6079,0.3983,0,Non-SST
8081.0,89.2068,1.6372,2.4639,0.4385,0,Non-SST
8081.5,88.8788,1.9641,2.1889,0.4894,0,Non-SST
8082.0,85.5992,1.9641,1.7768,0.5377,0,Non-SST
8082.5,79.0398,3.5821,1.534,0.598,0,Non-SST
8083.0,73.7924,5.895,1.4572,0.6727,0,Non-SST
8083.5,69.5288,6.0948,1.5327,0.6467,0,Non-SST
8084.0,69.2008,4.808,1.7691,0.6124,0,Non-SST
8084.5,77.728,2.5502,2.0613,0.5462,0,Non-SST
8085.0,86.583,1.7332,2.4609,0.4843,0,Non-SST
8085.5,90.5186,1.6518,2.5373,0.3889,0,Non-SST
8086.0,89.8627,1.8139,2.5419,0.3449,0,Non-SST
8086.5,89.2068,1.9311,2.5404,0.3429,0,Non-SST
8087.0,91.5025,1.9311,2.5366,0.3519,0,Non-SST
8087.5,93.7983,1.8607,2.5396,0.341,0,Non-SST
8088.0,94.1263,1.8183,2.5377,0.3479,0,Non-SST
8088.5,92.4864,1.7952,2.5351,0.3434,0,Non-SST
8089.0,88.2229,1.909,2.5412,0.3671,0,Non-SST
8089.5,83.3034,2.1079,2.5267,0.3467,0,Non-SST
8090.0,82.3195,1.9834,2.5121,0.3459,0,Non-SST
8090.5,86.5831,1.8557,2.492,0.3471,0,Non-SST
8091.0,86.5831,1.8438,2.4947,0.3622,0,Non-SST
8091.5,86.5831,1.8403,2.498,0.3775,0,Non-SST
8092.0,88.8788,1.8991,2.4984,0.3634,0,Non-SST
8092.5,90.5186,1.8991,2.4917,0.3615,0,Non-SST
8093.0,95.1102,1.9354,2.43,0.3712,0,Non-SST
8093.5,98.7178,1.9408,2.2495,0.4045,0,Non-SST
8094.0,95.7661,2.3893,1.7996,0.4835,0,Non-SST
8094.5,86.583,5.8922,1.5236,0.5557,0,Non-SST
8095.0,72.1525,8.31,1.4454,0.6518,0,Non-SST
8095.5,54.6064,8.155,1.3954,0.7096,0,Non-SST
8096.0,39.6839,6.3951,1.4108,0.734,0,Non-SST
8096.5,30.6648,5.6212,1.5006,0.7107,0,Non-SST
8097.0,30.5008,3.1923,1.6797,0.6835,0,Non-SST
8097.5,45.2593,3.1923,1.9377,0.5267,0,Non-SST
8098.0,72.1525,1.6032,2.4211,0.399,0,Non-SST
8098.5,75.4322,2.2671,2.5797,0.3212,0,Non-SST
8099.0,78.7119,2.3069,2.5703,0.2958,0,Non-SST
8099.5,80.6797,2.3028,2.5827,0.2993,0,Non-SST
8100.0,82.3195,2.1981,2.5824,0.3018,0,Non-SST
8100.5,85.2712,2.1452,2.5816,0.3109,0,Non-SST
8101.0,83.9593,2.0538,2.5561,0.3276,0,Non-SST
8101.5,82.6475,2.1162,2.5489,0.3279,0,Non-SST
8102.0,83.6314,2.3872,2.5408,0.3307,0,Non-SST
8102.5,82.6475,2.3872,2.5644,0.2773,0,Non-SST
8103.0,78.0559,3.0811,2.6112,0.2545,0,Non-SST
8103.5,71.4966,3.2479,2.6314,0.2275,0,Non-SST
8104.0,68.2169,3.3448,2.6211,0.2246,0,Non-SST
8104.5,67.233,3.3638,2.5864,0.218,0,Non-SST
8105.0,62.3136,3.3638,2.5664,0.2106,0,Non-SST
8105.5,57.0661,3.4853,2.5177,0.202,0,Non-SST
8106.0,54.1144,3.4866,2.4864,0.1889,0,Non-SST
8106.5,48.539,3.4465,2.4859,0.1886,0,Non-SST
8107.0,44.6034,3.3758,2.4868,0.1908,0,Non-SST
8107.5,40.6678,3.4942,2.4862,0.1961,0,Non-SST
8108.0,42.9636,3.8255,2.5242,0.1981,0,Non-SST
8108.5,46.8992,3.8818,2.53,0.1979,0,Non-SST
8109.0,49.8508,3.9658,2.524,0.1934,0,Non-SST
8109.5,49.5229,4.0034,2.5014,0.1899,0,Non-SST
8110.0,49.1949,4.0656,2.502,0.1896,0,Non-SST
8110.5,50.8347,4.1113,2.5154,0.1964,0,Non-SST
8111.0,51.4907,4.0271,2.522,0.1971,0,Non-SST
8111.5,51.1627,3.8535,2.4943,0.1996,0,Non-SST
8112.0,51.1627,3.5913,2.4699,0.2007,5,WTR
8112.5,51.1627,3.23,2.4148,0.2012,5,WTR
8113.0,42.9636,3.23,2.4001,0.2008,5,WTR
8113.5,35.0924,2.7405,2.3198,0.2005,5,WTR
8114.0,26.8932,2.2045,2.278,0.2029,5,WTR
8114.5,20.6619,1.9489,2.2441,0.2072,5,WTR
8115.0,17.3822,1.8492,2.2179,0.2137,5,WTR
8115.5,17.3822,1.7782,2.2116,0.2172,5,WTR
8116.0,19.678,1.8841,2.2279,0.2177,5,WTR
8116.5,22.3017,1.9424,2.236,0.216,5,WTR
8117.0,21.6458,1.811,2.242,0.2078,5,WTR
8117.5,20.9898,1.8643,2.2626,0.2114,5,WTR
8118.0,21.9737,2.089,2.2838,0.2157,5,WTR
8118.5,24.5975,2.089,2.2765,0.2217,5,WTR
8119.0,27.5492,2.1379,2.2522,0.2176,5,WTR
8119.5,28.533,2.1483,2.2443,0.21,5,WTR
8120.0,26.8932,2.1736,2.2552,0.2089,5,WTR
8120.5,25.5814,2.173,2.2747,0.206,5,WTR
8121.0,26.2373,2.1556,2.2935,0.2054,5,WTR
8121.5,26.5653,2.1501,2.3178,0.2017,5,WTR
8122.0,24.9254,2.1931,2.3567,0.2047,5,WTR
8122.5,28.2051,2.3699,2.3709,0.2059,5,WTR
8123.0,31.4847,2.2192,2.3093,0.2099,5,WTR
8123.5,24.2695,2.2192,2.2086,0.2225,5,WTR
8124.0,15.7424,1.8785,2.1722,0.2342,5,WTR
8124.5,10.8229,1.8769,2.1557,0.2503,5,WTR
8125.0,9.839,1.8212,2.1757,0.2369,5,WTR
8125.5,9.839,1.7017,2.1801,0.2391,5,WTR
8126.0,10.1669,1.7905,2.15,0.2387,5,WTR
8126.5,11.8068,2.1055,2.1454,0.2537,5,WTR
8127.0,14.4305,2.6007,2.1574,0.2694,5,WTR
8127.5,14.4305,2.2717,2.2191,0.2765,5,WTR
8128.0,14.4305,1.7441,2.2271,0.2579,5,WTR
8128.5,13.4466,1.602,2.2355,0.2345,5,WTR
8129.0,12.7907,1.602,2.2137,0.2174,5,WTR
8129.5,11.8068,1.5493,2.2062,0.2091,5,WTR
8130.0,10.4949,1.5188,2.2344,0.2048,5,WTR
8130.5,11.4788,1.5592,2.2527,0.2054,5,WTR
8131.0,17.0542,1.91,2.3242,0.2179,5,WTR
8131.5,21.3178,2.3221,2.335,0.2252,5,WTR
8132.0,19.35,2.1513,2.3084,0.2316,5,WTR
8132.5,15.7424,1.8547,2.2628,0.2375,5,WTR
8133.0,15.0864,1.735,2.2286,0.2406,5,WTR
8133.5,14.4305,1.6463,2.228,0.246,5,WTR
8134.0,14.1025,1.6463,2.2292,0.2451,5,WTR
8134.5,13.4466,1.6229,2.2376,0.2464,5,WTR
8135.0,12.7907,1.7364,2.2595,0.2368,5,WTR
8135.5,12.4627,1.6857,2.2721,0.2195,5,WTR
8136.0,13.1186,1.7574,2.2762,0.2113,5,WTR
8136.5,13.7746,1.7368,2.248,0.2159,5,WTR
8137.0,14.1025,1.5913,2.232,0.2243,5,WTR
8137.5,15.7424,1.5965,2.2574,0.2218,5,WTR
8138.0,16.3983,1.8101,2.2797,0.2258,5,WTR
8138.5,17.0542,1.9957,2.2657,0.2237,5,WTR
8139.0,16.3983,1.7198,2.2258,0.2292,5,WTR
8139.5,15.7424,1.7198,2.2202,0.2235,5,WTR
8140.0,20.6619,1.8582,2.2895,0.2304,5,WTR
8140.5,35.4203,2.3076,2.4102,0.2303,5,WTR
8141.0,54.1144,2.9911,2.4827,0.2375,0,Non-SST
8141.5,66.2491,3.1814,2.5553,0.2433,0,Non-SST
8142.0,68.2169,3.0114,2.5361,0.2609,0,Non-SST
8142.5,61.9856,2.8084,2.4667,0.2654,0,Non-SST
8143.0,49.8508,2.4688,2.3609,0.2542,5,WTR
8143.5,42.6356,2.3458,2.2916,0.24,5,WTR
8144.0,35.4203,2.2518,2.2488,0.2242,5,WTR
8144.5,27.8771,2.2518,2.2155,0.2218,5,WTR
8145.0,21.6458,1.936,2.2081,0.2264,5,WTR
8145.5,18.6941,1.7578,2.2205,0.2388,5,WTR
8146.0,20.9898,1.774,2.2401,0.2474,5,WTR
8146.5,26.2373,2.0013,2.2654,0.2473,5,WTR
8147.0,29.5169,2.1699,2.2565,0.2347,5,WTR
8147.5,29.8449,2.1198,2.2569,0.2325,5,WTR
8148.0,27.8771,1.91,2.21,0.2251,5,WTR
8148.5,24.4335,1.7768,2.2027,0.2354,5,WTR
8149.0,23.2856,1.7919,2.1967,0.2381,5,WTR
8149.5,27.0572,2.1312,2.2795,0.2474,5,WTR
8150.0,35.7483,2.1312,2.3309,0.2505,5,WTR
8150.5,45.2593,2.5745,2.3958,0.2461,5,WTR
8151.0,48.211,2.7405,2.3694,0.2372,5,WTR
8151.5,44.6034,2.7146,2.3693,0.2231,5,WTR
8152.0,43.9475,2.6016,2.3281,0.2333,5,WTR
8152.5,43.2915,2.4312,2.3071,0.2408,5,WTR
8153.0,35.7483,2.1842,2.2848,0.2515,5,WTR
8153.5,28.2051,1.9834,2.277,0.2424,5,WTR
8154.0,27.8771,1.8744,2.3198,0.244,5,WTR
8154.5,41.3237,1.7872,2.4118,0.2533,5,WTR
8155.0,60.6737,1.9264,2.5298,0.2711,0,Non-SST
8155.5,70.8407,1.9264,2.552,0.2944,0,Non-SST
8156.0,72.4805,2.0216,2.5454,0.309,0,Non-SST
8156.5,74.7763,2.0578,2.4872,0.3187,0,Non-SST
8157.0,76.7441,1.9934,2.4564,0.3245,0,Non-SST
8157.5,78.7119,1.7778,2.4381,0.356,0,Non-SST
8158.0,79.6958,1.7624,2.4566,0.3667,0,Non-SST
8158.5,80.0237,1.7624,2.5179,0.376,0,Non-SST
8159.0,79.6958,1.7952,2.5571,0.3528,0,Non-SST
8159.5,79.6958,1.7995,2.5751,0.3489,0,Non-SST
8160.0,80.6797,1.5269,2.5603,0.3396,0,Non-SST
8160.5,80.6797,1.3541,2.5566,0.3277,0,Non-SST
8161.0,78.0559,1.6476,2.5547,0.3109,0,Non-SST
8161.5,72.8085,2.216,2.5489,0.2979,0,Non-SST
8162.0,65.5932,2.8663,2.4983,0.2786,0,Non-SST
8162.5,57.0661,3.3615,2.4122,0.2545,0,Non-SST
8163.0,48.539,3.7704,2.3612,0.2324,5,WTR
8163.5,48.211,3.7704,2.3814,0.2332,5,WTR
8164.0,55.4263,3.2947,2.4766,0.2386,0,Non-SST
8164.5,65.9212,3.0355,2.5533,0.2495,0,Non-SST
8165.0,73.1364,2.7226,2.5426,0.2654,0,Non-SST
8165.5,77.072,2.652,2.5019,0.293,0,Non-SST
8166.0,79.6958,2.426,2.4832,0.3313,0,Non-SST
8166.5,81.9915,2.1544,2.4846,0.3563,0,Non-SST
8167.0,82.3195,1.9527,2.4739,0.3797,0,Non-SST
8167.5,76.0881,1.9543,2.3894,0.3897,0,Non-SST
8168.0,74.1203,2.4506,2.2774,0.3991,0,Non-SST
8168.5,72.1525,2.1061,2.2767,0.4352,0,Non-SST
8169.0,80.3517,2.1061,2.3544,0.4385,0,Non-SST
8169.5,83.3034,1.6538,2.4969,0.378,0,Non-SST
8170.0,76.0881,1.7943,2.5153,0.3178,0,Non-SST
8170.5,58.7059,2.0913,2.4264,0.2719,0,Non-SST
8171.0,38.7,1.9641,2.3437,0.2499,5,WTR
8171.5,27.5492,1.6987,2.3126,0.2266,5,WTR
8172.0,28.861,1.6656,2.3158,0.2161,5,WTR
8172.5,36.7322,2.0073,2.3458,0.2105,5,WTR
8173.0,34.1085,2.3235,2.3615,0.2057,5,WTR
8173.5,31.4847,2.3706,2.3836,0.2019,5,WTR
8174.0,30.8288,2.3706,2.4136,0.1983,5,WTR
8174.5,33.7805,2.5382,2.403,0.1968,5,WTR
8175.0,34.4364,2.5374,2.3442,0.2017,5,WTR
8175.5,28.2051,2.0861,2.3063,0.1993,5,WTR
8176.0,22.3017,1.7943,2.2828,0.2137,5,WTR
8176.5,27.8771,1.8872,2.3451,0.2175,5,WTR
8177.0,46.8992,2.2657,2.407,0.2356,5,WTR
8177.5,65.9212,2.4973,2.5342,0.2363,0,Non-SST
8178.0,74.7763,2.4193,2.5879,0.2584,0,Non-SST
8178.5,76.7441,2.1836,2.5729,0.2805,0,Non-SST
8179.0,78.7119,1.9048,2.573,0.3121,0,Non-SST
8179.5,81.6636,1.9048,2.5793,0.3179,0,Non-SST
8180.0,81.9915,1.8527,2.6018,0.3297,0,Non-SST
8180.5,80.6797,1.7745,2.598,0.3428,0,Non-SST
8181.0,81.3356,1.6497,2.5733,0.3642,0,Non-SST
8181.5,83.9593,1.6534,2.555,0.3746,0,Non-SST
8182.0,85.9271,1.661,2.5537,0.3663,0,Non-SST
8182.5,86.583,1.627,2.5662,0.3805,0,Non-SST
8183.0,85.2712,1.5812,2.5736,0.3874,0,Non-SST
8183.5,83.3034,1.5295,2.5775,0.3932,0,Non-SST
8184.0,81.3356,1.5523,2.5986,0.3889,0,Non-SST
8184.5,81.0076,1.5523,2.6209,0.3863,0,Non-SST
8185.0,80.6797,1.587,2.5973,0.3975,0,Non-SST
8185.5,80.6797,1.6128,2.5699,0.3901,0,Non-SST
8186.0,80.0237,1.5463,2.5531,0.3965,0,Non-SST
8186.5,81.0076,1.5493,2.5294,0.3855,0,Non-SST
8187.0,87.239,1.5843,2.5223,0.3899,0,Non-SST
8187.5,94.1263,1.531,2.5226,0.3925,0,Non-SST
8188.0,95.5318,1.5377,2.5342,0.4022,0,Non-SST
8188.5,94.9696,1.5596,2.5382,0.3867,0,Non-SST
8189.0,97.078,1.6455,2.5114,0.3794,0,Non-SST
8189.5,99.7017,1.9006,2.4713,0.3853,0,Non-SST
8190.0,102.3254,1.9006,2.4188,0.3938,0,Non-SST
8190.5,92.4864,2.5712,2.3748,0.3854,0,Non-SST
8191.0,90.5186,2.7316,2.3514,0.4021,0,Non-SST
8191.5,95.7661,2.5067,2.3271,0.4297,0,Non-SST
8192.0,101.9975,2.2691,2.2134,0.5005,0,Non-SST
8192.5,101.6695,2.5534,2.0641,0.5195,0,Non-SST
8193.0,93.1424,3.7264,1.8571,0.5506,0,Non-SST
8193.5,83.6314,4.6095,1.8376,0.5723,0,Non-SST
8194.0,83.6314,3.7278,1.9206,0.5684,0,Non-SST
8194.5,94.4542,2.2077,2.1622,0.5348,0,Non-SST
8195.0,93.7983,2.2077,2.395,0.4556,0,Non-SST
8195.5,93.1424,1.1471,2.5335,0.4087,0,Non-SST
8196.0,92.4864,1.1386,2.6056,0.3671,0,Non-SST
8196.5,90.5186,1.0926,2.5875,0.3509,0,Non-SST
8197.0,88.8788,1.0834,2.5633,0.3364,0,Non-SST
8197.5,88.5508,1.1991,2.5521,0.3418,0,Non-SST
8198.0,85.9271,1.3982,2.6122,0.3485,0,Non-SST
8198.5,80.0237,1.5773,2.6492,0.3517,0,Non-SST
8199.0,77.728,1.8,2.7689,0.3583,0,Non-SST
8199.5,83.9593,1.8517,2.4188,0.3682,0,Non-SST
8200.0,94.1263,1.8944,2.393,0.3975,0,Non-SST
8200.5,102.3254,1.8795,2.3779,0.4285,0,Non-SST
8201.0,104.2932,1.8918,2.3597,0.4463,0,Non-SST
8201.5,106.261,1.8918,2.3711,0.4455,0,Non-SST
8202.0,107.9008,1.9413,2.3863,0.4331,0,Non-SST
8202.5,109.8686,1.8683,2.408,0.4317,0,Non-SST
8203.0,112.8203,1.7862,2.4172,0.4234,0,Non-SST
8203.5,111.8364,1.811,2.4481,0.4228,0,Non-SST
8204.0,108.5568,1.7459,2.4459,0.4227,0,Non-SST
8204.5,104.6212,1.7207,2.5617,0.4091,0,Non-SST
8205.0,96.0941,1.8472,2.5993,0.3928,0,Non-SST
8205.5,86.5831,1.8898,2.6035,0.3763,0,Non-SST
8206.0,87.239,1.9834,2.5892,0.3687,0,Non-SST
8206.5,87.8949,1.8388,2.5476,0.3526,0,Non-SST
8207.0,88.2229,1.91,2.5259,0.3207,0,Non-SST
8207.5,81.9915,1.91,2.505,0.3117,0,Non-SST
8208.0,66.2492,2.4446,2.5012,0.2796,0,Non-SST
8208.5,54.4424,3.2809,2.4766,0.2835,0,Non-SST
8209.0,55.4263,3.1003,2.1974,0.2908,5,WTR
8209.5,60.0178,3.164,2.0203,0.337,0,Non-SST
8210.0,65.2653,3.7992,1.9472,0.3981,0,Non-SST
8210.5,73.1364,3.8036,2.0252,0.4569,0,Non-SST
8211.0,81.3356,2.6961,2.3105,0.438,0,Non-SST
8211.5,81.9915,2.0413,2.5446,0.3622,0,Non-SST
8212.0,82.6475,1.6627,2.5828,0.2978,0,Non-SST
8212.5,78.3839,1.6627,2.6021,0.2709,0,Non-SST
8213.0,75.4322,1.7759,2.6119,0.2648,0,Non-SST
8213.5,76.7441,2.099,2.6015,0.2615,0,Non-SST
8214.0,79.0398,2.0698,2.5975,0.2535,0,Non-SST
8214.5,78.7119,2.2173,2.5981,0.2534,0,Non-SST
8215.0,77.728,2.35,2.5949,0.2559,0,Non-SST
8215.5,76.4161,2.5917,2.5906,0.2674,0,Non-SST
8216.0,74.7763,2.6024,2.5677,0.2778,0,Non-SST
8216.5,78.0559,2.5958,2.5765,0.28,0,Non-SST
8217.0,81.3356,2.7005,2.5881,0.2752,0,Non-SST
8217.5,74.4483,2.8692,2.5787,0.2618,0,Non-SST
8218.0,70.1847,2.8692,2.5815,0.2557,0,Non-SST
8218.5,67.889,2.9798,2.5629,0.255,0,Non-SST
8219.0,65.5932,3.0334,2.5759,0.2573,0,Non-SST
8219.5,63.6254,3.1266,2.5358,0.2453,0,Non-SST
8220.0,62.9695,3.0846,2.5253,0.2339,0,Non-SST
8220.5,61.6576,2.9533,2.5061,0.2228,0,Non-SST
8221.0,58.378,2.8224,2.5098,0.2306,0,Non-SST
8221.5,55.0983,2.7049,2.4959,0.2328,0,Non-SST
8222.0,61.0017,2.6735,2.4886,0.2392,0,Non-SST
8222.5,66.9051,2.5785,2.4372,0.2302,0,Non-SST
8223.0,56.4102,2.5785,2.3769,0.2311,5,WTR
8223.5,37.3881,2.1144,2.2695,0.2284,5,WTR
8224.0,20.3339,1.5321,2.2267,0.2233,5,WTR
8224.5,12.4627,1.4152,2.2116,0.2199,5,WTR
8225.0,10.1669,1.3438,2.1954,0.2224,5,WTR
8225.5,10.1669,1.3217,2.1522,0.2248,5,WTR
8226.0,10.8229,1.4267,2.1065,0.2351,5,WTR
8226.5,11.8068,1.4926,2.1055,0.2407,5,WTR
8227.0,11.1508,1.3266,2.1409,0.2498,5,WTR
8227.5,10.4949,1.345,2.1815,0.2355,5,WTR
8228.0,10.1669,1.3157,2.1985,0.2189,5,WTR
8228.5,9.511,1.3157,2.2016,0.2089,5,WTR
8229.0,9.1831,1.3309,2.1956,0.2072,5,WTR
8229.5,9.1831,1.3302,2.2026,0.2088,5,WTR
8230.0,9.511,1.2979,2.1961,0.2101,5,WTR
8230.5,10.1669,1.3557,2.1822,0.2149,5,WTR
8231.0,10.4949,1.3639,2.1653,0.2246,5,WTR
8231.5,10.4949,1.4298,2.1558,0.2404,5,WTR
8232.0,10.4949,1.5437,2.1517,0.25,5,WTR
8232.5,11.1508,1.6844,2.1398,0.2523,5,WTR
8233.0,11.8068,1.5366,2.1559,0.2567,5,WTR
8233.5,11.1508,1.5366,2.1698,0.2475,5,WTR
8234.0,9.839,1.3956,2.1887,0.2349,5,WTR
8234.5,9.839,1.3585,2.1776,0.2173,5,WTR
8235.0,11.1508,1.4872,2.1667,0.218,5,WTR
8235.5,11.8068,1.4872,2.1827,0.2222,5,WTR
8236.0,11.1508,1.3139,2.1888,0.22,5,WTR
8236.5,10.1669,1.2744,2.1964,0.2133,5,WTR
8237.0,10.1669,1.2973,2.1874,0.2115,5,WTR
8237.5,10.4949,1.2845,2.1887,0.2192,5,WTR
8238.0,11.8068,1.2917,2.2069,0.2175,5,WTR
8238.5,13.1186,1.2955,2.2224,0.216,5,WTR
8239.0,16.3983,1.2955,2.2373,0.2158,5,WTR
8239.5,22.3017,1.509,2.2953,0.2263,5,WTR
8240.0,32.4686,1.7225,2.3218,0.2298,5,WTR
8240.5,39.028,1.9483,2.3703,0.2334,5,WTR
8241.0,34.1085,1.7061,2.3291,0.2277,5,WTR
8241.5,25.2534,1.5835,2.2927,0.2223,5,WTR
8242.0,19.022,1.392,2.2382,0.223,5,WTR
8242.5,14.4305,1.2985,2.2183,0.2235,5,WTR
8243.0,13.7746,1.2521,2.1926,0.2243,5,WTR
8243.5,13.1186,1.1668,2.1967,0.2144,5,WTR
8244.0,12.1347,1.1668,2.2251,0.2171,5,WTR
8244.5,16.0703,1.1596,2.2744,0.225,5,WTR
8245.0,25.5814,1.4596,2.325,0.2359,5,WTR
8245.5,33.1246,1.7391,2.3053,0.2409,5,WTR
8246.0,30.8288,1.5115,2.2463,0.2377,5,WTR
8246.5,24.2695,1.3535,2.1986,0.2399,5,WTR
8247.0,21.9737,1.3595,2.2208,0.2378,5,WTR
8247.5,24.5975,1.4152,2.24,0.237,5,WTR
8248.0,30.1729,1.6169,2.264,0.2413,5,WTR
8248.5,33.4525,1.608,2.3039,0.2506,5,WTR
8249.0,36.7322,1.9968,2.3878,0.2603,5,WTR
8249.5,51.1627,1.9968,2.4699,0.2598,5,WTR
8250.0,60.6737,2.309,2.5143,0.2619,0,Non-SST
8250.5,64.6093,2.3311,2.5161,0.2556,0,Non-SST
8251.0,65.2653,2.3807,2.4712,0.2459,0,Non-SST
8251.5,58.378,2.216,2.4348,0.2295,5,WTR
8252.0,45.5873,2.0095,2.4211,0.231,5,WTR
8252.5,39.6839,1.9505,2.4044,0.2286,5,WTR
8253.0,41.9797,1.9619,2.3908,0.2313,5,WTR
8253.5,39.3559,1.8668,2.3624,0.2264,5,WTR
8254.0,36.7322,1.8785,2.3435,0.2237,5,WTR
8254.5,33.4525,1.7564,2.3093,0.2239,5,WTR
8255.0,29.189,1.7564,2.2809,0.2262,5,WTR
8255.5,25.9093,1.7092,2.2406,0.2345,5,WTR
8256.0,24.5975,1.6733,2.2494,0.2356,5,WTR
8256.5,24.9254,1.653,2.2505,0.2415,5,WTR
8257.0,24.9254,1.6526,2.251,0.2347,5,WTR
8257.5,20.6619,1.6589,2.2315,0.238,5,WTR
8258.0,15.7424,1.3923,2.2194,0.2265,5,WTR
8258.5,15.7424,1.3884,2.2167,0.2318,5,WTR
8259.0,16.3983,1.3989,2.219,0.2246,5,WTR
8259.5,17.0542,1.4387,2.2255,0.2264,5,WTR
8260.0,19.35,1.4387,2.2256,0.2343,5,WTR
8260.5,23.6136,1.4738,2.2878,0.2408,5,WTR
8261.0,38.372,1.6068,2.39,0.2661,5,WTR
8261.5,60.0178,1.7703,2.4197,0.3023,0,Non-SST
8262.0,69.2008,1.9608,2.2486,0.3787,5,WTR
8262.5,64.9373,2.3642,2.0886,0.4577,0,Non-SST
8263.0,65.5932,3.2729,2.1111,0.5231,0,Non-SST
8263.5,74.7763,2.1581,2.1397,0.5257,0,Non-SST
8264.0,81.3356,1.9839,2.2033,0.5291,0,Non-SST
8264.5,77.4,3.0034,2.0629,0.5244,0,Non-SST
8265.0,73.4644,3.732,1.911,0.5612,0,Non-SST
8265.5,61.3297,3.732,1.7326,0.6008,0,Non-SST
8266.0,47.5551,5.0045,1.4867,0.6515,0,Non-SST
8266.5,30.1729,6.9096,1.3384,0.6734,0,Non-SST
8267.0,19.35,9.2942,1.3376,0.7066,0,Non-SST
8267.5,24.5975,8.3291,1.4778,0.6609,0,Non-SST
8268.0,42.9636,5.7895,1.6535,0.6098,0,Non-SST
8268.5,63.6254,3.9151,2.0309,0.539,0,Non-SST
8269.0,78.7119,2.6393,2.3461,0.456,0,Non-SST
8269.5,82.6475,2.0872,2.475,0.396,0,Non-SST
8270.0,86.5831,1.6084,2.5328,0.3587,0,Non-SST
8270.5,86.583,1.6084,2.5509,0.3602,0,Non-SST
8271.0,84.6152,1.3475,2.5508,0.3703,0,Non-SST
8271.5,82.6475,1.1442,2.5038,0.4026,0,Non-SST
8272.0,80.6797,1.329,2.4685,0.405,0,Non-SST
8272.5,78.3839,1.1955,2.4723,0.4035,0,Non-SST
8273.0,78.3839,0.8107,2.5082,0.3678,0,Non-SST
8273.5,79.3678,1.4115,2.5414,0.3313,0,Non-SST
8274.0,77.4,1.9232,2.5491,0.2864,0,Non-SST
8274.5,68.2169,2.4186,2.5333,0.2615,0,Non-SST
8275.0,59.0339,2.4454,2.5358,0.2496,0,Non-SST
8275.5,61.3297,2.0572,2.5315,0.2596,0,Non-SST
8276.0,68.5449,2.0572,2.5331,0.2761,0,Non-SST
8276.5,78.0559,1.8592,2.5338,0.3234,0,Non-SST
8277.0,83.9593,1.7891,2.5402,0.3366,0,Non-SST
8277.5,83.6314,1.707,2.5742,0.3569,0,Non-SST
8278.0,80.0237,1.7283,2.5777,0.34,0,Non-SST
8278.5,78.0559,1.6694,2.5881,0.3622,0,Non-SST
8279.0,78.7119,1.6917,2.5806,0.3664,0,Non-SST
8279.5,78.7119,1.6572,2.5712,0.3767,0,Non-SST
8280.0,77.4,1.7274,2.5592,0.3603,0,Non-SST
8280.5,76.0881,1.8892,2.5021,0.3304,0,Non-SST
8281.0,73.1364,1.8892,2.3864,0.2815,0,Non-SST
8281.5,57.9188,2.4083,2.3207,0.2339,5,WTR
8282.0,44.341,4.1146,2.3442,0.1931,5,WTR
8282.5,47.0959,3.5874,2.465,0.1814,5,WTR
8283.0,60.0178,2.8779,2.5307,0.1963,0,Non-SST
8283.5,68.2169,3.0722,2.595,0.2328,0,Non-SST
8284.0,68.8729,3.0609,2.5469,0.2421,0,Non-SST
8284.5,66.5771,3.1149,2.5235,0.2289,0,Non-SST
8285.0,61.3297,3.0732,2.4938,0.2172,0,Non-SST
8285.5,54.4424,3.1213,2.4846,0.209,0,Non-SST
8286.0,49.8508,2.9777,2.4601,0.2042,5,WTR
8286.5,48.539,2.9777,2.421,0.2082,5,WTR
8287.0,48.539,2.8253,2.4193,0.2183,5,WTR
8287.5,48.539,2.7541,2.4298,0.2218,5,WTR
8288.0,52.8025,2.8084,2.4845,0.2301,0,Non-SST
8288.5,59.6898,2.8414,2.5213,0.2481,0,Non-SST
8289.0,65.9212,2.6674,2.5594,0.2681,0,Non-SST
8289.5,67.889,2.604,2.5508,0.2811,0,Non-SST
8290.0,67.233,2.5794,2.5075,0.2826,0,Non-SST
8290.5,67.233,2.5192,2.4857,0.2931,0,Non-SST
8291.0,66.9051,2.704,2.4816,0.2861,0,Non-SST
8291.5,62.6415,2.9103,2.4744,0.2676,0,Non-SST
8292.0,52.4746,2.9553,2.4522,0.2484,0,Non-SST
8292.5,49.8508,3.0084,2.4277,0.2242,5,WTR
8293.0,47.2271,2.9492,2.3961,0.2195,5,WTR
8293.5,44.6034,2.9492,2.3928,0.21,5,WTR
8294.0,42.9636,2.9113,2.3929,0.2089,5,WTR
8294.5,42.9636,2.9152,2.3909,0.203,5,WTR
8295.0,43.9475,2.9103,2.3911,0.2022,5,WTR
8295.5,45.2593,2.9312,2.3923,0.2053,5,WTR
8296.0,45.5873,2.9747,2.4127,0.2012,5,WTR
8296.5,45.5873,3.0084,2.4227,0.2019,5,WTR
8297.0,46.5712,2.9222,2.4486,0.2031,5,WTR
8297.5,47.2271,2.8935,2.452,0.206,5,WTR
8298.0,48.539,2.8926,2.4723,0.2135,5,WTR
8298.5,49.8508,2.8605,2.4941,0.2261,0,Non-SST
8299.0,56.0822,2.8605,2.5057,0.2398,0,Non-SST
8299.5,60.6737,2.8,2.5182,0.2453,0,Non-SST
8300.0,63.2975,2.7468,2.5155,0.2535,0,Non-SST
8300.5,65.5932,2.7032,2.513,0.2675,0,Non-SST
8301.0,67.233,2.6804,2.4979,0.2744,0,Non-SST
8301.5,65.5932,2.7182,2.4659,0.2571,0,Non-SST
8302.0,60.3458,2.7307,2.4585,0.2465,0,Non-SST
8302.5,57.3941,2.8414,2.4532,0.2347,0,Non-SST
8303.0,61.6576,2.9073,2.4794,0.2464,0,Non-SST
8303.5,61.6576,2.8702,2.4882,0.2583,0,Non-SST
8304.0,61.6576,2.8673,2.5018,0.2753,0,Non-SST
8304.5,66.2491,2.8673,2.4914,0.2762,0,Non-SST
8305.0,65.9212,2.7759,2.4966,0.2735,0,Non-SST
8305.5,63.2975,2.7423,2.4852,0.2679,0,Non-SST
8306.0,63.2975,2.6486,2.4849,0.2674,0,Non-SST
8306.5,63.6254,2.6367,2.5007,0.2722,0,Non-SST
8307.0,62.3136,2.7023,2.5182,0.281,0,Non-SST
8307.5,63.2975,2.7005,2.5391,0.2775,0,Non-SST
8308.0,66.9051,2.6926,2.5267,0.2709,0,Non-SST
8308.5,70.8407,2.6274,2.5233,0.2694,0,Non-SST
8309.0,69.5288,2.6953,2.5175,0.2789,0,Non-SST
8309.5,68.2169,2.7378,2.5112,0.2779,0,Non-SST
8310.0,68.8729,2.7378,2.5118,0.2782,0,Non-SST
8310.5,68.2169,2.7568,2.506,0.28,0,Non-SST
8311.0,67.233,2.6848,2.5106,0.2891,0,Non-SST
8311.5,66.9051,2.6291,2.5064,0.2888,0,Non-SST
8312.0,68.8729,2.7005,2.5119,0.2837,0,Non-SST
8312.5,71.4966,2.5958,2.5028,0.2788,0,Non-SST
8313.0,70.5127,2.7898,2.501,0.2787,0,Non-SST
8313.5,68.2169,2.8586,2.5006,0.2722,0,Non-SST
8314.0,68.8729,2.8644,2.5137,0.2723,0,Non-SST
8314.5,69.5288,2.8945,2.5234,0.2702,0,Non-SST
8315.0,66.9051,2.8945,2.5208,0.2763,0,Non-SST
8315.5,64.6093,2.8886,2.5137,0.2744,0,Non-SST
8316.0,63.2975,2.8653,2.489,0.2688,0,Non-SST
8316.5,63.6254,2.8906,2.4772,0.2685,0,Non-SST
8317.0,64.9373,2.6857,2.4807,0.2729,0,Non-SST
8317.5,64.9373,2.581,2.4977,0.2793,0,Non-SST
8318.0,63.9534,2.4857,2.497,0.2746,0,Non-SST
8318.5,64.2814,2.543,2.4928,0.2754,0,Non-SST
8319.0,66.2491,2.4811,2.4847,0.3012,0,Non-SST
8319.5,68.2169,2.3507,2.3304,0.3455,0,Non-SST
8320.0,67.233,2.6199,1.902,0.4157,0,Non-SST
8320.5,50.5068,2.6199,1.6218,0.4938,0,Non-SST
8321.0,25.5814,8.3195,1.3694,0.5789,0,Non-SST
8321.5,9.511,14.8217,1.2649,0.6513,0,Non-SST
8322.0,4.2636,18.9099,1.2537,0.7312,0,Non-SST
8322.5,2.9517,20.7145,1.2539,0.7397,0,Non-SST
8323.0,2.9517,22.7887,1.2578,0.7493,0,Non-SST
8323.5,5.2475,20.095,1.2613,0.7401,0,Non-SST
8324.0,10.4949,15.4416,1.3573,0.7326,0,Non-SST
8324.5,20.3339,10.3275,1.5096,0.662,0,Non-SST
8325.0,30.1729,3.8773,1.8673,0.5773,0,Non-SST
8325.5,57.3941,3.8773,2.3405,0.4392,0,Non-SST
8326.0,70.1847,3.5467,2.5033,0.3249,0,Non-SST
8326.5,73.7924,2.9818,2.5393,0.2738,0,Non-SST
8327.0,74.1203,2.658,2.563,0.2677,0,Non-SST
8327.5,72.1525,2.5406,2.5642,0.2992,0,Non-SST
8328.0,71.1686,2.6107,2.5242,0.321,0,Non-SST
8328.5,73.4644,2.3069,2.434,0.3403,0,Non-SST
8329.0,76.4161,2.2805,2.3894,0.3684,0,Non-SST
8329.5,77.4,2.1258,2.3687,0.3932,0,Non-SST
8330.0,78.7119,2.0228,2.3947,0.3785,0,Non-SST
8330.5,80.0237,2.2737,2.4229,0.3646,0,Non-SST
8331.0,80.3517,2.2737,2.4777,0.3441,0,Non-SST
8331.5,81.0076,2.4552,2.4946,0.3407,0,Non-SST
8332.0,81.6636,2.2179,2.4672,0.335,0,Non-SST
8332.5,84.2873,2.0595,2.3896,0.3624,0,Non-SST
8333.0,86.2551,2.1019,2.2154,0.4038,0,Non-SST
8333.5,81.9915,2.1391,2.1697,0.4489,0,Non-SST
8334.0,78.7119,1.8053,2.2112,0.4815,0,Non-SST
8334.5,83.9593,1.7643,2.3363,0.4316,0,Non-SST
8335.0,85.2712,1.8005,2.4049,0.3929,0,Non-SST
8335.5,86.5831,1.8029,2.4121,0.3551,0,Non-SST
8336.0,82.3195,1.898,2.4646,0.3584,0,Non-SST
8336.5,80.6797,1.898,2.501,0.3497,0,Non-SST
8337.0,77.728,1.7574,2.559,0.3258,0,Non-SST
8337.5,75.1042,1.8547,2.6013,0.3196,0,Non-SST
8338.0,76.0881,1.91,2.6037,0.3094,0,Non-SST
8338.5,78.3839,1.9158,2.6036,0.3027,0,Non-SST
8339.0,80.3517,2.0498,2.5892,0.2915,0,Non-SST
8339.5,81.0076,2.0884,2.5858,0.299,0,Non-SST
8340.0,78.7119,2.0023,2.5823,0.2967,0,Non-SST
8340.5,79.3678,1.8805,2.5843,0.3137,0,Non-SST
8341.0,80.0237,1.774,2.531,0.3201,0,Non-SST
8341.5,84.2873,1.774,2.4487,0.3496,0,Non-SST
8342.0,87.239,1.8192,2.4211,0.3706,0,Non-SST
8342.5,86.2551,2.1108,2.4229,0.3908,0,Non-SST
8343.0,84.9432,1.5422,2.4494,0.3889,0,Non-SST
8343.5,84.9432,1.5011,2.4703,0.3612,0,Non-SST
8344.0,84.2873,1.6258,2.4968,0.3578,0,Non-SST
8344.5,83.9593,1.4342,2.5241,0.3434,0,Non-SST
8345.0,81.3356,1.4839,2.5649,0.3343,0,Non-SST
8345.5,76.0881,1.6036,2.5969,0.3155,0,Non-SST
8346.0,72.1525,2.2367,2.6188,0.3087,0,Non-SST
8346.5,68.2169,2.7298,2.6429,0.296,0,Non-SST
8347.0,65.5932,2.7298,2.5686,0.282,0,Non-SST
8347.5,71.8246,1.7962,2.4277,0.2922,0,Non-SST
8348.0,81.3356,1.8597,2.3151,0.3347,0,Non-SST
8348.5,85.9271,1.91,2.2889,0.3885,0,Non-SST
8349.0,84.6152,1.8867,2.3136,0.4187,0,Non-SST
8349.5,80.0237,2.0256,2.3699,0.413,0,Non-SST
8350.0,77.072,2.1216,2.4115,0.3805,0,Non-SST
8350.5,78.7119,2.1724,2.4525,0.3314,0,Non-SST
8351.0,83.9593,2.0629,2.4815,0.3007,0,Non-SST
8351.5,83.3034,1.7427,2.4881,0.3025,0,Non-SST
8352.0,82.6475,1.7717,2.4857,0.3146,0,Non-SST
8352.5,79.0398,1.7717,2.4891,0.3357,0,Non-SST
8353.0,77.728,1.9032,2.4879,0.3367,0,Non-SST
8353.5,80.6797,1.8934,2.4981,0.3415,0,Non-SST
8354.0,86.911,1.7523,2.496,0.3391,0,Non-SST
8354.5,90.1907,1.6724,2.5017,0.346,0,Non-SST
8355.0,85.5992,1.6534,2.4721,0.3425,0,Non-SST
8355.5,79.3678,1.8393,2.4505,0.3377,0,Non-SST
8356.0,77.4,1.7938,2.4389,0.3331,0,Non-SST
8356.5,78.7119,1.8188,2.4504,0.3329,0,Non-SST
8357.0,80.0237,1.811,2.4665,0.3326,0,Non-SST
8357.5,82.6475,1.811,2.4575,0.3473,0,Non-SST
8358.0,83.6314,1.7895,2.4604,0.3452,0,Non-SST
8358.5,84.9432,1.8305,2.454,0.3664,0,Non-SST
8359.0,85.5992,1.9392,2.4646,0.3618,0,Non-SST
8359.5,84.2873,1.9762,2.4704,0.3842,0,Non-SST
8360.0,82.6475,2.0356,2.4712,0.3785,0,Non-SST
8360.5,82.9754,2.0785,2.4714,0.3767,0,Non-SST
8361.0,83.9593,2.2167,2.468,0.3726,0,Non-SST
8361.5,81.3356,2.2512,2.45,0.3624,0,Non-SST
8362.0,80.6797,2.2518,2.434,0.3756,0,Non-SST
8362.5,80.0237,2.2019,2.4244,0.3664,0,Non-SST
8363.0,79.3678,2.2019,2.4304,0.3579,0,Non-SST
8363.5,77.728,2.2115,2.4262,0.3525,0,Non-SST
8364.0,80.3517,2.2354,2.4151,0.3734,0,Non-SST
8364.5,88.2229,2.0458,2.4051,0.4086,0,Non-SST
8365.0,91.1746,1.9516,2.3794,0.4168,0,Non-SST
8365.5,84.9432,2.1501,2.2417,0.4452,0,Non-SST
8366.0,69.2009,2.6632,1.9534,0.501,0,Non-SST
8366.5,44.6034,5.8169,1.5506,0.5517,0,Non-SST
8367.0,18.3661,12.4374,1.357,0.6178,0,Non-SST
8367.5,13.7746,17.7259,1.2673,0.6608,0,Non-SST
8368.0,9.1831,24.9488,1.2488,0.7017,0,Non-SST
8368.5,5.2475,24.9488,1.2509,0.7464,0,Non-SST
8369.0,3.6076,37.5747,1.2558,0.6943,0,Non-SST
8369.5,2.9517,49.0575,1.2579,0.7607,0,Non-SST
8370.0,2.9517,48.6257,1.2569,0.7152,0,Non-SST
8370.5,3.6076,42.808,1.2565,0.7958,0,Non-SST
8371.0,4.5915,28.2276,1.2578,0.7467,0,Non-SST
8371.5,8.8551,19.4702,1.2807,0.7138,0,Non-SST
8372.0,24.2695,12.4644,1.4212,0.6773,0,Non-SST
8372.5,53.7864,5.5617,1.5877,0.6108,0,Non-SST
8373.0,75.4322,2.1836,2.0187,0.5732,0,Non-SST
8373.5,97.078,2.1817,2.2782,0.5349,0,Non-SST
8374.0,112.1644,2.1817,2.3551,0.5036,0,Non-SST
8374.5,114.7881,1.8458,2.3924,0.4713,0,Non-SST
8375.0,107.1981,1.669,2.4206,0.4297,0,Non-SST
8375.5,98.6241,1.4189,2.4736,0.4291,0,Non-SST
8376.0,92.1116,1.6463,2.5041,0.4275,0,Non-SST
8376.5,86.5831,1.2555,2.5754,0.4216,0,Non-SST
8377.0,85.2712,1.505,2.6021,0.4012,0,Non-SST
8377.5,83.9593,1.269,2.5896,0.378,0,Non-SST
8378.0,88.8788,1.2285,2.5519,0.3809,0,Non-SST
8378.5,92.4864,1.1503,2.549,0.3818,0,Non-SST
8379.0,93.1424,1.0764,2.5582,0.4117,0,Non-SST
8379.5,91.1746,1.0764,2.567,0.4313,0,Non-SST
8380.0,89.6987,1.0672,2.5494,0.4484,0,Non-SST
8380.5,89.8627,1.1958,2.5262,0.4328,0,Non-SST
8381.0,89.3708,1.377,2.5262,0.4104,0,Non-SST
8381.5,86.5831,1.1821,2.5555,0.4003,0,Non-SST
8382.0,82.6475,1.1981,2.6192,0.4004,0,Non-SST
8382.5,78.7119,1.2963,2.6534,0.3985,0,Non-SST
8383.0,75.1042,1.2557,2.6262,0.3853,0,Non-SST
8383.5,79.3678,1.2816,2.616,0.3739,0,Non-SST
8384.0,84.2873,1.2993,2.5993,0.3664,0,Non-SST
8384.5,83.6314,1.4243,2.5991,0.3565,0,Non-SST
8385.0,80.0237,1.5561,2.5779,0.3498,0,Non-SST
8385.5,77.728,1.5251,2.5817,0.3546,0,Non-SST
8386.0,78.3839,1.5407,2.5771,0.3651,0,Non-SST
8386.5,79.6958,1.5855,2.5798,0.3652,0,Non-SST
8387.0,79.6958,1.6682,2.5789,0.3564,0,Non-SST
8387.5,78.7119,1.6341,2.5917,0.3502,0,Non-SST
8388.0,79.3678,1.6665,2.5813,0.3513,0,Non-SST
8388.5,80.0237,1.6665,2.5831,0.3496,0,Non-SST
8389.0,81.3356,1.8472,2.5699,0.3592,0,Non-SST
8389.5,80.3517,2.1507,2.5633,0.3652,0,Non-SST
8390.0,78.7119,2.7208,2.5509,0.3711,0,Non-SST
8390.5,77.728,3.1901,2.5472,0.3681,0,Non-SST
8391.0,77.072,4.4036,2.5357,0.383,0,Non-SST
8391.5,74.4483,6.0918,1.8902,0.4241,0,Non-SST
8392.0,63.9534,8.9761,1.7888,0.4659,0,Non-SST
8392.5,43.2915,9.1022,1.7182,0.4882,0,Non-SST
8393.0,40.6678,5.0633,1.657,0.5255,0,Non-SST
8393.5,38.0441,2.7888,1.8562,0.5448,0,Non-SST
8394.0,57.722,2.7888,2.1586,0.5049,0,Non-SST
8394.5,72.8085,1.9878,2.4589,0.4056,0,Non-SST
8395.0,81.0076,2.0955,2.5072,0.3546,0,Non-SST
8395.5,85.9271,2.0669,2.4959,0.3415,0,Non-SST
8396.0,93.1424,1.8339,2.4667,0.3584,0,Non-SST
8396.5,100.3576,1.827,2.4098,0.4004,0,Non-SST
8397.0,100.3576,2.4681,2.1005,0.4653,0,Non-SST
8397.5,88.8788,4.064,1.7309,0.5298,0,Non-SST
8398.0,68.2169,7.3416,1.5739,0.5914,0,Non-SST
8398.5,59.0339,8.9114,1.4143,0.6536,0,Non-SST
8399.0,49.8508,9.3519,1.3611,0.704,0,Non-SST
8399.5,40.9958,9.3519,1.4134,0.668,0,Non-SST
8400.0,44.6034,7.6592,1.5528,0.7061,0,Non-SST
8400.5,63.9534,4.1478,1.7395,0.6708,0,Non-SST
8401.0,82.6475,3.3272,1.9787,0.6428,0,Non-SST
8401.5,85.9271,2.4431,2.1185,0.5491,0,Non-SST
8402.0,82.3195,2.8731,2.171,0.5081,0,Non-SST
8402.5,83.9593,1.8043,2.3729,0.4512,0,Non-SST
8403.0,89.2068,1.524,2.5059,0.4047,0,Non-SST
8403.5,88.5508,1.4706,2.5624,0.3708,0,Non-SST
8404.0,87.8949,1.4192,2.5615,0.3543,0,Non-SST
8404.5,87.8949,1.4192,2.5643,0.3486,0,Non-SST
8405.0,89.8627,1.3693,2.537,0.3541,0,Non-SST
8405.5,90.5186,1.4291,2.5464,0.3524,0,Non-SST
8406.0,85.5992,1.6225,2.5419,0.3693,0,Non-SST
8406.5,78.0559,2.0509,2.5877,0.3584,0,Non-SST
8407.0,74.7763,1.963,2.5783,0.3293,0,Non-SST
8407.5,73.7924,2.1276,2.5965,0.2948,0,Non-SST
8408.0,70.8407,2.2858,2.5732,0.27,0,Non-SST
8408.5,66.9051,2.5991,2.5664,0.2651,0,Non-SST
8409.0,65.5932,2.6258,2.5363,0.2549,0,Non-SST
8409.5,64.2814,2.7396,2.5252,0.2473,0,Non-SST
8410.0,65.5932,2.7396,2.5425,0.2481,0,Non-SST
8410.5,66.5771,2.7741,2.5706,0.2529,0,Non-SST
8411.0,67.889,2.6649,2.5665,0.2607,0,Non-SST
8411.5,66.2491,2.5028,2.5701,0.265,0,Non-SST
8412.0,65.2653,2.5358,2.5475,0.264,0,Non-SST
8412.5,68.8729,2.3332,2.5417,0.2789,0,Non-SST
8413.0,77.072,2.0385,2.5226,0.2882,0,Non-SST
8413.5,91.8305,1.8949,2.53,0.3222,0,Non-SST
8414.0,93.1424,1.6835,2.5103,0.3465,0,Non-SST
8414.5,94.4542,1.8502,2.5032,0.37,0,Non-SST
8415.0,87.8949,1.8846,2.5013,0.3804,0,Non-SST
8415.5,85.5992,1.8846,2.5133,0.3682,0,Non-SST
8416.0,82.9754,1.4667,2.538,0.3511,0,Non-SST
8416.5,78.3839,1.9142,2.5792,0.3195,0,Non-SST
8417.0,73.1364,2.1162,2.618,0.3151,0,Non-SST
8417.5,70.1847,2.4068,2.6085,0.309,0,Non-SST
8418.0,73.7924,2.2771,2.5529,0.3198,0,Non-SST
8418.5,77.728,1.8572,2.519,0.3183,0,Non-SST
8419.0,76.0881,1.9559,2.5198,0.3308,0,Non-SST
8419.5,80.0237,1.5973,2.5338,0.358,0,Non-SST
8420.0,83.9593,1.4967,2.5332,0.3639,0,Non-SST
8420.5,84.6152,1.4967,2.514,0.3673,0,Non-SST
8421.0,82.6475,1.6463,2.4987,0.3516,0,Non-SST
8421.5,81.0076,1.9707,2.5131,0.3388,0,Non-SST
8422.0,79.6958,2.0111,2.5297,0.3132,0,Non-SST
8422.5,77.072,1.9867,2.5631,0.3011,0,Non-SST
8423.0,73.7924,2.0145,2.5887,0.2925,0,Non-SST
8423.5,71.4966,2.118,2.6062,0.2868,0,Non-SST
8424.0,72.8085,2.1526,2.5961,0.2812,0,Non-SST
8424.5,78.7119,1.7418,2.5626,0.2847,0,Non-SST
8425.0,81.3356,1.513,2.5498,0.3008,0,Non-SST
8425.5,83.9593,1.4803,2.5608,0.3129,0,Non-SST
8426.0,85.2712,1.4803,2.5473,0.3186,0,Non-SST
8426.5,87.8949,1.4432,2.5314,0.3277,0,Non-SST
8427.0,88.5508,1.4639,2.5089,0.3232,0,Non-SST
8427.5,86.5831,1.544,2.5144,0.3393,0,Non-SST
8428.0,84.2873,1.6874,2.5239,0.336,0,Non-SST
8428.5,81.9915,1.8949,2.5288,0.3422,0,Non-SST
8429.0,80.0237,1.9795,2.5359,0.3382,0,Non-SST
8429.5,80.0237,1.9641,2.5371,0.3503,0,Non-SST
8430.0,80.6797,1.9906,2.5379,0.3432,0,Non-SST
8430.5,81.3356,1.9729,2.5511,0.329,0,Non-SST
8431.0,79.3678,1.9311,2.5653,0.3154,0,Non-SST
8431.5,77.072,1.9311,2.5911,0.3204,0,Non-SST
8432.0,76.4161,1.8413,2.6051,0.3315,0,Non-SST
8432.5,78.3839,2.0492,2.5964,0.3233,0,Non-SST
8433.0,82.9754,1.7203,2.5767,0.3129,0,Non-SST
8433.5,86.911,1.5373,2.5707,0.3091,0,Non-SST
8434.0,87.239,1.5835,2.5539,0.3286,0,Non-SST
8434.5,85.5992,1.5981,2.5521,0.3465,0,Non-SST
8435.0,82.6475,1.684,2.5425,0.3557,0,Non-SST
8435.5,83.9593,1.8572,2.5481,0.3485,0,Non-SST
8436.0,85.2712,1.9027,2.5504,0.3376,0,Non-SST
8436.5,82.9754,1.9027,2.5672,0.3237,0,Non-SST
8437.0,82.3195,1.7409,2.569,0.315,0,Non-SST
8437.5,83.6314,1.8785,2.5276,0.3175,0,Non-SST
8438.0,82.9754,2.1103,2.485,0.3352,0,Non-SST
8438.5,79.0398,2.4342,2.4798,0.3439,0,Non-SST
8439.0,76.0881,2.4304,2.5129,0.3363,0,Non-SST
8439.5,73.4644,2.7244,2.5572,0.3046,0,Non-SST
8440.0,69.8568,2.8481,2.5574,0.2861,0,Non-SST
8440.5,68.2169,2.986,2.5502,0.2779,0,Non-SST
8441.0,67.561,3.1781,2.5442,0.2634,0,Non-SST
8441.5,66.9051,3.3202,2.5375,0.2439,0,Non-SST
8442.0,61.3297,3.3202,2.5366,0.2246,0,Non-SST
8442.5,58.05,3.3999,2.5401,0.2147,0,Non-SST
8443.0,55.4263,3.4891,2.5416,0.2159,0,Non-SST
8443.5,51.8186,3.59,2.54,0.2132,0,Non-SST
8444.0,47.2271,3.454,2.5046,0.214,0,Non-SST
8444.5,44.6034,3.1597,2.48,0.2101,5,WTR
8445.0,49.8508,3.2547,2.4804,0.2137,0,Non-SST
8445.5,61.6576,3.2672,2.4875,0.2281,0,Non-SST
8446.0,65.5932,3.2569,2.5086,0.2477,0,Non-SST
8446.5,69.5288,3.3225,2.5163,0.2629,0,Non-SST
8447.0,69.2008,3.3225,2.5091,0.2736,0,Non-SST
8447.5,65.2653,3.5235,2.4766,0.2804,0,Non-SST
8448.0,64.2814,3.5364,2.4449,0.3009,0,Non-SST
8448.5,66.9051,3.5018,2.446,0.3077,0,Non-SST
8449.0,68.2169,3.1298,2.468,0.309,0,Non-SST
8449.5,69.2008,2.876,2.5179,0.2969,0,Non-SST
8450.0,71.8246,2.814,2.5406,0.2895,0,Non-SST
8450.5,73.7924,2.8319,2.5497,0.2883,0,Non-SST
8451.0,73.4644,2.6563,2.5582,0.3008,0,Non-SST
8451.5,70.8407,2.5542,2.5641,0.3029,0,Non-SST
8452.0,68.2169,2.595,2.575,0.304,0,Non-SST
8452.5,72.1525,2.595,2.5843,0.2924,0,Non-SST
8453.0,73.1364,2.4171,2.5866,0.2946,0,Non-SST
8453.5,72.8085,2.3479,2.5725,0.2922,0,Non-SST
8454.0,73.7924,2.1538,2.5663,0.2994,0,Non-SST
8454.5,75.4322,2.0878,2.5651,0.3091,0,Non-SST
8455.0,77.4,1.9126,2.581,0.3231,0,Non-SST
8455.5,80.0237,1.9111,2.5868,0.3353,0,Non-SST
8456.0,81.3356,1.8841,2.592,0.3234,0,Non-SST
8456.5,80.6797,1.9264,2.5942,0.3249,0,Non-SST
8457.0,80.0237,1.9906,2.5884,0.324,0,Non-SST
8457.5,77.4,2.1361,2.5626,0.3298,0,Non-SST
8458.0,75.1042,2.1361,2.5511,0.3217,0,Non-SST
8458.5,74.4483,2.2644,2.5629,0.3123,0,Non-SST
8459.0,76.0881,2.3692,2.5734,0.3107,0,Non-SST
8459.5,78.0559,2.2994,2.583,0.3036,0,Non-SST
8460.0,78.7119,2.1168,2.5684,0.3088,0,Non-SST
8460.5,81.3356,1.7976,2.5565,0.3111,0,Non-SST
8461.0,87.5669,1.5137,2.5435,0.3393,0,Non-SST
8461.5,93.1424,1.5573,2.5457,0.3678,0,Non-SST
8462.0,97.078,1.6323,2.5278,0.395,0,Non-SST
8462.5,101.0136,1.7274,2.3429,0.439,0,Non-SST
8463.0,92.8144,1.7274,2.114,0.4502,0,Non-SST
8463.5,79.6958,2.8093,1.7561,0.5165,0,Non-SST
8464.0,61.3297,6.4209,1.5445,0.5583,0,Non-SST
8464.5,41.9797,12.5185,1.3935,0.6397,0,Non-SST
8465.0,27.5492,17.0989,1.311,0.6868,0,Non-SST
8465.5,20.0059,23.7375,1.279,0.6976,0,Non-SST
8466.0,15.7424,28.5028,1.2678,0.7273,0,Non-SST
8466.5,11.8068,30.9604,1.2677,0.7245,0,Non-SST
8467.0,14.4305,20.2088,1.299,0.7041,0,Non-SST
8467.5,17.0542,14.1265,1.369,0.683,0,Non-SST
8468.0,36.6775,9.2313,1.5625,0.6191,0,Non-SST
8468.5,59.5805,9.2313,1.8398,0.5604,0,Non-SST
8469.0,72.4258,5.6368,2.0837,0.4624,0,Non-SST
8469.5,73.4644,2.4319,2.4193,0.3621,0,Non-SST
8470.0,68.5449,2.6367,2.5301,0.3043,0,Non-SST
8470.5,64.6093,2.6572,2.5508,0.2594,0,Non-SST
8471.0,66.9051,2.5161,2.5634,0.2464,0,Non-SST
8471.5,69.5288,2.3585,2.5735,0.2384,0,Non-SST
8472.0,72.1525,2.4811,2.5523,0.2397,0,Non-SST
8472.5,70.1847,2.3325,2.5487,0.2388,0,Non-SST
8473.0,68.5449,1.6948,2.5245,0.2452,0,Non-SST
8473.5,74.4483,1.6948,2.532,0.2885,0,Non-SST
8474.0,82.6475,1.5757,2.5411,0.314,0,Non-SST
8474.5,84.6152,1.74,2.556,0.3382,0,Non-SST
8475.0,85.5992,1.6181,2.5529,0.3178,0,Non-SST
8475.5,90.5186,1.5414,2.5491,0.3167,0,Non-SST
8476.0,87.8949,2.5112,2.5579,0.291,0,Non-SST
8476.5,85.2712,2.6281,2.5805,0.2892,0,Non-SST
8477.0,70.5127,2.7023,2.5584,0.2719,0,Non-SST
8477.5,61.9856,2.8065,2.5453,0.2632,0,Non-SST
8478.0,61.6576,2.8065,2.5096,0.2469,0,Non-SST
8478.5,59.6898,2.7953,2.4918,0.2386,0,Non-SST
8479.0,50.5068,2.875,2.4512,0.2317,5,WTR
8479.5,42.9636,3.0898,2.4257,0.2146,5,WTR
8480.0,43.2915,3.1608,2.4532,0.2031,5,WTR
8480.5,44.2754,3.2763,2.4561,0.2032,5,WTR
8481.0,39.3559,3.2798,2.4609,0.2082,5,WTR
8481.5,40.6678,3.2923,2.4746,0.2105,5,WTR
8482.0,41.9797,3.377,2.4782,0.2025,5,WTR
8482.5,45.9153,3.377,2.5096,0.2046,0,Non-SST
8483.0,46.5712,3.5094,2.4756,0.2031,5,WTR
8483.5,42.9636,3.8343,2.468,0.2065,5,WTR
8484.0,39.028,4.0933,2.4669,0.2087,5,WTR
8484.5,43.6195,3.9105,2.4964,0.22,0,Non-SST
8485.0,55.4263,3.3132,2.5333,0.2298,0,Non-SST
8485.5,61.9856,3.0732,2.5589,0.2392,0,Non-SST
8486.0,59.0339,3.312,2.5702,0.2535,0,Non-SST
8486.5,64.2814,2.6367,2.5828,0.2644,0,Non-SST
8487.0,69.5288,2.3402,2.5809,0.2744,0,Non-SST
8487.5,77.728,2.3388,2.5717,0.2834,0,Non-SST
8488.0,74.4483,2.3388,2.5389,0.2749,0,Non-SST
8488.5,62.6415,2.8196,2.5185,0.2386,0,Non-SST
8489.0,55.0983,3.0619,2.5158,0.2107,0,Non-SST
8489.5,53.4585,3.2603,2.5374,0.1976,0,Non-SST
8490.0,53.7864,3.4803,2.5412,0.2049,0,Non-SST
8490.5,55.7542,3.6709,2.5459,0.2048,0,Non-SST
8491.0,57.722,3.4317,2.5236,0.203,0,Non-SST
8491.5,59.0339,3.2277,2.4971,0.202,0,Non-SST
8492.0,54.4424,2.9891,2.4514,0.2052,5,WTR
8492.5,49.8508,2.9963,2.4493,0.2134,5,WTR
8493.0,51.8186,2.9963,2.4652,0.215,5,WTR
8493.5,56.0822,3.0722,2.5096,0.2203,0,Non-SST
8494.0,60.6737,3.2221,2.5288,0.2327,0,Non-SST
8494.5,59.3619,3.4133,2.5036,0.248,0,Non-SST
8495.0,51.1627,3.2066,2.4581,0.2505,0,Non-SST
8495.5,40.9958,3.0517,2.4024,0.2315,5,WTR
8496.0,32.7966,2.8984,2.3336,0.2091,5,WTR
8496.5,27.5492,2.8046,2.3106,0.208,5,WTR
8497.0,30.1729,2.8243,2.3252,0.2044,5,WTR
8497.5,32.7966,2.8935,2.3237,0.2129,5,WTR
8498.0,30.1729,2.8935,2.2893,0.206,5,WTR
8498.5,25.5814,2.7532,2.2498,0.2108,5,WTR
8499.0,22.9576,2.6996,2.2775,0.2114,5,WTR
8499.5,25.9093,2.6752,2.2944,0.2124,5,WTR
8500.0,29.8449,2.6979,2.3432,0.2167,5,WTR
8500.5,28.5331,2.6926,2.31,0.2074,5,WTR
8501.0,24.5975,2.5655,2.3002,0.2065,5,WTR
8501.5,25.5814,2.7316,2.31,0.2055,5,WTR
8502.0,34.1085,2.7879,2.3492,0.2183,5,WTR
8502.5,40.0119,2.7963,2.4385,0.227,5,WTR
8503.0,45.9153,2.8442,2.4928,0.2258,5,WTR
8503.5,53.7864,2.8442,2.5256,0.2272,0,Non-SST
8504.0,60.0178,3.0589,2.5452,0.2238,0,Non-SST
8504.5,61.6576,3.0836,2.5536,0.23,0,Non-SST
8505.0,61.3297,3.0294,2.546,0.232,0,Non-SST
8505.5,64.6093,3.1139,2.5524,0.2436,0,Non-SST
8506.0,67.889,3.0204,2.5575,0.2515,0,Non-SST
8506.5,66.5771,3.0254,2.5633,0.2534,0,Non-SST
8507.0,64.2814,2.9402,2.5666,0.2496,0,Non-SST
8507.5,68.2169,2.8309,2.5675,0.2553,0,Non-SST
8508.0,72.1525,2.8366,2.5634,0.2709,0,Non-SST
8508.5,69.2008,2.8366,2.5607,0.2883,0,Non-SST
8509.0,69.8568,2.6503,2.5687,0.2942,0,Non-SST
8509.5,71.8246,2.5736,2.5739,0.2948,0,Non-SST
8510.0,73.7924,2.4857,2.5922,0.2939,0,Non-SST
8510.5,74.4483,2.4727,2.5852,0.2979,0,Non-SST
8511.0,73.7924,2.5067,2.5926,0.294,0,Non-SST
8511.5,74.1203,2.4394,2.5873,0.289,0,Non-SST
8512.0,75.1042,2.4208,2.5908,0.2837,0,Non-SST
8512.5,75.1042,2.3325,2.593,0.2965,0,Non-SST
8513.0,74.4483,2.2485,2.5835,0.3022,0,Non-SST
8513.5,72.8085,2.2,2.5886,0.3054,0,Non-SST
8514.0,72.4805,2.2,2.5965,0.2999,0,Non-SST
8514.5,75.9241,2.2032,2.6041,0.3187,0,Non-SST
8515.0,78.7119,2.178,2.5979,0.3209,0,Non-SST
8515.5,78.5479,2.188,2.5757,0.3292,0,Non-SST
8516.0,78.7119,2.1428,2.5778,0.3247,0,Non-SST
8516.5,79.3678,2.115,2.5855,0.3354,0,Non-SST
8517.0,79.0398,2.0966,2.5907,0.333,0,Non-SST
8517.5,78.3839,2.0278,2.5994,0.3327,0,Non-SST
8518.0,77.072,1.9343,2.6036,0.3246,0,Non-SST
8518.5,76.4161,1.8785,2.6218,0.3375,0,Non-SST
8519.0,77.4,1.8934,2.6032,0.332,0,Non-SST
8519.5,78.7119,1.8476,2.5976,0.35,0,Non-SST
8520.0,80.0237,1.8096,2.5918,0.3305,0,Non-SST
8520.5,79.3678,1.7601,2.5863,0.334,0,Non-SST
8521.0,79.3678,1.7301,2.598,0.3347,0,Non-SST
8521.5,80.3517,1.6543,2.5894,0.3562,0,Non-SST
8522.0,83.3034,1.6088,2.5926,0.3539,0,Non-SST
8522.5,84.6152,1.5495,2.5802,0.3675,0,Non-SST
8523.0,83.3034,1.58,2.5971,0.3754,0,Non-SST
8523.5,83.9593,1.5615,2.6097,0.3986,0,Non-SST
8524.0,86.5831,1.5765,2.5985,0.3808,0,Non-SST
8524.5,85.9271,1.5043,2.5847,0.3731,0,Non-SST
8525.0,85.2712,1.4589,2.5804,0.3738,0,Non-SST
8525.5,83.3034,1.4589,2.5911,0.3886,0,Non-SST
8526.0,84.6152,1.4875,2.5824,0.4094,0,Non-SST
8526.5,87.5669,1.4589,2.5727,0.4258,0,Non-SST
8527.0,90.5186,1.5937,2.5026,0.4496,0,Non-SST
8527.5,89.8627,1.9499,2.3903,0.4654,0,Non-SST
8528.0,84.2873,2.5933,2.1757,0.4986,0,Non-SST
8528.5,73.7924,4.9889,1.9645,0.5299,0,Non-SST
8529.0,55.4263,5.2465,1.6401,0.5782,0,Non-SST
8529.5,31.4847,10.4399,1.4353,0.6474,0,Non-SST
8530.0,27.5492,10.5884,1.3804,0.7098,0,Non-SST
8530.5,23.6136,9.1356,1.4941,0.7115,0,Non-SST
8531.0,38.7,9.1356,1.7483,0.6397,0,Non-SST
8531.5,58.378,5.554,2.043,0.5236,0,Non-SST
8532.0,74.7763,3.3842,2.4312,0.4267,0,Non-SST
8532.5,85.2712,2.9614,2.5095,0.3822,0,Non-SST
8533.0,94.1263,2.8567,2.4051,0.3861,0,Non-SST
8533.5,99.3737,2.3008,2.243,0.4677,0,Non-SST
8534.0,98.7178,2.6839,2.1741,0.5398,0,Non-SST
8534.5,94.4542,3.7476,1.9906,0.6027,0,Non-SST
8535.0,84.6152,3.3027,1.7872,0.6021,0,Non-SST
8535.5,74.7763,5.2049,1.7173,0.5902,0,Non-SST
8536.0,61.9856,4.6016,1.7503,0.6042,0,Non-SST
8536.5,62.9695,4.6016,1.9464,0.5827,0,Non-SST
8537.0,71.4966,2.3179,2.1697,0.5342,0,Non-SST
8537.5,76.7441,2.6224,2.2996,0.4777,0,Non-SST
8538.0,78.3839,2.3138,2.3254,0.4422,0,Non-SST
8538.5,79.3678,2.1526,2.4618,0.41,0,Non-SST
8539.0,80.3517,2.0772,2.5352,0.3731,0,Non-SST
8539.5,82.6475,2.0018,2.5543,0.3535,0,Non-SST
8540.0,90.5186,1.9032,2.5213,0.3502,0,Non-SST
8540.5,93.7983,2.1931,2.4149,0.371,0,Non-SST
8541.0,97.078,2.3409,2.2849,0.3661,0,Non-SST
8541.5,96.0941,2.3409,2.2428,0.3983,0,Non-SST
8542.0,92.1585,3.5184,2.3006,0.4044,0,Non-SST
8542.5,91.1746,2.5004,2.4361,0.4153,0,Non-SST
8543.0,95.1102,2.4431,2.4582,0.4013,0,Non-SST
8543.5,101.0136,1.897,2.3363,0.4349,0,Non-SST
8544.0,107.5729,3.0578,1.948,0.4855,0,Non-SST
8544.5,103.3093,4.9577,1.6645,0.5374,0,Non-SST
8545.0,81.3356,7.6301,1.4928,0.5712,0,Non-SST
8545.5,55.0983,7.4278,1.531,0.6261,0,Non-SST
8546.0,55.0983,5.0088,1.6604,0.5622,0,Non-SST
8546.5,55.0983,3.3097,2.0333,0.4736,0,Non-SST
8547.0,62.3136,3.3097,2.4223,0.3507,0,Non-SST
8547.5,67.561,2.8548,2.5716,0.2854,0,Non-SST
8548.0,70.1847,2.559,2.5955,0.2481,0,Non-SST
8548.5,69.2008,2.5558,2.5748,0.2373,0,Non-SST
8549.0,65.9212,2.7677,2.5576,0.2313,0,Non-SST
8549.5,64.2814,3.2044,2.5711,0.2207,0,Non-SST
8550.0,62.3136,3.1694,2.5912,0.2161,0,Non-SST
8550.5,56.4102,3.3626,2.6201,0.219,0,Non-SST
8551.0,57.722,3.1266,2.6279,0.2253,0,Non-SST
8551.5,59.0339,3.2088,2.623,0.2335,0,Non-SST
8552.0,63.9534,3.2155,2.595,0.2391,0,Non-SST
8552.5,68.2169,3.2155,2.5771,0.2432,0,Non-SST
8553.0,71.4966,3.2445,2.5783,0.2457,0,Non-SST
8553.5,71.4966,3.2022,2.5976,0.2436,0,Non-SST
8554.0,66.2491,3.2923,2.5726,0.2354,0,Non-SST
8554.5,55.7542,3.2706,2.4948,0.2156,0,Non-SST
8555.0,43.9475,2.7925,2.4317,0.2031,5,WTR
8555.5,40.3398,2.4186,2.4326,0.2024,5,WTR
8556.0,47.2271,2.7741,2.4649,0.2035,5,WTR
8556.5,49.8508,2.8838,2.4907,0.2088,5,WTR
8557.0,52.4746,3.189,2.512,0.2072,0,Non-SST
8557.5,52.4746,3.189,2.5277,0.2112,0,Non-SST
8558.0,56.0822,3.2311,2.5341,0.2139,0,Non-SST
8558.5,61.6576,3.2266,2.567,0.2243,0,Non-SST
8559.0,65.2653,3.1543,2.5619,0.2385,0,Non-SST
8559.5,68.8729,3.1956,2.5809,0.2475,0,Non-SST
8560.0,72.8085,3.2188,2.5859,0.25,0,Non-SST
8560.5,72.4805,3.2255,2.5906,0.2452,0,Non-SST
8561.0,69.5288,3.2638,2.5868,0.2414,0,Non-SST
8561.5,61.3297,3.3794,2.5787,0.2388,0,Non-SST
8562.0,53.1305,3.2524,2.5476,0.2309,0,Non-SST
8562.5,48.539,3.0691,2.5162,0.2279,0,Non-SST
8563.0,49.1949,3.0691,2.4966,0.2149,0,Non-SST
8563.5,49.8508,3.3926,2.5163,0.2031,0,Non-SST
8564.0,53.7864,3.7026,2.5355,0.1933,0,Non-SST
8564.5,56.4102,3.7419,2.549,0.1856,0,Non-SST
8565.0,55.4263,3.3567,2.5118,0.1877,0,Non-SST
8565.5,48.539,2.7641,2.4743,0.1911,5,WTR
8566.0,35.4203,1.7834,2.3621,0.2063,5,WTR
8566.5,22.3017,1.362,2.2987,0.2169,5,WTR
8567.0,14.7585,1.1906,2.2346,0.2264,5,WTR
8567.5,10.4949,1.1537,2.2115,0.2223,5,WTR
8568.0,9.839,1.1537,2.1991,0.2143,5,WTR
8568.5,9.1831,1.1394,2.1983,0.2069,5,WTR
8569.0,10.4949,1.1493,2.1977,0.2069,5,WTR
8569.5,12.1347,1.1757,2.2046,0.215,5,WTR
8570.0,13.7746,1.1888,2.2178,0.2209,5,WTR
8570.5,14.1025,1.2269,2.2193,0.2241,5,WTR
8571.0,13.7746,1.2321,2.224,0.2312,5,WTR
8571.5,13.1186,1.1903,2.2211,0.2359,5,WTR
8572.0,11.4788,1.1794,2.2292,0.2324,5,WTR
8572.5,10.8229,1.1728,2.2223,0.2132,5,WTR
8573.0,11.8068,1.1768,2.2152,0.2033,5,WTR
8573.5,11.1508,1.1799,2.2235,0.2016,5,WTR
8574.0,10.4949,1.171,2.2292,0.2165,5,WTR
8574.5,9.839,1.171,2.229,0.2189,5,WTR
8575.0,8.5271,1.1286,2.2344,0.2245,5,WTR
8575.5,8.5271,1.1329,2.2816,0.2256,5,WTR
8576.0,10.1669,1.2125,2.2972,0.2268,5,WTR
8576.5,11.4788,1.3205,2.2699,0.2247,5,WTR
8577.0,11.4788,1.2935,2.2292,0.2218,5,WTR
8577.5,11.1508,1.2054,2.2133,0.2291,5,WTR
8578.0,11.8068,1.1794,2.206,0.2233,5,WTR
8578.5,13.1186,1.189,2.2095,0.2171,5,WTR
8579.0,13.1186,1.1893,2.2134,0.2107,5,WTR
8579.5,13.1186,1.1776,2.2135,0.2157,5,WTR
8580.0,12.1347,1.1776,2.2068,0.2234,5,WTR
8580.5,11.8068,1.1698,2.196,0.2292,5,WTR
8581.0,12.1347,1.1821,2.1891,0.2298,5,WTR
8581.5,12.4627,1.1955,2.1898,0.2253,5,WTR
8582.0,12.1347,1.207,2.2002,0.222,5,WTR
8582.5,11.1508,1.1968,2.2074,0.2214,5,WTR
8583.0,9.511,1.1459,2.2001,0.2241,5,WTR
8583.5,8.1992,1.1062,2.1874,0.2253,5,WTR
8584.0,7.8712,1.1324,2.1818,0.2248,5,WTR
8584.5,8.5271,1.1353,2.1894,0.2227,5,WTR
8585.0,9.1831,1.1401,2.2067,0.2159,5,WTR
8585.5,11.4788,1.1401,2.2442,0.217,5,WTR
8586.0,18.3661,1.2477,2.3163,0.2233,5,WTR
8586.5,29.189,1.6052,2.3781,0.2361,5,WTR
8587.0,32.4686,1.7995,2.3695,0.2422,5,WTR
8587.5,23.6136,1.3607,2.2904,0.2394,5,WTR
8588.0,13.7746,1.207,2.2251,0.2352,5,WTR
8588.5,10.1669,1.2345,2.2052,0.2283,5,WTR
8589.0,10.4949,1.2999,2.2025,0.2352,5,WTR
8589.5,13.4466,1.2168,2.2233,0.2323,5,WTR
8590.0,16.3983,1.2138,2.2594,0.2341,5,WTR
8590.5,24.4335,1.2138,2.2799,0.2226,5,WTR
8591.0,23.9415,1.5218,2.2681,0.225,5,WTR
8591.5,20.0059,1.2367,2.2609,0.2276,5,WTR
8592.0,21.9737,1.2583,2.2877,0.2311,5,WTR
8592.5,26.8932,1.6451,2.3282,0.2272,5,WTR
8593.0,32.7966,1.8383,2.403,0.2242,5,WTR
8593.5,42.9636,2.3778,2.46,0.2184,5,WTR
8594.0,51.1627,2.5098,2.4908,0.2247,0,Non-SST
8594.5,49.8508,2.2167,2.435,0.2275,5,WTR
8595.0,41.9797,1.9641,2.3724,0.2396,5,WTR
8595.5,31.4847,1.5362,2.2816,0.2392,5,WTR
8596.0,20.6619,1.5362,2.244,0.2423,5,WTR
8596.5,14.4305,1.3053,2.222,0.2347,5,WTR
8597.0,12.7907,1.329,2.2108,0.2329,5,WTR
8597.5,11.8068,1.2492,2.2018,0.2266,5,WTR
8598.0,11.1508,1.2149,2.2118,0.2257,5,WTR
8598.5,10.4949,1.2761,2.2178,0.2187,5,WTR
8599.0,9.511,1.2949,2.2164,0.216,5,WTR
8599.5,9.511,1.248,2.2071,0.219,5,WTR
8600.0,10.4949,1.2801,2.2095,0.2276,5,WTR
8600.5,11.1508,1.2678,2.2296,0.2304,5,WTR
8601.0,10.8229,1.2781,2.2332,0.2312,5,WTR
8601.5,10.8229,1.3339,2.2244,0.226,5,WTR
8602.0,11.1508,1.39,2.2023,0.2315,5,WTR
8602.5,10.4949,1.4075,2.2052,0.2312,5,WTR
8603.0,10.4949,1.3488,2.1992,0.2323,5,WTR
8603.5,10.4949,1.2735,2.2076,0.2248,5,WTR
8604.0,10.1669,1.2985,2.2156,0.2188,5,WTR
8604.5,10.1669,1.2985,2.2444,0.2263,5,WTR
8605.0,10.8229,1.2738,2.2442,0.2238,5,WTR
8605.5,11.1508,1.3345,2.2395,0.2219,5,WTR
8606.0,11.1508,1.4301,2.2192,0.214,5,WTR
8606.5,10.8229,1.3032,2.2163,0.2158,5,WTR
8607.0,10.1669,1.2099,2.2148,0.2253,5,WTR
8607.5,9.839,1.2272,2.1995,0.2227,5,WTR
8608.0,10.4949,1.3636,2.1972,0.2312,5,WTR
8608.5,11.1508,1.4703,2.1942,0.2372,5,WTR
8609.0,11.8068,1.1811,2.2011,0.2432,5,WTR
8609.5,10.8229,1.1811,2.2061,0.2353,5,WTR
8610.0,10.4949,1.2101,2.2044,0.2278,5,WTR
8610.5,10.1669,1.2099,2.206,0.2243,5,WTR
8611.0,9.511,1.2318,2.2006,0.2281,5,WTR
8611.5,9.1831,1.2272,2.2069,0.2216,5,WTR
8612.0,8.8551,1.1906,2.2023,0.2191,5,WTR
8612.5,7.8712,1.1286,2.1926,0.2217,5,WTR
8613.0,6.5593,1.1355,2.191,0.2283,5,WTR
8613.5,7.2153,1.1885,2.1869,0.2298,5,WTR
8614.0,7.8712,1.203,2.1809,0.2281,5,WTR
8614.5,8.5271,1.2085,2.1681,0.2268,5,WTR
8615.0,9.511,1.2085,2.1648,0.2405,5,WTR
8615.5,9.1831,1.2181,2.1627,0.2432,5,WTR
8616.0,8.1992,1.2004,2.1617,0.2409,5,WTR
8616.5,7.8712,1.2946,2.1683,0.2357,5,WTR
8617.0,7.8712,1.186,2.1843,0.2289,5,WTR
8617.5,8.5271,1.167,2.1792,0.2312,5,WTR
8618.0,12.7907,1.1673,2.1988,0.2314,5,WTR
8618.5,22.3017,1.203,2.211,0.2478,5,WTR
8619.0,32.7966,1.4065,2.2832,0.2705,5,WTR
8619.5,43.2915,1.7905,2.3416,0.2962,5,WTR
8620.0,52.8025,1.7905,2.3753,0.312,0,Non-SST
8620.5,55.0983,2.0733,2.3783,0.3075,0,Non-SST
8621.0,46.8992,2.0919,2.362,0.2887,5,WTR
8621.5,31.8127,1.6426,2.2964,0.2718,5,WTR
8622.0,21.3178,1.1139,2.2977,0.2523,5,WTR
8622.5,25.5814,1.1408,2.3117,0.2465,5,WTR
8623.0,43.9475,1.6177,2.3854,0.251,5,WTR
8623.5,68.2169,2.1981,2.4603,0.2711,0,Non-SST
8624.0,69.5288,2.2564,2.5189,0.2992,0,Non-SST
8624.5,70.8407,2.3857,2.5419,0.3044,0,Non-SST
8625.0,70.8407,2.3857,2.5376,0.3035,0,Non-SST
8625.5,71.1686,2.6546,2.5242,0.2796,0,Non-SST
8626.0,65.5932,3.2033,2.513,0.2721,0,Non-SST
8626.5,57.3941,3.3074,2.5203,0.2532,0,Non-SST
8627.0,56.7381,3.6328,2.5501,0.2422,0,Non-SST
8627.5,59.6898,3.8893,2.5721,0.2277,0,Non-SST
8628.0,59.3619,4.2171,2.568,0.2204,0,Non-SST
8628.5,57.3941,4.3834,2.5673,0.2098,0,Non-SST
8629.0,55.0983,4.4856,2.561,0.1956,0,Non-SST
8629.5,53.7864,4.5353,2.5393,0.1915,0,Non-SST
8630.0,52.4746,4.48,2.4998,0.1904,0,Non-SST
8630.5,49.1949,4.48,2.4579,0.1924,0,Non-SST
8631.0,46.5712,4.1645,2.4434,0.1873,5,WTR
8631.5,48.867,4.1311,2.4545,0.189,5,WTR
8632.0,55.7542,4.3132,2.5121,0.1917,0,Non-SST
8632.5,63.6254,3.9519,2.5684,0.1944,0,Non-SST
8633.0,68.8729,3.5742,2.5852,0.1932,0,Non-SST
8633.5,69.5288,3.5364,2.6156,0.2066,0,Non-SST
8634.0,69.5288,3.4589,2.6196,0.2199,0,Non-SST
8634.5,68.2169,3.5351,2.6209,0.2349,0,Non-SST
8635.0,66.9051,3.2993,2.5951,0.23,0,Non-SST
8635.5,68.5449,3.3686,2.585,0.2366,0,Non-SST
8636.0,70.1847,3.3686,2.5839,0.2434,0,Non-SST
8636.5,71.1686,3.3109,2.5964,0.258,0,Non-SST
8637.0,71.1686,3.3097,2.5953,0.2599,0,Non-SST
8637.5,69.5288,3.5325,2.6004,0.2493,0,Non-SST
8638.0,67.561,3.6059,2.5884,0.2377,0,Non-SST
8638.5,67.889,3.6626,2.5953,0.2372,0,Non-SST
8639.0,68.8729,3.598,2.5943,0.2402,0,Non-SST
8639.5,66.9051,3.6449,2.6052,0.2428,0,Non-SST
8640.0,67.561,3.6736,2.5988,0.2344,0,Non-SST
8640.5,68.2169,3.7761,2.5949,0.2286,0,Non-SST
8641.0,66.9051,3.7761,2.5846,0.2258,0,Non-SST
8641.5,65.9212,3.8225,2.5855,0.2208,0,Non-SST
8642.0,65.2653,3.7862,2.5841,0.2215,0,Non-SST
8642.5,65.9212,3.7264,2.5852,0.2205,0,Non-SST
8643.0,69.2008,3.6382,2.6005,0.2292,0,Non-SST
8643.5,71.4966,3.6517,2.6075,0.2357,0,Non-SST
8644.0,70.5127,3.6654,2.6172,0.2369,0,Non-SST
8644.5,69.5288,3.7604,2.6029,0.2293,0,Non-SST
8645.0,68.8729,3.8284,2.5979,0.2193,0,Non-SST
8645.5,68.2169,3.7819,2.5878,0.218,0,Non-SST
8646.0,67.889,3.7819,2.5792,0.2214,0,Non-SST
8646.5,65.9212,3.7819,2.5824,0.2264,0,Non-SST
8647.0,65.9212,3.7575,2.5792,0.2306,0,Non-SST
8647.5,69.2009,3.4715,2.5548,0.2526,0,Non-SST
8648.0,74.7763,2.775,2.5241,0.2782,0,Non-SST
8648.5,79.6958,2.5736,2.5135,0.3136,0,Non-SST
8649.0,81.3356,2.4757,2.5214,0.3226,0,Non-SST
8649.5,81.3356,2.4164,2.5453,0.3326,0,Non-SST
8650.0,80.0237,2.3083,2.5518,0.3235,0,Non-SST
8650.5,78.7119,2.294,2.5593,0.3252,0,Non-SST
8651.0,75.4322,2.242,2.5432,0.3246,0,Non-SST
8651.5,73.7924,2.242,2.538,0.344,0,Non-SST
8652.0,74.1203,2.3104,2.5338,0.3397,0,Non-SST
8652.5,76.0881,2.3332,2.5312,0.3447,0,Non-SST
8653.0,77.728,2.2838,2.5343,0.3389,0,Non-SST
8653.5,78.3839,2.3606,2.5347,0.3268,0,Non-SST
8654.0,80.0237,2.3304,2.5398,0.3211,0,Non-SST
8654.5,80.6797,2.3035,2.5513,0.3157,0,Non-SST
8655.0,77.4,2.2525,2.5574,0.3278,0,Non-SST
8655.5,78.0559,2.2724,2.5693,0.3305,0,Non-SST
8656.0,78.7119,2.2032,2.5523,0.3327,0,Non-SST
8656.5,79.4771,2.2032,2.5401,0.3278,0,Non-SST
8657.0,80.8983,2.195,2.5202,0.3268,0,Non-SST
8657.5,80.6797,2.1761,2.5201,0.3313,0,Non-SST
8658.0,79.3678,2.2315,2.5338,0.3357,0,Non-SST
8658.5,78.3839,2.1868,2.5408,0.3479,0,Non-SST
8659.0,79.3678,2.2341,2.5357,0.3521,0,Non-SST
8659.5,82.6475,2.1385,2.5322,0.3602,0,Non-SST
8660.0,83.3034,2.1409,2.5282,0.3499,0,Non-SST
8660.5,83.9593,2.0503,2.5416,0.3447,0,Non-SST
8661.0,83.7953,2.0492,2.5623,0.3373,0,Non-SST
8661.5,82.7294,2.0913,2.5902,0.3387,0,Non-SST
8662.0,81.3356,2.0913,2.5829,0.3275,0,Non-SST
8662.5,80.6797,2.1618,2.5676,0.3319,0,Non-SST
8663.0,80.0237,2.4597,2.5614,0.3178,0,Non-SST
8663.5,80.0237,2.4002,2.5491,0.317,0,Non-SST
8664.0,80.0237,2.2764,2.5608,0.3096,0,Non-SST
8664.5,81.0076,2.1798,2.5502,0.3216,0,Non-SST
8665.0,82.9754,2.216,2.5627,0.3221,0,Non-SST
8665.5,84.6152,2.2691,2.5614,0.3379,0,Non-SST
8666.0,82.9754,2.2691,2.56,0.3401,0,Non-SST
8666.5,77.728,2.3536,2.5611,0.3439,0,Non-SST
8667.0,75.7602,2.3807,2.5576,0.341,0,Non-SST
8667.5,78.7119,2.2919,2.5705,0.3485,0,Non-SST
8668.0,80.6797,2.2859,2.5473,0.3545,0,Non-SST
8668.5,82.6475,2.2819,2.5447,0.353,0,Non-SST
8669.0,77.728,2.3159,2.5393,0.3474,0,Non-SST
8669.5,75.7602,2.3529,2.524,0.339,0,Non-SST
8670.0,75.7602,2.4506,2.5273,0.3298,0,Non-SST
8670.5,77.4,2.4439,2.5296,0.3314,0,Non-SST
8671.0,79.6958,2.4529,2.5242,0.3308,0,Non-SST
8671.5,79.3678,2.4734,2.5114,0.3252,0,Non-SST
8672.0,76.7441,2.5113,2.5167,0.3167,0,Non-SST
8672.5,76.0881,2.5358,2.5112,0.3261,0,Non-SST
8673.0,74.1203,2.5382,2.5132,0.3357,0,Non-SST
8673.5,72.1525,2.5137,2.5117,0.3362,0,Non-SST
8674.0,74.1203,2.6308,2.5143,0.3318,0,Non-SST
8674.5,74.7763,2.6308,2.5169,0.3145,0,Non-SST
8675.0,75.7602,2.5494,2.5096,0.3152,0,Non-SST
8675.5,76.7441,2.5859,2.4956,0.3081,0,Non-SST
8676.0,75.7602,2.6107,2.4854,0.3151,0,Non-SST
8676.5,75.1042,2.6469,2.4796,0.311,0,Non-SST
8677.0,76.7441,2.5859,2.4927,0.3063,0,Non-SST
8677.5,79.3678,2.3836,2.4974,0.3093,0,Non-SST
8678.0,81.3356,2.3159,2.5609,0.3104,0,Non-SST
8678.5,80.0237,2.535,2.5926,0.3151,0,Non-SST
8679.0,78.7119,2.8682,2.5983,0.3241,0,Non-SST
8679.5,72.4805,2.8682,2.3757,0.3265,0,Non-SST
8680.0,64.2814,3.0164,2.1818,0.3276,0,Non-SST
8680.5,58.7059,3.9673,2.1448,0.3506,0,Non-SST
8681.0,62.6415,4.3743,2.2009,0.4038,0,Non-SST
8681.5,74.1203,2.7298,2.3368,0.4368,0,Non-SST
8682.0,83.6314,2.6589,2.4636,0.4258,0,Non-SST
8682.5,85.9271,2.551,2.5144,0.3772,0,Non-SST
8683.0,83.9593,2.0943,2.5569,0.3562,0,Non-SST
8683.5,85.9271,2.0867,2.5816,0.3073,0,Non-SST
8684.0,87.8949,2.0949,2.5929,0.2832,0,Non-SST
8684.5,80.0237,2.7459,2.5875,0.2639,0,Non-SST
8685.0,69.5288,2.7459,2.6027,0.2406,0,Non-SST
8685.5,61.0017,3.5454,2.5961,0.2167,0,Non-SST
8686.0,59.3619,3.7419,2.614,0.2002,0,Non-SST
8686.5,61.3297,3.6805,2.632,0.2039,0,Non-SST
8687.0,64.9373,3.4366,2.6394,0.2156,0,Non-SST
8687.5,71.8246,3.1479,2.6175,0.2345,0,Non-SST
8688.0,78.3839,2.8779,2.5803,0.2543,0,Non-SST
8688.5,81.3356,2.5153,2.5599,0.2675,0,Non-SST
8689.0,82.6475,2.3388,2.5499,0.2811,0,Non-SST
8689.5,83.9593,1.9762,2.5618,0.2959,0,Non-SST
8690.0,84.6152,1.9762,2.5747,0.3261,0,Non-SST
8690.5,85.9271,1.7745,2.5706,0.324,0,Non-SST
8691.0,85.5992,1.969,2.5582,0.3172,0,Non-SST
8691.5,81.3356,2.3214,2.5344,0.3139,0,Non-SST
8692.0,77.4,3.0691,2.5376,0.314,0,Non-SST
8692.5,77.4,3.2649,2.5341,0.3065,0,Non-SST
8693.0,76.4161,3.3626,2.5342,0.3029,0,Non-SST
8693.5,73.4644,3.5676,2.5266,0.2892,0,Non-SST
8694.0,70.8407,3.7833,2.5245,0.2654,0,Non-SST
8694.5,68.2169,3.9705,2.5232,0.249,0,Non-SST
8695.0,68.2169,3.7334,2.5492,0.2519,0,Non-SST
8695.5,68.2169,3.7334,2.5535,0.2581,0,Non-SST
8696.0,67.561,3.6722,2.5509,0.2531,0,Non-SST
8696.5,66.5771,3.6915,2.5439,0.2512,0,Non-SST
8697.0,63.9534,3.6368,2.5265,0.2549,0,Non-SST
8697.5,56.0822,3.4853,2.5077,0.2494,0,Non-SST
8698.0,47.883,3.474,2.4709,0.2276,5,WTR
8698.5,46.2432,3.7476,2.4714,0.214,5,WTR
8699.0,48.539,3.849,2.4868,0.2067,0,Non-SST
8699.5,45.2593,3.9135,2.4681,0.2065,5,WTR
8700.0,41.9797,3.6046,2.4267,0.2097,5,WTR
8700.5,42.9636,3.6046,2.4104,0.2178,5,WTR
8701.0,47.883,3.7618,2.4327,0.2356,5,WTR
8701.5,56.7381,3.8639,2.5096,0.2486,0,Non-SST
8702.0,63.6254,3.7012,2.5553,0.256,0,Non-SST
8702.5,66.2492,3.7718,2.5726,0.254,0,Non-SST
8703.0,70.1847,3.6207,2.575,0.2444,0,Non-SST
8703.5,74.7763,3.3951,2.5894,0.2411,0,Non-SST
8704.0,73.4644,3.4777,2.5879,0.2435,0,Non-SST
8704.5,70.1847,3.5506,2.5943,0.2482,0,Non-SST
8705.0,66.9051,3.2626,2.5789,0.2522,0,Non-SST
8705.5,69.5288,3.2188,2.5763,0.2515,0,Non-SST
8706.0,72.4805,3.2188,2.5772,0.2565,0,Non-SST
8706.5,73.7924,3.095,2.5911,0.2581,0,Non-SST
8707.0,75.1042,2.9222,2.6052,0.2642,0,Non-SST
8707.5,76.4161,2.7129,2.6219,0.2747,0,Non-SST
8708.0,78.0559,2.6291,2.6238,0.2825,0,Non-SST
8708.5,79.0398,2.3785,2.6174,0.287,0,Non-SST
8709.0,77.072,2.551,2.5948,0.2848,0,Non-SST
8709.5,74.7763,2.3807,2.5834,0.2916,0,Non-SST
8710.0,76.7441,2.2122,2.5965,0.2978,0,Non-SST
8710.5,78.7119,2.1483,2.6055,0.3003,0,Non-SST
8711.0,77.728,2.1483,2.6189,0.3003,0,Non-SST
8711.5,78.7119,2.1643,2.6103,0.3063,0,Non-SST
8712.0,78.3839,2.2032,2.6127,0.3193,0,Non-SST
8712.5,77.728,2.309,2.6206,0.3246,0,Non-SST
8713.0,79.3678,2.227,2.6203,0.3201,0,Non-SST
8713.5,81.3356,2.2218,2.6145,0.3158,0,Non-SST
8714.0,81.9915,2.2276,2.6048,0.3233,0,Non-SST
8714.5,81.3356,2.0867,2.6015,0.3354,0,Non-SST
8715.0,80.6797,2.0134,2.6168,0.3358,0,Non-SST
8715.5,80.0237,1.9862,2.6209,0.3256,0,Non-SST
8716.0,79.6958,1.9862,2.6327,0.3112,0,Non-SST
8716.5,80.0237,1.9851,2.6168,0.3166,0,Non-SST
8717.0,78.3839,1.8836,2.6037,0.334,0,Non-SST
8717.5,77.4,1.813,2.6014,0.3451,0,Non-SST
8718.0,79.6958,1.7555,2.6122,0.3492,0,Non-SST
8718.5,81.9915,1.7283,2.6198,0.3472,0,Non-SST
8719.0,83.6314,1.6874,2.6179,0.3491,0,Non-SST
8719.5,84.6152,1.6585,2.6133,0.3532,0,Non-SST
8720.0,83.9593,1.6476,2.6108,0.3609,0,Non-SST
8720.5,82.6475,1.5486,2.6151,0.3732,0,Non-SST
8721.0,81.3356,1.6201,2.611,0.3716,0,Non-SST
8721.5,82.6475,1.6201,2.6047,0.3748,0,Non-SST
8722.0,83.9593,1.6368,2.6095,0.3865,0,Non-SST
8722.5,85.9271,1.6434,2.6123,0.372,0,Non-SST
8723.0,87.8949,1.6217,2.6298,0.3643,0,Non-SST
8723.5,87.8949,1.6356,2.6247,0.3512,0,Non-SST
8724.0,87.239,1.6974,2.6108,0.3705,0,Non-SST
8724.5,88.2229,1.774,2.5794,0.3759,0,Non-SST
8725.0,90.5186,1.8557,2.5577,0.3784,0,Non-SST
8725.5,88.5508,1.813,2.5587,0.3862,0,Non-SST
8726.0,86.5831,1.8673,2.5432,0.3886,0,Non-SST
8726.5,88.5508,2.1699,2.5127,0.4028,0,Non-SST
8727.0,94.1263,2.1699,2.3906,0.4156,0,Non-SST
8727.5,100.0297,2.2341,2.2,0.4466,0,Non-SST
8728.0,107.2449,3.5808,2.0291,0.5005,0,Non-SST
8728.5,114.1322,5.2793,1.8149,0.531,0,Non-SST
8729.0,111.5085,6.0241,1.6906,0.5644,0,Non-SST
8729.5,101.3415,8.3724,1.7156,0.5887,0,Non-SST
8730.0,95.7661,9.2257,1.8069,0.6329,0,Non-SST
8730.5,102.3254,6.5127,1.897,0.6547,0,Non-SST
8731.0,99.7017,8.7066,1.805,0.6516,0,Non-SST
8731.5,97.078,9.6865,1.6261,0.6332,0,Non-SST
8732.0,75.1042,9.6865,1.529,0.6263,0,Non-SST
8732.5,53.1305,7.9204,1.4845,0.5948,0,Non-SST
8733.0,43.6195,7.4956,1.5444,0.5673,0,Non-SST
8733.5,53.4585,4.6413,1.7879,0.5356,0,Non-SST
8734.0,71.8246,1.9216,2.234,0.5053,0,Non-SST
8734.5,82.3195,1.9795,2.4585,0.4635,0,Non-SST
8735.0,82.9754,1.9773,2.5233,0.4171,0,Non-SST
8735.5,81.3356,2.2051,2.4654,0.3948,0,Non-SST
8736.0,83.3034,1.8552,2.4358,0.3866,0,Non-SST
8736.5,85.2712,2.1222,2.3769,0.4012,0,Non-SST
8737.0,82.9754,2.6452,2.3974,0.4051,0,Non-SST
8737.5,83.3034,2.6452,2.4319,0.4006,0,Non-SST
8738.0,85.5992,2.9963,2.329,0.3926,0,Non-SST
8738.5,81.3356,3.0487,2.2141,0.4031,0,Non-SST
8739.0,71.4966,4.5199,2.0588,0.4488,0,Non-SST
8739.5,70.1847,3.1149,2.1465,0.477,0,Non-SST
8740.0,77.072,2.8916,2.2237,0.4688,0,Non-SST
8740.5,81.3356,2.7732,2.4519,0.4028,0,Non-SST
8741.0,82.6475,2.7604,2.4835,0.3605,0,Non-SST
8741.5,83.9593,2.7925,2.5136,0.3294,0,Non-SST
8742.0,80.6797,2.9362,2.5317,0.3052,0,Non-SST
8742.5,74.4483,2.9362,2.5432,0.2926,0,Non-SST
8743.0,67.561,3.7306,2.5609,0.2529,0,Non-SST
8743.5,60.6737,3.8564,2.5453,0.2292,0,Non-SST
8744.0,54.4424,3.7433,2.5364,0.2088,0,Non-SST
8744.5,52.1466,3.7561,2.5388,0.2103,0,Non-SST
8745.0,53.4585,3.8863,2.5395,0.2004,0,Non-SST
8745.5,52.1466,3.9472,2.5181,0.191,0,Non-SST
8746.0,45.9153,3.8773,2.4967,0.1841,0,Non-SST
8746.5,49.1949,3.8713,2.5252,0.1824,0,Non-SST
8747.0,52.4746,3.9105,2.551,0.185,0,Non-SST
8747.5,48.211,3.9105,2.5588,0.1875,0,Non-SST
8748.0,48.867,3.8225,2.552,0.1957,0,Non-SST
8748.5,55.0983,3.7632,2.5788,0.2085,0,Non-SST
8749.0,60.6737,3.5637,2.5866,0.2246,0,Non-SST
8749.5,64.2345,3.4465,2.5826,0.2423,0,Non-SST
8750.0,68.1232,3.1447,2.5846,0.2538,0,Non-SST
8750.5,71.1218,3.2434,2.5774,0.2545,0,Non-SST
8751.0,71.8246,3.065,2.5647,0.262,0,Non-SST
8751.5,68.2169,3.4255,2.5401,0.2673,0,Non-SST
8752.0,63.2975,3.6355,2.5408,0.2688,0,Non-SST
8752.5,62.9695,3.3074,2.5353,0.261,0,Non-SST
8753.0,55.0983,3.3074,2.465,0.2407,0,Non-SST
8753.5,47.2271,3.2946,2.3971,0.2341,5,WTR
8754.0,36.7322,2.9736,2.3398,0.242,5,WTR
8754.5,39.6839,3.9658,2.1348,0.2734,5,WTR
8755.0,46.2432,5.5286,1.844,0.3397,5,WTR
8755.5,43.6195,7.2304,1.7031,0.452,0,Non-SST
8756.0,36.7322,7.9204,1.6777,0.5236,0,Non-SST
8756.5,39.3559,7.3222,1.7785,0.5076,0,Non-SST
8757.0,51.8186,4.6735,2.157,0.365,5,WTR
8757.5,65.5932,3.5626,2.5287,0.3352,0,Non-SST
8758.0,80.0237,3.1565,2.5978,0.2999,0,Non-SST
8758.5,78.7119,2.3959,2.5647,0.3135,0,Non-SST
8759.0,77.4,2.1861,2.5863,0.3258,0,Non-SST
8759.5,78.7119,2.1861,2.6062,0.3561,0,Non-SST
8760.0,71.8246,2.1849,2.6771,0.3839,0,Non-SST
8760.5,62.6415,2.8243,2.691,0.3611,0,Non-SST
8761.0,65.5932,2.8935,2.8122,0.3437,0,Non-SST
8761.5,75.7602,2.2192,2.5304,0.3392,0,Non-SST
8762.0,79.3678,2.2852,2.5337,0.3459,0,Non-SST
8762.5,78.7119,2.5129,2.5075,0.3354,0,Non-SST
8763.0,79.3678,2.7559,2.5627,0.3357,0,Non-SST
8763.5,80.0237,2.7226,2.5653,0.3281,0,Non-SST
8764.0,79.3678,2.6804,2.5904,0.3207,0,Non-SST
8764.5,78.7119,2.5818,2.5956,0.3058,0,Non-SST
8765.0,78.7119,2.5818,2.596,0.2914,0,Non-SST
8765.5,78.0559,2.6478,2.5854,0.286,0,Non-SST
8766.0,77.4,2.9952,2.6291,0.2799,0,Non-SST
8766.5,78.3839,3.2367,2.639,0.2839,0,Non-SST
8767.0,78.0559,3.2166,2.6587,0.2906,0,Non-SST
8767.5,75.4322,3.2344,2.616,0.3031,0,Non-SST
8768.0,76.0881,3.3806,2.544,0.3277,0,Non-SST
8768.5,81.3356,3.2923,2.2749,0.3597,0,Non-SST
8769.0,76.7441,4.0319,2.0681,0.4125,0,Non-SST
8769.5,72.1525,6.2035,1.8851,0.5054,0,Non-SST
8770.0,76.0881,3.9014,1.8428,0.5836,0,Non-SST
8770.5,93.1424,3.9014,1.802,0.6528,0,Non-SST
8771.0,105.2771,5.5083,1.847,0.6065,0,Non-SST
8771.5,99.3737,3.9488,1.8681,0.594,0,Non-SST
8772.0,91.5025,3.7391,2.0917,0.5521,0,Non-SST
8772.5,91.5025,3.0194,2.3136,0.506,0,Non-SST
8773.0,87.8949,2.2225,2.462,0.3951,0,Non-SST
8773.5,79.0398,1.7172,2.5461,0.3124,0,Non-SST
8774.0,72.1525,2.0618,2.5856,0.2691,0,Non-SST
8774.5,68.2169,2.7155,2.5869,0.2377,0,Non-SST
8775.0,64.2814,2.8625,2.59,0.2228,0,Non-SST
8775.5,67.889,2.8625,2.5998,0.2147,0,Non-SST
8776.0,72.4805,2.4075,2.5895,0.2183,0,Non-SST
8776.5,71.4966,2.7316,2.5894,0.2278,0,Non-SST
8777.0,65.5932,3.0234,2.5712,0.2283,0,Non-SST
8777.5,62.3136,3.1869,2.5589,0.2391,0,Non-SST
8778.0,65.2653,3.1705,2.5347,0.248,0,Non-SST
8778.5,69.8568,3.0487,2.4685,0.2697,0,Non-SST
8779.0,72.1525,2.9563,2.4288,0.2854,0,Non-SST
8779.5,75.4322,2.4934,2.45,0.3088,0,Non-SST
8780.0,78.7119,2.4171,2.512,0.3082,0,Non-SST
8780.5,79.3678,2.4349,2.5835,0.2946,0,Non-SST
8781.0,80.6797,2.4349,2.6234,0.2789,0,Non-SST
8781.5,80.3517,2.343,2.6334,0.2882,0,Non-SST
8782.0,78.0559,2.4127,2.6006,0.2988,0,Non-SST
8782.5,76.0881,2.8634,2.4877,0.3136,0,Non-SST
8783.0,76.4161,3.1565,2.3905,0.3279,0,Non-SST
8783.5,78.3839,2.9747,2.4086,0.3551,0,Non-SST
8784.0,78.7119,2.9614,2.4181,0.351,0,Non-SST
8784.5,77.4,2.8224,2.495,0.3226,0,Non-SST
8785.0,76.0881,2.9472,2.5391,0.2764,0,Non-SST
8785.5,74.7763,3.389,2.5973,0.2537,0,Non-SST
8786.0,70.8407,3.389,2.6039,0.2368,0,Non-SST
8786.5,66.5771,3.5377,2.6268,0.2309,0,Non-SST
8787.0,63.6254,3.6558,2.6218,0.2219,0,Non-SST
8787.5,65.2653,3.4677,2.6326,0.2205,0,Non-SST
8788.0,67.233,3.2958,2.6109,0.2207,0,Non-SST
8788.5,61.0017,3.1533,2.5769,0.2277,0,Non-SST
8789.0,48.211,2.7182,2.4519,0.227,5,WTR
8789.5,40.6678,2.3628,2.4177,0.2265,5,WTR
8790.0,44.6034,2.4765,2.4109,0.2198,5,WTR
8790.5,47.2271,2.67,2.5225,0.2177,5,WTR
8791.0,49.8508,2.4888,2.3177,0.2199,5,WTR
8791.5,35.7483,2.4888,2.3054,0.2229,5,WTR
8792.0,26.5653,2.1156,2.3097,0.2246,5,WTR
8792.5,24.2695,1.9499,2.2906,0.2182,5,WTR
8793.0,26.5653,1.9174,2.3217,0.2163,5,WTR
8793.5,26.5653,2.0739,2.3186,0.2139,5,WTR
8794.0,22.9576,1.7952,2.3085,0.2245,5,WTR
8794.5,20.6619,1.7391,2.2529,0.227,5,WTR
8795.0,19.678,1.7031,2.2317,0.2286,5,WTR
8795.5,20.9898,1.7675,2.227,0.2289,5,WTR
8796.0,22.3017,1.9516,2.2729,0.2306,5,WTR
8796.5,37.7161,2.4112,2.3192,0.2384,5,WTR
8797.0,42.6356,2.4112,2.3781,0.2326,5,WTR
8797.5,34.7644,1.9132,2.3569,0.2379,5,WTR
8798.0,27.5492,1.8949,2.2939,0.2353,5,WTR
8798.5,29.189,2.0566,2.2762,0.2348,5,WTR
8799.0,39.028,2.4826,2.2951,0.233,5,WTR
8799.5,46.8992,2.7888,2.3895,0.2355,5,WTR
8800.0,40.6678,2.6376,2.4314,0.2362,5,WTR
8800.5,24.9254,2.1786,2.3968,0.2366,5,WTR
8801.0,24.9254,2.2926,2.3196,0.2298,5,WTR
8801.5,24.9254,2.6529,2.2935,0.2274,5,WTR
8802.0,29.5169,3.312,2.3404,0.2312,5,WTR
8802.5,32.7966,3.312,2.3976,0.2287,5,WTR
8803.0,31.4847,3.0909,2.3925,0.2265,5,WTR
8803.5,27.5492,2.4612,2.3475,0.2193,5,WTR
8804.0,24.5975,2.4394,2.304,0.2276,5,WTR
8804.5,24.2695,2.6761,2.2916,0.2291,5,WTR
8805.0,26.2373,3.0681,2.3123,0.2339,5,WTR
8805.5,29.5169,3.4664,2.3221,0.22,5,WTR
8806.0,34.1085,3.8654,2.3773,0.2224,5,WTR
8806.5,35.4203,4.0656,2.4006,0.208,5,WTR
8807.0,36.7322,4.2691,2.4299,0.2099,5,WTR
8807.5,40.0119,4.2691,2.4352,0.2041,5,WTR
8808.0,39.6839,4.0271,2.4227,0.2078,5,WTR
8808.5,40.0119,3.8138,2.4076,0.2045,5,WTR
8809.0,44.2754,3.7208,2.4232,0.2032,5,WTR
8809.5,45.5873,3.958,2.4366,0.2055,5,WTR
8810.0,39.6839,3.8196,2.4538,0.2114,5,WTR
8810.5,34.1085,3.4305,2.4166,0.2127,5,WTR
8811.0,32.7966,3.4391,2.4148,0.2133,5,WTR
8811.5,32.1407,3.4292,2.3813,0.219,5,WTR
8812.0,31.4847,3.3951,2.3779,0.2231,5,WTR
8812.5,31.8127,3.3951,2.3605,0.2212,5,WTR
8813.0,32.4686,3.3531,2.3609,0.2172,5,WTR
8813.5,33.4525,3.2993,2.3649,0.2124,5,WTR
8814.0,37.0602,3.4727,2.3987,0.211,5,WTR
8814.5,44.9314,4.1561,2.4522,0.2103,5,WTR
8815.0,52.4746,4.4036,2.4877,0.2182,0,Non-SST
8815.5,52.8025,4.3707,2.5096,0.2236,0,Non-SST
8816.0,45.2593,4.1967,2.4564,0.2188,5,WTR
8816.5,34.1085,4.4743,2.407,0.2191,5,WTR
8817.0,37.3881,5.0392,2.3979,0.2201,5,WTR
8817.5,40.6678,5.1592,2.4082,0.2247,5,WTR
8818.0,42.6356,5.1592,2.4424,0.2173,5,WTR
8818.5,45.5873,4.9599,2.4492,0.218,5,WTR
8819.0,45.5873,4.1865,2.4411,0.2153,5,WTR
8819.5,40.0119,3.7166,2.3954,0.221,5,WTR
8820.0,34.4364,3.6033,2.3612,0.2174,5,WTR
8820.5,32.7966,3.4878,2.3373,0.2174,5,WTR
8821.0,32.4686,3.5729,2.332,0.215,5,WTR
8821.5,31.4847,3.5196,2.3338,0.2177,5,WTR
8822.0,30.1729,3.3686,2.3542,0.2172,5,WTR
8822.5,32.1407,3.3722,2.3643,0.2241,5,WTR
8823.0,34.1085,3.7504,2.3669,0.2226,5,WTR
8823.5,40.0119,3.7504,2.3798,0.2288,5,WTR
8824.0,46.8992,3.7447,2.4258,0.2284,5,WTR
8824.5,55.0983,3.7504,2.4574,0.2321,0,Non-SST
8825.0,56.4102,3.5158,2.4903,0.2349,0,Non-SST
8825.5,49.5229,3.7747,2.4994,0.2389,0,Non-SST
8826.0,42.9636,3.8475,2.4912,0.2366,0,Non-SST
8826.5,38.0441,3.6073,2.4697,0.2248,5,WTR
8827.0,32.7966,2.8338,2.4302,0.2157,5,WTR
8827.5,31.4847,2.568,2.3684,0.2219,5,WTR
8828.0,30.1729,2.4491,2.3689,0.2327,5,WTR
8828.5,52.1466,2.4491,2.394,0.2454,5,WTR
8829.0,69.5288,2.3186,2.4606,0.2577,0,Non-SST
8829.5,78.3839,2.6266,2.4944,0.2888,0,Non-SST
8830.0,81.0076,2.6988,2.5261,0.3045,0,Non-SST
8830.5,80.3517,2.6953,2.5521,0.3032,0,Non-SST
8831.0,78.3839,2.8093,2.5525,0.2975,0,Non-SST
8831.5,78.0559,2.8945,2.5474,0.2929,0,Non-SST
8832.0,81.3356,2.6503,2.5115,0.3112,0,Non-SST
8832.5,83.3034,2.9162,2.3999,0.3335,0,Non-SST
8833.0,85.2712,2.5966,2.3185,0.3786,0,Non-SST
8833.5,87.239,2.2865,2.2907,0.4274,0,Non-SST
8834.0,88.8788,2.2865,2.3336,0.4652,0,Non-SST
8834.5,92.1585,2.1008,2.4031,0.4824,0,Non-SST
8835.0,97.4059,2.539,2.4073,0.4729,0,Non-SST
8835.5,106.261,3.649,2.3564,0.4592,0,Non-SST
8836.0,117.0839,4.6816,2.2828,0.4975,0,Non-SST
8836.5,116.1,5.8781,2.1914,0.5105,0,Non-SST
8837.0,97.078,6.9982,1.9359,0.5503,0,Non-SST
8837.5,76.7441,10.2493,1.7079,0.5446,0,Non-SST
8838.0,56.4102,10.0085,1.5172,0.5791,0,Non-SST
8838.5,44.6034,5.7163,1.5691,0.609,0,Non-SST
8839.0,50.8347,5.7163,1.7491,0.6098,0,Non-SST
8839.5,66.9051,4.4109,2.214,0.5558,0,Non-SST
8840.0,78.7119,3.2615,2.4241,0.4668,0,Non-SST
8840.5,84.6152,2.2186,2.5028,0.4122,0,Non-SST
8841.0,86.911,1.9216,2.5171,0.3611,0,Non-SST
8841.5,86.5831,2.2335,2.5417,0.3584,0,Non-SST
8842.0,84.6152,1.4607,2.531,0.3519,0,Non-SST
8842.5,81.3356,1.4005,2.5133,0.3559,0,Non-SST
8843.0,81.8458,2.4112,2.5019,0.3629,0,Non-SST
8843.5,82.3559,2.6333,2.4846,0.3692,0,Non-SST
8844.0,79.9508,2.6333,2.5029,0.3708,0,Non-SST
8844.5,80.0237,2.8037,2.4972,0.3552,0,Non-SST
8845.0,81.3356,2.7953,2.5111,0.3477,0,Non-SST
8845.5,81.9915,2.8272,2.5172,0.3345,0,Non-SST
8846.0,82.6475,3.0846,2.5685,0.3384,0,Non-SST
8846.5,76.7441,3.3496,2.5695,0.3473,0,Non-SST
8847.0,73.1364,3.4916,2.4439,0.3737,0,Non-SST
8847.5,74.7763,3.824,2.3543,0.4086,0,Non-SST
8848.0,81.4449,3.0619,2.3674,0.4324,0,Non-SST
8848.5,86.4737,2.5745,2.3703,0.4458,0,Non-SST
8849.0,85.3805,2.83,2.3564,0.4205,0,Non-SST
8849.5,83.3034,2.83,2.3428,0.3982,0,Non-SST
8850.0,84.2873,2.5518,2.3973,0.3918,0,Non-SST
8850.5,83.3034,2.8585,2.4865,0.377,0,Non-SST
8851.0,77.4,2.989,2.5873,0.3372,0,Non-SST
8851.5,68.2169,2.989,2.5938,0.2631,0,Non-SST
8852.0,61.6576,3.064,2.5959,0.2333,0,Non-SST
8852.5,55.0983,3.2255,2.5512,0.2134,0,Non-SST
8853.0,53.1305,3.5043,2.5365,0.2092,0,Non-SST
8853.5,51.4907,3.614,2.532,0.1972,0,Non-SST
8854.0,49.1949,3.7236,2.5204,0.1882,0,Non-SST
8854.5,47.883,3.7405,2.5135,0.1868,0,Non-SST
8855.0,47.883,3.7978,2.5089,0.1812,0,Non-SST
8855.5,48.539,3.9319,2.5311,0.1816,0,Non-SST
8856.0,50.5068,3.9426,2.5311,0.1845,0,Non-SST
8856.5,52.4746,3.9044,2.5482,0.1946,0,Non-SST
8857.0,51.1627,3.8848,2.5074,0.2015,0,Non-SST
8857.5,49.8508,4.077,2.5015,0.2033,0,Non-SST
8858.0,57.722,4.077,2.5082,0.2038,0,Non-SST
8858.5,60.0178,4.1031,2.5056,0.2055,0,Non-SST
8859.0,56.7381,3.9845,2.5094,0.2133,0,Non-SST
8859.5,55.4263,3.9627,2.5032,0.2106,0,Non-SST
8860.0,58.05,4.0737,2.5076,0.2141,0,Non-SST
8860.5,58.7059,4.1461,2.5007,0.2155,0,Non-SST
8861.0,55.4263,4.1578,2.4937,0.217,0,Non-SST
8861.5,52.8025,4.3418,2.4558,0.2106,5,WTR
8862.0,53.7864,4.883,2.4577,0.2075,0,Non-SST
8862.5,57.722,6.0153,2.4837,0.2183,0,Non-SST
8863.0,61.6576,7.1965,2.469,0.2448,0,Non-SST
8863.5,65.9212,7.1965,2.298,0.2826,0,Non-SST
8864.0,61.3297,9.8171,1.8598,0.3433,0,Non-SST
8864.5,48.867,11.3035,1.5629,0.4327,0,Non-SST
8865.0,35.7483,10.8894,1.4883,0.5314,0,Non-SST
8865.5,32.1407,8.987,1.5547,0.5683,0,Non-SST
8866.0,41.6517,4.8506,1.8221,0.5313,0,Non-SST
8866.5,57.722,4.2884,2.0878,0.4146,0,Non-SST
8867.0,74.7763,3.3591,2.438,0.3114,0,Non-SST
8867.5,76.0881,3.6736,2.5599,0.2715,0,Non-SST
8868.0,77.4,4.0319,2.5793,0.2487,0,Non-SST
8868.5,79.0398,3.6193,2.6154,0.2412,0,Non-SST
8869.0,77.728,3.6193,2.6456,0.2307,0,Non-SST
8869.5,74.1203,3.3926,2.6589,0.2328,0,Non-SST
8870.0,72.8085,3.9441,2.6986,0.2404,0,Non-SST
8870.5,74.7763,3.732,2.692,0.2348,0,Non-SST
8871.0,72.1525,3.6274,2.6543,0.2338,0,Non-SST
8871.5,62.3136,3.8181,2.6174,0.2295,0,Non-SST
8872.0,53.1305,4.1015,2.6034,0.2242,0,Non-SST
8872.5,47.9924,3.9611,2.5686,0.2122,0,Non-SST
8873.0,45.15,3.8773,2.517,0.2029,0,Non-SST
8873.5,43.4008,3.8475,2.4931,0.197,0,Non-SST
8874.0,42.6356,3.8475,2.481,0.1976,0,Non-SST
8874.5,42.9636,3.938,2.4926,0.2011,0,Non-SST
8875.0,43.9475,4.1495,2.5069,0.2002,0,Non-SST
8875.5,45.9153,4.056,2.5084,0.1983,0,Non-SST
8876.0,45.2593,4.0998,2.4972,0.1892,0,Non-SST
8876.5,44.6034,4.1245,2.511,0.1935,0,Non-SST
8877.0,46.2432,4.3634,2.5347,0.1901,0,Non-SST
8877.5,52.1466,4.2551,2.5751,0.2022,0,Non-SST
8878.0,59.0339,4.195,2.5854,0.2034,0,Non-SST
8878.5,59.0339,3.7561,2.5458,0.2158,0,Non-SST
8879.0,50.5068,3.5572,2.4906,0.2136,5,WTR
8879.5,43.2915,3.5572,2.471,0.2097,5,WTR
8880.0,47.883,3.8984,2.523,0.2053,0,Non-SST
8880.5,61.6576,3.7776,2.5676,0.2084,0,Non-SST
8881.0,62.3136,3.7082,2.6037,0.2198,0,Non-SST
8881.5,62.9695,3.6805,2.5311,0.225,0,Non-SST
8882.0,55.0983,3.3854,2.454,0.2162,5,WTR
8882.5,42.6356,3.3854,2.4389,0.2096,5,WTR
8883.0,36.0763,3.0805,2.4277,0.2054,5,WTR
8883.5,44.2754,3.1044,2.4872,0.2147,5,WTR
8884.0,54.7703,3.3758,2.4924,0.2225,0,Non-SST
8884.5,53.4585,3.503,2.4835,0.2309,0,Non-SST
8885.0,43.9475,3.1967,2.4285,0.2293,5,WTR
8885.5,39.028,2.875,2.4384,0.2225,5,WTR
8886.0,43.2915,3.0254,2.4664,0.2168,5,WTR
8886.5,46.5712,3.1576,2.4792,0.2152,5,WTR
8887.0,49.8508,3.2022,2.451,0.2168,5,WTR
8887.5,47.2271,3.2022,2.3998,0.2189,5,WTR
8888.0,40.0119,2.8471,2.4057,0.2189,5,WTR
8888.5,39.3559,2.9024,2.4231,0.2151,5,WTR
8889.0,45.2593,3.0164,2.4485,0.2178,5,WTR
8889.5,44.6034,2.9932,2.4123,0.2216,5,WTR
8890.0,36.4042,2.7235,2.3701,0.2235,5,WTR
8890.5,28.2051,2.4903,2.3451,0.2203,5,WTR
8891.0,25.5814,2.3339,2.3258,0.2088,5,WTR
8891.5,28.861,2.4522,2.3348,0.2062,5,WTR
8892.0,28.861,2.4156,2.3172,0.2027,5,WTR
8892.5,28.861,2.2784,2.3377,0.205,5,WTR
8893.0,27.5492,2.2784,2.3311,0.207,5,WTR
8893.5,27.8771,2.4105,2.3555,0.2091,5,WTR
8894.0,26.2373,2.6554,2.3305,0.2087,5,WTR
8894.5,22.3017,2.2987,2.331,0.2133,5,WTR
8895.0,20.9898,2.2466,2.3395,0.212,5,WTR
8895.5,24.9254,2.4409,2.3677,0.2166,5,WTR
8896.0,32.4686,2.7852,2.4038,0.2172,5,WTR
8896.5,40.6678,2.9332,2.4304,0.2191,5,WTR
8897.0,41.3237,2.9696,2.4438,0.223,5,WTR
8897.5,41.9797,3.1967,2.4984,0.2248,5,WTR
8898.0,47.5551,3.4379,2.5264,0.2256,0,Non-SST
8898.5,51.8186,3.4379,2.5002,0.2267,0,Non-SST
8899.0,49.1949,3.3284,2.4218,0.216,5,WTR
8899.5,40.3398,3.0164,2.3876,0.2098,5,WTR
8900.0,33.7805,2.7298,2.3756,0.1982,5,WTR
8900.5,32.4686,2.7262,2.3976,0.197,5,WTR
8901.0,35.0924,2.7369,2.4003,0.1986,5,WTR
8901.5,37.3881,2.9382,2.3871,0.1994,5,WTR
8902.0,34.1085,2.69,2.3423,0.2046,5,WTR
8902.5,26.8932,2.3035,2.3229,0.2035,5,WTR
8903.0,19.678,2.1204,2.2899,0.2074,5,WTR
8903.5,18.3661,2.1204,2.2936,0.1989,5,WTR
8904.0,20.0059,2.1969,2.3379,0.1974,5,WTR
8904.5,24.2695,2.4958,2.4006,0.1951,5,WTR
8905.0,31.1568,2.8994,2.4283,0.2004,5,WTR
8905.5,38.7,3.2923,2.4453,0.1996,5,WTR
8906.0,40.6678,3.0436,2.3771,0.202,5,WTR
8906.5,34.4364,2.6308,2.3261,0.2001,5,WTR
8907.0,25.2534,2.1994,2.2791,0.1942,5,WTR
8907.5,18.3661,2.1379,2.2885,0.1882,5,WTR
8908.0,19.022,2.3097,2.3436,0.1857,5,WTR
8908.5,19.678,2.5704,2.3876,0.1965,5,WTR
8909.0,28.2051,2.5704,2.3895,0.201,5,WTR
8909.5,31.4847,2.8596,2.3417,0.2029,5,WTR
8910.0,26.2373,2.3973,2.2855,0.2033,5,WTR
8910.5,19.022,1.963,2.2694,0.1994,5,WTR
8911.0,15.7424,1.9195,2.2647,0.2029,5,WTR
8911.5,14.1025,1.9581,2.276,0.1986,5,WTR
8912.0,12.4627,1.9084,2.2699,0.2034,5,WTR
8912.5,11.8068,1.9163,2.272,0.203,5,WTR
8913.0,12.4627,1.8923,2.268,0.2051,5,WTR
8913.5,13.1186,1.8872,2.2578,0.2034,5,WTR
8914.0,12.1347,1.8872,2.251,0.1995,5,WTR
8914.5,11.8068,1.8077,2.2574,0.1889,5,WTR
8915.0,11.8068,1.7933,2.2627,0.1862,5,WTR
8915.5,11.8068,1.7853,2.2635,0.1832,5,WTR
8916.0,12.7907,1.7971,2.259,0.1929,5,WTR
8916.5,15.0864,1.9168,2.2709,0.1952,5,WTR
8917.0,17.0542,2.0698,2.2942,0.1964,5,WTR
8917.5,19.022,2.3437,2.3203,0.1907,5,WTR
8918.0,22.3017,2.712,2.3621,0.1855,5,WTR
8918.5,26.8932,2.7805,2.3989,0.1904,5,WTR
8919.0,31.4847,3.0671,2.4738,0.1991,5,WTR
8919.5,44.2754,3.0671,2.507,0.215,5,WTR
8920.0,56.0822,3.3342,2.4895,0.2256,0,Non-SST
8920.5,54.4424,3.2233,2.3873,0.2302,5,WTR
8921.0,38.0441,2.6683,2.3356,0.2308,5,WTR
8921.5,21.3178,2.043,2.2699,0.2199,5,WTR
8922.0,14.1025,1.8954,2.2524,0.2124,5,WTR
8922.5,13.4466,1.8934,2.2564,0.2036,5,WTR
8923.0,14.4305,1.9619,2.2691,0.2038,5,WTR
8923.5,15.0864,2.0172,2.28,0.2024,5,WTR
8924.0,15.7424,2.0779,2.3021,0.1999,5,WTR
8924.5,21.9737,2.2446,2.3243,0.1988,5,WTR
8925.0,23.6136,2.2446,2.334,0.1973,5,WTR
8925.5,21.6458,2.2257,2.3337,0.1989,5,WTR
8926.0,20.3339,2.209,2.3325,0.1985,5,WTR
8926.5,23.6136,2.2238,2.3497,0.2057,5,WTR
8927.0,30.1729,2.488,2.3533,0.2001,5,WTR
8927.5,30.1729,2.4491,2.3526,0.2096,5,WTR
8928.0,21.6458,2.1276,2.3073,0.2092,5,WTR
8928.5,13.1186,1.9917,2.3028,0.2151,5,WTR
8929.0,14.4305,2.0413,2.2991,0.2051,5,WTR
8929.5,15.7424,2.163,2.345,0.2038,5,WTR
8930.0,28.861,2.163,2.377,0.2057,5,WTR
8930.5,40.0119,2.6865,2.3884,0.2164,5,WTR
8931.0,36.0763,2.2531,2.3313,0.2209,5,WTR
8931.5,23.2856,2.0368,2.2852,0.2212,5,WTR
8932.0,19.678,2.0646,2.2953,0.2117,5,WTR
8932.5,27.5492,2.2684,2.3581,0.2074,5,WTR
8933.0,35.7483,2.8404,2.3904,0.2046,5,WTR
8933.5,35.4203,2.9182,2.4112,0.2056,5,WTR
8934.0,34.1085,2.8121,2.402,0.2105,5,WTR
8934.5,32.7966,3.2603,2.4581,0.218,5,WTR
8935.0,43.9475,3.3999,2.5407,0.2302,0,Non-SST
8935.5,55.7542,3.3999,2.5755,0.2392,0,Non-SST
8936.0,69.5288,3.1287,2.5829,0.2741,0,Non-SST
8936.5,82.6475,2.539,2.5863,0.3046,0,Non-SST
8937.0,86.0729,2.4149,2.6016,0.3403,0,Non-SST
8937.5,82.939,2.4134,2.6153,0.3285,0,Non-SST
8938.0,81.8093,2.5326,2.6208,0.3225,0,Non-SST
8938.5,81.6636,2.6367,2.5921,0.2963,0,Non-SST
8939.0,79.3678,2.5326,2.543,0.2765,0,Non-SST
8939.5,67.561,2.6124,2.4913,0.2475,0,Non-SST
8940.0,46.5712,2.6469,2.422,0.2156,5,WTR
8940.5,28.861,2.6469,2.3757,0.1896,5,WTR
8941.0,25.5814,2.5704,2.3621,0.1732,5,WTR
8941.5,22.3017,2.4075,2.353,0.178,5,WTR
8942.0,20.8805,2.294,2.3422,0.1783,5,WTR
8942.5,20.1153,2.2289,2.3447,0.1788,5,WTR
8943.0,20.8805,2.296,2.3382,0.1707,5,WTR
8943.5,21.9737,2.3843,2.3552,0.1715,5,WTR
8944.0,22.3017,2.5342,2.3544,0.1689,5,WTR
8944.5,23.6136,2.6132,2.3526,0.172,5,WTR
8945.0,24.9254,2.3972,2.3381,0.1777,5,WTR
8945.5,22.6297,2.3742,2.3389,0.1889,5,WTR
8946.0,20.6619,2.3571,2.3372,0.1907,5,WTR
8946.5,19.35,2.3514,2.3333,0.1891,5,WTR
8947.0,19.022,2.3001,2.3234,0.1824,5,WTR
8947.5,18.0381,2.3001,2.3202,0.1808,5,WTR
8948.0,16.0703,2.1306,2.2666,0.1841,5,WTR
8948.5,15.0864,1.8944,2.2623,0.1834,5,WTR
8949.0,15.7424,1.7881,2.2661,0.1927,5,WTR
8949.5,17.0542,1.6409,2.2605,0.1945,5,WTR
8950.0,15.7424,1.6472,2.2407,0.2024,5,WTR
8950.5,14.4305,1.6072,2.2475,0.2027,5,WTR
8951.0,11.1508,1.6072,2.2441,0.1988,5,WTR
8951.5,9.511,1.5603,2.2462,0.197,5,WTR
8952.0,9.1831,1.5607,2.2422,0.1929,5,WTR
8952.5,9.511,1.573,2.2647,0.2008,5,WTR
8953.0,10.1669,1.61,2.2624,0.2037,5,WTR
8953.5,10.4949,1.6792,2.2604,0.2051,5,WTR
8954.0,12.1347,1.8567,2.2458,0.2062,5,WTR
8954.5,18.6941,2.0578,2.2958,0.2104,5,WTR
8955.0,30.1729,2.7604,2.349,0.2133,5,WTR
8955.5,35.4203,3.2277,2.4895,0.2115,5,WTR
8956.0,40.6678,3.3758,2.5988,0.2074,0,Non-SST
8956.5,44.6034,3.3758,2.6345,0.2076,0,Non-SST
8957.0,50.5068,3.8654,2.6208,0.2168,0,Non-SST
8957.5,61.0017,3.7334,2.6026,0.2415,0,Non-SST
8958.0,74.1203,3.4954,2.5597,0.2859,0,Non-SST
8958.5,85.2712,3.2672,2.5275,0.321,0,Non-SST
8959.0,92.4864,3.3854,2.4999,0.3525,0,Non-SST
8959.5,97.4059,2.9829,2.4463,0.3667,0,Non-SST
8960.0,102.3254,3.1023,2.4109,0.4103,0,Non-SST
8960.5,96.422,4.0949,2.384,0.4586,0,Non-SST
8961.0,90.5186,2.8028,2.2481,0.4857,0,Non-SST
8961.5,90.1907,3.7518,2.1327,0.4882,0,Non-SST
8962.0,91.1746,3.7518,2.1116,0.5034,0,Non-SST
8962.5,100.3576,5.3676,2.2119,0.5275,0,Non-SST
8963.0,118.0678,3.4752,2.3507,0.5267,0,Non-SST
8963.5,130.8585,3.1097,2.3899,0.5077,0,Non-SST
8964.0,130.8585,3.8269,2.2125,0.4786,0,Non-SST
8964.5,121.0195,4.1629,2.0638,0.4638,0,Non-SST
8965.0,105.9331,4.7764,2.0144,0.4703,0,Non-SST
8965.5,90.5186,5.8032,2.1377,0.5045,0,Non-SST
8966.0,88.5508,3.4329,2.3009,0.4431,0,Non-SST
8966.5,86.5831,3.4182,2.5504,0.3717,0,Non-SST
8967.0,73.1364,3.4182,2.549,0.2981,0,Non-SST
8967.5,60.3458,3.9196,2.5215,0.2746,0,Non-SST
8968.0,54.1144,4.0608,2.4838,0.258,0,Non-SST
8968.5,60.6737,3.4777,2.4852,0.2583,0,Non-SST
8969.0,70.5127,3.5467,2.491,0.2632,0,Non-SST
8969.5,66.9051,3.7675,2.502,0.2595,0,Non-SST
8970.0,52.8025,3.7804,2.4903,0.2321,0,Non-SST
8970.5,39.3559,3.6287,2.4779,0.2046,5,WTR
8971.0,38.7,3.377,2.4362,0.1913,5,WTR
8971.5,38.0441,3.1213,2.4154,0.1902,5,WTR
8972.0,35.4203,2.8605,2.4113,0.1895,5,WTR
8972.5,33.1246,2.8605,2.4254,0.1876,5,WTR
8973.0,35.0924,2.813,2.4439,0.1986,5,WTR
8973.5,46.8992,3.0365,2.481,0.2114,5,WTR
8974.0,64.2814,3.4702,2.5398,0.2362,0,Non-SST
8974.5,74.1203,3.2981,2.5565,0.2425,0,Non-SST
8975.0,72.1525,3.3366,2.5982,0.2499,0,Non-SST
8975.5,65.5932,3.6153,2.5922,0.2363,0,Non-SST
8976.0,59.0339,3.6957,2.5856,0.2167,0,Non-SST
8976.5,58.378,3.6033,2.5657,0.2049,0,Non-SST
8977.0,57.722,3.548,2.5533,0.2001,0,Non-SST
8977.5,46.8992,3.548,2.5177,0.1981,0,Non-SST
8978.0,39.028,3.6477,2.4656,0.1914,5,WTR
8978.5,36.7322,3.3902,2.4534,0.184,5,WTR
8979.0,38.7,3.3155,2.4547,0.1803,5,WTR
8979.5,40.0119,3.3963,2.4992,0.1805,5,WTR
8980.0,40.3398,3.539,2.5248,0.1815,0,Non-SST
8980.5,41.6517,3.6395,2.5459,0.185,0,Non-SST
8981.0,44.6034,3.6999,2.5407,0.1871,0,Non-SST
8981.5,45.9153,3.7448,2.5474,0.1881,0,Non-SST
8982.0,47.2271,3.503,2.5308,0.1907,0,Non-SST
8982.5,45.5873,3.1619,2.5071,0.1932,5,WTR
8983.0,43.6195,3.1619,2.4686,0.1956,5,WTR
8983.5,41.9797,3.0214,2.4468,0.1992,5,WTR
8984.0,40.6678,3.0054,2.432,0.2028,5,WTR
8984.5,40.0119,2.7235,2.4602,0.2097,5,WTR
8985.0,41.9797,2.8955,2.4868,0.2085,5,WTR
8985.5,46.2432,3.3039,2.5286,0.2058,0,Non-SST
8986.0,49.8508,3.7647,2.5295,0.2009,0,Non-SST
8986.5,52.4746,3.8402,2.5259,0.2035,0,Non-SST
8987.0,51.1627,3.9534,2.5297,0.2009,0,Non-SST
8987.5,49.8508,4.1696,2.5345,0.2035,0,Non-SST
8988.0,54.4424,4.1696,2.5657,,0,Non-SST
8988.5,61.0017,4.3418,2.5964,,0,Non-SST
8989.0,64.6093,4.5103,2.6145,,0,Non-SST
8989.5,62.6415,4.5507,2.5727,,0,Non-SST
8990.0,57.3941,4.3944,,,1,Gas
8990.5,52.4746,4.2831,,,1,Gas
8991.0,48.539,4.0495,,,1,Gas
8991.5,44.2754,3.8773,,,1,Gas
8992.0,39.3559,3.8007,,,1,Gas
8992.5,41.3237,3.7978,,,1,Gas
8993.0,43.2915,3.8269,,,1,Gas
8993.5,43.9475,3.8269,,,1,Gas
8994.0,49.5229,4.0018,,,1,Gas
8994.5,55.0983,4.1361,,,1,Gas
8995.0,58.378,4.2814,,,0,Non-SST
8995.5,59.3619,4.3944,,,0,Non-SST
8996.0,59.3619,4.3962,,,0,Non-SST
8996.5,61.6576,4.2761,,,0,Non-SST
8997.0,65.5932,4.2223,,,0,Non-SST
8997.5,64.9373,4.195,,,0,Non-SST
8998.0,64.2814,4.3436,,,0,Non-SST
8998.5,66.2491,4.2001,,,0,Non-SST
8999.0,68.2169,4.2001,,,0,Non-SST
8999.5,70.8407,4.0624,,,0,Non-SST
9000.0,71.8246,3.9955,,,0,Non-SST
9000.5,72.4805,3.718,,,0,Non-SST
9001.0,73.7924,3.326,,,0,Non-SST
9001.5,74.4483,3.1255,,,0,Non-SST
9002.0,75.4322,3.0961,,,0,Non-SST
9002.5,74.7763,3.2066,,,0,Non-SST
9003.0,76.7441,3.0517,,,0,Non-SST
9003.5,78.7119,3.1565,,,0,Non-SST
9004.0,77.4,3.1565,,,0,Non-SST
9004.5,78.0559,2.9798,,,0,Non-SST
9005.0,78.7119,3.0753,,,0,Non-SST
9005.5,79.0398,2.7316,,,0,Non-SST
9006.0,79.0398,2.6266,,,0,Non-SST
9006.5,78.3839,2.5271,,,0,Non-SST
9007.0,79.3678,2.385,,,0,Non-SST
9007.5,82.3195,2.195,,,0,Non-SST
9008.0,85.2712,2.0646,,,0,Non-SST
9008.5,85.2712,2.0189,,,0,Non-SST
9009.0,85.2712,1.9856,,,0,Non-SST
9009.5,81.3356,1.9856,,,0,Non-SST
9010.0,77.4,1.9895,,,0,Non-SST
9010.5,77.728,1.9543,,,0,Non-SST
9011.0,80.3517,1.9985,,,0,Non-SST
9011.5,81.3356,2.039,,,0,Non-SST
9012.0,83.6313,2.2584,,,0,Non-SST
9012.5,87.239,2.1055,,,0,Non-SST
9013.0,85.9271,2.1073,,,0,Non-SST
9013.5,80.0237,2.0013,,,0,Non-SST
9014.0,79.3678,1.9349,,,0,Non-SST
9014.5,78.7119,1.9179,,,0,Non-SST
9015.0,85.2712,1.9179,,,0,Non-SST
9015.5,87.5669,1.9413,,,0,Non-SST
9016.0,86.5831,1.8739,,,0,Non-SST
9016.5,86.911,1.9851,,,0,Non-SST
9017.0,87.8949,1.9625,,,0,Non-SST
9017.5,86.2551,1.9532,,,0,Non-SST
9018.0,84.6152,1.8522,,,0,Non-SST
9018.5,86.5831,1.9867,,,0,Non-SST
9019.0,87.8949,1.8408,,,0,Non-SST
9019.5,89.2068,1.7675,,,0,Non-SST
9020.0,84.2873,1.7675,,,0,Non-SST
9020.5,86.911,1.9537,,,0,Non-SST
9021.0,90.8466,2.1198,,,0,Non-SST
9021.5,91.8305,2.1085,,,0,Non-SST
9022.0,91.8305,2.5216,,,0,Non-SST
9022.5,93.1424,2.9123,,,0,Non-SST
9023.0,96.422,3.4109,,,0,Non-SST
9023.5,99.7017,4.6533,,,0,Non-SST
9024.0,102.3254,6.8552,,,0,Non-SST
9024.5,89.8627,8.4453,,,0,Non-SST
9025.0,77.4,9.5828,,,0,Non-SST
9025.5,63.6254,9.5828,,,1,Gas
9026.0,64.6093,9.3927,,,1,Gas
9026.5,76.4161,4.7743,,,0,Non-SST
9027.0,87.8949,3.3975,,,0,Non-SST
9027.5,95.7661,4.2189,,,0,Non-SST
9028.0,99.3737,3.5637,,,0,Non-SST
9028.5,95.7661,3.8639,,,0,Non-SST
9029.0,86.5831,3.1266,,,0,Non-SST
9029.5,83.9593,3.0702,,,0,Non-SST
9030.0,81.3356,2.7477,,,0,Non-SST
9030.5,83.7953,2.7477,,,0,Non-SST
9031.0,82.5655,2.0356,,,0,Non-SST
9031.5,81.6636,2.1937,,,0,Non-SST
9032.0,85.2712,1.9934,,,0,Non-SST
9032.5,94.4542,2.0435,,,0,Non-SST
9033.0,97.078,1.9951,,,0,Non-SST
9033.5,99.7017,2.3035,,,0,Non-SST
9034.0,99.7017,2.5454,,,0,Non-SST
9034.5,91.8305,2.5785,,,0,Non-SST
9035.0,84.9432,2.8074,,,0,Non-SST
9035.5,84.2873,2.7833,,,0,Non-SST
9036.0,80.3517,2.7833,,,0,Non-SST
9036.5,75.4322,2.1563,,,0,Non-SST
9037.0,78.0559,2.32,,,0,Non-SST
9037.5,82.9754,2.3465,,,0,Non-SST
9038.0,85.2712,2.2578,,,0,Non-SST
9038.5,87.8949,2.4171,,,0,Non-SST
9039.0,90.5186,2.551,,,0,Non-SST
9039.5,97.4059,2.551,,,0,Non-SST
9040.0,97.078,2.8121,,,0,Non-SST
9040.5,81.9915,3.9658,,,0,Non-SST
9041.0,56.0822,10.185,,,1,Gas
9041.5,31.8127,14.9188,,,1,Gas
9042.0,19.022,17.5539,,,1,Gas
9042.5,19.35,11.9028,,,1,Gas
9043.0,26.8932,10.2948,,,1,Gas
9043.5,38.7,8.7324,,,1,Gas
9044.0,55.0983,10.7127,,,1,Gas
9044.5,63.6254,1.4088,,,0,Non-SST
9045.0,72.1525,1.4088,,,0,Non-SST
9045.5,63.6254,4.2639,,,0,Non-SST
9046.0,56.4102,4.8228,,,0,Non-SST
9046.5,50.1788,4.704,,,1,Gas
9047.0,46.8992,4.2018,,,1,Gas
9047.5,47.5551,4.3346,,,1,Gas
9048.0,50.8347,4.4724,,,1,Gas
9048.5,58.378,4.4424,,,0,Non-SST
9049.0,67.233,4.2275,,,0,Non-SST
9049.5,72.1525,4.0303,,,0,Non-SST
9050.0,70.8407,3.9457,,,0,Non-SST
9050.5,69.5288,3.7747,,,0,Non-SST
9051.0,52.8025,3.7747,,,0,Non-SST
9051.5,34.7644,3.1298,,,1,Gas
9052.0,23.6136,2.7686,,,1,Gas
9052.5,22.3017,2.6675,,,1,Gas
9053.0,24.9254,2.8404,,,1,Gas
9053.5,27.5492,3.1383,,,1,Gas
9054.0,32.1407,3.4727,,,1,Gas
9054.5,40.3398,3.9971,,,1,Gas
9055.0,51.1627,4.1797,,,1,Gas
9055.5,54.4424,4.3562,,,1,Gas
9056.0,57.722,4.4668,,,0,Non-SST
9056.5,56.0822,4.4668,,,0,Non-SST
9057.0,60.0178,4.518,,,0,Non-SST
9057.5,63.9534,4.4091,,,0,Non-SST
9058.0,59.6898,4.1662,,,0,Non-SST
9058.5,50.8347,3.9303,,,1,Gas
9059.0,46.2432,3.5689,,,1,Gas
9059.5,45.5873,3.4627,,,1,Gas
9060.0,40.9958,3.0982,,,1,Gas
9060.5,31.4847,2.7925,,,1,Gas
9061.0,30.8288,2.6132,,,1,Gas
9061.5,30.1729,2.4865,,,1,Gas
9062.0,30.8288,2.4865,,,1,Gas
9062.5,27.2212,2.3864,,,1,Gas
9063.0,21.3178,2.1204,,,5,WTR
9063.5,17.0542,2.1061,,,1,Gas
9064.0,16.3983,2.0762,,,5,WTR
9064.5,18.6941,2.1282,,,5,WTR
9065.0,21.9737,2.3706,,,5,WTR
9065.5,24.9254,2.6657,,,1,Gas
9066.0,28.2051,2.9282,,,1,Gas
9066.5,31.4847,3.4627,,,1,Gas
9067.0,41.3237,3.4627,,,1,Gas
9067.5,43.2915,3.6422,,,1,Gas
9068.0,40.9958,3.7334,,,1,Gas
9068.5,40.0119,3.8021,,,1,Gas
9069.0,41.9797,3.9303,,,1,Gas
9069.5,48.539,4.0018,,,1,Gas
9070.0,56.4102,4.0415,,,0,Non-SST
9070.5,61.9856,4.1262,,,0,Non-SST
9071.0,66.9051,4.2499,,,0,Non-SST
9071.5,66.2491,4.212,,,0,Non-SST
9072.0,65.5932,4.3025,,,0,Non-SST
9072.5,65.5932,4.3025,,,0,Non-SST
9073.0,,4.4054,,,1,Gas
9073.5,,4.4762,,,1,Gas
9074.0,,4.5257,,,1,Gas
9074.5,,4.463,,,1,Gas
9075.0,,4.2001,,,1,Gas
9075.5,,4.1444,,,1,Gas
9076.0,,4.0737,,,1,Gas
9076.5,,3.855,,,1,Gas
9077.0,,3.6086,,,1,Gas
9077.5,,3.6086,,,1,Gas
9078.0,,3.3987,,,1,Gas
9078.5,,3.3794,,,1,Gas
