DEPTH,GR,RT,RHOB,NPHI,PREDICTION,LABEL
5830.0,58.0885,2.2236,1.74,0.4773,0,Non-SST
5830.5,50.1255,2.275,1.745,0.4819,0,Non-SST
5831.0,42.1626,2.3263,1.75,0.3723,5,WTR
5831.5,48.0836,2.2281,1.94,0.2978,5,WTR
5832.0,49.8639,2.1298,2.13,0.3014,5,WTR
5832.5,51.6442,2.0316,2.32,0.3051,5,WTR
5833.0,51.6442,1.9439,2.35,0.3087,5,WTR
5833.5,51.6442,1.8562,2.38,0.2865,5,WTR
5834.0,54.4338,1.8562,2.3667,0.2695,5,WTR
5834.5,57.2235,1.8562,2.3533,0.2791,5,WTR
5835.0,57.2235,1.8562,2.34,0.2887,5,WTR
5835.5,57.2235,1.8562,2.345,0.2983,5,WTR
5836.0,57.2235,1.8562,2.35,0.2946,5,WTR
5836.5,56.2777,1.8991,2.3433,0.2916,5,WTR
5837.0,55.3319,1.9419,2.3367,0.2882,5,WTR
5837.5,54.1027,1.9718,2.33,0.2848,5,WTR
5838.0,52.8734,2.0017,2.355,0.2813,5,WTR
5838.5,51.6442,2.0316,2.38,0.2647,5,WTR
5839.0,53.488,2.1657,2.465,0.2443,0,Non-SST
5839.5,55.3319,2.2997,2.55,0.2391,0,Non-SST
5840.0,58.5905,2.4337,2.4967,0.234,0,Non-SST
5840.5,61.849,2.4337,2.4433,0.2288,0,Non-SST
5841.0,65.1076,2.4337,2.39,0.2543,0,Non-SST
5841.5,58.3759,2.2997,2.38,0.2688,5,WTR
5842.0,51.6442,2.1657,2.37,0.2772,5,WTR
5842.5,56.3731,2.0316,2.3867,0.2857,5,WTR
5843.0,61.1019,1.9439,2.4033,0.2941,0,Non-SST
5843.5,63.1207,1.8562,2.42,0.2698,0,Non-SST
5844.0,65.1394,1.8562,2.41,0.2524,0,Non-SST
5844.5,67.1581,1.8562,2.4,0.2667,0,Non-SST
5845.0,70.3292,1.8562,2.39,0.281,0,Non-SST
5845.5,73.5004,1.8562,2.4,0.2954,0,Non-SST
5846.0,72.0804,1.8562,2.41,0.2976,0,Non-SST
5846.5,70.6604,1.8028,2.4067,0.3011,0,Non-SST
5847.0,69.2404,1.7494,2.4033,0.3107,0,Non-SST
5847.5,71.3863,1.696,2.4,0.3219,0,Non-SST
5848.0,73.5322,1.7351,2.4,0.3251,0,Non-SST
5848.5,75.678,1.7743,2.4,0.3283,0,Non-SST
5849.0,71.4181,1.7351,2.4167,0.3314,0,Non-SST
5849.5,67.1581,1.696,2.4333,0.3279,0,Non-SST
5850.0,69.2722,1.7779,2.45,0.3185,0,Non-SST
5850.5,71.3863,1.8599,2.435,0.3185,0,Non-SST
5851.0,73.5004,1.9419,2.42,0.3184,0,Non-SST
5851.5,67.3012,1.7815,2.41,0.3183,0,Non-SST
5852.0,61.1019,1.6211,2.4,0.3368,0,Non-SST
5852.5,65.9606,1.6211,2.4067,0.3558,0,Non-SST
5853.0,70.8193,1.6211,2.4133,0.3481,0,Non-SST
5853.5,75.678,1.6211,2.42,0.3405,0,Non-SST
5854.0,74.5892,1.6977,2.415,0.3328,0,Non-SST
5854.5,73.5004,1.7743,2.41,0.3202,0,Non-SST
5855.0,74.5892,1.7351,2.42,0.308,0,Non-SST
5855.5,75.678,1.696,2.43,0.3212,0,Non-SST
5856.0,73.5322,1.722,2.44,0.3317,0,Non-SST
5856.5,71.3863,1.7482,2.395,0.3197,0,Non-SST
5857.0,69.2404,1.7743,2.35,0.3076,0,Non-SST
5857.5,62.2862,1.8152,2.38,0.2956,0,Non-SST
5858.0,55.3319,1.8562,2.41,0.2687,5,WTR
5858.5,52.9158,1.9147,2.44,0.238,0,Non-SST
5859.0,50.4997,1.9732,2.4,0.2488,5,WTR
5859.5,48.0836,2.0316,2.36,0.2594,5,WTR
5860.0,54.5928,1.903,2.365,0.2702,5,WTR
5860.5,61.1019,1.7743,2.37,0.3044,0,Non-SST
5861.0,63.8148,1.6766,2.3733,0.3473,0,Non-SST
5861.5,66.5276,1.5788,2.3767,0.3473,0,Non-SST
5862.0,69.2404,1.4811,2.38,0.3473,0,Non-SST
5862.5,71.3704,1.4484,2.38,0.3472,0,Non-SST
5863.0,73.5004,1.4157,2.38,0.3288,0,Non-SST
5863.5,74.5892,1.4842,2.3767,0.312,0,Non-SST
5864.0,75.678,1.5526,2.3733,0.3237,0,Non-SST
5864.5,73.5322,1.6211,2.37,0.3354,0,Non-SST
5865.0,71.3863,1.6211,2.36,0.3471,0,Non-SST
5865.5,69.2404,1.6211,2.35,0.3286,0,Non-SST
5866.0,66.1646,1.646,2.35,0.3107,0,Non-SST
5866.5,63.0889,1.671,2.35,0.2946,0,Non-SST
5867.0,60.5032,1.696,2.35,0.2798,0,Non-SST
5867.5,57.9176,1.696,2.335,0.2879,5,WTR
5868.0,55.3319,1.696,2.32,0.296,5,WTR
5868.5,50.8415,1.696,2.3133,0.3041,5,WTR
5869.0,46.351,1.696,2.3067,0.2978,5,WTR
5869.5,46.9285,1.696,2.3,0.2938,5,WTR
5870.0,47.5061,1.696,2.29,0.293,5,WTR
5870.5,48.0836,1.696,2.28,0.2922,5,WTR
5871.0,43.9111,1.5618,2.2533,0.2915,5,WTR
5871.5,39.7385,1.4276,2.2267,0.2986,5,WTR
5872.0,38.7,1.2935,2.2,0.3057,5,WTR
5872.5,37.6615,1.2649,2.21,0.3129,5,WTR
5873.0,36.623,1.2364,2.22,0.3085,5,WTR
5873.5,44.1336,1.318,2.29,0.2976,5,WTR
5874.0,51.6442,1.3995,2.36,0.31,5,WTR
5874.5,61.139,1.4811,2.3733,0.3224,0,Non-SST
5875.0,70.6339,1.5153,2.3867,0.3348,0,Non-SST
5875.5,80.1288,1.5495,2.4,0.3514,0,Non-SST
5876.0,82.4177,1.5495,2.4,0.3504,0,Non-SST
5876.5,84.7066,1.5495,2.4,0.348,0,Non-SST
5877.0,82.4177,1.5495,2.39,0.3483,0,Non-SST
5877.5,80.1288,1.5495,2.38,0.368,0,Non-SST
5878.0,82.4336,1.5495,2.37,0.3789,0,Non-SST
5878.5,84.7384,1.5495,2.3767,0.3897,0,Non-SST
5879.0,87.0433,1.5853,2.3833,0.4005,0,Non-SST
5879.5,85.8749,1.6211,2.39,0.393,0,Non-SST
5880.0,84.7066,1.6211,2.385,0.3893,0,Non-SST
5880.5,85.4855,1.6211,2.38,0.387,0,Non-SST
5881.0,86.2644,1.6211,2.39,0.3846,0,Non-SST
5881.5,87.0433,1.6211,2.4,0.3822,0,Non-SST
5882.0,76.4728,1.6211,2.41,0.3437,0,Non-SST
5882.5,65.9024,1.6211,2.305,0.3285,0,Non-SST
5883.0,55.3319,1.6211,2.185,0.3252,5,WTR
5883.5,43.0527,1.6211,2.185,0.3086,5,WTR
5884.0,30.7735,1.4287,2.15,0.2999,5,WTR
5884.5,28.1667,1.2364,2.13,0.2912,5,WTR
5885.0,25.5598,1.1581,2.1233,0.2824,5,WTR
5885.5,22.953,1.0798,2.1167,0.2973,5,WTR
5886.0,21.7767,1.0487,2.11,0.3159,5,WTR
5886.5,20.6005,1.0176,2.13,0.3148,5,WTR
5887.0,18.3857,0.9865,2.15,0.3136,5,WTR
5887.5,17.3313,0.9865,2.135,0.3125,5,WTR
5888.0,16.2769,0.9865,2.12,0.3076,5,WTR
5888.5,15.3073,0.972,2.12,0.3012,5,WTR
5889.0,14.3377,0.9575,2.12,0.3022,5,WTR
5889.5,13.368,0.943,2.12,0.3031,5,WTR
5890.0,13.837,0.943,2.12,0.3041,5,WTR
5890.5,14.3059,0.943,2.12,0.3041,5,WTR
5891.0,15.6623,0.9575,2.12,0.3041,5,WTR
5891.5,17.0187,0.972,2.12,0.3142,5,WTR
5892.0,18.3751,0.9865,2.12,0.3243,5,WTR
5892.5,15.8716,0.9865,2.145,0.3345,5,WTR
5893.0,13.368,0.9865,2.17,0.3176,5,WTR
5893.5,13.837,1.0176,2.1833,0.3007,5,WTR
5894.0,14.3059,1.0487,2.1967,0.2838,5,WTR
5894.5,14.9629,1.0798,2.21,0.2884,5,WTR
5895.0,15.6199,1.1138,2.19,0.293,5,WTR
5895.5,16.2769,1.1478,2.17,0.2976,5,WTR
5896.0,15.7762,1.1818,2.18,0.2948,5,WTR
5896.5,15.2755,1.1644,2.19,0.2921,5,WTR
5897.0,17.8347,1.147,2.2,0.2894,5,WTR
5897.5,20.3938,1.1296,2.21,0.2939,5,WTR
5898.0,22.953,1.225,2.22,0.2985,5,WTR
5898.5,30.5589,1.3204,2.26,0.303,5,WTR
5899.0,38.1649,1.4157,2.3,0.2991,5,WTR
5899.5,38.1649,1.4842,2.34,0.2953,5,WTR
5900.0,38.1649,1.5526,2.3333,0.2914,5,WTR
5900.5,38.1649,1.6211,2.3267,0.2932,5,WTR
5901.0,38.1649,1.6721,2.32,0.2951,5,WTR
5901.5,38.1649,1.7232,2.33,0.2969,5,WTR
5902.0,38.1649,1.7743,2.34,0.285,5,WTR
5902.5,38.1649,1.7482,2.35,0.2708,5,WTR
5903.0,38.1649,1.722,2.3433,0.2804,5,WTR
5903.5,40.3266,1.696,2.3367,0.2908,5,WTR
5904.0,42.4884,1.6585,2.33,0.3076,5,WTR
5904.5,44.6502,1.6211,2.32,0.3248,5,WTR
5905.0,45.5006,1.5511,2.31,0.3123,5,WTR
5905.5,46.351,1.4811,2.2833,0.2996,5,WTR
5906.0,43.6223,1.4484,2.2567,0.3041,5,WTR
5906.5,40.8936,1.4157,2.23,0.3086,5,WTR
5907.0,38.1649,1.3546,2.23,0.3131,5,WTR
5907.5,37.1476,1.2935,2.23,0.3266,5,WTR
5908.0,36.1303,1.2389,2.23,0.3411,5,WTR
5908.5,35.1129,1.1843,2.2033,0.3404,5,WTR
5909.0,34.138,1.1296,2.1767,0.3398,5,WTR
5909.5,33.1631,1.1296,2.15,0.3392,5,WTR
5910.0,32.1882,1.1296,2.16,0.3343,5,WTR
5910.5,36.9091,1.147,2.17,0.3295,5,WTR
5911.0,41.6301,1.1644,2.235,0.3124,5,WTR
5911.5,46.351,1.1818,2.3,0.2952,5,WTR
5912.0,47.5167,1.2598,2.29,0.2781,5,WTR
5912.5,48.6823,1.3378,2.28,0.2851,5,WTR
5913.0,49.848,1.4157,2.305,0.2922,5,WTR
5913.5,53.5357,1.4375,2.33,0.2992,5,WTR
5914.0,57.2235,1.4593,2.3,0.3005,5,WTR
5914.5,56.2777,1.4811,2.27,0.3019,5,WTR
5915.0,55.3319,1.3873,2.24,0.3032,5,WTR
5915.5,54.402,1.2935,2.32,0.3047,5,WTR
5916.0,53.4721,1.356,2.4,0.3061,0,Non-SST
5916.5,54.7226,1.4186,2.38,0.3076,5,WTR
5917.0,55.973,1.4811,2.36,0.3091,5,WTR
5917.5,57.2235,1.4811,2.34,0.3106,5,WTR
5918.0,47.6942,1.4811,2.32,0.312,5,WTR
5918.5,38.1649,1.4811,2.3,0.3205,5,WTR
5919.0,33.1022,1.4593,2.28,0.329,5,WTR
5919.5,28.0395,1.4375,2.2633,0.3375,5,WTR
5920.0,28.9508,1.4157,2.2467,0.3197,5,WTR
5920.5,29.8622,1.3559,2.23,0.309,5,WTR
5921.0,30.7735,1.2962,2.24,0.3123,5,WTR
5921.5,33.7618,1.2364,2.25,0.3156,5,WTR
5922.0,36.7502,1.2364,2.26,0.3135,5,WTR
5922.5,39.7385,1.2364,2.24,0.3114,5,WTR
5923.0,40.2737,1.2649,2.22,0.3092,5,WTR
5923.5,40.8088,1.2935,2.2,0.3025,5,WTR
5924.0,41.344,1.3134,2.2233,0.2957,5,WTR
5924.5,40.2843,1.3333,2.2467,0.2889,5,WTR
5925.0,39.2246,1.3532,2.27,0.2796,5,WTR
5925.5,38.1649,1.4187,2.29,0.2703,5,WTR
5926.0,43.2673,1.4841,2.31,0.261,5,WTR
5926.5,48.3697,1.5495,2.33,0.2695,5,WTR
5927.0,53.4721,1.5495,2.325,0.2779,5,WTR
5927.5,54.0921,1.5495,2.32,0.2864,5,WTR
5928.0,54.712,1.5495,2.305,0.2889,5,WTR
5928.5,55.3319,1.5495,2.29,0.2914,5,WTR
5929.0,59.2104,1.5495,2.3133,0.2939,5,WTR
5929.5,63.0889,1.5495,2.3367,0.297,0,Non-SST
5930.0,61.1337,1.5734,2.36,0.2926,0,Non-SST
5930.5,59.1786,1.5972,2.34,0.3011,5,WTR
5931.0,57.2235,1.6211,2.32,0.3095,5,WTR
5931.5,53.5357,1.5972,2.3,0.318,5,WTR
5932.0,49.848,1.5734,2.28,0.3227,5,WTR
5932.5,44.4436,1.5495,2.26,0.3274,5,WTR
5933.0,39.0391,1.4841,2.24,0.3321,5,WTR
5933.5,33.6347,1.4187,2.25,0.3231,5,WTR
5934.0,36.6866,1.3532,2.26,0.3141,5,WTR
5934.5,39.7385,1.3532,2.25,0.3052,5,WTR
5935.0,38.7,1.3532,2.24,0.3055,5,WTR
5935.5,37.6615,1.3532,2.23,0.3058,5,WTR
5936.0,36.623,1.3532,2.2267,0.3062,5,WTR
5936.5,36.1197,1.3532,2.2233,0.3095,5,WTR
5937.0,35.6163,1.4425,2.22,0.3129,5,WTR
5937.5,35.1129,1.5318,2.2333,0.3163,5,WTR
5938.0,34.138,1.6211,2.2467,0.3032,5,WTR
5938.5,33.1631,1.8219,2.26,0.2901,5,WTR
5939.0,32.1882,2.0228,2.3467,0.277,5,WTR
5939.5,36.9091,2.2236,2.4333,0.256,0,Non-SST
5940.0,41.6301,2.4113,2.52,0.235,0,Non-SST
5940.5,46.351,2.599,2.47,0.214,0,Non-SST
5941.0,45.2277,2.7868,2.42,0.2331,0,Non-SST
5941.5,44.1045,2.8296,2.37,0.2521,5,WTR
5942.0,42.9812,2.8726,2.36,0.2712,5,WTR
5942.5,46.4782,2.9155,2.35,0.286,5,WTR
5943.0,49.9752,2.6208,2.34,0.3007,5,WTR
5943.5,53.4721,2.3262,2.3,0.3155,5,WTR
5944.0,50.5315,2.0316,2.26,0.327,5,WTR
5944.5,47.5909,1.862,2.22,0.3385,5,WTR
5945.0,44.6502,1.6924,2.25,0.35,5,WTR
5945.5,44.0939,1.5228,2.28,0.3431,5,WTR
5946.0,43.5375,1.3532,2.31,0.3362,5,WTR
5946.5,42.9812,1.3532,2.2967,0.3293,5,WTR
5947.0,38.0006,1.3532,2.2833,0.3325,5,WTR
5947.5,33.0201,1.3532,2.27,0.3357,5,WTR
5948.0,28.0395,1.3532,2.2367,0.3389,5,WTR
5948.5,28.0395,1.3532,2.2033,0.3527,5,WTR
5949.0,28.0395,1.3333,2.17,0.3665,5,WTR
5949.5,28.0395,1.3134,2.18,0.3803,5,WTR
5950.0,31.5762,1.2935,2.19,0.3628,5,WTR
5950.5,35.1129,1.3134,2.1925,0.3453,5,WTR
5951.0,36.1303,1.3333,2.195,0.3279,5,WTR
5951.5,37.1476,1.3532,2.1975,0.3208,5,WTR
5952.0,38.1649,1.6776,2.2,0.3136,5,WTR
5952.5,40.8936,2.002,2.2667,0.3065,5,WTR
5953.0,43.6223,2.3263,2.3333,0.2875,5,WTR
5953.5,46.351,2.2594,2.4,0.2685,5,WTR
5954.0,45.0993,2.1924,2.34,0.2494,5,WTR
5954.5,43.8475,2.1254,2.28,0.2823,5,WTR
5955.0,42.5957,2.0084,2.22,0.3153,5,WTR
5955.5,41.344,1.8913,2.26,0.3482,5,WTR
5956.0,39.7703,1.7743,2.3,0.3167,5,WTR
5956.5,38.1967,2.1118,2.34,0.2852,5,WTR
5957.0,36.623,2.4493,2.3367,0.2537,5,WTR
5957.5,41.0313,2.7868,2.3333,0.2522,5,WTR
5958.0,45.4397,2.6333,2.33,0.2507,5,WTR
5958.5,49.848,2.4798,2.3333,0.2492,5,WTR
5959.0,51.056,2.3263,2.3367,0.2568,5,WTR
5959.5,52.2641,2.1696,2.34,0.2644,5,WTR
5960.0,53.4721,2.0129,2.34,0.272,5,WTR
5960.5,53.4721,1.8562,2.34,0.2739,5,WTR
5961.0,53.4721,1.8562,2.34,0.2758,5,WTR
5961.5,53.4721,1.8562,2.34,0.2777,5,WTR
5962.0,54.402,1.8562,2.34,0.2748,5,WTR
5962.5,55.3319,1.8028,2.34,0.272,5,WTR
5963.0,57.2553,1.7494,2.3433,0.2736,5,WTR
5963.5,59.1786,1.696,2.3467,0.2751,5,WTR
5964.0,61.1019,1.722,2.35,0.2767,0,Non-SST
5964.5,62.1034,1.7482,2.34,0.2807,5,WTR
5965.0,63.1048,1.7743,2.33,0.2848,5,WTR
5965.5,64.1062,1.7743,2.3333,0.2888,5,WTR
5966.0,65.1076,1.7743,2.3367,0.2877,0,Non-SST
5966.5,60.2197,1.7743,2.34,0.28,5,WTR
5967.0,55.3319,1.7351,2.3533,0.2714,5,WTR
5967.5,57.9176,1.696,2.3667,0.2921,5,WTR
5968.0,60.5032,1.6211,2.38,0.2918,0,Non-SST
5968.5,63.0889,1.6211,2.36,0.3013,0,Non-SST
5969.0,62.4266,1.6211,2.34,0.283,0,Non-SST
5969.5,61.7643,1.5853,2.32,0.2952,5,WTR
5970.0,61.1019,1.5495,2.33,0.3075,0,Non-SST
5970.5,59.8091,1.5495,2.34,0.2987,0,Non-SST
5971.0,58.5163,1.5495,2.35,0.2955,5,WTR
5971.5,57.2235,1.5495,2.36,0.3051,0,Non-SST
5972.0,53.0324,1.5495,2.37,0.3071,5,WTR
5972.5,48.8413,1.5853,2.38,0.2979,5,WTR
5973.0,44.6502,1.6211,2.34,0.283,5,WTR
5973.5,47.5909,1.9419,2.3,0.2863,5,WTR
5974.0,50.5315,1.8599,2.325,0.2829,5,WTR
5974.5,53.4721,1.7779,2.315,0.2787,5,WTR
5975.0,53.4721,1.696,2.315,0.2734,5,WTR
5975.5,53.4721,1.696,2.295,0.2753,5,WTR
5976.0,53.4721,1.696,2.31,0.2738,5,WTR
5976.5,49.9116,1.696,2.32,0.2901,5,WTR
5977.0,46.351,1.696,2.305,0.311,5,WTR
5977.5,50.8415,1.6585,2.305,0.3042,5,WTR
5978.0,55.3319,1.6211,2.3133,0.2975,5,WTR
5978.5,55.3319,1.6211,2.3217,0.2908,5,WTR
5979.0,55.3319,1.6211,2.33,0.291,5,WTR
5979.5,55.3319,1.5972,2.3,0.297,5,WTR
5980.0,54.402,1.5734,2.27,0.3195,5,WTR
5980.5,53.4721,1.5495,2.295,0.3379,5,WTR
5981.0,53.4801,1.5495,2.32,0.3389,5,WTR
5981.5,53.488,1.5495,2.275,0.3399,5,WTR
5982.0,48.0836,1.6227,2.23,0.3408,5,WTR
5982.5,51.6442,1.696,2.315,0.3198,5,WTR
5983.0,58.3759,1.7779,2.4,0.3004,0,Non-SST
5983.5,65.1076,1.8599,2.38,0.2941,0,Non-SST
5984.0,66.1328,1.9419,2.36,0.2878,0,Non-SST
5984.5,67.1581,1.9868,2.365,0.2815,0,Non-SST
5985.0,68.1992,2.0316,2.37,0.281,0,Non-SST
5985.5,69.2404,2.0017,2.38,0.281,0,Non-SST
5986.0,68.1992,1.9718,2.39,0.2816,0,Non-SST
5986.5,67.1581,1.9419,2.4,0.2822,0,Non-SST
5987.0,68.1992,1.8991,2.39,0.2827,0,Non-SST
5987.5,69.2404,1.8562,2.38,0.2867,0,Non-SST
5988.0,67.174,1.8848,2.38,0.2897,0,Non-SST
5988.5,65.1076,1.9134,2.38,0.2912,0,Non-SST
5989.0,65.1076,1.9419,2.38,0.2926,0,Non-SST
5989.5,65.1076,1.9419,2.36,0.294,0,Non-SST
5990.0,65.1076,1.9419,2.34,0.2962,0,Non-SST
5990.5,63.1048,1.9419,2.3467,0.2985,5,WTR
5991.0,61.1019,1.9419,2.3533,0.3007,0,Non-SST
5991.5,63.1207,1.9419,2.36,0.2995,0,Non-SST
5992.0,65.1394,1.9419,2.375,0.2982,0,Non-SST
5992.5,67.1581,1.9134,2.39,0.297,0,Non-SST
5993.0,63.1525,1.8848,2.38,0.291,0,Non-SST
5993.5,59.1468,1.8562,2.37,0.285,5,WTR
5994.0,58.5057,1.8289,2.3433,0.279,5,WTR
5994.5,57.8646,1.8016,2.3167,0.2898,5,WTR
5995.0,57.2235,1.7743,2.29,0.3007,5,WTR
5995.5,55.3478,1.6619,2.2833,0.3116,5,WTR
5996.0,53.4721,1.5495,2.2767,0.3084,5,WTR
5996.5,52.5582,1.5049,2.27,0.3052,5,WTR
5997.0,51.6442,1.4603,2.2767,0.302,5,WTR
5997.5,48.7565,1.4157,2.2833,0.3028,5,WTR
5998.0,45.8689,1.4603,2.29,0.3036,5,WTR
5998.5,42.9812,1.5049,2.2933,0.3044,5,WTR
5999.0,42.4354,1.5495,2.2967,0.2891,5,WTR
5999.5,41.8897,1.5267,2.3,0.2738,5,WTR
6000.0,41.344,1.5039,2.2833,0.2585,5,WTR
6000.5,43.013,1.4811,2.2667,0.2621,5,WTR
6001.0,44.682,1.8361,2.25,0.2656,5,WTR
6001.5,46.351,2.1911,2.3633,0.2692,5,WTR
6002.0,48.7247,2.5461,2.4767,0.2308,0,Non-SST
6002.5,51.0984,3.2204,2.59,0.1925,0,Non-SST
6003.0,53.4721,3.8947,2.5667,0.1542,0,Non-SST
6003.5,49.4294,4.569,2.5433,0.172,0,Non-SST
6004.0,45.3867,5.2433,2.52,0.1898,0,Non-SST
6004.5,41.344,5.4969,2.5167,0.2076,0,Non-SST
6005.0,43.5905,5.7504,2.5133,0.2069,0,Non-SST
6005.5,45.8371,6.0039,2.51,0.2063,0,Non-SST
6006.0,48.0836,5.6236,2.4733,0.2057,0,Non-SST
6006.5,51.1302,5.2433,2.4367,0.1948,0,Non-SST
6007.0,54.1768,5.4085,2.4,0.1839,0,Non-SST
6007.5,57.2235,5.5737,2.4733,0.173,0,Non-SST
6008.0,54.1768,5.7388,2.5467,0.1655,0,Non-SST
6008.5,51.1302,5.6544,2.62,0.1579,0,Non-SST
6009.0,48.0836,5.5699,2.56,0.1504,0,Non-SST
6009.5,51.1302,5.4855,2.5,0.2173,0,Non-SST
6010.0,54.1768,4.6737,2.44,0.2843,0,Non-SST
6010.5,57.2235,3.8619,2.4633,0.3513,0,Non-SST
6011.0,58.1851,3.0501,2.4867,0.3248,0,Non-SST
6011.5,59.1468,3.2513,2.51,0.2982,0,Non-SST
6012.0,59.6356,3.4526,2.5,0.2716,0,Non-SST
6012.5,60.1244,3.6538,2.49,0.2787,0,Non-SST
6013.0,60.6132,2.7979,2.48,0.2966,0,Non-SST
6013.5,61.1019,1.9419,2.4667,0.3146,0,Non-SST
6014.0,62.4372,2.6637,2.4533,0.2979,0,Non-SST
6014.5,63.7724,2.5487,2.44,0.3297,0,Non-SST
6015.0,65.1076,2.4337,2.43,0.3262,0,Non-SST
6015.5,66.4852,2.3287,2.42,0.3073,0,Non-SST
6016.0,67.8628,2.2236,2.41,0.2884,0,Non-SST
6016.5,69.2404,2.2578,2.4267,0.2695,0,Non-SST
6017.0,66.5276,2.2921,2.4433,0.3058,0,Non-SST
6017.5,63.8148,2.3263,2.46,0.342,0,Non-SST
6018.0,61.1019,2.2281,2.425,0.3783,0,Non-SST
6018.5,62.4372,2.1298,2.39,0.3491,0,Non-SST
6019.0,63.7724,2.0316,2.39,0.3199,0,Non-SST
6019.5,65.1076,2.1657,2.44,0.2907,0,Non-SST
6020.0,61.1655,2.2997,2.44,0.2795,0,Non-SST
6020.5,57.2235,2.4337,2.495,0.2684,0,Non-SST
6021.0,57.8646,2.3287,2.5,0.2572,0,Non-SST
6021.5,58.5057,2.2236,2.455,0.2777,0,Non-SST
6022.0,59.1468,2.1596,2.41,0.3007,0,Non-SST
6022.5,57.2394,2.0956,2.4067,0.299,0,Non-SST
6023.0,55.3319,2.0316,2.4033,0.2973,0,Non-SST
6023.5,57.2394,2.0316,2.4,0.2956,0,Non-SST
6024.0,59.1468,2.0316,2.4,0.2856,0,Non-SST
6024.5,57.2235,2.0316,2.4,0.2761,5,WTR
6025.0,60.1562,2.0316,2.4,0.282,0,Non-SST
6025.5,63.0889,2.0316,2.3967,0.2879,0,Non-SST
6026.0,63.7618,1.9868,2.3933,0.2939,0,Non-SST
6026.5,64.4347,1.9419,2.39,0.295,0,Non-SST
6027.0,65.1076,1.9419,2.3933,0.2961,0,Non-SST
6027.5,65.1076,1.9419,2.3967,0.2972,0,Non-SST
6028.0,65.1076,1.9419,2.4,0.3023,0,Non-SST
6028.5,65.1076,1.9134,2.405,0.3083,0,Non-SST
6029.0,65.7911,1.8848,2.41,0.2986,0,Non-SST
6029.5,66.4746,1.8562,2.4,0.2889,0,Non-SST
6030.0,67.1581,1.8562,2.39,0.2793,0,Non-SST
6030.5,71.4816,1.8562,2.38,0.2849,0,Non-SST
6031.0,75.8052,1.8562,2.4,0.2906,0,Non-SST
6031.5,80.1288,1.8562,2.42,0.2962,0,Non-SST
6032.0,80.1288,1.8562,2.41,0.2969,0,Non-SST
6032.5,80.1288,1.8562,2.4,0.2977,0,Non-SST
6033.0,80.8864,1.8562,2.3633,0.2984,0,Non-SST
6033.5,81.6441,1.8562,2.3267,0.3463,0,Non-SST
6034.0,82.4018,1.8562,2.29,0.3943,0,Non-SST
6034.5,85.9067,1.8848,2.3433,0.4423,0,Non-SST
6035.0,89.4117,1.9134,2.3967,0.3817,0,Non-SST
6035.5,75.2568,1.9419,2.45,0.3212,0,Non-SST
6036.0,61.1019,2.1059,2.43,0.2607,0,Non-SST
6036.5,59.1786,2.2698,2.41,0.2769,0,Non-SST
6037.0,57.2553,2.4337,2.39,0.2932,5,WTR
6037.5,55.3319,2.4337,2.4133,0.3094,0,Non-SST
6038.0,56.6035,2.4337,2.4367,0.2943,0,Non-SST
6038.5,57.8752,2.4618,2.46,0.2793,0,Non-SST
6039.0,59.1468,2.4899,2.4433,0.2642,0,Non-SST
6039.5,58.5057,2.518,2.4267,0.2491,0,Non-SST
6040.0,57.8646,2.5461,2.41,0.2665,0,Non-SST
6040.5,57.2235,2.5087,2.4167,0.2839,0,Non-SST
6041.0,57.8646,2.4712,2.4233,0.3013,0,Non-SST
6041.5,58.5057,2.4337,2.43,0.288,0,Non-SST
6042.0,59.1468,2.4712,2.4367,0.2747,0,Non-SST
6042.5,59.1468,2.5087,2.4433,0.2613,0,Non-SST
6043.0,59.1468,2.5461,2.45,0.2675,0,Non-SST
6043.5,59.1468,2.4729,2.4067,0.276,0,Non-SST
6044.0,63.216,2.3996,2.3633,0.3237,0,Non-SST
6044.5,67.2853,2.3263,2.32,0.3714,0,Non-SST
6045.0,71.3545,2.2281,2.3467,0.4192,0,Non-SST
6045.5,73.5322,2.1298,2.3733,0.3853,0,Non-SST
6046.0,75.7098,2.0316,2.4,0.3515,0,Non-SST
6046.5,77.8875,2.0956,2.3933,0.3177,0,Non-SST
6047.0,75.0051,2.1596,2.3867,0.3061,0,Non-SST
6047.5,72.1228,2.2236,2.38,0.2945,0,Non-SST
6048.0,69.2404,2.3703,2.3833,0.2828,0,Non-SST
6048.5,61.6106,2.517,2.3867,0.2612,5,WTR
6049.0,53.9808,2.6637,2.39,0.2395,5,WTR
6049.5,46.351,2.5513,2.41,0.2178,0,Non-SST
6050.0,49.9752,2.4388,2.43,0.2343,0,Non-SST
6050.5,53.5993,2.3263,2.45,0.2509,0,Non-SST
6051.0,57.2235,2.2594,2.4267,0.2675,0,Non-SST
6051.5,55.3637,2.1924,2.4033,0.2628,5,WTR
6052.0,53.5039,2.1254,2.38,0.2582,5,WTR
6052.5,51.6442,2.0785,2.3833,0.2535,5,WTR
6053.0,53.5039,2.0316,2.3867,0.2521,5,WTR
6053.5,55.3637,2.0316,2.39,0.2507,5,WTR
6054.0,57.2235,2.0316,2.38,0.2493,5,WTR
6054.5,55.3637,2.0316,2.37,0.2513,5,WTR
6055.0,53.5039,2.0316,2.36,0.2533,5,WTR
6055.5,51.6442,2.0316,2.35,0.2553,5,WTR
6056.0,52.2535,2.0316,2.34,0.2705,5,WTR
6056.5,52.8628,2.0017,2.33,0.2858,5,WTR
6057.0,53.4721,1.9718,2.3333,0.301,5,WTR
6057.5,52.2641,1.9419,2.3367,0.2946,5,WTR
6058.0,51.056,1.9419,2.34,0.2881,5,WTR
6058.5,49.848,1.9419,2.3433,0.2817,5,WTR
6059.0,51.676,1.9419,2.3467,0.2716,5,WTR
6059.5,53.5039,1.9419,2.35,0.2616,5,WTR
6060.0,55.3319,1.9419,2.35,0.2515,5,WTR
6060.5,56.6035,1.9419,2.35,0.2645,5,WTR
6061.0,57.8752,1.9419,2.35,0.2775,5,WTR
6061.5,59.1468,1.9419,2.3667,0.2905,5,WTR
6062.0,59.7985,1.9419,2.3833,0.2943,0,Non-SST
6062.5,60.4502,1.9718,2.4,0.2982,0,Non-SST
6063.0,61.1019,2.0017,2.4033,0.302,0,Non-SST
6063.5,57.9494,2.0316,2.4067,0.2814,0,Non-SST
6064.0,54.7968,2.0316,2.41,0.2607,5,WTR
6064.5,51.6442,2.0316,2.42,0.2401,5,WTR
6065.0,56.8155,2.0316,2.43,0.2665,0,Non-SST
6065.5,61.9868,1.8638,2.44,0.3057,0,Non-SST
6066.0,67.1581,1.696,2.44,0.3057,0,Non-SST
6066.5,77.1007,1.696,2.44,0.325,0,Non-SST
6067.0,87.0433,1.6243,2.44,0.3444,0,Non-SST
6067.5,86.2644,1.5527,2.455,0.3637,0,Non-SST
6068.0,85.4855,1.4811,2.47,0.3554,0,Non-SST
6068.5,84.7066,1.4811,2.4533,0.3471,0,Non-SST
6069.0,83.9383,1.4811,2.4367,0.3388,0,Non-SST
6069.5,83.1701,1.4811,2.42,0.3553,0,Non-SST
6070.0,82.4018,1.5039,2.4267,0.3719,0,Non-SST
6070.5,80.1605,1.5267,2.4333,0.3884,0,Non-SST
6071.0,77.9193,1.5495,2.44,0.3629,0,Non-SST
6071.5,75.678,1.5495,2.4325,0.3375,0,Non-SST
6072.0,79.4664,1.5495,2.425,0.312,0,Non-SST
6072.5,83.2548,1.5495,2.4425,0.3221,0,Non-SST
6073.0,87.0433,1.5983,2.46,0.3321,0,Non-SST
6073.5,85.4961,1.6471,2.45,0.3421,0,Non-SST
6074.0,83.9489,1.696,2.44,0.3434,0,Non-SST
6074.5,82.4018,1.671,2.43,0.3447,0,Non-SST
6075.0,80.5606,1.646,2.4333,0.346,0,Non-SST
6075.5,78.7194,1.6211,2.4367,0.3388,0,Non-SST
6076.0,76.8781,1.728,2.44,0.3317,0,Non-SST
6076.5,71.3545,1.835,2.44,0.3246,0,Non-SST
6077.0,71.3545,1.9419,2.44,0.3223,0,Non-SST
6077.5,71.3545,1.9134,2.44,0.32,0,Non-SST
6078.0,71.3545,1.8848,2.4533,0.3177,0,Non-SST
6078.5,74.2792,1.8562,2.4667,0.3012,0,Non-SST
6079.0,77.204,1.8848,2.48,0.282,0,Non-SST
6079.5,80.1288,1.9134,2.475,0.2834,0,Non-SST
6080.0,80.1288,1.9419,2.47,0.2848,0,Non-SST
6080.5,80.1288,1.9134,2.4533,0.2863,0,Non-SST
6081.0,77.9193,1.8848,2.4367,0.291,0,Non-SST
6081.5,75.7098,1.8562,2.42,0.2957,0,Non-SST
6082.0,73.5004,1.8848,2.42,0.3004,0,Non-SST
6082.5,74.2263,1.9134,2.42,0.2956,0,Non-SST
6083.0,74.9521,1.9419,2.42,0.2908,0,Non-SST
6083.5,75.678,1.9134,2.4267,0.286,0,Non-SST
6084.0,79.4664,1.8848,2.4333,0.2988,0,Non-SST
6084.5,83.2548,1.8562,2.44,0.3117,0,Non-SST
6085.0,87.0433,1.8289,2.4433,0.3246,0,Non-SST
6085.5,85.4961,1.8016,2.4467,0.3236,0,Non-SST
6086.0,83.9489,1.7743,2.45,0.3225,0,Non-SST
6086.5,82.4018,1.7351,2.4433,0.3215,0,Non-SST
6087.0,82.4018,1.696,2.4367,0.3327,0,Non-SST
6087.5,82.4018,1.671,2.43,0.344,0,Non-SST
6088.0,82.4018,1.646,2.4267,0.3552,0,Non-SST
6088.5,80.1605,1.6211,2.4233,0.3549,0,Non-SST
6089.0,77.9193,1.646,2.42,0.3546,0,Non-SST
6089.5,75.678,1.671,2.4233,0.3544,0,Non-SST
6090.0,76.4145,1.696,2.4267,0.3376,0,Non-SST
6090.5,77.151,1.722,2.43,0.3207,0,Non-SST
6091.0,77.8875,1.7482,2.43,0.304,0,Non-SST
6091.5,77.151,1.7743,2.43,0.3011,0,Non-SST
6092.0,76.4145,1.8302,2.43,0.2982,0,Non-SST
6092.5,75.678,1.886,2.4333,0.2954,0,Non-SST
6093.0,74.2368,1.9419,2.4367,0.2923,0,Non-SST
6093.5,72.7957,1.9718,2.44,0.2883,0,Non-SST
6094.0,71.3545,2.0017,2.4333,0.2933,0,Non-SST
6094.5,69.2722,2.0316,2.4267,0.2984,0,Non-SST
6095.0,67.1899,2.0785,2.42,0.3035,0,Non-SST
6095.5,65.1076,2.1254,2.3867,0.2878,0,Non-SST
6096.0,63.1207,2.0942,2.3533,0.2735,5,WTR
6096.5,61.1337,2.0629,2.32,0.2735,5,WTR
6097.0,59.1468,2.0316,2.3233,0.2735,5,WTR
6097.5,56.0472,1.9732,2.3267,0.2734,5,WTR
6098.0,52.9476,1.9147,2.33,0.2734,5,WTR
6098.5,49.848,1.8562,2.3,0.2764,5,WTR
6099.0,49.2599,1.8028,2.27,0.283,5,WTR
6099.5,48.6717,1.7494,2.2967,0.287,5,WTR
6100.0,48.0836,1.696,2.3233,0.291,5,WTR
6100.5,53.6152,1.696,2.35,0.2951,5,WTR
6101.0,59.1468,1.696,2.395,0.2991,0,Non-SST
6101.5,66.8985,1.696,2.44,0.3178,0,Non-SST
6102.0,74.6501,1.6471,2.4367,0.3365,0,Non-SST
6102.5,82.4018,1.5983,2.4333,0.3553,0,Non-SST
6103.0,83.9489,1.5495,2.43,0.3455,0,Non-SST
6103.5,85.4961,1.5983,2.4267,0.3357,0,Non-SST
6104.0,87.0433,1.6471,2.4233,0.326,0,Non-SST
6104.5,77.1007,1.696,2.42,0.3362,0,Non-SST
6105.0,67.1581,1.7761,2.43,0.2984,0,Non-SST
6105.5,61.3881,1.8562,2.44,0.2888,0,Non-SST
6106.0,55.618,1.9439,2.45,0.2754,5,WTR
6106.5,49.848,2.0316,2.44,0.266,5,WTR
6107.0,50.4467,2.0316,2.43,0.2743,5,WTR
6107.5,51.0454,2.0316,2.42,0.2831,5,WTR
6108.0,51.6442,2.0316,2.41,0.2719,5,WTR
6108.5,54.1451,2.0017,2.4,0.2607,5,WTR
6109.0,56.6459,1.9718,2.39,0.2495,5,WTR
6109.5,59.1468,1.9419,2.38,0.2601,5,WTR
6110.0,56.381,1.9134,2.3767,0.2708,5,WTR
6110.5,53.6152,1.8848,2.3733,0.2815,5,WTR
6111.0,50.8494,1.8562,2.37,0.2885,5,WTR
6111.5,48.0836,1.8562,2.37,0.2946,5,WTR
6112.0,49.8798,1.8562,2.385,0.2892,5,WTR
6112.5,51.676,1.8562,2.385,0.2839,5,WTR
6113.0,53.4721,1.8562,2.385,0.2786,5,WTR
6113.5,55.3637,1.8562,2.385,0.2732,5,WTR
6114.0,57.2553,1.8562,2.39,0.2699,5,WTR
6114.5,59.1468,1.8562,2.3775,0.2672,5,WTR
6115.0,58.1851,1.8562,2.365,0.2746,5,WTR
6115.5,57.2235,1.8562,2.3525,0.282,5,WTR
6116.0,51.6442,1.8289,2.34,0.2895,5,WTR
6116.5,49.8639,1.8016,2.335,0.2804,5,WTR
6117.0,48.0836,1.7743,2.33,0.2714,5,WTR
6117.5,48.0836,1.7743,2.3533,0.2624,5,WTR
6118.0,48.0836,1.7743,2.3767,0.2794,5,WTR
6118.5,52.6535,1.7743,2.4,0.2964,0,Non-SST
6119.0,57.2235,1.7482,2.4067,0.3134,0,Non-SST
6119.5,62.6491,1.722,2.4133,0.3163,0,Non-SST
6120.0,68.0747,1.696,2.42,0.3192,0,Non-SST
6120.5,73.5004,1.696,2.42,0.3221,0,Non-SST
6121.0,72.0804,1.696,2.42,0.3179,0,Non-SST
6121.5,70.6604,1.696,2.42,0.3136,0,Non-SST
6122.0,69.2404,1.696,2.4233,0.3093,0,Non-SST
6122.5,74.3958,1.696,2.4267,0.3172,0,Non-SST
6123.0,79.5512,1.671,2.43,0.3251,0,Non-SST
6123.5,84.7066,1.646,2.43,0.3331,0,Non-SST
6124.0,84.7066,1.6211,2.43,0.3515,0,Non-SST
6124.5,84.7066,1.6211,2.43,0.3699,0,Non-SST
6125.0,84.7066,1.6211,2.4333,0.3884,0,Non-SST
6125.5,83.9383,1.6211,2.4367,0.3651,0,Non-SST
6126.0,83.1701,1.6721,2.44,0.3418,0,Non-SST
6126.5,82.4018,1.7232,2.4333,0.3185,0,Non-SST
6127.0,80.1605,1.7743,2.4267,0.3131,0,Non-SST
6127.5,77.9193,1.8302,2.42,0.3077,0,Non-SST
6128.0,75.678,1.886,2.42,0.3023,0,Non-SST
6128.5,75.678,1.9419,2.42,0.2929,0,Non-SST
6129.0,75.678,1.9134,2.42,0.2839,0,Non-SST
6129.5,75.678,1.8848,2.42,0.2908,0,Non-SST
6130.0,75.678,1.8562,2.42,0.2977,0,Non-SST
6130.5,75.678,1.8152,2.42,0.3047,0,Non-SST
6131.0,75.678,1.7743,2.4267,0.3177,0,Non-SST
6131.5,77.1616,1.7482,2.4333,0.3318,0,Non-SST
6132.0,78.6452,1.722,2.44,0.3292,0,Non-SST
6132.5,80.1288,1.696,2.4367,0.3267,0,Non-SST
6133.0,80.1288,1.671,2.4333,0.3241,0,Non-SST
6133.5,80.1288,1.646,2.43,0.3216,0,Non-SST
6134.0,80.1288,1.6211,2.44,0.317,0,Non-SST
6134.5,80.1288,1.646,2.45,0.3125,0,Non-SST
6135.0,80.1288,1.671,2.4533,0.3083,0,Non-SST
6135.5,80.1288,1.696,2.4567,0.304,0,Non-SST
6136.0,80.1288,1.8638,2.46,0.2998,0,Non-SST
6136.5,80.1288,2.0316,2.4567,0.3061,0,Non-SST
6137.0,80.8864,1.9197,2.4533,0.3127,0,Non-SST
6137.5,81.6441,1.8078,2.45,0.307,0,Non-SST
6138.0,82.4018,1.696,2.45,0.3013,0,Non-SST
6138.5,81.6441,1.7351,2.45,0.2956,0,Non-SST
6139.0,80.8864,1.7743,2.4633,0.2988,0,Non-SST
6139.5,80.1288,1.9941,2.4767,0.3019,0,Non-SST
6140.0,72.4937,2.2139,2.49,0.2617,0,Non-SST
6140.5,64.8586,2.4337,2.5,0.2215,0,Non-SST
6141.0,57.2235,2.7419,2.51,0.1812,0,Non-SST
6141.5,47.6942,3.0501,2.52,0.1938,0,Non-SST
6142.0,38.1649,2.9623,2.4733,0.2063,0,Non-SST
6142.5,39.7703,2.8745,2.4267,0.2189,0,Non-SST
6143.0,41.3757,2.7868,2.38,0.2586,5,WTR
6143.5,42.9812,2.5663,2.365,0.2955,0,Non-SST
6144.0,44.682,2.3459,2.35,0.277,5,WTR
6144.5,46.3828,2.1254,2.36,0.2586,5,WTR
6145.0,48.0836,1.9499,2.37,0.2402,5,WTR
6145.5,51.7713,1.7743,2.38,0.2626,5,WTR
6146.0,55.4591,1.7232,2.405,0.2894,5,WTR
6146.5,59.1468,1.6721,2.43,0.2967,0,Non-SST
6147.0,63.1525,1.6211,2.4167,0.3039,0,Non-SST
6147.5,67.1581,1.6211,2.4033,0.3112,0,Non-SST
6148.0,71.4816,1.6211,2.39,0.3226,0,Non-SST
6148.5,75.8052,1.6211,2.38,0.3308,0,Non-SST
6149.0,80.1288,1.6211,2.37,0.3411,0,Non-SST
6149.5,75.7416,1.6211,2.3833,0.3513,0,Non-SST
6150.0,71.3545,1.5972,2.3967,0.3616,0,Non-SST
6150.5,75.8052,1.5734,2.41,0.3636,0,Non-SST
6151.0,80.2559,1.5495,2.41,0.3656,0,Non-SST
6151.5,84.7066,1.5153,2.41,0.3676,0,Non-SST
6152.0,87.0591,1.4811,2.41,0.3676,0,Non-SST
6152.5,89.4117,1.4811,2.425,0.3655,0,Non-SST
6153.0,84.1079,1.4811,2.44,0.355,0,Non-SST
6153.5,78.8041,1.4811,2.4267,0.3445,0,Non-SST
6154.0,73.5004,1.6277,2.4133,0.334,0,Non-SST
6154.5,72.0804,1.7743,2.4,0.3354,0,Non-SST
6155.0,70.6604,1.7743,2.35,0.338,0,Non-SST
6155.5,69.2404,1.7743,2.3,0.3229,0,Non-SST
6156.0,64.1936,1.7743,2.3167,0.3078,0,Non-SST
6156.5,59.1468,1.7743,2.3333,0.2927,5,WTR
6157.0,63.216,1.7743,2.35,0.309,0,Non-SST
6157.5,67.2853,1.7482,2.345,0.334,0,Non-SST
6158.0,71.3545,1.722,2.34,0.3332,0,Non-SST
6158.5,67.2217,1.696,2.3333,0.3323,0,Non-SST
6159.0,63.0889,1.6585,2.3267,0.3315,0,Non-SST
6159.5,62.4266,1.6211,2.32,0.3312,0,Non-SST
6160.0,61.7643,1.6032,2.3067,0.3286,0,Non-SST
6160.5,61.1019,1.6211,2.2933,0.3466,5,WTR
6161.0,62.0954,1.5972,2.28,0.3719,5,WTR
6161.5,63.0889,1.5734,2.32,0.3487,0,Non-SST
6162.0,65.1394,1.5495,2.36,0.3255,0,Non-SST
6162.5,67.1899,1.5853,2.38,0.3023,0,Non-SST
6163.0,69.2404,1.6211,2.4,0.2963,0,Non-SST
6163.5,67.1899,1.7137,2.42,0.2847,0,Non-SST
6164.0,65.1394,1.8064,2.4,0.2953,0,Non-SST
6164.5,63.0889,1.8991,2.38,0.3064,0,Non-SST
6165.0,68.2946,1.8562,2.3892,0.299,0,Non-SST
6165.5,73.5004,1.8289,2.3983,0.2916,0,Non-SST
6166.0,73.5004,1.8016,2.4075,0.2842,0,Non-SST
6166.5,73.5004,1.7743,2.4088,0.3085,0,Non-SST
6167.0,73.5004,1.7482,2.41,0.3364,0,Non-SST
6167.5,67.3012,1.722,2.375,0.3281,0,Non-SST
6168.0,61.1019,1.696,2.34,0.3198,0,Non-SST
6168.5,53.9808,1.6585,2.2833,0.3115,5,WTR
6169.0,46.8597,1.6211,2.2267,0.3283,5,WTR
6169.5,39.7385,1.4928,2.17,0.3698,5,WTR
6170.0,26.4698,1.3646,2.165,0.3532,5,WTR
6170.5,24.1769,1.2364,2.16,0.3365,5,WTR
6171.0,29.6449,1.183,2.235,0.3199,5,WTR
6171.5,35.1129,1.1296,2.31,0.2857,5,WTR
6172.0,35.1129,1.147,2.245,0.2696,5,WTR
6172.5,35.1129,1.1644,2.18,0.2795,5,WTR
6173.0,35.1129,1.1818,2.1633,0.2894,5,WTR
6173.5,33.6506,1.1557,2.1467,0.2994,5,WTR
6174.0,32.1882,1.1296,2.13,0.3014,5,WTR
6174.5,28.0395,1.113,2.1267,0.3034,5,WTR
6175.0,26.7202,1.0964,2.1233,0.3054,5,WTR
6175.5,24.2405,1.0798,2.12,0.3098,5,WTR
6176.0,21.7608,1.0639,2.135,0.3114,5,WTR
6176.5,22.5662,1.048,2.15,0.3122,5,WTR
6177.0,23.3715,1.0321,2.1733,0.3131,5,WTR
6177.5,24.1769,1.0559,2.1967,0.3139,5,WTR
6178.0,24.8048,1.0798,2.22,0.306,5,WTR
6178.5,25.4326,1.0964,2.19,0.3094,5,WTR
6179.0,25.8618,1.113,2.16,0.3099,5,WTR
6179.5,26.291,1.1296,2.1567,0.3104,5,WTR
6180.0,26.7202,1.1047,2.1533,0.311,5,WTR
6180.5,26.7202,1.0798,2.15,0.3121,5,WTR
6181.0,26.7202,1.0639,2.13,0.3144,5,WTR
6181.5,26.7202,1.048,2.11,0.3307,5,WTR
6182.0,24.2405,1.0321,2.11,0.3471,5,WTR
6182.5,21.7608,1.0093,2.11,0.3634,5,WTR
6183.0,20.9978,0.9865,2.11,0.3401,5,WTR
6183.5,20.2348,0.9865,2.12,0.318,5,WTR
6184.0,19.4719,0.9865,2.13,0.3148,5,WTR
6184.5,19.4719,0.9865,2.1233,0.3116,5,WTR
6185.0,19.4719,0.944,2.1167,0.3084,5,WTR
6185.5,17.7499,0.9014,2.11,0.3033,5,WTR
6186.0,16.0279,0.9152,2.12,0.2983,5,WTR
6186.5,14.3059,0.9291,2.13,0.2933,5,WTR
6187.0,15.808,0.943,2.14,0.3025,5,WTR
6187.5,17.3101,0.9159,2.115,0.3186,5,WTR
6188.0,18.7937,0.8887,2.09,0.3198,5,WTR
6188.5,20.2772,0.8616,2.1333,0.321,5,WTR
6189.0,21.7608,0.9343,2.1767,0.3221,5,WTR
6189.5,26.2115,1.007,2.22,0.3023,5,WTR
6190.0,30.6622,1.0798,2.28,0.2825,5,WTR
6190.5,35.1129,1.3504,2.34,0.2627,5,WTR
6191.0,46.1682,1.6211,2.3633,0.2681,5,WTR
6191.5,57.2235,1.728,2.3867,0.2737,5,WTR
6192.0,56.5929,1.835,2.41,0.2695,5,WTR
6192.5,55.9624,1.9419,2.37,0.2654,5,WTR
6193.0,55.3319,1.9419,2.33,0.2612,5,WTR
6193.5,52.59,1.9419,2.33,0.2731,5,WTR
6194.0,49.848,1.886,2.33,0.285,5,WTR
6194.5,51.056,1.8302,2.33,0.2969,5,WTR
6195.0,52.2641,1.7743,2.33,0.2786,5,WTR
6195.5,53.4721,1.7743,2.33,0.2621,5,WTR
6196.0,54.402,1.7743,2.33,0.2719,5,WTR
6196.5,55.3319,1.7743,2.3633,0.2816,5,WTR
6197.0,59.274,1.8581,2.3967,0.2914,5,WTR
6197.5,63.216,1.9419,2.43,0.2811,0,Non-SST
6198.0,67.1581,1.9134,2.42,0.2821,0,Non-SST
6198.5,67.8522,1.8848,2.41,0.274,0,Non-SST
6199.0,68.5463,1.8562,2.4133,0.2659,0,Non-SST
6199.5,69.2404,1.8152,2.4167,0.2577,0,Non-SST
6200.0,69.9451,1.7743,2.42,0.2766,0,Non-SST
6200.5,70.6498,1.7482,2.395,0.3014,0,Non-SST
6201.0,71.3545,1.722,2.37,0.3195,0,Non-SST
6201.5,71.3545,1.696,2.38,0.3364,0,Non-SST
6202.0,71.3545,1.7351,2.39,0.34,0,Non-SST
6202.5,70.6498,1.7743,2.4,0.3399,0,Non-SST
6203.0,69.9451,1.6619,2.42,0.3494,0,Non-SST
6203.5,69.2404,1.5495,2.44,0.3588,0,Non-SST
6204.0,78.1418,1.5853,2.43,0.3683,0,Non-SST
6204.5,87.0433,1.6211,2.42,0.3692,0,Non-SST
6205.0,85.4961,1.5972,2.41,0.3701,0,Non-SST
6205.5,83.9489,1.5734,2.41,0.3709,0,Non-SST
6206.0,82.4018,1.5495,2.41,0.365,0,Non-SST
6206.5,79.0399,1.6244,2.41,0.3594,0,Non-SST
6207.0,75.678,1.6993,2.415,0.3461,0,Non-SST
6207.5,72.1545,1.7743,2.42,0.3338,0,Non-SST
6208.0,68.6311,1.7743,2.4,0.3168,0,Non-SST
6208.5,65.1076,1.8562,2.38,0.3013,0,Non-SST
6209.0,65.1076,1.9419,2.39,0.3031,0,Non-SST
6209.5,65.1076,1.8991,2.4,0.305,0,Non-SST
6210.0,65.1076,1.8562,2.4167,0.2876,0,Non-SST
6210.5,68.231,1.8991,2.4333,0.2722,0,Non-SST
6211.0,71.3545,1.9419,2.45,0.2757,0,Non-SST
6211.5,72.0698,1.9419,2.48,0.2815,0,Non-SST
6212.0,72.7851,1.9419,2.51,0.2743,0,Non-SST
6212.5,73.5004,1.9419,2.4817,0.2671,0,Non-SST
6213.0,67.1581,1.9419,2.4533,0.2598,0,Non-SST
6213.5,65.8017,1.9419,2.425,0.279,0,Non-SST
6214.0,64.4453,1.9134,2.4133,0.2922,0,Non-SST
6214.5,63.0889,1.8848,2.41,0.2966,0,Non-SST
6215.0,68.2946,1.8562,2.41,0.3009,0,Non-SST
6215.5,73.5004,1.8289,2.435,0.3052,0,Non-SST
6216.0,76.4675,1.8016,2.44,0.2997,0,Non-SST
6216.5,79.4346,1.7743,2.4283,0.2943,0,Non-SST
6217.0,82.4018,1.8016,2.4167,0.2888,0,Non-SST
6217.5,74.78,1.8289,2.405,0.2789,0,Non-SST
6218.0,67.1581,1.8562,2.3975,0.2691,0,Non-SST
6218.5,65.1076,1.8562,2.39,0.2592,0,Non-SST
6219.0,61.1019,1.8562,2.39,0.2692,5,WTR
6219.5,64.13,1.8562,2.39,0.2875,0,Non-SST
6220.0,67.1581,1.8562,2.39,0.2905,0,Non-SST
6220.5,68.1992,1.8562,2.395,0.2866,0,Non-SST
6221.0,69.2404,1.8562,2.4,0.2804,0,Non-SST
6221.5,71.3704,1.8562,2.4033,0.2804,0,Non-SST
6222.0,73.5004,1.8562,2.4067,0.3018,0,Non-SST
6222.5,72.7851,1.9419,2.41,0.3047,0,Non-SST
6223.0,72.0698,1.8991,2.4133,0.3159,0,Non-SST
6223.5,71.3545,1.8562,2.4167,0.3171,0,Non-SST
6224.0,74.621,1.8562,2.42,0.3035,0,Non-SST
6224.5,77.8875,1.8289,2.415,0.2919,0,Non-SST
6225.0,75.0051,1.8016,2.41,0.3084,0,Non-SST
6225.5,72.1228,1.7743,2.3967,0.3249,0,Non-SST
6226.0,69.2404,1.8152,2.3833,0.3414,0,Non-SST
6226.5,72.1228,1.8562,2.37,0.3368,0,Non-SST
6227.0,75.0051,1.8152,2.38,0.3262,0,Non-SST
6227.5,77.8875,1.7743,2.37,0.3274,0,Non-SST
6228.0,79.0081,1.7232,2.37,0.3274,0,Non-SST
6228.5,80.1288,1.6721,2.365,0.3421,0,Non-SST
6229.0,80.8864,1.6211,2.37,0.3568,0,Non-SST
6229.5,81.6441,1.5511,2.37,0.3715,0,Non-SST
6230.0,82.4018,1.4811,2.375,0.3749,0,Non-SST
6230.5,81.6441,1.4811,2.39,0.377,0,Non-SST
6231.0,80.8864,1.4811,2.39,0.3833,0,Non-SST
6231.5,80.1288,1.4811,2.39,0.3896,0,Non-SST
6232.0,87.0433,1.5511,2.395,0.3959,0,Non-SST
6232.5,73.5004,1.6211,2.4,0.307,0,Non-SST
6233.0,71.3704,1.7579,2.41,0.2474,0,Non-SST
6233.5,69.2404,1.8948,2.42,0.2556,0,Non-SST
6234.0,61.1019,2.0316,2.43,0.2638,0,Non-SST
6234.5,60.1244,2.0316,2.44,0.272,0,Non-SST
6235.0,59.1468,2.0316,2.45,0.26,5,WTR
6235.5,55.3955,2.0017,2.4133,0.2497,5,WTR
6236.0,51.6442,1.9718,2.3767,0.2577,5,WTR
6236.5,49.3129,1.9419,2.34,0.2656,5,WTR
6237.0,46.9815,1.8991,2.355,0.2736,5,WTR
6237.5,44.6502,1.8562,2.37,0.2715,5,WTR
6238.0,49.9911,1.8562,2.385,0.2693,5,WTR
6238.5,55.3319,1.8562,2.4,0.2672,5,WTR
6239.0,56.6035,1.8562,2.4033,0.2672,5,WTR
6239.5,57.8752,1.9439,2.4067,0.2672,5,WTR
6240.0,59.1468,2.0316,2.41,0.2719,5,WTR
6240.5,66.3236,2.0316,2.4267,0.2766,0,Non-SST
6241.0,73.5004,2.0316,2.4433,0.2812,0,Non-SST
6241.5,74.5892,2.0316,2.46,0.2726,0,Non-SST
6242.0,75.678,2.3262,2.55,0.2606,0,Non-SST
6242.5,67.6667,2.6208,2.64,0.2306,0,Non-SST
6243.0,59.6555,2.9155,2.64,0.2006,0,Non-SST
6243.5,51.6442,3.4573,2.64,0.1706,0,Non-SST
6244.0,48.1472,3.9991,2.64,0.1896,0,Non-SST
6244.5,44.6502,3.8265,2.49,0.223,0,Non-SST
6245.0,45.7947,3.6538,2.34,0.3159,0,Non-SST
6245.5,46.9391,3.0438,2.3633,0.4583,0,Non-SST
6246.0,48.0836,2.4337,2.3867,0.3958,0,Non-SST
6246.5,49.2705,2.2698,2.41,0.3332,0,Non-SST
6247.0,50.4573,2.1059,2.385,0.2707,5,WTR
6247.5,51.6442,1.9419,2.36,0.2627,5,WTR
6248.0,52.5582,1.8991,2.38,0.253,5,WTR
6248.5,53.4721,1.8562,2.4,0.2697,5,WTR
6249.0,55.3637,1.8562,2.42,0.2824,0,Non-SST
6249.5,57.2553,1.8562,2.4,0.2861,0,Non-SST
6250.0,59.1468,1.8562,2.38,0.2898,5,WTR
6250.5,56.3095,1.8991,2.3833,0.28,5,WTR
6251.0,53.4721,1.9419,2.3867,0.2702,5,WTR
6251.5,52.2641,1.9419,2.39,0.2604,5,WTR
6252.0,51.056,1.9419,2.385,0.2707,5,WTR
6252.5,49.848,1.9868,2.38,0.278,5,WTR
6253.0,55.475,2.0316,2.385,0.2647,5,WTR
6253.5,61.1019,2.0785,2.39,0.2625,5,WTR
6254.0,61.7643,2.1254,2.4,0.2642,0,Non-SST
6254.5,62.4266,2.1254,2.41,0.2818,0,Non-SST
6255.0,63.0889,2.1254,2.42,0.2835,0,Non-SST
6255.5,60.1562,2.1254,2.425,0.2602,5,WTR
6256.0,57.2235,2.1254,2.43,0.2398,5,WTR
6256.5,52.476,2.3946,2.5,0.1817,0,Non-SST
6257.0,47.7286,2.6637,2.57,0.1423,0,Non-SST
6257.5,42.9812,3.0781,2.595,0.1533,0,Non-SST
6258.0,42.1626,3.4925,2.62,0.1643,0,Non-SST
6258.5,41.344,3.1396,2.555,0.1753,0,Non-SST
6259.0,41.344,2.7868,2.49,0.193,0,Non-SST
6259.5,41.344,2.4561,2.5392,0.2109,0,Non-SST
6260.0,43.8475,2.1254,2.5883,0.2111,0,Non-SST
6260.5,46.351,2.0942,2.6375,0.2009,0,Non-SST
6261.0,45.5006,2.0629,2.6375,0.2409,0,Non-SST
6261.5,44.6502,2.0316,2.43,0.3189,0,Non-SST
6262.0,45.7947,1.903,2.29,0.3121,5,WTR
6262.5,46.9391,1.7743,2.3,0.3052,5,WTR
6263.0,48.0836,1.7351,2.31,0.2983,5,WTR
6263.5,50.7779,1.696,2.33,0.2809,5,WTR
6264.0,53.4721,1.696,2.35,0.265,5,WTR
6264.5,59.2422,1.696,2.37,0.2798,5,WTR
6265.0,70.822,1.696,2.39,0.2946,0,Non-SST
6265.5,82.4018,1.696,2.41,0.3094,0,Non-SST
6266.0,75.8211,1.696,2.395,0.3045,0,Non-SST
6266.5,69.2404,1.7494,2.38,0.2998,0,Non-SST
6267.0,70.2974,1.8028,2.395,0.3051,0,Non-SST
6267.5,71.3545,1.8562,2.41,0.3103,0,Non-SST
6268.0,73.5322,1.8562,2.425,0.3156,0,Non-SST
6268.5,75.7098,1.8562,2.44,0.315,0,Non-SST
6269.0,77.8875,1.8848,2.42,0.3144,0,Non-SST
6269.5,72.5228,1.9134,2.4,0.3139,0,Non-SST
6270.0,67.1581,1.9419,2.38,0.3041,0,Non-SST
6270.5,70.3292,1.9419,2.405,0.2861,0,Non-SST
6271.0,73.5004,1.9419,2.43,0.2968,0,Non-SST
6271.5,77.9511,1.9419,2.4367,0.3074,0,Non-SST
6272.0,82.4018,1.7815,2.4433,0.318,0,Non-SST
6272.5,82.4018,1.6211,2.45,0.3259,0,Non-SST
6273.0,82.4018,1.5972,2.465,0.3348,0,Non-SST
6273.5,83.9489,1.5734,2.48,0.3472,0,Non-SST
6274.0,85.4961,1.5495,2.46,0.3596,0,Non-SST
6274.5,87.0433,1.5153,2.44,0.372,0,Non-SST
6275.0,85.4961,1.4811,2.42,0.3837,0,Non-SST
6275.5,83.9489,1.4811,2.445,0.3831,0,Non-SST
6276.0,82.4018,1.4811,2.47,0.3696,0,Non-SST
6276.5,85.9067,1.4811,2.4633,0.3627,0,Non-SST
6277.0,89.4117,1.5153,2.4567,0.346,0,Non-SST
6277.5,87.075,1.5495,2.45,0.344,0,Non-SST
6278.0,84.7384,1.6211,2.47,0.369,0,Non-SST
6278.5,82.4018,1.5511,2.49,0.3817,0,Non-SST
6279.0,81.2653,1.4811,2.47,0.3644,0,Non-SST
6279.5,80.1288,1.5495,2.45,0.337,0,Non-SST
6280.0,82.4336,1.5495,2.43,0.3548,0,Non-SST
6280.5,84.7384,1.5495,2.4267,0.3657,0,Non-SST
6281.0,87.0433,1.5853,2.4233,0.3628,0,Non-SST
6281.5,85.8749,1.6211,2.42,0.3613,0,Non-SST
6282.0,84.7066,1.5495,2.415,0.366,0,Non-SST
6282.5,86.275,1.5495,2.41,0.3708,0,Non-SST
6283.0,87.8433,1.5495,2.425,0.3653,0,Non-SST
6283.5,89.4117,1.5495,2.44,0.3598,0,Non-SST
6284.0,89.4117,1.5853,2.435,0.3543,0,Non-SST
6284.5,89.4117,1.6211,2.445,0.3647,0,Non-SST
6285.0,89.4117,1.5972,2.4367,0.3783,0,Non-SST
6285.5,89.4117,1.5734,2.44,0.3713,0,Non-SST
6286.0,89.4117,1.5495,2.445,0.3644,0,Non-SST
6286.5,88.2275,1.5495,2.47,0.3574,0,Non-SST
6287.0,87.0433,1.5495,2.46,0.3627,0,Non-SST
6287.5,84.7225,1.5983,2.45,0.3681,0,Non-SST
6288.0,82.4018,1.6471,2.425,0.3642,0,Non-SST
6288.5,84.7066,1.696,2.42,0.3603,0,Non-SST
6289.0,84.7066,1.6243,2.42,0.3564,0,Non-SST
6289.5,87.0591,1.5527,2.42,0.3573,0,Non-SST
6290.0,89.4117,1.4811,2.4167,0.3582,0,Non-SST
6290.5,84.8338,1.5511,2.4133,0.3592,0,Non-SST
6291.0,80.2559,1.6211,2.41,0.33,0,Non-SST
6291.5,75.678,1.6211,2.4,0.3047,0,Non-SST
6292.0,68.0476,1.6211,2.39,0.2982,0,Non-SST
6292.5,61.6898,1.6211,2.3667,0.2917,0,Non-SST
6293.0,55.3319,1.6977,2.3433,0.2851,5,WTR
6293.5,54.712,1.7743,2.32,0.2924,5,WTR
6294.0,54.0921,1.7482,2.34,0.2903,5,WTR
6294.5,53.4721,1.722,2.36,0.3039,5,WTR
6295.0,56.3095,1.696,2.3533,0.3174,0,Non-SST
6295.5,59.1468,1.6585,2.3467,0.331,0,Non-SST
6296.0,60.4608,1.6211,2.34,0.3299,0,Non-SST
6296.5,61.7748,1.5972,2.38,0.3216,0,Non-SST
6297.0,63.0889,1.5734,2.42,0.3219,0,Non-SST
6297.5,70.4882,1.5495,2.4067,0.3221,0,Non-SST
6298.0,77.8875,1.4514,2.3933,0.3224,0,Non-SST
6298.5,76.4251,1.3532,2.38,0.3451,0,Non-SST
6299.0,74.9628,1.3741,2.39,0.3647,0,Non-SST
6299.5,73.5004,1.3949,2.4,0.3806,0,Non-SST
6300.0,77.9511,1.4157,2.41,0.3964,0,Non-SST
6300.5,82.4018,1.4157,2.395,0.4123,0,Non-SST
6301.0,83.1701,1.4157,2.38,0.41,0,Non-SST
6301.5,83.9383,1.3949,2.39,0.4054,0,Non-SST
6302.0,84.7066,1.3741,2.4,0.4005,0,Non-SST
6302.5,84.7066,1.3532,2.41,0.3956,0,Non-SST
6303.0,84.7066,1.3532,2.405,0.3908,0,Non-SST
6303.5,84.7066,1.3532,2.4,0.3871,0,Non-SST
6304.0,88.2592,1.3532,2.4033,0.3829,0,Non-SST
6304.5,91.8119,1.3532,2.4067,0.386,0,Non-SST
6305.0,90.2223,1.3532,2.41,0.3892,0,Non-SST
6305.5,88.6328,1.4172,2.39,0.3923,0,Non-SST
6306.0,87.0433,1.4811,2.37,0.3954,0,Non-SST
6306.5,85.8749,1.4811,2.3767,0.3954,0,Non-SST
6307.0,84.7066,1.4811,2.3833,0.3884,0,Non-SST
6307.5,83.1807,1.4811,2.39,0.3814,0,Non-SST
6308.0,81.6547,1.5278,2.395,0.3745,0,Non-SST
6308.5,80.1288,1.5744,2.4,0.3874,0,Non-SST
6309.0,82.4177,1.6211,2.47,0.4004,0,Non-SST
6309.5,84.7066,1.646,2.54,0.4134,0,Non-SST
6310.0,84.7066,1.671,2.61,0.4026,0,Non-SST
6310.5,84.7066,1.696,2.52,0.3918,0,Non-SST
6311.0,84.7066,1.6422,2.43,0.3811,0,Non-SST
6311.5,83.5542,1.5885,2.415,0.3703,0,Non-SST
6312.0,82.4018,1.5348,2.4,0.3485,0,Non-SST
6312.5,81.6441,1.4811,2.3867,0.3266,0,Non-SST
6313.0,80.8864,1.5039,2.3733,0.3048,0,Non-SST
6313.5,80.1288,1.5267,2.36,0.3514,0,Non-SST
6314.0,85.9703,1.5495,2.38,0.3979,0,Non-SST
6314.5,91.8119,1.4451,2.4,0.4445,0,Non-SST
6315.0,92.6225,1.3408,2.42,0.4353,0,Non-SST
6315.5,93.4332,1.2364,2.4233,0.426,0,Non-SST
6316.0,94.2439,1.1842,2.4267,0.4167,0,Non-SST
6316.5,91.8278,1.132,2.43,0.4252,0,Non-SST
6317.0,89.4117,1.0798,2.4175,0.4336,0,Non-SST
6317.5,87.8433,1.151,2.405,0.4421,0,Non-SST
6318.0,86.275,1.2223,2.3925,0.4255,0,Non-SST
6318.5,84.7066,1.2935,2.38,0.4089,0,Non-SST
6319.0,86.275,1.3134,2.39,0.3922,0,Non-SST
6319.5,87.8433,1.3333,2.4,0.3832,0,Non-SST
6320.0,89.4117,1.3532,2.41,0.3741,0,Non-SST
6320.5,88.8196,1.2787,2.4167,0.365,0,Non-SST
6321.0,88.2275,1.2042,2.4233,0.3778,0,Non-SST
6321.5,87.6354,1.1296,2.43,0.3906,0,Non-SST
6322.0,87.0433,1.1843,2.4367,0.4034,0,Non-SST
6322.5,87.0433,1.2389,2.4433,0.4162,0,Non-SST
6323.0,87.0433,1.2935,2.45,0.3952,0,Non-SST
6323.5,87.0433,1.2935,2.4433,0.3742,0,Non-SST
6324.0,87.8327,1.2935,2.4367,0.3532,0,Non-SST
6324.5,88.6222,1.2935,2.43,0.384,0,Non-SST
6325.0,89.4117,1.3134,2.4267,0.4162,0,Non-SST
6325.5,88.6222,1.3333,2.4233,0.3973,0,Non-SST
6326.0,87.8327,1.3532,2.42,0.3784,0,Non-SST
6326.5,87.0433,1.3234,2.4367,0.3594,0,Non-SST
6327.0,86.2644,1.2935,2.4533,0.3516,0,Non-SST
6327.5,85.4855,1.3134,2.47,0.3377,0,Non-SST
6328.0,84.7066,1.3333,2.4733,0.3447,0,Non-SST
6328.5,83.1807,1.3532,2.4767,0.3516,0,Non-SST
6329.0,81.6547,1.4172,2.48,0.3585,0,Non-SST
6329.5,80.1288,1.4811,2.4733,0.3705,0,Non-SST
6330.0,83.2231,1.4811,2.4667,0.3831,0,Non-SST
6330.5,86.3174,1.4811,2.46,0.3761,0,Non-SST
6331.0,89.4117,1.4811,2.4633,0.369,0,Non-SST
6331.5,84.8338,1.5511,2.4667,0.3619,0,Non-SST
6332.0,80.2559,1.6211,2.47,0.3374,0,Non-SST
6332.5,75.678,1.6721,2.4567,0.3167,0,Non-SST
6333.0,77.9193,1.7232,2.4433,0.3206,0,Non-SST
6333.5,80.1605,1.7743,2.43,0.3245,0,Non-SST
6334.0,82.4018,1.8016,2.425,0.3284,0,Non-SST
6334.5,80.897,1.8289,2.42,0.3139,0,Non-SST
6335.0,79.3923,1.8562,2.42,0.2994,0,Non-SST
6335.5,77.8875,1.8848,2.42,0.2849,0,Non-SST
6336.0,77.151,1.9134,2.42,0.308,0,Non-SST
6336.5,76.4145,1.9419,2.425,0.331,0,Non-SST
6337.0,75.678,1.8599,2.43,0.354,0,Non-SST
6337.5,81.3606,1.7779,2.4367,0.3501,0,Non-SST
6338.0,87.0433,1.696,2.4433,0.3463,0,Non-SST
6338.5,86.2644,1.696,2.45,0.3424,0,Non-SST
6339.0,85.4855,1.696,2.435,0.3403,0,Non-SST
6339.5,84.7066,1.696,2.42,0.3383,0,Non-SST
6340.0,82.4177,1.671,2.4167,0.3362,0,Non-SST
6340.5,80.1288,1.646,2.4133,0.3435,0,Non-SST
6341.0,80.1288,1.6211,2.41,0.3508,0,Non-SST
6341.5,80.1288,1.6211,2.4167,0.3581,0,Non-SST
6342.0,80.1288,1.6211,2.4233,0.3483,0,Non-SST
6342.5,75.7416,1.6211,2.43,0.3385,0,Non-SST
6343.0,71.3545,1.6721,2.4367,0.3288,0,Non-SST
6343.5,71.3545,1.7232,2.4433,0.319,0,Non-SST
6344.0,71.3545,1.7743,2.45,0.3282,0,Non-SST
6344.5,71.3545,1.7743,2.43,0.3374,0,Non-SST
6345.0,72.7957,1.7743,2.41,0.3466,0,Non-SST
6345.5,74.2368,1.7743,2.39,0.3736,0,Non-SST
6346.0,75.678,1.669,2.4,0.4007,0,Non-SST
6346.5,76.4145,1.5638,2.41,0.4277,0,Non-SST
6347.0,77.151,1.4585,2.42,0.4106,0,Non-SST
6347.5,77.8875,1.3532,2.4233,0.3935,0,Non-SST
6348.0,80.1605,1.3483,2.4267,0.3763,0,Non-SST
6348.5,82.4336,1.3433,2.43,0.3874,0,Non-SST
6349.0,84.7066,1.3383,2.4167,0.3818,0,Non-SST
6349.5,86.275,1.3458,2.4033,0.4282,0,Non-SST
6350.0,87.8433,1.3532,2.39,0.4351,0,Non-SST
6350.5,89.4117,1.2935,2.39,0.4351,0,Non-SST
6351.0,86.3174,1.3532,2.39,0.4231,0,Non-SST
6351.5,83.2231,1.3741,2.39,0.4111,0,Non-SST
6352.0,80.1288,1.3949,2.3875,0.3991,0,Non-SST
6352.5,84.8338,1.4157,2.385,0.4135,0,Non-SST
6353.0,89.5388,1.4375,2.3825,0.4278,0,Non-SST
6353.5,94.2439,1.4593,2.38,0.4422,0,Non-SST
6354.0,91.0648,1.4811,2.385,0.4335,0,Non-SST
6354.5,87.8857,1.4811,2.39,0.4248,0,Non-SST
6355.0,84.7066,1.4811,2.395,0.4161,0,Non-SST
6355.5,83.0018,1.4811,2.4075,0.4057,0,Non-SST
6356.0,81.2971,1.4811,2.43,0.3952,0,Non-SST
6356.5,79.5923,1.4385,2.43,0.3847,0,Non-SST
6357.0,77.8875,1.3959,2.42,0.3743,0,Non-SST
6357.5,78.6346,1.3532,2.4,0.3817,0,Non-SST
6358.0,79.3817,1.3532,2.385,0.3891,0,Non-SST
6358.5,80.1288,1.3532,2.37,0.3965,0,Non-SST
6359.0,81.6441,1.3532,2.375,0.3936,0,Non-SST
6359.5,77.8875,1.3689,2.38,0.3907,0,Non-SST
6360.0,81.2971,1.3845,2.385,0.3877,0,Non-SST
6360.5,84.7066,1.4001,2.39,0.3876,0,Non-SST
6361.0,84.7066,1.4157,2.3833,0.3874,0,Non-SST
6361.5,85.8749,1.4157,2.3767,0.3872,0,Non-SST
6362.0,87.0433,1.4157,2.37,0.387,0,Non-SST
6362.5,85.4961,1.4157,2.3833,0.4116,0,Non-SST
6363.0,83.9489,1.3852,2.3967,0.4361,0,Non-SST
6363.5,82.4018,1.3546,2.41,0.4606,0,Non-SST
6364.0,83.5622,1.324,2.4,0.4382,0,Non-SST
6364.5,84.7225,1.2935,2.39,0.4158,0,Non-SST
6365.0,85.8829,1.3342,2.38,0.3933,0,Non-SST
6365.5,87.0433,1.375,2.37,0.3709,0,Non-SST
6366.0,87.0433,1.4157,2.3733,0.3995,0,Non-SST
6366.5,87.0433,1.3949,2.3767,0.4281,0,Non-SST
6367.0,87.0433,1.3741,2.38,0.4568,0,Non-SST
6367.5,86.4591,1.3532,2.39,0.4467,0,Non-SST
6368.0,85.8749,1.3383,2.4,0.4366,0,Non-SST
6368.5,85.2908,1.3234,2.41,0.4266,0,Non-SST
6369.0,84.7066,1.3084,2.42,0.4306,0,Non-SST
6369.5,86.275,1.2935,2.4133,0.4345,0,Non-SST
6370.0,87.8433,1.3134,2.4067,0.4385,0,Non-SST
6370.5,89.4117,1.3333,2.4,0.4425,0,Non-SST
6371.0,89.4117,1.3532,2.395,0.4257,0,Non-SST
6371.5,89.4117,1.3741,2.39,0.4089,0,Non-SST
6372.0,89.4117,1.3949,2.385,0.3921,0,Non-SST
6372.5,89.4117,1.4157,2.38,0.4104,0,Non-SST
6373.0,89.4117,1.3949,2.3733,0.4287,0,Non-SST
6373.5,89.4117,1.3741,2.3667,0.447,0,Non-SST
6374.0,89.4117,1.3532,2.36,0.4329,0,Non-SST
6374.5,86.3174,1.3959,2.3533,0.4189,0,Non-SST
6375.0,83.2231,1.4385,2.3467,0.4048,0,Non-SST
6375.5,80.1288,1.4811,2.34,0.4015,0,Non-SST
6376.0,81.8574,1.4811,2.3533,0.3982,0,Non-SST
6376.5,83.586,1.4811,2.3667,0.3949,0,Non-SST
6377.0,85.3146,1.4811,2.38,0.3885,0,Non-SST
6377.5,87.0433,1.4811,2.3875,0.3822,0,Non-SST
6378.0,87.0433,1.5039,2.395,0.3759,0,Non-SST
6378.5,87.0433,1.5267,2.4025,0.3696,0,Non-SST
6379.0,87.0433,1.5495,2.41,0.4002,0,Non-SST
6379.5,84.7384,1.5049,2.3933,0.4309,0,Non-SST
6380.0,82.4336,1.4603,2.3767,0.4616,0,Non-SST
6380.5,80.1288,1.4157,2.36,0.4173,0,Non-SST
6381.0,75.8052,1.4718,2.35,0.373,0,Non-SST
6381.5,71.4816,1.5278,2.34,0.3288,0,Non-SST
6382.0,67.1581,1.5839,2.33,0.2845,0,Non-SST
6382.5,62.3895,1.6399,2.3267,0.287,0,Non-SST
6383.0,57.6208,1.696,2.3233,0.2894,5,WTR
6383.5,52.8522,1.7494,2.32,0.2919,5,WTR
6384.0,48.0836,1.8028,2.3375,0.2944,5,WTR
6384.5,51.7713,1.8562,2.355,0.3004,5,WTR
6385.0,55.4591,1.7312,2.3725,0.3064,0,Non-SST
6385.5,59.1468,1.6062,2.39,0.3123,0,Non-SST
6386.0,65.3937,1.4811,2.4033,0.3313,0,Non-SST
6386.5,71.6406,1.4342,2.4167,0.3504,0,Non-SST
6387.0,77.8875,1.3873,2.43,0.3694,0,Non-SST
6387.5,81.7289,1.3404,2.435,0.3674,0,Non-SST
6388.0,85.5703,1.2935,2.44,0.3654,0,Non-SST
6388.5,89.4117,1.3342,2.445,0.3635,0,Non-SST
6389.0,87.6592,1.375,2.45,0.3615,0,Non-SST
6389.5,85.9067,1.4157,2.4325,0.3791,0,Non-SST
6390.0,84.1543,1.4001,2.415,0.3967,0,Non-SST
6390.5,82.4018,1.3845,2.3975,0.4143,0,Non-SST
6391.0,84.7543,1.3689,2.38,0.4177,0,Non-SST
6391.5,87.1068,1.3532,2.3867,0.4212,0,Non-SST
6392.0,89.4594,1.3532,2.3933,0.4246,0,Non-SST
6392.5,91.8119,1.3532,2.4,0.4281,0,Non-SST
6393.0,87.9175,1.3532,2.41,0.4246,0,Non-SST
6393.5,84.0231,1.3959,2.42,0.4211,0,Non-SST
6394.0,80.1288,1.4385,2.43,0.4176,0,Non-SST
6394.5,75.8688,1.4811,2.3825,0.4009,0,Non-SST
6395.0,71.6088,1.4491,2.335,0.3842,0,Non-SST
6395.5,67.3488,1.4172,2.2875,0.3675,0,Non-SST
6396.0,63.0889,1.3852,2.24,0.3508,5,WTR
6396.5,57.5096,1.3532,2.2733,0.3188,5,WTR
6397.0,51.9303,1.4936,2.3067,0.2868,5,WTR
6397.5,46.351,1.6339,2.34,0.2549,5,WTR
6398.0,49.9752,1.7743,2.3567,0.259,5,WTR
6398.5,53.5993,1.7743,2.3733,0.2632,5,WTR
6399.0,57.2235,1.7743,2.39,0.2674,5,WTR
6399.5,57.2235,1.7743,2.3875,0.2698,5,WTR
6400.0,57.2235,1.7743,2.385,0.2722,5,WTR
6400.5,57.2235,1.8016,2.3825,0.2747,5,WTR
6401.0,57.2235,1.8289,2.38,0.2771,5,WTR
6401.5,53.5993,1.8562,2.3567,0.2788,5,WTR
6402.0,49.9752,1.8289,2.3333,0.2804,5,WTR
6402.5,46.351,1.8016,2.31,0.282,5,WTR
6403.0,48.1313,1.7743,2.3325,0.272,5,WTR
6403.5,49.9116,1.8162,2.355,0.262,5,WTR
6404.0,51.6919,1.8581,2.3775,0.2519,5,WTR
6404.5,53.4721,1.9,2.4,0.2419,5,WTR
6405.0,55.3637,1.9419,2.41,0.2513,5,WTR
6405.5,57.2553,1.9419,2.42,0.2608,5,WTR
6406.0,59.1468,1.9419,2.43,0.2702,0,Non-SST
6406.5,63.9313,1.9419,2.45,0.2898,0,Non-SST
6407.0,68.7159,1.9205,2.47,0.3094,0,Non-SST
6407.5,73.5004,1.8991,2.49,0.329,0,Non-SST
6408.0,73.5004,1.8776,2.51,0.3406,0,Non-SST
6408.5,73.5004,1.8562,2.49,0.3521,0,Non-SST
6409.0,73.5004,1.7312,2.47,0.3637,0,Non-SST
6409.5,73.5004,1.6062,2.45,0.3752,0,Non-SST
6410.0,78.0147,1.4811,2.46,0.3723,0,Non-SST
6410.5,82.529,1.4342,2.47,0.3693,0,Non-SST
6411.0,87.0433,1.3873,2.48,0.3664,0,Non-SST
6411.5,87.6354,1.3404,2.4775,0.3698,0,Non-SST
6412.0,88.2275,1.2935,2.475,0.3731,0,Non-SST
6412.5,88.8196,1.2935,2.4725,0.3765,0,Non-SST
6413.0,89.4117,1.2935,2.47,0.3798,0,Non-SST
6413.5,91.0224,1.2935,2.4767,0.3788,0,Non-SST
6414.0,92.6331,1.3134,2.4833,0.3779,0,Non-SST
6414.5,94.2439,1.3333,2.49,0.3769,0,Non-SST
6415.0,94.2439,1.3532,2.485,0.3691,0,Non-SST
6415.5,94.2439,1.3689,2.48,0.3613,0,Non-SST
6416.0,94.2439,1.3845,2.475,0.3535,0,Non-SST
6416.5,93.6359,1.4001,2.47,0.3577,0,Non-SST
6417.0,93.0279,1.4157,2.4667,0.362,0,Non-SST
6417.5,92.4199,1.4603,2.4633,0.3663,0,Non-SST
6418.0,91.8119,1.5049,2.46,0.3706,0,Non-SST
6418.5,92.6225,1.5495,2.46,0.3853,0,Non-SST
6419.0,93.4332,1.5324,2.46,0.4001,0,Non-SST
6419.5,94.2439,1.5153,2.46,0.4148,0,Non-SST
6420.0,93.0358,1.4982,2.455,0.4044,0,Non-SST
6420.5,91.8278,1.4811,2.45,0.3941,0,Non-SST
6421.0,90.6197,1.4593,2.445,0.3838,0,Non-SST
6421.5,89.4117,1.4375,2.44,0.3735,0,Non-SST
6422.0,90.2117,1.4157,2.44,0.3997,0,Non-SST
6422.5,91.0118,1.4157,2.44,0.4259,0,Non-SST
6423.0,91.8119,1.4157,2.44,0.4521,0,Non-SST
6423.5,91.8119,1.4157,2.45,0.4464,0,Non-SST
6424.0,91.8119,1.4001,2.46,0.4408,0,Non-SST
6424.5,91.8119,1.3845,2.47,0.4351,0,Non-SST
6425.0,91.8119,1.3689,2.48,0.4187,0,Non-SST
6425.5,93.4438,1.3532,2.4833,0.4022,0,Non-SST
6426.0,95.0757,1.3852,2.4867,0.3858,0,Non-SST
6426.5,96.7077,1.4172,2.49,0.3694,0,Non-SST
6427.0,96.7077,1.4491,2.4767,0.3624,0,Non-SST
6427.5,96.7077,1.4811,2.4633,0.3553,0,Non-SST
6428.0,96.7077,1.4982,2.45,0.3483,0,Non-SST
6428.5,93.1312,1.5153,2.455,0.3413,0,Non-SST
6429.0,89.5547,1.5324,2.46,0.3342,0,Non-SST
6429.5,85.9783,1.5495,2.465,0.3231,0,Non-SST
6430.0,82.4018,1.6262,2.47,0.3119,0,Non-SST
6430.5,82.4018,1.7029,2.48,0.3007,0,Non-SST
6431.0,82.4018,1.7795,2.49,0.313,0,Non-SST
6431.5,82.4018,1.8562,2.5,0.3252,0,Non-SST
6432.0,82.4018,1.7778,2.495,0.3375,0,Non-SST
6432.5,82.4018,1.6995,2.49,0.3497,0,Non-SST
6433.0,82.4018,1.6211,2.485,0.3228,0,Non-SST
6433.5,80.1764,1.7013,2.48,0.2959,0,Non-SST
6434.0,77.9511,1.7815,2.47,0.2689,0,Non-SST
6434.5,75.7257,1.8617,2.46,0.2635,0,Non-SST
6435.0,73.5004,1.9419,2.45,0.2581,0,Non-SST
6435.5,71.4022,2.0358,2.44,0.2526,0,Non-SST
6436.0,69.304,2.1297,2.43,0.2472,0,Non-SST
6436.5,67.2058,2.2236,2.4367,0.2596,0,Non-SST
6437.0,65.1076,2.2236,2.4433,0.272,0,Non-SST
6437.5,65.6202,2.2236,2.45,0.2844,0,Non-SST
6438.0,66.1328,2.2236,2.44,0.2968,0,Non-SST
6438.5,66.6455,2.2236,2.43,0.3061,0,Non-SST
6439.0,67.1581,2.1532,2.42,0.3154,0,Non-SST
6439.5,69.2881,2.0828,2.41,0.3246,0,Non-SST
6440.0,71.4181,2.0124,2.4167,0.3142,0,Non-SST
6440.5,73.548,1.9419,2.4233,0.3037,0,Non-SST
6441.0,75.678,1.886,2.43,0.2933,0,Non-SST
6441.5,75.678,1.8302,2.42,0.2828,0,Non-SST
6442.0,75.678,1.7743,2.41,0.2856,0,Non-SST
6442.5,75.678,1.8757,2.4,0.2943,0,Non-SST
6443.0,73.0354,1.9771,2.39,0.3108,0,Non-SST
6443.5,70.3928,2.0785,2.41,0.2918,0,Non-SST
6444.0,67.7502,2.1254,2.43,0.28,0,Non-SST
6444.5,65.1076,2.1254,2.45,0.2909,0,Non-SST
6445.0,67.2058,2.1254,2.47,0.3018,0,Non-SST
6445.5,69.304,2.0785,2.4533,0.3127,0,Non-SST
6446.0,71.4022,2.0316,2.4367,0.3065,0,Non-SST
6446.5,73.5004,1.9732,2.42,0.3003,0,Non-SST
6447.0,75.7098,1.9147,2.4225,0.2941,0,Non-SST
6447.5,77.9193,1.8562,2.425,0.3109,0,Non-SST
6448.0,80.1288,1.6211,2.4275,0.3277,0,Non-SST
6448.5,79.5684,1.6585,2.43,0.3444,0,Non-SST
6449.0,79.0081,1.696,2.43,0.3405,0,Non-SST
6449.5,78.4478,1.6422,2.415,0.3365,0,Non-SST
6450.0,77.8875,1.5885,2.415,0.3325,0,Non-SST
6450.5,78.6346,1.5348,2.43,0.3285,0,Non-SST
6451.0,79.3817,1.4811,2.46,0.3068,0,Non-SST
6451.5,80.1288,1.5963,2.4533,0.2851,0,Non-SST
6452.0,79.2055,1.7115,2.4467,0.2634,0,Non-SST
6452.5,78.2822,1.8267,2.44,0.2634,0,Non-SST
6453.0,77.359,1.9419,2.4433,0.2632,0,Non-SST
6453.5,76.4357,2.0701,2.4467,0.2632,0,Non-SST
6454.0,71.7969,2.1982,2.45,0.263,0,Non-SST
6454.5,67.1581,2.3263,2.4633,0.2675,0,Non-SST
6455.0,66.4746,2.4107,2.4767,0.2719,0,Non-SST
6455.5,65.7911,2.495,2.49,0.2763,0,Non-SST
6456.0,65.1076,2.5794,2.4725,0.2807,0,Non-SST
6456.5,64.0982,2.6637,2.455,0.2925,0,Non-SST
6457.0,63.0889,2.4833,2.4375,0.3043,0,Non-SST
6457.5,64.0982,2.3028,2.42,0.3162,0,Non-SST
6458.0,65.1076,2.1224,2.4333,0.3216,0,Non-SST
6458.5,70.3928,1.9419,2.4467,0.3271,0,Non-SST
6459.0,75.678,1.7665,2.46,0.3326,0,Non-SST
6459.5,79.4664,1.5911,2.45,0.338,0,Non-SST
6460.0,83.2548,1.4157,2.44,0.3477,0,Non-SST
6460.5,87.0433,1.4842,2.43,0.3574,0,Non-SST
6461.0,84.202,1.5526,2.42,0.3671,0,Non-SST
6461.5,81.3606,1.6211,2.4075,0.3579,0,Non-SST
6462.0,78.5193,1.6995,2.395,0.3488,0,Non-SST
6462.5,75.678,1.7778,2.3825,0.3396,0,Non-SST
6463.0,74.9521,1.8562,2.37,0.3382,0,Non-SST
6463.5,74.2263,1.8562,2.3767,0.3368,0,Non-SST
6464.0,73.5004,1.8562,2.3833,0.3354,0,Non-SST
6464.5,75.7257,1.8562,2.39,0.3484,0,Non-SST
6465.0,77.9511,1.8028,2.3925,0.3613,0,Non-SST
6465.5,80.1764,1.7494,2.395,0.3743,0,Non-SST
6466.0,82.4018,1.696,2.3975,0.3689,0,Non-SST
6466.5,81.2732,1.736,2.4,0.3635,0,Non-SST
6467.0,80.1447,1.7761,2.43,0.3581,0,Non-SST
6467.5,79.0161,1.8161,2.46,0.3288,0,Non-SST
6468.0,77.8875,1.8562,2.49,0.2995,0,Non-SST
6468.5,74.311,1.946,2.4667,0.2702,0,Non-SST
6469.0,70.7346,2.0357,2.4433,0.2764,0,Non-SST
6469.5,67.1581,2.1254,2.42,0.2827,0,Non-SST
6470.0,68.2072,2.1582,2.4333,0.2889,0,Non-SST
6470.5,69.2563,2.1909,2.4467,0.2896,0,Non-SST
6471.0,70.3054,2.2236,2.46,0.2902,0,Non-SST
6471.5,71.3545,2.2236,2.4533,0.2908,0,Non-SST
6472.0,70.6498,2.2236,2.4467,0.2741,0,Non-SST
6472.5,69.9451,2.2236,2.44,0.2641,0,Non-SST
6473.0,69.2404,2.2236,2.4467,0.2836,0,Non-SST
6473.5,70.6604,2.1745,2.4533,0.3035,0,Non-SST
6474.0,72.0804,2.1254,2.46,0.2953,0,Non-SST
6474.5,73.5004,2.0316,2.4567,0.2922,0,Non-SST
6475.0,72.7851,2.0785,2.4533,0.2892,0,Non-SST
6475.5,72.0698,2.1254,2.45,0.2972,0,Non-SST
6476.0,71.3545,1.9107,2.37,0.3053,0,Non-SST
6476.5,62.4531,1.6959,2.29,0.3134,0,Non-SST
6477.0,53.5516,1.4811,2.21,0.3262,5,WTR
6477.5,44.6502,1.4811,2.2133,0.3389,5,WTR
6478.0,55.7293,1.4811,2.2167,0.3517,5,WTR
6478.5,66.8084,1.4811,2.22,0.4293,0,Non-SST
6479.0,77.8875,1.4811,2.25,0.5282,0,Non-SST
6479.5,80.9394,1.4811,2.35,0.4794,0,Non-SST
6480.0,83.9913,1.4811,2.37,0.4306,0,Non-SST
6480.5,87.0433,1.4811,2.415,0.3818,0,Non-SST
6481.0,88.6328,1.4811,2.4067,0.4008,0,Non-SST
6481.5,90.2223,1.4811,2.3983,0.4198,0,Non-SST
6482.0,91.8119,1.4811,2.39,0.4387,0,Non-SST
6482.5,85.9703,1.4811,2.38,0.4405,0,Non-SST
6483.0,80.1288,1.4811,2.37,0.4423,0,Non-SST
6483.5,85.9703,1.5039,2.36,0.4441,0,Non-SST
6484.0,91.8119,1.5267,2.3167,0.4228,0,Non-SST
6484.5,80.1288,1.5495,2.2733,0.4015,0,Non-SST
6485.0,57.6208,1.4215,2.23,0.3801,5,WTR
6485.5,35.1129,1.2935,2.205,0.3435,5,WTR
6486.0,38.292,1.3342,2.18,0.3122,5,WTR
6486.5,41.4711,1.375,2.2533,0.3024,5,WTR
6487.0,44.6502,1.4157,2.3267,0.2931,5,WTR
6487.5,59.0753,1.696,2.4,0.3158,0,Non-SST
6488.0,73.5004,1.6025,2.3933,0.3386,0,Non-SST
6488.5,79.6042,1.5091,2.3867,0.3613,0,Non-SST
6489.0,85.708,1.4157,2.38,0.3838,0,Non-SST
6489.5,91.8119,1.3949,2.3833,0.4063,0,Non-SST
6490.0,91.0118,1.3741,2.3867,0.4288,0,Non-SST
6490.5,90.2117,1.3532,2.39,0.4253,0,Non-SST
6491.0,89.4117,1.3959,2.3867,0.4217,0,Non-SST
6491.5,88.6222,1.4385,2.3833,0.4182,0,Non-SST
6492.0,87.8327,1.4811,2.38,0.4076,0,Non-SST
6492.5,87.0433,1.5278,2.37,0.397,0,Non-SST
6493.0,83.2548,1.5744,2.36,0.3864,0,Non-SST
6493.5,79.4664,1.6211,2.365,0.3726,0,Non-SST
6494.0,75.678,1.6721,2.37,0.3589,0,Non-SST
6494.5,72.8381,1.7232,2.41,0.3451,0,Non-SST
6495.0,69.9981,1.7743,2.45,0.3397,0,Non-SST
6495.5,67.1581,1.6548,2.3825,0.3344,0,Non-SST
6496.0,49.6731,1.5352,2.315,0.3291,5,WTR
6496.5,32.1882,1.4157,2.2475,0.3237,5,WTR
6497.0,24.2325,1.3204,2.18,0.3184,5,WTR
6497.5,16.2769,1.225,2.1733,0.3131,5,WTR
6498.0,17.326,1.1296,2.1667,0.3136,5,WTR
6498.5,18.3751,1.0971,2.16,0.3141,5,WTR
6499.0,17.6757,1.0646,2.15,0.3146,5,WTR
6499.5,16.9763,1.0321,2.14,0.3066,5,WTR
6500.0,16.2769,1.048,2.13,0.2986,5,WTR
6500.5,17.7181,1.0639,2.13,0.2906,5,WTR
6501.0,19.1593,1.0798,2.13,0.2846,5,WTR
6501.5,20.6005,1.0639,2.13,0.2788,5,WTR
6502.0,19.8587,1.048,2.13,0.2903,5,WTR
6502.5,19.1169,1.0321,2.13,0.3018,5,WTR
6503.0,18.3751,1.048,2.13,0.3133,5,WTR
6503.5,19.2215,1.0639,2.1433,0.3091,5,WTR
6504.0,20.0679,1.0798,2.1567,0.305,5,WTR
6504.5,20.9144,1.132,2.17,0.3008,5,WTR
6505.0,21.7608,1.1842,2.1833,0.2993,5,WTR
6505.5,29.1919,1.2364,2.1967,0.2977,5,WTR
6506.0,36.623,1.2962,2.21,0.2962,5,WTR
6506.5,40.4432,1.3559,2.25,0.2912,5,WTR
6507.0,44.2634,1.4157,2.29,0.2863,5,WTR
6507.5,48.0836,1.8317,2.3533,0.2813,5,WTR
6508.0,46.3828,2.2477,2.4167,0.2418,5,WTR
6508.5,44.682,2.6637,2.48,0.2023,0,Non-SST
6509.0,42.9812,3.1588,2.4833,0.1628,0,Non-SST
6509.5,42.4354,3.6538,2.4867,0.1793,0,Non-SST
6510.0,41.8897,3.3488,2.49,0.1958,0,Non-SST
6510.5,41.344,3.0438,2.4233,0.2123,5,WTR
6511.0,43.5905,2.7388,2.3567,0.2288,5,WTR
6511.5,45.8371,2.4337,2.29,0.2477,5,WTR
6512.0,48.0836,2.139,2.2767,0.2667,5,WTR
6512.5,48.6717,1.8443,2.2633,0.2856,5,WTR
6513.0,49.2599,1.5495,2.25,0.2975,5,WTR
6513.5,49.848,1.5495,2.2867,0.3094,5,WTR
6514.0,55.618,1.5495,2.3233,0.3213,5,WTR
6514.5,61.3881,1.5495,2.36,0.3356,0,Non-SST
6515.0,67.1581,1.5734,2.3767,0.3668,0,Non-SST
6515.5,72.2393,1.5972,2.3933,0.3625,0,Non-SST
6516.0,77.3206,1.6211,2.41,0.3581,0,Non-SST
6516.5,82.4018,1.5972,2.3725,0.3537,0,Non-SST
6517.0,78.7194,1.5734,2.335,0.3743,0,Non-SST
6517.5,75.0369,1.5495,2.2975,0.395,0,Non-SST
6518.0,71.3545,1.4642,2.26,0.4157,0,Non-SST
6518.5,71.3545,1.3788,2.33,0.3818,0,Non-SST
6519.0,71.3545,1.2935,2.4,0.348,0,Non-SST
6519.5,71.3545,1.2935,2.47,0.3141,0,Non-SST
6520.0,75.8052,1.2935,2.46,0.3272,0,Non-SST
6520.5,80.2559,1.2935,2.45,0.3402,0,Non-SST
6521.0,84.7066,1.356,2.46,0.3533,0,Non-SST
6521.5,84.7066,1.4186,2.47,0.3495,0,Non-SST
6522.0,84.7066,1.4811,2.48,0.3457,0,Non-SST
6522.5,84.7066,1.5278,2.4733,0.3418,0,Non-SST
6523.0,83.9383,1.5744,2.4667,0.34,0,Non-SST
6523.5,83.1701,1.6211,2.46,0.3382,0,Non-SST
6524.0,82.4018,1.646,2.46,0.3364,0,Non-SST
6524.5,81.6441,1.671,2.46,0.3474,0,Non-SST
6525.0,80.8864,1.696,2.46,0.3584,0,Non-SST
6525.5,80.1288,1.6585,2.4533,0.3694,0,Non-SST
6526.0,80.1288,1.6211,2.4467,0.3627,0,Non-SST
6526.5,80.1288,1.5972,2.44,0.3559,0,Non-SST
6527.0,80.1288,1.5734,2.45,0.3491,0,Non-SST
6527.5,81.6547,1.5495,2.46,0.3377,0,Non-SST
6528.0,83.1807,1.5049,2.47,0.3263,0,Non-SST
6528.5,84.7066,1.4603,2.4633,0.3149,0,Non-SST
6529.0,85.4855,1.4157,2.4567,0.3426,0,Non-SST
6529.5,86.2644,1.3949,2.45,0.3775,0,Non-SST
6530.0,87.0433,1.3741,2.46,0.3698,0,Non-SST
6530.5,87.8327,1.3532,2.47,0.3621,0,Non-SST
6531.0,88.6222,1.3741,2.48,0.3543,0,Non-SST
6531.5,89.4117,1.3949,2.4833,0.3412,0,Non-SST
6532.0,85.5703,1.4157,2.4867,0.3281,0,Non-SST
6532.5,81.7289,1.5352,2.49,0.315,0,Non-SST
6533.0,77.8875,1.6548,2.53,0.2577,0,Non-SST
6533.5,70.369,1.7743,2.57,0.2003,0,Non-SST
6534.0,62.8504,2.347,2.61,0.1429,0,Non-SST
6534.5,55.3319,2.9198,2.5333,0.1833,0,Non-SST
6535.0,52.3383,3.4925,2.4567,0.2236,0,Non-SST
6535.5,49.3446,2.9094,2.38,0.264,5,WTR
6536.0,46.351,2.3263,2.4,0.2737,5,WTR
6536.5,53.9808,2.1696,2.42,0.2835,0,Non-SST
6537.0,61.6106,2.0129,2.4367,0.2932,0,Non-SST
6537.5,69.2404,1.8562,2.4533,0.2893,0,Non-SST
6538.0,72.8698,1.8289,2.47,0.302,0,Non-SST
6538.5,76.4993,1.6892,2.45,0.3031,0,Non-SST
6539.0,80.1288,1.5495,2.43,0.3262,0,Non-SST
6539.5,80.1288,1.5267,2.41,0.3604,0,Non-SST
6540.0,80.1288,1.5039,2.4167,0.3717,0,Non-SST
6540.5,85.6551,1.4811,2.4233,0.3831,0,Non-SST
6541.0,91.1814,1.3873,2.43,0.3944,0,Non-SST
6541.5,96.7077,1.2935,2.4233,0.386,0,Non-SST
6542.0,91.939,1.2364,2.4167,0.3954,0,Non-SST
6542.5,87.1704,1.2554,2.41,0.3856,0,Non-SST
6543.0,82.4018,1.2745,2.4089,0.3367,0,Non-SST
6543.5,78.0147,1.2935,2.4078,0.2974,0,Non-SST
6544.0,73.6275,1.4573,2.4067,0.3135,0,Non-SST
6544.5,69.2404,1.6211,2.4183,0.3296,0,Non-SST
6545.0,73.6275,1.5853,2.43,0.3457,0,Non-SST
6545.5,78.0147,1.5495,2.42,0.367,0,Non-SST
6546.0,82.4018,1.5005,2.41,0.3882,0,Non-SST
6546.5,83.9489,1.4514,2.4,0.4094,0,Non-SST
6547.0,85.4961,1.4023,2.395,0.4069,0,Non-SST
6547.5,87.0433,1.3532,2.4,0.4043,0,Non-SST
6548.0,89.4541,1.4425,2.4,0.4017,0,Non-SST
6548.5,84.7914,1.5318,2.3833,0.3863,0,Non-SST
6549.0,80.1288,1.6211,2.3667,0.3708,0,Non-SST
6549.5,69.6378,1.5744,2.35,0.3553,0,Non-SST
6550.0,59.1468,1.5278,2.27,0.3398,5,WTR
6550.5,47.1299,1.4811,2.19,0.3575,5,WTR
6551.0,35.1129,1.3314,2.1667,0.3752,5,WTR
6551.5,27.2924,1.1818,2.1433,0.3929,5,WTR
6552.0,19.4719,1.0321,2.12,0.3733,5,WTR
6552.5,18.391,1.0024,2.1233,0.3538,5,WTR
6553.0,17.3101,0.9727,2.1267,0.3342,5,WTR
6553.5,24.7491,0.943,2.13,0.3504,5,WTR
6554.0,32.1882,0.9886,2.2433,0.3666,5,WTR
6554.5,48.1684,1.0342,2.3567,0.3828,5,WTR
6555.0,64.1486,1.0798,2.47,0.3602,0,Non-SST
6555.5,80.1288,1.1801,2.4667,0.3375,0,Non-SST
6556.0,78.6452,1.2804,2.4633,0.3149,0,Non-SST
6556.5,77.1616,1.3808,2.46,0.3129,0,Non-SST
6557.0,75.678,1.4811,2.4475,0.311,0,Non-SST
6557.5,74.2368,1.6062,2.435,0.309,0,Non-SST
6558.0,72.7957,1.7312,2.4225,0.3005,0,Non-SST
6558.5,71.3545,1.8562,2.41,0.292,0,Non-SST
6559.0,67.2853,1.9147,2.4,0.2835,0,Non-SST
6559.5,63.216,1.9732,2.39,0.2749,0,Non-SST
6560.0,59.1468,2.0316,2.38,0.2699,5,WTR
6560.5,58.5057,2.0316,2.3867,0.2648,5,WTR
6561.0,57.8646,2.0316,2.3933,0.2597,5,WTR
6561.5,57.2235,2.0316,2.4,0.2619,5,WTR
6562.0,58.6898,2.0017,2.4067,0.2641,5,WTR
6562.5,60.1562,1.9718,2.4133,0.2663,5,WTR
6563.0,61.6225,1.9419,2.42,0.2694,0,Non-SST
6563.5,63.0889,1.9644,2.4233,0.2725,0,Non-SST
6564.0,62.4266,1.9868,2.4267,0.2756,0,Non-SST
6564.5,61.7643,2.0092,2.43,0.2865,0,Non-SST
6565.0,61.1019,2.0316,2.41,0.2975,0,Non-SST
6565.5,61.1019,1.9732,2.39,0.3085,0,Non-SST
6566.0,61.1019,1.9147,2.37,0.3056,0,Non-SST
6566.5,61.1019,1.8562,2.38,0.3027,0,Non-SST
6567.0,61.1019,1.8289,2.39,0.2998,0,Non-SST
6567.5,61.1019,1.8016,2.4,0.2988,0,Non-SST
6568.0,61.1019,1.7743,2.41,0.2979,0,Non-SST
6568.5,61.7643,1.7482,2.4033,0.2969,0,Non-SST
6569.0,62.4266,1.722,2.3967,0.296,0,Non-SST
6569.5,63.0889,1.696,2.39,0.295,0,Non-SST
6570.0,65.1394,1.722,2.4067,0.2941,0,Non-SST
6570.5,67.1899,1.7482,2.4233,0.2932,0,Non-SST
6571.0,69.2404,1.7743,2.44,0.3061,0,Non-SST
6571.5,71.4022,1.7232,2.4433,0.3191,0,Non-SST
6572.0,73.5639,1.6721,2.4467,0.332,0,Non-SST
6572.5,75.7257,1.6211,2.45,0.3151,0,Non-SST
6573.0,77.8875,1.7013,2.4467,0.2982,0,Non-SST
6573.5,75.0051,1.7815,2.4433,0.2813,0,Non-SST
6574.0,72.1228,1.8617,2.44,0.2644,0,Non-SST
6574.5,69.2404,1.9419,2.4233,0.2662,0,Non-SST
6575.0,68.5463,1.9419,2.4067,0.268,0,Non-SST
6575.5,67.8522,1.9419,2.39,0.2698,0,Non-SST
6576.0,67.1581,1.9419,2.3975,0.2636,0,Non-SST
6576.5,67.8522,1.9419,2.405,0.2575,0,Non-SST
6577.0,68.5463,1.9419,2.4125,0.2513,0,Non-SST
6577.5,69.2404,1.9419,2.42,0.2533,0,Non-SST
6578.0,61.6106,1.9419,2.3833,0.2553,5,WTR
6578.5,53.9808,1.886,2.3467,0.2572,5,WTR
6579.0,46.351,1.8302,2.31,0.2642,5,WTR
6579.5,53.2867,1.7743,2.335,0.2711,5,WTR
6580.0,60.2224,1.8016,2.36,0.2781,5,WTR
6580.5,67.1581,1.8289,2.385,0.2851,0,Non-SST
6581.0,66.4746,1.8562,2.41,0.278,0,Non-SST
6581.5,65.7911,1.9787,2.4133,0.271,0,Non-SST
6582.0,65.1076,2.1012,2.4167,0.2639,0,Non-SST
6582.5,64.1062,2.2236,2.42,0.2703,0,Non-SST
6583.0,63.1048,2.2578,2.4033,0.2767,0,Non-SST
6583.5,62.1034,2.2921,2.3867,0.2831,0,Non-SST
6584.0,61.1019,2.3263,2.37,0.2758,0,Non-SST
6584.5,57.4142,2.2088,2.35,0.2686,5,WTR
6585.0,53.7265,2.0913,2.33,0.2614,5,WTR
6585.5,50.0387,1.9737,2.31,0.2684,5,WTR
6586.0,46.351,1.8562,2.3267,0.2755,5,WTR
6586.5,46.351,1.8289,2.3433,0.2825,5,WTR
6587.0,46.351,1.8016,2.36,0.2767,5,WTR
6587.5,46.351,1.7743,2.39,0.2709,5,WTR
6588.0,54.6855,1.8016,2.42,0.2652,5,WTR
6588.5,63.02,1.8289,2.45,0.2743,0,Non-SST
6589.0,71.3545,1.8562,2.48,0.2835,0,Non-SST
6589.5,76.5841,1.8289,2.47,0.2927,0,Non-SST
6590.0,81.8137,1.8016,2.46,0.3018,0,Non-SST
6590.5,87.0433,1.7743,2.45,0.3122,0,Non-SST
6591.0,85.4961,1.7482,2.4567,0.3225,0,Non-SST
6591.5,83.9489,1.722,2.4633,0.3329,0,Non-SST
6592.0,82.4018,1.696,2.47,0.3336,0,Non-SST
6592.5,82.4018,1.696,2.4733,0.3343,0,Non-SST
6593.0,82.4018,1.696,2.4767,0.335,0,Non-SST
6593.5,82.4018,1.696,2.48,0.331,0,Non-SST
6594.0,79.1114,1.8078,2.4767,0.3269,0,Non-SST
6594.5,75.8211,1.9197,2.4733,0.3228,0,Non-SST
6595.0,72.5307,2.0316,2.47,0.303,0,Non-SST
6595.5,69.2404,2.0316,2.44,0.2832,0,Non-SST
6596.0,66.5276,2.0316,2.41,0.2634,0,Non-SST
6596.5,63.8148,2.0316,2.38,0.2699,5,WTR
6597.0,61.1019,2.0316,2.3875,0.2764,0,Non-SST
6597.5,59.1786,2.0017,2.395,0.283,5,WTR
6598.0,57.2553,1.9718,2.4025,0.2785,5,WTR
6598.5,55.3319,1.9419,2.41,0.274,5,WTR
6599.0,59.9681,1.9419,2.4133,0.2695,5,WTR
6599.5,64.6042,1.9419,2.4167,0.2833,0,Non-SST
6600.0,69.2404,1.9419,2.42,0.297,0,Non-SST
6600.5,69.9451,1.9134,2.42,0.3107,0,Non-SST
6601.0,70.6498,1.8848,2.42,0.3245,0,Non-SST
6601.5,71.3545,1.8562,2.42,0.3182,0,Non-SST
6602.0,72.0698,1.8848,2.44,0.3119,0,Non-SST
6602.5,72.7851,1.9134,2.46,0.3057,0,Non-SST
6603.0,73.5004,1.9419,2.48,0.3151,0,Non-SST
6603.5,70.8975,1.9134,2.4533,0.3327,0,Non-SST
6604.0,68.2946,1.8848,2.4267,0.3133,0,Non-SST
6604.5,65.6917,1.8562,2.4,0.2939,0,Non-SST
6605.0,63.0889,1.8289,2.4133,0.2746,0,Non-SST
6605.5,66.5594,1.8016,2.4267,0.289,0,Non-SST
6606.0,70.0299,1.7743,2.44,0.3034,0,Non-SST
6606.5,73.5004,1.7743,2.43,0.3178,0,Non-SST
6607.0,70.7028,1.7743,2.42,0.3165,0,Non-SST
6607.5,67.9052,1.7743,2.41,0.3152,0,Non-SST
6608.0,65.1076,1.7743,2.4067,0.3139,0,Non-SST
6608.5,65.7911,1.7743,2.4033,0.3127,0,Non-SST
6609.0,66.4746,1.7743,2.4,0.4406,0,Non-SST
6609.5,67.1581,2.7092,2.1,0.5686,0,Non-SST
6610.0,61.3881,3.6442,1.8,0.6966,0,Non-SST
6610.5,55.618,4.5791,1.5,0.5946,0,Non-SST
6611.0,49.848,3.8583,1.8133,0.4925,0,Non-SST
6611.5,63.0359,3.1376,2.1267,0.3905,5,WTR
6612.0,76.2238,2.4167,2.44,0.2885,0,Non-SST
6612.5,89.4117,1.696,2.43,0.3195,0,Non-SST
6613.0,93.518,1.5428,2.42,0.3506,0,Non-SST
6613.5,97.6243,1.3896,2.41,0.3816,0,Non-SST
6614.0,101.7306,1.2364,2.41,0.3976,0,Non-SST
6614.5,97.6243,1.2962,2.41,0.4136,0,Non-SST
6615.0,93.518,1.3559,2.41,0.4295,0,Non-SST
6615.5,89.4117,1.4157,2.3825,0.3868,0,Non-SST
6616.0,81.9938,1.4375,2.355,0.3509,0,Non-SST
6616.5,74.576,1.4593,2.3275,0.3468,0,Non-SST
6617.0,67.1581,1.4811,2.3,0.3427,0,Non-SST
6617.5,60.7999,1.4811,2.27,0.3386,5,WTR
6618.0,54.4418,1.4811,2.24,0.3265,5,WTR
6618.5,48.0836,1.4186,2.21,0.3257,5,WTR
6619.0,45.3019,1.356,2.2575,0.3307,5,WTR
6619.5,42.5202,1.2935,2.305,0.3357,5,WTR
6620.0,39.7385,1.2935,2.3525,0.3407,5,WTR
6620.5,47.6425,1.2935,2.4,0.293,5,WTR
6621.0,55.5465,1.4538,2.4233,0.2726,5,WTR
6621.5,63.4505,1.614,2.4467,0.3019,0,Non-SST
6622.0,71.3545,1.7743,2.47,0.3282,0,Non-SST
6622.5,73.5322,1.6619,2.465,0.3256,0,Non-SST
6623.0,75.7098,1.5495,2.46,0.3231,0,Non-SST
6623.5,77.8875,1.5495,2.4567,0.3205,0,Non-SST
6624.0,79.0161,1.5495,2.4533,0.3525,0,Non-SST
6624.5,80.1447,1.4841,2.45,0.3919,0,Non-SST
6625.0,81.2732,1.4187,2.435,0.3888,0,Non-SST
6625.5,82.4018,1.3532,2.42,0.3856,0,Non-SST
6626.0,85.9067,1.3532,2.4,0.3825,0,Non-SST
6626.5,89.4117,1.3532,2.38,0.3793,0,Non-SST
6627.0,86.3174,1.3532,2.4067,0.3652,0,Non-SST
6627.5,83.2231,1.4425,2.4333,0.3511,0,Non-SST
6628.0,80.1288,1.5318,2.46,0.337,0,Non-SST
6628.5,73.6434,1.6211,2.41,0.3218,0,Non-SST
6629.0,67.1581,1.728,2.36,0.3065,0,Non-SST
6629.5,61.245,1.835,2.35,0.2913,5,WTR
6630.0,55.3319,1.9419,2.34,0.2733,5,WTR
6630.5,55.9624,1.8599,2.33,0.2763,5,WTR
6631.0,56.5929,1.7779,2.375,0.2682,5,WTR
6631.5,57.2235,1.696,2.42,0.2467,5,WTR
6632.0,67.5555,1.6585,2.4367,0.2642,0,Non-SST
6632.5,77.8875,1.8002,2.4533,0.3006,0,Non-SST
6633.0,80.1605,1.9419,2.47,0.314,0,Non-SST
6633.5,82.4336,1.835,2.45,0.3273,0,Non-SST
6634.0,84.7066,1.728,2.43,0.3407,0,Non-SST
6634.5,76.9735,1.6211,2.41,0.3344,0,Non-SST
6635.0,69.2404,1.6721,2.415,0.3281,0,Non-SST
6635.5,67.1899,1.7232,2.42,0.3218,0,Non-SST
6636.0,65.1394,1.7743,2.425,0.3218,0,Non-SST
6636.5,63.0889,1.8152,2.43,0.3201,0,Non-SST
6637.0,70.2948,1.8562,2.48,0.3184,0,Non-SST
6637.5,77.5007,1.7386,2.51,0.3166,0,Non-SST
6638.0,84.7066,1.6211,2.51,0.3199,0,Non-SST
6638.5,83.1807,1.6032,2.5,0.3233,0,Non-SST
6639.0,81.6547,1.5853,2.49,0.3266,0,Non-SST
6639.5,80.1288,1.5674,2.48,0.3329,0,Non-SST
6640.0,80.8864,1.5495,2.4833,0.3392,0,Non-SST
6640.5,81.6441,1.5734,2.4867,0.3455,0,Non-SST
6641.0,82.4018,1.5972,2.49,0.3518,0,Non-SST
6641.5,83.5595,1.6211,2.48,0.3503,0,Non-SST
6642.0,84.7172,1.6211,2.47,0.3489,0,Non-SST
6642.5,83.5595,1.6211,2.46,0.3475,0,Non-SST
6643.0,82.4018,1.6211,2.46,0.3571,0,Non-SST
6643.5,79.0399,1.6211,2.4733,0.3668,0,Non-SST
6644.0,75.678,1.6211,2.4867,0.3765,0,Non-SST
6644.5,77.1616,1.6211,2.5,0.3676,0,Non-SST
6645.0,78.6452,1.5972,2.4833,0.3587,0,Non-SST
6645.5,80.1288,1.5734,2.4667,0.3499,0,Non-SST
6646.0,82.4336,1.5495,2.45,0.3504,0,Non-SST
6646.5,84.7384,1.5324,2.4433,0.351,0,Non-SST
6647.0,87.0433,1.5153,2.4367,0.3516,0,Non-SST
6647.5,87.0433,1.4982,2.43,0.3391,0,Non-SST
6648.0,87.0433,1.4811,2.4533,0.3267,0,Non-SST
6648.5,81.109,1.6646,2.4767,0.3142,0,Non-SST
6649.0,75.1747,1.8481,2.5,0.3199,0,Non-SST
6649.5,69.2404,2.0316,2.47,0.3256,0,Non-SST
6650.0,66.5276,2.0017,2.44,0.3313,0,Non-SST
6650.5,63.8148,1.9718,2.41,0.337,0,Non-SST
6651.0,61.1019,1.9419,2.38,0.3531,0,Non-SST
6651.5,68.9702,1.7457,2.3633,0.3692,0,Non-SST
6652.0,76.8384,1.5495,2.3467,0.3852,0,Non-SST
6652.5,84.7066,1.3532,2.33,0.4107,0,Non-SST
6653.0,88.707,1.3333,2.3467,0.4362,0,Non-SST
6653.5,92.7073,1.3134,2.3633,0.4617,0,Non-SST
6654.0,96.7077,1.2935,2.38,0.4604,0,Non-SST
6654.5,94.8837,1.2656,2.3867,0.4591,0,Non-SST
6655.0,93.0597,1.2377,2.3933,0.4578,0,Non-SST
6655.5,91.2357,1.2097,2.4,0.4764,0,Non-SST
6656.0,89.4117,1.1818,2.4067,0.4949,0,Non-SST
6656.5,91.8437,1.1644,2.4133,0.5134,0,Non-SST
6657.0,94.2757,1.147,2.42,0.496,0,Non-SST
6657.5,96.7077,1.1296,2.43,0.4787,0,Non-SST
6658.0,96.7077,1.1296,2.44,0.4613,0,Non-SST
6658.5,96.7077,1.1296,2.45,0.4651,0,Non-SST
6659.0,96.7077,1.1296,2.46,0.4689,0,Non-SST
6659.5,95.8864,1.0819,2.46,0.4728,0,Non-SST
6660.0,95.0651,1.0343,2.46,0.4766,0,Non-SST
6660.5,94.2439,0.9865,2.46,0.4627,0,Non-SST
6661.0,91.8437,1.1088,2.4533,0.4488,0,Non-SST
6661.5,89.4435,1.231,2.4467,0.4349,0,Non-SST
6662.0,87.0433,1.3532,2.44,0.437,0,Non-SST
6662.5,86.4591,1.3741,2.4467,0.4392,0,Non-SST
6663.0,85.8749,1.3949,2.4533,0.4413,0,Non-SST
6663.5,85.2908,1.4157,2.46,0.4245,0,Non-SST
6664.0,84.7066,1.6177,2.4433,0.4078,0,Non-SST
6664.5,75.5456,1.8197,2.4267,0.3911,0,Non-SST
6665.0,66.3845,2.0216,2.41,0.4005,0,Non-SST
6665.5,57.2235,2.2236,2.385,0.4099,0,Non-SST
6666.0,61.9338,1.9543,2.36,0.4193,0,Non-SST
6666.5,66.6441,1.685,2.335,0.5414,0,Non-SST
6667.0,71.3545,1.4157,2.31,0.6635,0,Non-SST
6667.5,64.7844,2.156,2.08,0.7857,0,Non-SST
6668.0,58.2143,2.8964,1.85,0.9078,0,Non-SST
6668.5,51.6442,3.6367,1.62,0.9003,0,Non-SST
6669.0,46.6371,4.377,1.5367,0.8928,0,Non-SST
6669.5,41.6301,7.2297,1.4533,0.8853,0,Non-SST
6670.0,36.623,10.0823,1.37,0.8779,0,Non-SST
6670.5,27.7269,12.9349,1.3333,0.9798,0,Non-SST
6671.0,18.8308,13.3424,1.2967,1.0818,0,Non-SST
6671.5,9.9346,13.7499,1.26,1.1838,0,Non-SST
6672.0,12.0447,14.1573,1.27,1.0389,0,Non-SST
6672.5,14.1549,12.7267,1.28,0.8941,0,Non-SST
6673.0,16.265,11.2961,1.29,0.7493,0,Non-SST
6673.5,18.3751,9.8655,1.5575,0.6192,0,Non-SST
6674.0,36.0349,7.3524,1.825,0.4891,0,Non-SST
6674.5,53.6947,4.8394,2.0925,0.359,5,WTR
6675.0,71.3545,2.3263,2.36,0.3598,0,Non-SST
6675.5,78.9843,2.2302,2.36,0.3606,0,Non-SST
6676.0,86.6141,2.1341,2.36,0.3614,0,Non-SST
6676.5,94.2439,2.038,2.36,0.3703,0,Non-SST
6677.0,92.4437,1.9419,2.3775,0.3792,0,Non-SST
6677.5,90.6436,1.886,2.395,0.388,0,Non-SST
6678.0,88.8434,1.8302,2.4125,0.3542,0,Non-SST
6678.5,87.0433,1.7743,2.43,0.3204,0,Non-SST
6679.0,82.529,2.0316,2.4333,0.2865,0,Non-SST
6679.5,78.0147,2.2889,2.4367,0.2527,0,Non-SST
6680.0,73.5004,2.5461,2.44,0.2537,0,Non-SST
6680.5,71.3863,2.5853,2.44,0.2547,0,Non-SST
6681.0,69.2722,2.6245,2.44,0.2557,0,Non-SST
6681.5,67.1581,2.6637,2.44,0.2592,0,Non-SST
6682.0,67.8522,2.6637,2.44,0.2626,0,Non-SST
6682.5,68.5463,2.6637,2.44,0.266,0,Non-SST
6683.0,69.2404,2.6637,2.44,0.2717,0,Non-SST
6683.5,67.2058,2.7267,2.4,0.2774,0,Non-SST
6684.0,65.1712,2.7896,2.36,0.2831,0,Non-SST
6684.5,63.1366,2.8525,2.32,0.2842,0,Non-SST
6685.0,61.1019,2.9155,2.3425,0.2852,0,Non-SST
6685.5,60.4502,3.0073,2.365,0.2862,0,Non-SST
6686.0,59.7985,3.0991,2.3875,0.2858,0,Non-SST
6686.5,59.1468,3.191,2.41,0.2854,0,Non-SST
6687.0,51.1355,2.9027,2.34,0.2851,5,WTR
6687.5,43.1242,2.6145,2.27,0.2808,5,WTR
6688.0,35.1129,2.3263,2.2,0.2766,5,WTR
6688.5,30.2754,2.1162,2.1833,0.2724,5,WTR
6689.0,25.438,1.9061,2.1667,0.2682,5,WTR
6689.5,20.6005,1.696,2.15,0.275,5,WTR
6690.0,18.5023,1.696,2.1533,0.2817,5,WTR
6690.5,16.4041,1.696,2.1567,0.2885,5,WTR
6691.0,14.3059,1.696,2.16,0.2842,5,WTR
6691.5,14.7986,1.696,2.1633,0.28,5,WTR
6692.0,15.2914,1.696,2.1667,0.2757,5,WTR
6692.5,15.7841,1.696,2.17,0.274,5,WTR
6693.0,16.2769,1.6772,2.16,0.2723,5,WTR
6693.5,15.3073,1.6585,2.15,0.2706,5,WTR
6694.0,14.3377,1.6398,2.14,0.2661,5,WTR
6694.5,13.368,1.6211,2.145,0.2616,5,WTR
6695.0,13.368,1.5972,2.15,0.2571,5,WTR
6695.5,13.368,1.5734,2.155,0.2657,5,WTR
6696.0,13.368,1.5495,2.16,0.2743,5,WTR
6696.5,13.066,1.5495,2.1567,0.2828,5,WTR
6697.0,12.764,1.5495,2.1533,0.2914,5,WTR
6697.5,12.462,1.5495,2.15,0.2951,5,WTR
6698.0,14.078,1.5267,2.17,0.2989,5,WTR
6698.5,15.6941,1.5039,2.19,0.3027,5,WTR
6699.0,17.3101,1.4811,2.21,0.3095,5,WTR
6699.5,29.984,1.7286,2.2833,0.3162,0,Non-SST
6700.0,42.658,1.9761,2.3567,0.323,0,Non-SST
6700.5,55.3319,2.2236,2.43,0.3267,0,Non-SST
6701.0,56.7744,2.2761,2.3767,0.3304,0,Non-SST
6701.5,58.2169,2.3287,2.3233,0.3341,5,WTR
6702.0,59.6594,2.3812,2.27,0.3204,5,WTR
6702.5,61.1019,2.4337,2.2567,0.3067,5,WTR
6703.0,52.4389,2.4337,2.2433,0.293,5,WTR
6703.5,43.776,2.4337,2.23,0.2918,5,WTR
6704.0,35.1129,2.4337,2.265,0.2905,5,WTR
6704.5,40.6234,2.4337,2.3,0.2892,5,WTR
6705.0,46.1338,2.4337,2.335,0.288,5,WTR
6705.5,51.6442,2.4337,2.37,0.2949,0,Non-SST
6706.0,49.3129,2.4712,2.3033,0.3018,5,WTR
6706.5,46.9815,2.5087,2.2367,0.3088,5,WTR
6707.0,44.6502,2.5461,2.17,0.3184,5,WTR
6707.5,40.0246,2.4386,2.1833,0.328,5,WTR
6708.0,35.3991,2.3311,2.1967,0.3377,5,WTR
6708.5,30.7735,2.2236,2.21,0.333,5,WTR
6709.0,31.8584,2.1991,2.22,0.3283,5,WTR
6709.5,32.9432,2.1745,2.23,0.3237,5,WTR
6710.0,34.0281,2.15,2.24,0.3332,5,WTR
6710.5,35.1129,2.1254,2.25,0.3428,5,WTR
6711.0,38.859,2.1757,2.26,0.3523,5,WTR
6711.5,42.605,2.2259,2.27,0.3619,5,WTR
6712.0,46.351,2.2761,2.2367,0.3449,5,WTR
6712.5,37.7675,2.3263,2.2033,0.328,5,WTR
6713.0,29.184,2.1162,2.17,0.311,5,WTR
6713.5,20.6005,1.9061,2.165,0.3113,5,WTR
6714.0,19.1593,1.696,2.16,0.3116,5,WTR
6714.5,17.7181,1.6471,2.155,0.3119,5,WTR
6715.0,16.2769,1.5983,2.15,0.3122,5,WTR
6715.5,16.6213,1.5495,2.1567,0.3024,5,WTR
6716.0,16.9657,1.5495,2.1633,0.2926,5,WTR
6716.5,17.3101,1.5495,2.17,0.2828,5,WTR
6717.0,18.7208,1.5495,2.19,0.2862,5,WTR
6717.5,20.1315,1.5734,2.21,0.2897,5,WTR
6718.0,21.5422,1.5972,2.23,0.2932,5,WTR
6718.5,22.953,1.6211,2.25,0.2863,5,WTR
6719.0,23.7795,1.5972,2.2333,0.2795,5,WTR
6719.5,24.6061,1.5734,2.2167,0.2727,5,WTR
6720.0,25.4326,1.5495,2.2,0.2713,5,WTR
6720.5,23.6683,1.5495,2.18,0.2698,5,WTR
6721.0,21.9039,1.5495,2.16,0.2684,5,WTR
6721.5,20.1395,1.5495,2.14,0.2752,5,WTR
6722.0,18.3751,1.5495,2.14,0.2821,5,WTR
6722.5,16.7061,1.5049,2.14,0.289,5,WTR
6723.0,15.0371,1.4603,2.14,0.2959,5,WTR
6723.5,13.368,1.4157,2.1225,0.2968,5,WTR
6724.0,14.6821,1.4375,2.105,0.2978,5,WTR
6724.5,15.9961,1.4593,2.0875,0.2988,5,WTR
6725.0,17.3101,1.4811,2.07,0.3175,5,WTR
6725.5,19.599,1.5278,2.1133,0.3291,5,WTR
6726.0,21.888,1.5744,2.1567,0.3242,5,WTR
6726.5,24.1769,1.6211,2.2,0.3194,5,WTR
6727.0,28.4687,1.6517,2.2133,0.3145,5,WTR
6727.5,32.7604,1.6824,2.2267,0.3096,5,WTR
6728.0,37.0522,1.713,2.24,0.3048,5,WTR
6728.5,41.344,1.7436,2.22,0.2999,5,WTR
6729.0,36.9091,1.7743,2.2,0.3008,5,WTR
6729.5,32.4743,1.7612,2.18,0.3018,5,WTR
6730.0,28.0395,1.7482,2.19,0.3027,5,WTR
6730.5,28.0395,1.7351,2.2,0.3037,5,WTR
6731.0,28.0395,1.722,2.21,0.3046,5,WTR
6731.5,28.0395,1.709,2.1944,0.3056,5,WTR
6732.0,33.0201,1.696,2.1789,0.3167,5,WTR
6732.5,38.0006,1.7188,2.1633,0.328,5,WTR
6733.0,42.9812,1.7417,2.1889,0.3392,5,WTR
6733.5,46.4782,1.7646,2.2144,0.3504,5,WTR
6734.0,49.9752,1.7875,2.24,0.3616,5,WTR
6734.5,53.4721,1.8104,2.2656,0.3728,5,WTR
6735.0,52.2641,1.8333,2.2911,0.384,5,WTR
6735.5,51.056,1.8562,2.3167,0.3164,5,WTR
6736.0,49.848,1.8848,2.3422,0.3163,5,WTR
6736.5,49.8639,1.9134,2.3678,0.3161,0,Non-SST
6737.0,52.9582,1.9419,2.3933,0.3159,0,Non-SST
6737.5,56.0525,1.9419,2.4189,0.3158,0,Non-SST
6738.0,59.1468,1.9419,2.4444,0.3156,0,Non-SST
6738.5,61.1814,1.9419,2.47,0.3154,0,Non-SST
6739.0,63.216,1.9419,2.4633,0.3152,0,Non-SST
6739.5,65.2506,1.9419,2.4567,0.3151,0,Non-SST
6740.0,67.2853,1.9419,2.45,0.3115,0,Non-SST
6740.5,69.3199,1.9134,2.4433,0.3079,0,Non-SST
6741.0,71.3545,1.8848,2.4367,0.3043,0,Non-SST
6741.5,67.8078,1.8562,2.43,0.2877,0,Non-SST
6742.0,64.2612,2.0129,2.4067,0.2711,0,Non-SST
6742.5,60.7145,2.1696,2.3833,0.2545,5,WTR
6743.0,57.1678,2.3263,2.36,0.2735,5,WTR
6743.5,53.6212,2.3263,2.3067,0.2925,5,WTR
6744.0,50.0745,2.3263,2.2533,0.3114,5,WTR
6744.5,46.5278,2.3263,2.2,0.3127,5,WTR
6745.0,42.9812,2.3263,2.21,0.314,5,WTR
6745.5,40.3584,2.2594,2.22,0.3152,5,WTR
6746.0,37.7357,2.1924,2.23,0.3104,5,WTR
6746.5,35.1129,2.1254,2.24,0.3056,5,WTR
6747.0,32.7551,2.0539,2.2133,0.3008,5,WTR
6747.5,30.3973,1.9823,2.1867,0.296,5,WTR
6748.0,28.0395,1.9107,2.16,0.3011,5,WTR
6748.5,27.5997,1.8391,2.1633,0.3062,5,WTR
6749.0,27.16,1.7675,2.1667,0.3113,5,WTR
6749.5,26.7202,1.696,2.17,0.3148,5,WTR
6750.0,27.05,1.671,2.1733,0.3183,5,WTR
6750.5,27.3798,1.646,2.1767,0.3218,5,WTR
6751.0,27.7097,1.6211,2.18,0.32,5,WTR
6751.5,28.0395,1.6398,2.21,0.3181,5,WTR
6752.0,30.3973,1.6585,2.24,0.3163,5,WTR
6752.5,32.7551,1.6772,2.27,0.3167,5,WTR
6753.0,35.1129,1.696,2.2333,0.317,5,WTR
6753.5,31.4676,1.6471,2.1967,0.3174,5,WTR
6754.0,27.8223,1.5983,2.16,0.3229,5,WTR
6754.5,24.1769,1.5495,2.1586,0.3284,5,WTR
6755.0,25.9148,1.5495,2.1571,0.3338,5,WTR
6755.5,27.6527,1.5495,2.1557,0.3393,5,WTR
6756.0,29.3906,1.5495,2.1543,0.3404,5,WTR
6756.5,27.2447,1.5267,2.1529,0.3415,5,WTR
6757.0,25.0989,1.5039,2.1514,0.3426,5,WTR
6757.5,22.953,1.4811,2.15,0.33,5,WTR
6758.0,22.5556,1.4593,2.17,0.3173,5,WTR
6758.5,22.1582,1.4375,2.19,0.3047,5,WTR
6759.0,21.7608,1.4157,2.21,0.3033,5,WTR
6759.5,24.014,1.4603,2.2267,0.3018,5,WTR
6760.0,26.2672,1.5049,2.2433,0.3004,5,WTR
6760.5,28.5203,1.5495,2.26,0.2984,5,WTR
6761.0,30.7735,1.5495,2.2533,0.2964,5,WTR
6761.5,32.7234,1.5495,2.2467,0.2945,5,WTR
6762.0,34.6732,1.5495,2.24,0.2854,5,WTR
6762.5,36.623,1.5495,2.2333,0.2764,5,WTR
6763.0,37.137,1.5495,2.2267,0.2673,5,WTR
6763.5,37.6509,1.5495,2.22,0.288,5,WTR
6764.0,38.1649,1.5495,2.2275,0.3086,5,WTR
6764.5,36.1726,1.5495,2.235,0.3293,5,WTR
6765.0,34.1804,1.5495,2.2425,0.3197,5,WTR
6765.5,32.1882,1.5495,2.25,0.3102,5,WTR
6766.0,35.7859,1.6244,2.27,0.3007,5,WTR
6766.5,39.3835,1.6993,2.29,0.2911,5,WTR
6767.0,42.9812,1.7743,2.31,0.3107,5,WTR
6767.5,39.3835,1.7232,2.2367,0.3304,5,WTR
6768.0,35.7859,1.6721,2.1633,0.35,5,WTR
6768.5,32.1882,1.6211,2.09,0.3447,5,WTR
6769.0,40.9307,1.728,2.1933,0.3395,5,WTR
6769.5,49.6731,1.835,2.2967,0.3342,5,WTR
6770.0,58.4156,1.9419,2.4,0.3366,0,Non-SST
6770.5,67.1581,1.8438,2.4233,0.3389,0,Non-SST
6771.0,71.4816,1.7457,2.4467,0.3413,0,Non-SST
6771.5,75.8052,1.6476,2.47,0.3437,0,Non-SST
6772.0,80.1288,1.5495,2.4633,0.3124,0,Non-SST
6772.5,75.8052,1.67,2.4567,0.2812,0,Non-SST
6773.0,71.4816,1.7906,2.45,0.25,0,Non-SST
6773.5,67.1581,1.9111,2.4375,0.2445,0,Non-SST
6774.0,66.4746,2.0316,2.425,0.239,5,WTR
6774.5,65.7911,2.0956,2.4125,0.2336,5,WTR
6775.0,65.1076,2.1596,2.4,0.2509,0,Non-SST
6775.5,60.0211,2.2236,2.3833,0.2683,5,WTR
6776.0,54.9345,2.1596,2.3667,0.2856,5,WTR
6776.5,49.848,2.0956,2.35,0.2981,5,WTR
6777.0,55.618,2.0316,2.3825,0.3106,5,WTR
6777.5,61.3881,1.8055,2.415,0.3231,0,Non-SST
6778.0,67.1581,1.5794,2.4475,0.3356,0,Non-SST
6778.5,72.7215,1.3532,2.48,0.3449,0,Non-SST
6779.0,78.2849,1.3741,2.4867,0.3542,0,Non-SST
6779.5,83.8483,1.3949,2.4933,0.3635,0,Non-SST
6780.0,89.4117,1.4157,2.5,0.356,0,Non-SST
6780.5,87.6592,1.5091,2.51,0.3486,0,Non-SST
6781.0,85.9067,1.6025,2.52,0.3411,0,Non-SST
6781.5,84.1543,1.696,2.53,0.3051,0,Non-SST
6782.0,82.4018,1.7574,2.4933,0.269,0,Non-SST
6782.5,75.3018,1.8189,2.4567,0.233,0,Non-SST
6783.0,68.2019,1.8804,2.42,0.2851,0,Non-SST
6783.5,61.1019,1.9419,2.415,0.3371,0,Non-SST
6784.0,67.4442,1.886,2.41,0.3892,0,Non-SST
6784.5,73.7865,1.8302,2.405,0.3671,0,Non-SST
6785.0,80.1288,1.7743,2.4,0.3449,0,Non-SST
6785.5,79.3817,1.7482,2.3933,0.3228,0,Non-SST
6786.0,78.6346,1.722,2.3867,0.3153,0,Non-SST
6786.5,77.8875,1.696,2.38,0.3077,0,Non-SST
6787.0,65.7063,2.3486,2.31,0.3001,0,Non-SST
6787.5,53.5251,3.0012,2.24,0.2925,5,WTR
6788.0,41.344,3.6538,2.17,0.2908,5,WTR
6788.5,40.8088,3.6538,2.1933,0.2891,5,WTR
6789.0,40.2737,3.6538,2.2167,0.2875,5,WTR
6789.5,39.7385,3.6538,2.24,0.2941,5,WTR
6790.0,38.5821,3.8305,2.2033,0.3007,5,WTR
6790.5,37.4257,4.0071,2.1667,0.3072,5,WTR
6791.0,36.2693,4.1838,2.13,0.3063,5,WTR
6791.5,35.1129,4.4487,2.14,0.3052,5,WTR
6792.0,36.1303,4.7136,2.15,0.3043,5,WTR
6792.5,37.1476,4.9784,2.16,0.3045,5,WTR
6793.0,38.1649,5.2433,2.195,0.3048,5,WTR
6793.5,42.658,4.5123,2.23,0.305,5,WTR
6794.0,47.1511,3.7812,2.265,0.3162,5,WTR
6794.5,51.6442,3.0501,2.3,0.3274,5,WTR
6795.0,51.6442,2.9213,2.3167,0.3386,5,WTR
6795.5,51.6442,2.7925,2.3333,0.3403,0,Non-SST
6796.0,51.6442,2.6637,2.35,0.3421,0,Non-SST
6796.5,61.8967,2.3672,2.4,0.3438,0,Non-SST
6797.0,72.1492,2.0708,2.45,0.3456,0,Non-SST
6797.5,82.4018,1.7743,2.5,0.3095,0,Non-SST
6798.0,81.6441,1.86,2.4767,0.2734,0,Non-SST
6798.5,80.8864,1.9458,2.4533,0.2373,0,Non-SST
6799.0,80.1288,2.0316,2.43,0.2615,0,Non-SST
6799.5,76.3735,2.0629,2.4167,0.2857,0,Non-SST
6800.0,72.6182,2.0942,2.4033,0.3099,0,Non-SST
6800.5,68.8629,2.1254,2.39,0.2923,0,Non-SST
6801.0,65.1076,2.2025,2.4233,0.2747,0,Non-SST
6801.5,63.7724,2.2796,2.4567,0.2571,0,Non-SST
6802.0,62.4372,2.3567,2.49,0.2702,0,Non-SST
6802.5,61.1019,2.4337,2.4775,0.2834,0,Non-SST
6803.0,64.5194,2.2698,2.465,0.2965,0,Non-SST
6803.5,67.937,2.1059,2.4525,0.3097,0,Non-SST
6804.0,71.3545,1.9419,2.44,0.3401,0,Non-SST
6804.5,81.4799,1.6545,2.4333,0.3705,0,Non-SST
6805.0,91.6052,1.3672,2.4267,0.4009,0,Non-SST
6805.5,101.7306,1.0798,2.42,0.4313,0,Non-SST
6806.0,100.8882,1.1709,2.42,0.4617,0,Non-SST
6806.5,100.0457,1.2621,2.42,0.4921,0,Non-SST
6807.0,99.2032,1.3532,2.42,0.5431,0,Non-SST
6807.5,93.6028,1.7901,2.2567,0.5942,0,Non-SST
6808.0,88.0023,2.2269,2.0933,0.6452,0,Non-SST
6808.5,82.4018,2.6637,1.93,0.6015,0,Non-SST
6809.0,85.3623,2.3852,2.07,0.5579,0,Non-SST
6809.5,88.3228,2.1066,2.21,0.5142,0,Non-SST
6810.0,91.2834,1.8281,2.35,0.5069,0,Non-SST
6810.5,94.2439,1.5495,2.37,0.4996,0,Non-SST
6811.0,96.7394,1.5049,2.39,0.4923,0,Non-SST
6811.5,99.235,1.4603,2.41,0.457,0,Non-SST
6812.0,101.7306,1.4157,2.395,0.4218,0,Non-SST
6812.5,95.2877,1.4375,2.38,0.3866,0,Non-SST
6813.0,88.8447,1.4593,2.365,0.3514,0,Non-SST
6813.5,82.4018,1.4811,2.35,0.4137,0,Non-SST
6814.0,81.6441,1.4811,2.37,0.4761,0,Non-SST
6814.5,80.8864,1.4811,2.39,0.5384,0,Non-SST
6815.0,80.1288,1.4811,2.41,0.5083,0,Non-SST
6815.5,86.4869,1.4811,2.4133,0.4782,0,Non-SST
6816.0,92.8451,1.4385,2.4167,0.4481,0,Non-SST
6816.5,99.2032,1.3959,2.42,0.418,0,Non-SST
6817.0,97.9634,1.3532,2.4033,0.3904,0,Non-SST
6817.5,96.7236,1.6106,2.3867,0.3627,0,Non-SST
6818.0,95.4837,1.868,2.37,0.335,0,Non-SST
6818.5,94.2439,2.1254,2.41,0.3101,0,Non-SST
6819.0,90.2965,2.2472,2.45,0.2853,0,Non-SST
6819.5,86.3492,2.369,2.49,0.2604,0,Non-SST
6820.0,82.4018,2.4908,2.445,0.2341,0,Non-SST
6820.5,75.3018,2.6323,2.4,0.2119,5,WTR
6821.0,68.2019,2.7739,2.355,0.2409,5,WTR
6821.5,61.1019,2.9155,2.31,0.2698,5,WTR
6822.0,57.3506,2.9155,2.28,0.2988,5,WTR
6822.5,53.5993,2.9155,2.25,0.3049,5,WTR
6823.0,49.848,2.8315,2.22,0.311,5,WTR
6823.5,45.433,2.7476,2.19,0.3171,5,WTR
6824.0,41.0181,2.6637,2.17,0.3106,5,WTR
6824.5,36.6031,2.6062,2.15,0.3041,5,WTR
6825.0,32.1882,2.5487,2.13,0.2976,5,WTR
6825.5,28.7124,2.4912,2.1367,0.2976,5,WTR
6826.0,25.2366,2.4337,2.1433,0.2976,5,WTR
6826.5,21.7608,2.139,2.15,0.2977,5,WTR
6827.0,19.599,1.8443,2.148,0.2977,5,WTR
6827.5,17.4373,1.5495,2.146,0.2977,5,WTR
6828.0,15.2755,1.5267,2.144,0.2977,5,WTR
6828.5,14.2773,1.5039,2.142,0.2977,5,WTR
6829.0,13.279,1.4811,2.14,0.3038,5,WTR
6829.5,12.2808,1.4593,2.13,0.3099,5,WTR
6830.0,11.2826,1.4375,2.12,0.316,5,WTR
6830.5,12.3253,1.4157,2.11,0.3205,5,WTR
6831.0,13.368,1.5352,2.1867,0.3251,5,WTR
6831.5,24.2405,1.6548,2.2633,0.3296,5,WTR
6832.0,35.1129,1.7743,2.34,0.3165,0,Non-SST
6832.5,34.7434,1.924,2.2833,0.3034,5,WTR
6833.0,34.3738,2.0738,2.2267,0.2903,5,WTR
6833.5,34.0042,2.2236,2.17,0.288,5,WTR
6834.0,33.6347,2.2236,2.1733,0.2857,5,WTR
6834.5,36.2044,2.2236,2.1767,0.2834,5,WTR
6835.0,38.7742,2.2236,2.18,0.3014,5,WTR
6835.5,41.344,2.2236,2.17,0.3194,5,WTR
6836.0,37.8205,2.1012,2.16,0.3373,5,WTR
6836.5,34.297,1.9787,2.15,0.329,5,WTR
6837.0,30.7735,1.8562,2.1525,0.3207,5,WTR
6837.5,29.4224,1.8562,2.155,0.3124,5,WTR
6838.0,28.0713,1.8562,2.1575,0.3041,5,WTR
6838.5,26.7202,1.8562,2.16,0.3059,5,WTR
6839.0,23.9385,1.6885,2.1367,0.3077,5,WTR
6839.5,21.1568,1.5209,2.1133,0.3095,5,WTR
6840.0,18.3751,1.3532,2.09,0.3043,5,WTR
6840.5,18.0201,1.3741,2.0967,0.2992,5,WTR
6841.0,17.6651,1.3949,2.1033,0.294,5,WTR
6841.5,17.3101,1.4157,2.11,0.2946,5,WTR
6842.0,16.559,1.4375,2.1233,0.2952,5,WTR
6842.5,15.808,1.4593,2.1367,0.2958,5,WTR
6843.0,15.0569,1.4811,2.15,0.2952,5,WTR
6843.5,14.3059,1.5527,2.13,0.2945,5,WTR
6844.0,13.9933,1.6243,2.11,0.2938,5,WTR
6844.5,13.6806,1.696,2.09,0.315,5,WTR
6845.0,13.368,1.8804,2.0575,0.3362,5,WTR
6845.5,20.1236,2.0648,2.025,0.3574,5,WTR
6846.0,26.8791,2.2493,1.9925,0.3767,5,WTR
6846.5,33.6347,2.4337,1.96,0.396,5,WTR
6847.0,42.1387,2.5943,1.9533,0.4153,0,Non-SST
6847.5,50.6428,2.7549,1.9467,0.4346,0,Non-SST
6848.0,59.1468,2.9155,1.94,0.454,0,Non-SST
6848.5,66.1408,3.228,1.9333,0.4733,0,Non-SST
6849.0,73.1348,3.5405,1.9267,0.4926,0,Non-SST
6849.5,80.1288,3.853,1.92,0.4543,0,Non-SST
6850.0,77.204,4.1656,1.99,0.416,0,Non-SST
6850.5,74.2792,4.4781,2.06,0.3777,0,Non-SST
6851.0,71.3545,4.7906,2.13,0.3393,0,Non-SST
6851.5,71.891,3.7591,2.2233,0.301,0,Non-SST
6852.0,72.4274,2.7275,2.3167,0.2627,0,Non-SST
6852.5,72.9639,1.696,2.41,0.257,0,Non-SST
6853.0,73.5004,2.2948,2.32,0.2513,0,Non-SST
6853.5,65.0281,2.8937,2.23,0.2456,5,WTR
6854.0,56.5559,3.4925,2.14,0.2417,0,Non-SST
6854.5,48.0836,3.3573,2.14,0.2379,1,Gas
6855.0,40.1147,3.2221,2.14,0.234,5,WTR
6855.5,32.1458,3.0869,2.14,0.2302,5,WTR
6856.0,24.1769,2.9517,2.1233,0.2263,5,WTR
6856.5,22.243,2.8165,2.1067,0.2225,5,WTR
6857.0,20.309,2.6813,2.09,0.2246,5,WTR
6857.5,18.3751,2.5461,2.0925,0.2268,5,WTR
6858.0,18.1976,2.4386,2.095,0.2289,5,WTR
6858.5,18.0201,2.3311,2.0975,0.2384,5,WTR
6859.0,17.8426,2.2236,2.1,0.2478,5,WTR
6859.5,17.6651,2.2493,2.1133,0.2572,5,WTR
6860.0,17.4876,2.275,2.1267,0.2667,5,WTR
6860.5,17.3101,2.3006,2.14,0.2565,5,WTR
6861.0,17.6651,2.3263,2.1417,0.2464,5,WTR
6861.5,18.0201,2.0912,2.1433,0.2363,5,WTR
6862.0,18.3751,1.8562,2.145,0.2262,5,WTR
6862.5,18.3751,1.6211,2.1467,0.2568,5,WTR
6863.0,18.3751,1.646,2.1483,0.2874,5,WTR
6863.5,18.3751,1.671,2.15,0.3181,5,WTR
6864.0,18.3751,1.696,2.15,0.3258,5,WTR
6864.5,18.3751,1.5428,2.15,0.3336,5,WTR
6865.0,18.3751,1.3896,2.15,0.3414,5,WTR
6865.5,18.3751,1.2364,2.21,0.3257,5,WTR
6866.0,23.4616,1.3914,2.27,0.3101,5,WTR
6866.5,28.5481,1.5463,2.33,0.2945,5,WTR
6867.0,33.6347,1.7013,2.39,0.3288,0,Non-SST
6867.5,49.8904,1.8562,2.3967,0.3631,0,Non-SST
6868.0,66.1461,1.6314,2.4033,0.3975,0,Non-SST
6868.5,82.4018,1.4066,2.41,0.4137,0,Non-SST
6869.0,82.4018,1.1818,2.4175,0.4298,0,Non-SST
6869.5,82.4018,1.2816,2.425,0.446,0,Non-SST
6870.0,82.4018,1.3814,2.4325,0.4012,0,Non-SST
6870.5,82.4018,1.4811,2.44,0.3564,0,Non-SST
6871.0,80.897,1.5527,2.45,0.3115,0,Non-SST
6871.5,79.3923,1.6243,2.46,0.2667,0,Non-SST
6872.0,77.8875,1.696,2.47,0.2829,0,Non-SST
6872.5,75.7098,1.7494,2.4567,0.2992,0,Non-SST
6873.0,73.5322,1.8028,2.4433,0.3154,0,Non-SST
6873.5,71.3545,1.8562,2.43,0.3023,0,Non-SST
6874.0,70.6498,1.9147,2.4367,0.2892,0,Non-SST
6874.5,69.9451,1.9732,2.4433,0.2761,0,Non-SST
6875.0,69.2404,2.0316,2.45,0.2729,0,Non-SST
6875.5,69.7689,2.0092,2.4467,0.2698,0,Non-SST
6876.0,70.2974,1.9868,2.4433,0.2666,0,Non-SST
6876.5,70.826,1.9644,2.44,0.2715,0,Non-SST
6877.0,71.3545,1.9419,2.4525,0.2765,0,Non-SST
6877.5,72.7957,1.8599,2.465,0.2815,0,Non-SST
6878.0,74.2368,1.7779,2.4775,0.2959,0,Non-SST
6878.5,75.678,1.696,2.49,0.3104,0,Non-SST
6879.0,77.9193,1.6243,2.49,0.3249,0,Non-SST
6879.5,80.1605,1.5527,2.49,0.3286,0,Non-SST
6880.0,82.4018,1.4811,2.49,0.3323,0,Non-SST
6880.5,83.9489,1.5278,2.4733,0.3361,0,Non-SST
6881.0,85.4961,1.5744,2.4567,0.3398,0,Non-SST
6881.5,87.0433,1.6211,2.44,0.3681,0,Non-SST
6882.0,88.6328,1.4406,2.4133,0.3963,0,Non-SST
6882.5,90.2223,1.2602,2.3867,0.4245,0,Non-SST
6883.0,91.8119,1.0798,2.36,0.4397,0,Non-SST
6883.5,90.0356,1.1138,2.3633,0.4549,0,Non-SST
6884.0,88.2592,1.1478,2.3667,0.4701,0,Non-SST
6884.5,86.4829,1.1818,2.37,0.4911,0,Non-SST
6885.0,84.7066,1.2916,2.33,0.5121,0,Non-SST
6885.5,87.8857,1.4015,2.29,0.5331,0,Non-SST
6886.0,91.0648,1.5113,2.25,0.5988,0,Non-SST
6886.5,94.2439,1.6211,2.225,0.6645,0,Non-SST
6887.0,86.6141,2.0096,2.2,0.7303,0,Non-SST
6887.5,78.9843,2.3982,2.175,0.5723,0,Non-SST
6888.0,71.3545,2.7868,2.15,0.4142,0,Non-SST
6888.5,75.0369,2.4232,2.2467,0.2562,0,Non-SST
6889.0,78.7194,2.0596,2.3433,0.2549,0,Non-SST
6889.5,82.4018,1.696,2.44,0.2536,0,Non-SST
6890.0,78.7194,1.722,2.4367,0.2523,0,Non-SST
6890.5,75.0369,1.7482,2.4333,0.251,0,Non-SST
6891.0,71.3545,1.7743,2.43,0.2667,0,Non-SST
6891.5,67.2853,1.8302,2.46,0.2824,0,Non-SST
6892.0,63.216,1.886,2.49,0.2981,0,Non-SST
6892.5,59.1468,1.9419,2.52,0.2815,0,Non-SST
6893.0,61.6702,2.1059,2.4867,0.2649,0,Non-SST
6893.5,64.1936,2.2698,2.4533,0.2482,0,Non-SST
6894.0,66.717,2.4337,2.42,0.2615,0,Non-SST
6894.5,69.2404,2.4618,2.43,0.2748,0,Non-SST
6895.0,66.5276,2.4899,2.44,0.2881,0,Non-SST
6895.5,63.8148,2.518,2.45,0.2863,0,Non-SST
6896.0,61.1019,2.5461,2.4275,0.2846,0,Non-SST
6896.5,59.8091,2.5087,2.405,0.2828,0,Non-SST
6897.0,58.5163,2.4712,2.3825,0.2958,0,Non-SST
6897.5,57.2235,2.4337,2.36,0.3087,0,Non-SST
6898.0,47.9459,2.0944,2.2933,0.3217,0,Non-SST
6898.5,38.6682,1.7551,2.2267,0.3346,5,WTR
6899.0,29.3906,1.4157,2.16,0.3208,5,WTR
6899.5,36.8085,1.621,2.2133,0.3069,5,WTR
6900.0,44.2263,1.8263,2.2667,0.2931,5,WTR
6900.5,51.6442,2.0316,2.32,0.3025,5,WTR
6901.0,45.1589,1.8948,2.2567,0.312,5,WTR
6901.5,38.6735,1.7579,2.1933,0.3215,5,WTR
6902.0,32.1882,1.6211,2.13,0.3231,5,WTR
6902.5,30.4993,1.6594,2.14,0.3247,5,WTR
6903.0,28.8104,1.6977,2.15,0.3263,5,WTR
6903.5,27.1215,1.736,2.16,0.3279,5,WTR
6904.0,25.4326,1.7743,2.1433,0.3248,5,WTR
6904.5,26.3016,1.701,2.1267,0.3218,5,WTR
6905.0,27.1705,1.6277,2.11,0.3187,5,WTR
6905.5,28.0395,1.5544,2.1525,0.34,5,WTR
6906.0,38.4086,1.4811,2.195,0.3613,5,WTR
6906.5,48.7777,1.6959,2.2375,0.3826,5,WTR
6907.0,59.1468,1.9107,2.28,0.3578,5,WTR
6907.5,47.4902,2.1254,2.23,0.333,5,WTR
6908.0,35.8335,1.868,2.18,0.3082,5,WTR
6908.5,24.1769,1.6106,2.13,0.3172,5,WTR
6909.0,25.0247,1.3532,2.1425,0.3262,5,WTR
6909.5,25.8724,1.2787,2.155,0.3353,5,WTR
6910.0,26.7202,1.2042,2.1675,0.3443,5,WTR
6910.5,26.3983,1.1296,2.18,0.3374,5,WTR
6911.0,26.0764,1.1843,2.2,0.3305,5,WTR
6911.5,25.7545,1.2389,2.22,0.3236,5,WTR
6912.0,25.4326,1.2935,2.24,0.3208,5,WTR
6912.5,24.5147,1.2389,2.2233,0.3179,5,WTR
6913.0,23.5967,1.1843,2.2067,0.3151,5,WTR
6913.5,22.6788,1.1296,2.19,0.315,5,WTR
6914.0,21.7608,1.2042,2.18,0.3092,5,WTR
6914.5,23.8537,1.2787,2.17,0.3215,5,WTR
6915.0,25.9466,1.3532,2.16,0.3384,5,WTR
6915.5,28.0395,1.3532,2.1575,0.3299,5,WTR
6916.0,25.9466,1.3333,2.155,0.3214,5,WTR
6916.5,23.8537,1.3134,2.1525,0.3129,5,WTR
6917.0,21.7608,1.2935,2.15,0.3104,5,WTR
6917.5,26.2115,1.3134,2.1733,0.3077,5,WTR
6918.0,30.6622,1.3333,2.1967,0.3052,5,WTR
6918.5,35.1129,1.3532,2.22,0.3106,5,WTR
6919.0,28.1773,1.2787,2.2,0.316,5,WTR
6919.5,21.2416,1.2042,2.18,0.3214,5,WTR
6920.0,14.3059,1.1296,2.16,0.305,5,WTR
6920.5,13.3998,1.1296,2.165,0.2887,5,WTR
6921.0,12.4938,1.1296,2.17,0.2724,5,WTR
6921.5,11.5878,1.1296,2.1671,0.2788,5,WTR
6922.0,12.2673,1.1296,2.1643,0.2852,5,WTR
6922.5,12.9468,1.1296,2.1614,0.2916,5,WTR
6923.0,13.6263,1.1296,2.1586,0.2877,5,WTR
6923.5,14.3059,1.1296,2.1557,0.2837,5,WTR
6924.0,13.3239,1.1296,2.1529,0.2797,5,WTR
6924.5,12.3419,1.1296,2.15,0.2846,5,WTR
6925.0,11.3599,1.1296,2.1475,0.2894,5,WTR
6925.5,13.368,1.147,2.145,0.2943,5,WTR
6926.0,12.2236,1.1644,2.1425,0.2899,5,WTR
6926.5,11.0791,1.1818,2.14,0.2856,5,WTR
6927.0,9.9346,1.1818,2.15,0.2812,5,WTR
6927.5,9.1716,1.1818,2.16,0.2769,5,WTR
6928.0,8.4087,1.1818,2.17,0.2732,5,WTR
6928.5,9.4684,1.1644,2.1667,0.2695,5,WTR
6929.0,10.5281,1.147,2.1633,0.2659,5,WTR
6929.5,11.5878,1.1296,2.16,0.2657,5,WTR
6930.0,11.5878,1.1296,2.1667,0.2655,5,WTR
6930.5,11.5878,1.1296,2.1733,0.2653,5,WTR
6931.0,11.5878,1.1296,2.18,0.2619,5,WTR
6931.5,11.5878,1.1296,2.1767,0.2585,5,WTR
6932.0,10.7771,1.1296,2.1733,0.2551,5,WTR
6932.5,9.9664,1.1296,2.17,0.268,5,WTR
6933.0,9.1558,1.1296,2.1633,0.281,5,WTR
6933.5,10.2578,1.1296,2.1567,0.2939,5,WTR
6934.0,11.3599,1.1296,2.15,0.2975,5,WTR
6934.5,12.462,1.1296,2.155,0.3011,5,WTR
6935.0,15.959,1.1296,2.16,0.3047,5,WTR
6935.5,19.456,1.1296,2.165,0.3083,5,WTR
6936.0,22.953,1.1296,2.17,0.3256,5,WTR
6936.5,42.7692,1.2696,2.2667,0.3428,5,WTR
6937.0,62.5855,1.4096,2.3633,0.3601,0,Non-SST
6937.5,82.4018,1.5495,2.46,0.3487,0,Non-SST
6938.0,82.4018,1.587,2.4667,0.3373,0,Non-SST
6938.5,82.4018,1.6244,2.4733,0.326,0,Non-SST
6939.0,82.4018,1.6619,2.48,0.3146,0,Non-SST
6939.5,80.7209,1.6993,2.5,0.3032,0,Non-SST
6940.0,79.0399,1.7368,2.52,0.2918,0,Non-SST
6940.5,77.359,1.7743,2.54,0.2871,0,Non-SST
6941.0,75.678,1.8386,2.5167,0.2823,0,Non-SST
6941.5,76.4145,1.903,2.4933,0.2776,0,Non-SST
6942.0,77.151,1.9673,2.47,0.281,0,Non-SST
6942.5,77.8875,2.0316,2.4567,0.2845,0,Non-SST
6943.0,76.4251,2.0316,2.4433,0.288,0,Non-SST
6943.5,74.9628,2.0316,2.43,0.2982,0,Non-SST
6944.0,73.5004,2.0316,2.365,0.3084,0,Non-SST
6944.5,61.2079,1.9732,2.3,0.3186,5,WTR
6945.0,48.9155,1.9147,2.235,0.3177,5,WTR
6945.5,36.623,1.8562,2.17,0.3489,5,WTR
6946.0,28.5693,1.519,2.1633,0.3159,5,WTR
6946.5,20.5157,1.1818,2.1567,0.2879,5,WTR
6947.0,12.462,1.1308,2.15,0.2858,5,WTR
6947.5,12.8639,1.0798,2.1533,0.2838,5,WTR
6948.0,13.2659,1.0798,2.1567,0.2818,5,WTR
6948.5,13.6678,1.0798,2.16,0.2842,5,WTR
6949.0,14.0697,1.0798,2.1533,0.2865,5,WTR
6949.5,14.4716,1.0798,2.1467,0.2889,5,WTR
6950.0,14.8736,1.0798,2.14,0.2837,5,WTR
6950.5,15.2755,1.0964,2.1467,0.2785,5,WTR
6951.0,14.6397,1.113,2.1533,0.2734,5,WTR
6951.5,14.0038,1.1296,2.16,0.2893,5,WTR
6952.0,13.368,1.113,2.15,0.3052,5,WTR
6952.5,13.368,1.0964,2.14,0.3211,5,WTR
6953.0,13.368,1.0798,2.15,0.3224,5,WTR
6953.5,13.368,1.0798,2.16,0.3237,5,WTR
6954.0,13.368,1.0798,2.1533,0.325,5,WTR
6954.5,13.368,1.0798,2.1467,0.3263,5,WTR
6955.0,13.368,1.0798,2.14,0.3246,5,WTR
6955.5,13.837,1.0639,2.1333,0.3229,5,WTR
6956.0,14.3059,1.048,2.1267,0.3212,5,WTR
6956.5,11.3573,1.0321,2.12,0.2975,5,WTR
6957.0,8.4087,1.0565,2.13,0.2739,5,WTR
6957.5,10.0618,1.0809,2.14,0.2502,5,WTR
6958.0,11.7149,1.1053,2.15,0.2696,5,WTR
6958.5,13.368,1.1296,2.1833,0.289,5,WTR
6959.0,17.8188,1.1296,2.2167,0.3085,5,WTR
6959.5,22.2695,1.1296,2.25,0.3115,5,WTR
6960.0,26.7202,1.1296,2.235,0.3145,5,WTR
6960.5,34.0321,1.1652,2.22,0.3175,5,WTR
6961.0,41.344,1.2008,2.205,0.3206,5,WTR
6961.5,33.6877,1.2364,2.19,0.3336,5,WTR
6962.0,26.0314,1.1531,2.17,0.3467,5,WTR
6962.5,18.3751,1.0698,2.15,0.3598,5,WTR
6963.0,17.1233,0.9865,2.13,0.3336,5,WTR
6963.5,15.8716,1.0017,2.13,0.3074,5,WTR
6964.0,14.6198,1.0169,2.13,0.2812,5,WTR
6964.5,13.368,1.0321,2.13,0.2914,5,WTR
6965.0,13.368,1.0098,2.13,0.3016,5,WTR
6965.5,13.368,0.9876,2.13,0.3119,5,WTR
6966.0,13.368,0.9653,2.13,0.3237,5,WTR
6966.5,13.368,0.943,2.1333,0.3355,5,WTR
6967.0,12.7746,0.9291,2.1367,0.3474,5,WTR
6967.5,12.1812,0.9152,2.14,0.3336,5,WTR
6968.0,11.5878,0.9014,2.135,0.3198,5,WTR
6968.5,10.7771,0.9014,2.13,0.306,5,WTR
6969.0,9.9664,0.9014,2.125,0.3215,5,WTR
6969.5,9.1558,0.9014,2.12,0.337,5,WTR
6970.0,9.4154,0.9014,2.1133,0.3525,5,WTR
6970.5,9.675,0.9014,2.1067,0.368,5,WTR
6971.0,9.9346,0.9014,2.1,0.3455,5,WTR
6971.5,9.9346,0.9449,2.0933,0.323,5,WTR
6972.0,9.9346,0.9885,2.0867,0.3005,5,WTR
6972.5,9.9346,1.0321,2.08,0.3095,5,WTR
6973.0,10.7771,1.0169,2.0867,0.3186,5,WTR
6973.5,11.6195,1.0017,2.0933,0.3277,5,WTR
6974.0,12.462,0.9865,2.1,0.3165,5,WTR
6974.5,18.8877,1.204,2.24,0.3054,5,WTR
6975.0,25.3134,1.4214,2.38,0.2942,0,Non-SST
6975.5,31.7391,1.6388,2.52,0.2934,0,Non-SST
6976.0,38.1649,1.8562,2.56,0.2925,0,Non-SST
6976.5,51.4058,1.8562,2.6,0.2917,0,Non-SST
6977.0,64.6466,1.8562,2.64,0.3,0,Non-SST
6977.5,77.8875,1.8562,2.6525,0.3082,0,Non-SST
6978.0,79.3923,1.9147,2.665,0.3165,0,Non-SST
6978.5,80.897,1.9732,2.6775,0.3178,0,Non-SST
6979.0,82.4018,2.0316,2.69,0.3192,0,Non-SST
6979.5,85.5385,2.0017,2.6167,0.3205,0,Non-SST
6980.0,88.6752,1.9718,2.5433,0.3218,0,Non-SST
6980.5,91.8119,1.9419,2.47,0.3271,0,Non-SST
6981.0,88.6752,2.0358,2.4833,0.3324,0,Non-SST
6981.5,85.5385,2.1297,2.4967,0.3377,0,Non-SST
6982.0,82.4018,2.2236,2.51,0.3312,0,Non-SST
6982.5,81.8335,2.1909,2.4967,0.3247,0,Non-SST
6983.0,81.2653,2.1582,2.4833,0.3182,0,Non-SST
6983.5,80.697,2.1254,2.47,0.3302,0,Non-SST
6984.0,80.1288,2.0581,2.4567,0.3423,0,Non-SST
6984.5,80.8864,1.9908,2.4433,0.3543,0,Non-SST
6985.0,81.6441,1.9235,2.43,0.3895,0,Non-SST
6985.5,82.4018,1.8562,2.4325,0.4246,0,Non-SST
6986.0,86.3492,1.9439,2.435,0.4597,0,Non-SST
6986.5,90.2965,2.0316,2.4375,0.4471,0,Non-SST
6987.0,94.2439,1.9197,2.44,0.4346,0,Non-SST
6987.5,91.8437,1.8078,2.4167,0.422,0,Non-SST
6988.0,89.4435,1.696,2.3933,0.5265,0,Non-SST
6988.5,87.0433,2.1065,2.37,0.6311,0,Non-SST
6989.0,71.275,2.5171,2.02,0.7356,0,Non-SST
6989.5,55.5068,2.9277,1.67,0.8919,0,Non-SST
6990.0,39.7385,3.3383,1.32,1.0481,0,Non-SST
6990.5,43.1083,4.416,1.4867,1.2044,0,Non-SST
6991.0,46.4782,5.4936,1.6533,0.9762,0,Non-SST
6991.5,49.848,6.5712,1.82,0.7481,0,Non-SST
6992.0,59.7389,5.1921,1.9967,0.52,0,Non-SST
6992.5,69.6298,3.8129,2.1733,0.2919,0,Non-SST
6993.0,79.5208,2.4337,2.35,0.2984,0,Non-SST
6993.5,89.4117,2.1162,2.3067,0.3049,0,Non-SST
6994.0,71.8155,1.7987,2.2633,0.3114,5,WTR
6994.5,54.2192,1.4811,2.22,0.3375,5,WTR
6995.0,36.623,1.4186,2.3033,0.3637,0,Non-SST
6995.5,51.8826,1.356,2.3867,0.3898,0,Non-SST
6996.0,67.1422,1.2935,2.47,0.3941,0,Non-SST
6996.5,82.4018,1.2525,2.4567,0.3985,0,Non-SST
6997.0,87.1704,1.2116,2.4433,0.4028,0,Non-SST
6997.5,91.939,1.1706,2.43,0.4071,0,Non-SST
6998.0,96.7077,1.1296,2.4967,0.3905,0,Non-SST
6998.5,91.1814,1.2712,2.5633,0.374,0,Non-SST
6999.0,85.6551,1.4128,2.63,0.3574,0,Non-SST
6999.5,80.1288,1.5544,2.555,0.3863,0,Non-SST
7000.0,83.2231,1.696,2.48,0.4152,0,Non-SST
7000.5,86.3174,1.6025,2.405,0.444,0,Non-SST
7001.0,89.4117,1.5091,2.33,0.4781,0,Non-SST
7001.5,90.2117,1.4157,2.3567,0.5122,0,Non-SST
7002.0,91.0118,1.375,2.3833,0.5463,0,Non-SST
7002.5,91.8119,1.3342,2.41,0.5167,0,Non-SST
7003.0,94.2757,1.2935,2.415,0.487,0,Non-SST
7003.5,96.7394,1.4027,2.42,0.4574,0,Non-SST
7004.0,99.2032,1.5119,2.425,0.4278,0,Non-SST
7004.5,95.0029,1.6211,2.43,0.3698,0,Non-SST
7005.0,90.8025,1.728,2.4233,0.3117,0,Non-SST
7005.5,86.6022,1.835,2.4167,0.2537,0,Non-SST
7006.0,82.4018,1.9419,2.41,0.3532,0,Non-SST
7006.5,85.9783,1.7457,2.3967,0.4528,0,Non-SST
7007.0,89.5547,1.5495,2.3833,0.5523,0,Non-SST
7007.5,93.1312,1.3532,2.37,0.5472,0,Non-SST
7008.0,96.7077,1.479,2.2333,0.5421,0,Non-SST
7008.5,92.7073,1.6047,2.0967,0.5369,0,Non-SST
7009.0,88.707,1.7305,1.96,0.5765,0,Non-SST
7009.5,84.7066,1.8562,1.9075,0.5996,0,Non-SST
7010.0,78.1736,1.9419,1.855,0.6228,0,Non-SST
7010.5,71.6406,1.8581,1.8025,0.6459,0,Non-SST
7011.0,65.1076,1.7743,1.75,0.6005,0,Non-SST
7011.5,69.3676,2.6334,1.99,0.5212,0,Non-SST
7012.0,73.6275,3.4925,2.23,0.4428,0,Non-SST
7012.5,77.8875,3.1273,2.47,0.3644,0,Non-SST
7013.0,79.3923,2.7621,2.48,0.286,0,Non-SST
7013.5,80.897,2.3968,2.49,0.2835,0,Non-SST
7014.0,82.4018,2.0316,2.5,0.2808,0,Non-SST
7014.5,82.4018,2.0316,2.505,0.2783,0,Non-SST
7015.0,82.4018,2.0316,2.51,0.289,0,Non-SST
7015.5,82.4018,2.0316,2.515,0.2998,0,Non-SST
7016.0,80.7209,2.0316,2.515,0.3106,0,Non-SST
7016.5,79.0399,2.0316,2.494,0.3022,0,Non-SST
7017.0,77.359,2.0316,2.473,0.2937,0,Non-SST
7017.5,75.678,2.1298,2.452,0.2853,0,Non-SST
7018.0,67.068,2.2281,2.431,0.277,0,Non-SST
7018.5,58.458,2.3263,2.41,0.2846,0,Non-SST
7019.0,49.848,2.3263,2.4167,0.2817,0,Non-SST
7019.5,57.4778,2.3263,2.4233,0.2688,0,Non-SST
7020.0,65.1076,2.3263,2.43,0.2558,0,Non-SST
7020.5,75.678,2.3621,2.3833,0.2429,0,Non-SST
7021.0,68.2761,2.3979,2.3367,0.2511,0,Non-SST
7021.5,60.8741,2.4337,2.29,0.2593,5,WTR
7022.0,53.4721,2.331,2.2533,0.2675,5,WTR
7022.5,43.7071,2.2282,2.2167,0.2723,5,WTR
7023.0,33.942,2.1254,2.18,0.2772,5,WTR
7023.5,24.1769,1.9107,2.1767,0.282,5,WTR
7024.0,23.7689,1.6959,2.1733,0.2839,5,WTR
7024.5,23.361,1.4811,2.17,0.2859,5,WTR
7025.0,22.953,1.4385,2.1667,0.2878,5,WTR
7025.5,22.5556,1.3959,2.1633,0.2856,5,WTR
7026.0,22.1582,1.3532,2.16,0.2834,5,WTR
7026.5,21.7608,1.3532,2.16,0.2813,5,WTR
7027.0,22.1582,1.3532,2.16,0.2909,5,WTR
7027.5,22.5556,1.3333,2.16,0.3005,5,WTR
7028.0,22.953,1.3134,2.1467,0.3101,5,WTR
7028.5,21.7926,1.2935,2.1333,0.3046,5,WTR
7029.0,20.6322,1.2745,2.12,0.2991,5,WTR
7029.5,19.4719,1.2554,2.1233,0.2936,5,WTR
7030.0,18.4069,1.2364,2.1267,0.294,5,WTR
7030.5,17.3419,1.2554,2.13,0.2944,5,WTR
7031.0,16.2769,1.2745,2.15,0.2948,5,WTR
7031.5,18.5023,1.2935,2.17,0.2976,5,WTR
7032.0,20.7276,1.3342,2.19,0.3004,5,WTR
7032.5,22.953,1.375,2.18,0.3032,5,WTR
7033.0,21.7926,1.4157,2.17,0.2992,5,WTR
7033.5,20.6322,1.3949,2.16,0.2951,5,WTR
7034.0,19.4719,1.3741,2.1533,0.2911,5,WTR
7034.5,17.7499,1.3532,2.1467,0.286,5,WTR
7035.0,16.0279,1.3143,2.14,0.281,5,WTR
7035.5,14.3059,1.2753,2.1233,0.2759,5,WTR
7036.0,13.9933,1.2364,2.1067,0.2912,5,WTR
7036.5,13.6806,1.2364,2.09,0.3066,5,WTR
7037.0,13.368,1.2364,2.11,0.3219,5,WTR
7037.5,13.6806,1.2364,2.13,0.3185,5,WTR
7038.0,13.9933,1.2364,2.15,0.3082,5,WTR
7038.5,14.3059,1.2364,2.1433,0.3012,5,WTR
7039.0,13.6912,1.2364,2.1367,0.2941,5,WTR
7039.5,13.0766,1.2008,2.13,0.287,5,WTR
7040.0,12.462,1.1652,2.135,0.2906,5,WTR
7040.5,14.078,1.1296,2.14,0.2942,5,WTR
7041.0,15.6941,1.3184,2.1833,0.2978,5,WTR
7041.5,17.3101,1.5072,2.2267,0.2954,5,WTR
7042.0,24.0418,1.696,2.27,0.293,5,WTR
7042.5,30.7735,1.4906,2.2133,0.2906,5,WTR
7043.0,23.8272,1.2852,2.1567,0.3076,5,WTR
7043.5,16.8809,1.0798,2.1,0.3246,5,WTR
7044.0,9.9346,1.0798,2.1067,0.3416,5,WTR
7044.5,10.7771,1.0798,2.1133,0.324,5,WTR
7045.0,11.6195,1.0798,2.12,0.3063,5,WTR
7045.5,12.462,1.0798,2.1267,0.2886,5,WTR
7046.0,13.0766,1.0798,2.1333,0.2881,5,WTR
7046.5,13.6912,1.0679,2.14,0.2876,5,WTR
7047.0,14.3059,1.0559,2.1367,0.2871,5,WTR
7047.5,13.3998,1.044,2.1333,0.2865,5,WTR
7048.0,12.4938,1.0321,2.13,0.2946,5,WTR
7048.5,11.5878,1.0321,2.0567,0.3026,5,WTR
7049.0,11.8792,1.0321,1.9833,0.3106,5,WTR
7049.5,12.1706,1.0321,1.91,0.3397,5,WTR
7050.0,12.462,1.0646,1.9767,0.3689,5,WTR
7050.5,12.1706,1.0971,2.0433,0.3981,5,WTR
7051.0,11.8792,1.1296,2.11,0.3408,5,WTR
7051.5,11.5878,1.2042,2.0833,0.3164,5,WTR
7052.0,11.8792,1.2787,2.0567,0.3288,5,WTR
7052.5,12.1706,1.3532,2.03,0.3412,5,WTR
7053.0,12.462,1.4187,2.1767,0.3536,5,WTR
7053.5,22.0893,1.4841,2.3233,0.3183,0,Non-SST
7054.0,31.7166,1.5495,2.47,0.283,5,WTR
7054.5,41.344,1.7742,2.4633,0.2477,5,WTR
7055.0,48.5923,1.9989,2.4567,0.2581,0,Non-SST
7055.5,55.8406,2.2236,2.45,0.2684,0,Non-SST
7056.0,63.0889,2.2578,2.42,0.2788,0,Non-SST
7056.5,61.1337,2.2921,2.39,0.2773,0,Non-SST
7057.0,59.1786,2.3263,2.36,0.2757,5,WTR
7057.5,57.2235,2.2594,2.33,0.2742,5,WTR
7058.0,54.765,2.1924,2.3,0.294,5,WTR
7058.5,52.3065,2.1254,2.27,0.3139,5,WTR
7059.0,49.848,2.0643,2.2867,0.3337,5,WTR
7059.5,49.2599,2.0031,2.3033,0.3168,5,WTR
7060.0,48.6717,1.9419,2.32,0.2998,5,WTR
7060.5,48.0836,1.9419,2.3067,0.2829,5,WTR
7061.0,48.0836,1.9419,2.2933,0.2905,5,WTR
7061.5,48.0836,1.8599,2.28,0.2981,5,WTR
7062.0,48.0836,1.7779,2.2433,0.3057,5,WTR
7062.5,39.3093,1.696,2.2067,0.3189,5,WTR
7063.0,30.5351,1.5618,2.17,0.3471,5,WTR
7063.5,21.7608,1.4276,2.15,0.3312,5,WTR
7064.0,21.7608,1.2935,2.13,0.3153,5,WTR
7064.5,21.7608,1.2649,2.11,0.2994,5,WTR
7065.0,21.7608,1.2364,2.1633,0.2965,5,WTR
7065.5,24.3041,1.2753,2.2167,0.2936,5,WTR
7066.0,26.8473,1.3143,2.27,0.2907,5,WTR
7066.5,29.3906,1.3532,2.2333,0.3,5,WTR
7067.0,28.5005,1.3741,2.1967,0.3098,5,WTR
7067.5,27.6103,1.3949,2.16,0.3116,5,WTR
7068.0,26.7202,1.4157,2.1467,0.3134,5,WTR
7068.5,25.4644,1.3546,2.1333,0.3152,5,WTR
7069.0,24.2087,1.2935,2.12,0.3208,5,WTR
7069.5,22.953,1.2563,2.12,0.3264,5,WTR
7070.0,22.5556,1.219,2.12,0.332,5,WTR
7070.5,22.1582,1.1818,2.1167,0.3284,5,WTR
7071.0,21.7608,1.219,2.1133,0.3249,5,WTR
7071.5,22.5662,1.2563,2.11,0.3283,5,WTR
7072.0,23.3715,1.2935,2.145,0.3316,5,WTR
7072.5,24.1769,1.2745,2.18,0.335,5,WTR
7073.0,24.1769,1.2554,2.1733,0.3286,5,WTR
7073.5,24.1769,1.2364,2.1667,0.3222,5,WTR
7074.0,22.9848,1.2364,2.16,0.3158,5,WTR
7074.5,21.7926,1.2364,2.15,0.3133,5,WTR
7075.0,20.6005,1.2364,2.14,0.3109,5,WTR
7075.5,24.32,1.2753,2.13,0.3084,5,WTR
7076.0,28.0395,1.3143,2.16,0.2925,5,WTR
7076.5,29.4224,1.3532,2.19,0.2766,5,WTR
7077.0,30.8053,1.5495,2.3067,0.2607,5,WTR
7077.5,32.1882,1.7457,2.4233,0.2541,5,WTR
7078.0,40.5333,1.9419,2.54,0.2475,0,Non-SST
7078.5,48.8784,2.0337,2.4733,0.241,0,Non-SST
7079.0,57.2235,2.1254,2.4067,0.2585,5,WTR
7079.5,55.3478,2.1254,2.34,0.2761,5,WTR
7080.0,53.4721,2.1254,2.3233,0.2937,5,WTR
7080.5,51.676,2.1254,2.3067,0.2951,5,WTR
7081.0,49.8798,2.0357,2.29,0.2964,5,WTR
7081.5,48.0836,1.946,2.26,0.2978,5,WTR
7082.0,44.7774,1.8562,2.23,0.308,5,WTR
7082.5,41.4711,1.8289,2.2,0.3181,5,WTR
7083.0,38.1649,1.8016,2.1833,0.3282,5,WTR
7083.5,36.1726,1.7743,2.1667,0.3176,5,WTR
7084.0,34.1804,1.7232,2.15,0.307,5,WTR
7084.5,32.1882,1.6721,2.2267,0.2964,5,WTR
7085.0,39.9028,1.6211,2.3033,0.2926,5,WTR
7085.5,47.6173,1.7974,2.38,0.2888,5,WTR
7086.0,55.3319,1.9737,2.39,0.285,5,WTR
7086.5,62.1139,2.15,2.4,0.3367,0,Non-SST
7087.0,68.896,2.3263,2.41,0.3885,0,Non-SST
7087.5,75.678,2.5227,2.24,0.4403,0,Non-SST
7088.0,70.1676,2.7191,2.07,0.6467,0,Non-SST
7088.5,64.6572,2.9155,1.9,0.8532,0,Non-SST
7089.0,59.1468,2.7924,2.0733,1.0597,0,Non-SST
7089.5,70.0352,2.6692,2.2467,0.8096,0,Non-SST
7090.0,80.9235,2.5461,2.42,0.5596,0,Non-SST
7090.5,91.8119,2.3746,2.4067,0.3095,0,Non-SST
7091.0,88.6752,2.2031,2.3933,0.3244,0,Non-SST
7091.5,85.5385,2.0316,2.38,0.3392,0,Non-SST
7092.0,82.4018,1.9458,2.4067,0.3541,0,Non-SST
7092.5,83.1701,1.86,2.4333,0.3961,0,Non-SST
7093.0,83.9383,1.7743,2.46,0.4381,0,Non-SST
7093.5,84.7066,1.6993,2.47,0.4801,0,Non-SST
7094.0,83.5542,1.6244,2.48,0.4433,0,Non-SST
7094.5,82.4018,1.5495,2.49,0.4064,0,Non-SST
7095.0,84.7543,1.4826,2.4833,0.3696,0,Non-SST
7095.5,87.1068,1.4157,2.4767,0.382,0,Non-SST
7096.0,89.4594,1.4842,2.47,0.3944,0,Non-SST
7096.5,91.8119,1.5526,2.4733,0.4068,0,Non-SST
7097.0,89.4435,1.6211,2.4767,0.3795,0,Non-SST
7097.5,87.075,1.728,2.48,0.3522,0,Non-SST
7098.0,84.7066,1.835,2.4633,0.3248,0,Non-SST
7098.5,82.4336,1.9419,2.4467,0.3311,0,Non-SST
7099.0,80.1605,2.0701,2.43,0.3374,0,Non-SST
7099.5,77.8875,2.1982,2.5667,0.3438,0,Non-SST
7100.0,76.4251,2.3263,2.7033,0.3166,0,Non-SST
7100.5,74.9628,2.2594,2.84,0.2894,0,Non-SST
7101.0,73.5004,2.1924,2.7133,0.2622,0,Non-SST
7101.5,77.2358,2.1254,2.5867,0.2997,0,Non-SST
7102.0,80.9712,2.1418,2.46,0.3371,0,Non-SST
7102.5,84.7066,2.1582,2.3533,0.3745,0,Non-SST
7103.0,86.275,2.1745,2.2467,0.4148,0,Non-SST
7103.5,87.8433,2.1909,2.14,0.5292,0,Non-SST
7104.0,89.4117,2.2073,2.23,0.4891,0,Non-SST
7104.5,89.4117,2.2236,2.32,0.4526,0,Non-SST
7105.0,89.4117,2.2236,2.41,0.3663,0,Non-SST
7105.5,89.4117,2.1745,2.39,0.3327,0,Non-SST
7106.0,89.4117,2.1254,2.37,0.4091,0,Non-SST
7106.5,89.4117,2.1924,2.35,0.4855,0,Non-SST
7107.0,89.4117,2.2594,2.3167,0.5619,0,Non-SST
7107.5,87.075,2.3263,2.2833,0.4737,0,Non-SST
7108.0,84.7384,2.3621,2.25,0.3855,0,Non-SST
7108.5,82.4018,2.3979,2.2867,0.2973,0,Non-SST
7109.0,69.8126,2.4337,2.3233,0.2855,0,Non-SST
7109.5,57.2235,2.3637,2.36,0.2738,5,WTR
7110.0,61.9338,2.2937,2.3875,0.2621,0,Non-SST
7110.5,66.6441,2.2236,2.415,0.2866,0,Non-SST
7111.0,71.3545,2.1596,2.3988,0.3112,0,Non-SST
7111.5,73.5322,2.0956,2.3825,0.3357,0,Non-SST
7112.0,75.7098,2.0316,2.3663,0.3497,0,Non-SST
7112.5,77.8875,2.042,2.35,0.3638,0,Non-SST
7113.0,75.7098,2.0525,2.39,0.3778,0,Non-SST
7113.5,73.5322,2.0629,2.43,0.362,0,Non-SST
7114.0,71.3545,2.0733,2.47,0.3461,0,Non-SST
7114.5,66.1328,2.0838,2.41,0.3303,0,Non-SST
7115.0,55.7929,2.0942,2.35,0.3119,5,WTR
7115.5,45.4529,2.1046,2.29,0.2936,5,WTR
7116.0,35.1129,2.115,2.3,0.2752,5,WTR
7116.5,42.4831,2.1254,2.31,0.2988,5,WTR
7117.0,49.8533,2.1254,2.32,0.3223,5,WTR
7117.5,57.2235,2.1254,2.34,0.3199,5,WTR
7118.0,60.535,2.1254,2.36,0.3175,0,Non-SST
7118.5,63.8465,2.0643,2.38,0.3151,0,Non-SST
7119.0,67.1581,2.0031,2.362,0.3449,0,Non-SST
7119.5,66.1328,1.9419,2.344,0.3748,0,Non-SST
7120.0,65.1076,2.0031,2.326,0.4047,0,Non-SST
7120.5,60.6198,2.0643,2.308,0.3703,5,WTR
7121.0,56.132,2.1254,2.29,0.336,5,WTR
7121.5,51.6442,2.0942,2.33,0.3016,5,WTR
7122.0,54.7968,2.0629,2.37,0.2875,5,WTR
7122.5,57.9494,2.0316,2.41,0.2733,0,Non-SST
7123.0,61.1019,1.9458,2.32,0.2592,5,WTR
7123.5,47.6014,1.86,2.23,0.2746,5,WTR
7124.0,34.1009,1.7743,2.14,0.29,5,WTR
7124.5,20.6005,1.595,2.1467,0.3054,5,WTR
7125.0,16.5365,1.4157,2.1533,0.2872,5,WTR
7125.5,12.4726,1.2364,2.16,0.269,5,WTR
7126.0,8.4087,1.2364,2.1467,0.2508,5,WTR
7126.5,7.7252,1.2364,2.1333,0.2573,5,WTR
7127.0,7.0417,1.2554,2.12,0.2637,5,WTR
7127.5,6.3582,1.2745,2.1333,0.2702,5,WTR
7128.0,7.5503,1.2935,2.1467,0.2752,5,WTR
7128.5,8.7425,1.2935,2.16,0.2801,5,WTR
7129.0,9.9346,1.2935,2.1567,0.2851,5,WTR
7129.5,9.9346,1.2935,2.1533,0.2774,5,WTR
7130.0,9.9346,1.2935,2.15,0.2696,5,WTR
7130.5,9.9346,1.2935,2.1533,0.2618,5,WTR
7131.0,9.675,1.2935,2.1567,0.2627,5,WTR
7131.5,9.4154,1.2935,2.16,0.2635,5,WTR
7132.0,9.1558,1.2935,2.18,0.2644,5,WTR
7132.5,9.9664,1.2935,2.2,0.2642,5,WTR
7133.0,10.7771,1.3134,2.22,0.2639,5,WTR
7133.5,11.5878,1.3333,2.21,0.2637,5,WTR
7134.0,10.5281,1.3532,2.2,0.2617,5,WTR
7134.5,9.4684,1.3532,2.19,0.2597,5,WTR
7135.0,8.4087,1.3532,2.1733,0.2577,5,WTR
7135.5,9.4684,1.3532,2.1567,0.2604,5,WTR
7136.0,10.5281,1.3741,2.14,0.2678,5,WTR
7136.5,11.5878,1.3949,2.15,0.278,5,WTR
7137.0,11.0367,1.4157,2.16,0.2881,5,WTR
7137.5,10.4857,1.375,2.17,0.2983,5,WTR
7138.0,9.9346,1.3342,2.17,0.3085,5,WTR
7138.5,9.426,1.2935,2.17,0.3186,5,WTR
7139.0,8.9173,1.2935,2.2125,0.3288,5,WTR
7139.5,8.4087,1.2935,2.255,0.3389,5,WTR
7140.0,24.0736,1.2935,2.2975,0.3491,5,WTR
7140.5,39.7385,1.2935,2.34,0.3593,5,WTR
7141.0,32.2624,1.2935,2.245,0.3694,5,WTR
7141.5,24.7862,1.2935,2.15,0.3796,5,WTR
7142.0,17.3101,1.2935,2.15,0.3897,5,WTR
7142.5,15.6941,1.2935,2.15,0.3999,5,WTR
7143.0,14.078,1.2935,2.15,0.41,5,WTR
7143.5,12.462,1.2935,2.0719,0.4202,5,WTR
7144.0,12.462,1.2935,1.9937,0.4304,5,WTR
7144.5,12.462,1.2935,1.9156,0.4337,5,WTR
7145.0,12.462,1.2935,1.8375,0.4371,5,WTR
7145.5,12.764,1.2935,1.7594,0.4404,5,WTR
7146.0,13.066,1.2935,1.6812,0.4437,5,WTR
7146.5,13.368,1.2935,1.6031,0.4471,5,WTR
7147.0,11.9639,1.2935,1.525,0.4504,5,WTR
7147.5,10.5598,1.2935,1.4469,0.4538,5,WTR
7148.0,9.1558,1.2935,1.3687,0.4571,5,WTR
7148.5,11.1957,1.2935,1.2906,0.4605,5,WTR
7149.0,13.2356,1.2935,1.2125,0.4638,5,WTR
7149.5,15.2755,1.2935,1.1344,0.4672,5,WTR
7150.0,14.9485,1.2935,1.0562,0.4683,5,WTR
7150.5,14.6215,1.2935,0.9781,0.4694,5,WTR
7151.0,14.2945,1.3342,0.9,0.4706,5,WTR
7151.5,13.9675,1.375,1.0155,0.4717,5,WTR
7152.0,13.6405,1.4157,1.1309,0.4388,5,WTR
7152.5,13.3135,1.3949,1.2464,0.4098,5,WTR
7153.0,12.9866,1.3741,1.3618,0.439,5,WTR
7153.5,12.6596,1.3532,1.4773,0.4681,5,WTR
7154.0,12.3326,1.3143,1.5927,0.4973,5,WTR
7154.5,12.0056,1.2753,1.7082,0.4647,5,WTR
7155.0,11.6786,1.2364,1.8236,0.432,5,WTR
7155.5,11.3516,1.2182,1.9391,0.3994,5,WTR
7156.0,11.0246,1.2,2.0545,0.3668,5,WTR
7156.5,10.6976,1.1818,2.17,0.3342,5,WTR
7157.0,10.3706,1.219,2.1533,0.3016,5,WTR
7157.5,10.0436,1.2563,2.1367,0.3019,5,WTR
7158.0,9.7166,1.2935,2.12,0.3022,5,WTR
7158.5,9.3896,1.356,2.1133,0.3025,5,WTR
7159.0,9.0626,1.4186,2.1067,0.2977,5,WTR
7159.5,8.7357,1.4811,2.1,0.293,5,WTR
7160.0,8.4087,1.4593,2.1167,0.2882,5,WTR
7160.5,9.7598,1.4375,2.1333,0.2898,5,WTR
7161.0,11.1109,1.4157,2.15,0.2914,5,WTR
7161.5,12.462,1.4157,2.1433,0.293,5,WTR
7162.0,12.1706,1.4157,2.1367,0.2858,5,WTR
7162.5,11.8792,1.4157,2.13,0.2786,5,WTR
7163.0,11.5878,1.3378,2.1367,0.2715,5,WTR
7163.5,10.5281,1.2598,2.1433,0.2643,5,WTR
7164.0,9.4684,1.1818,2.15,0.2678,5,WTR
7164.5,8.4087,1.2,2.16,0.2712,5,WTR
7165.0,9.7598,1.2182,2.17,0.2747,5,WTR
7165.5,11.1109,1.2364,2.18,0.2897,5,WTR
7166.0,12.462,1.2753,2.18,0.3047,5,WTR
7166.5,15.5616,1.3143,2.18,0.3198,5,WTR
7167.0,18.6612,1.3532,2.18,0.5075,5,WTR
7167.5,21.7608,2.1763,2.1433,0.6952,0,Non-SST
7168.0,30.5351,2.9994,2.1067,0.883,0,Non-SST
7168.5,39.3093,3.8226,2.07,0.6729,0,Non-SST
7169.0,48.0836,3.3524,2.21,0.4629,5,WTR
7169.5,61.0702,2.8822,2.35,0.2529,5,WTR
7170.0,74.0567,2.4121,2.49,0.2702,0,Non-SST
7170.5,87.0433,1.9419,2.4925,0.2875,0,Non-SST
7171.0,85.4961,2.0031,2.495,0.3048,0,Non-SST
7171.5,83.9489,2.0643,2.4975,0.3474,0,Non-SST
7172.0,82.4018,2.1254,2.5,0.39,0,Non-SST
7172.5,80.1605,2.0643,2.2967,0.4326,0,Non-SST
7173.0,77.9193,2.0031,2.0933,0.4753,0,Non-SST
7173.5,75.678,1.9419,1.89,0.6545,0,Non-SST
7174.0,67.6667,2.4588,1.74,0.8337,0,Non-SST
7174.5,59.6555,2.9757,1.59,1.0129,0,Non-SST
7175.0,51.6442,3.4925,1.44,0.9869,0,Non-SST
7175.5,50.754,3.8547,1.65,0.9609,0,Non-SST
7176.0,49.8639,4.2169,1.86,0.9349,0,Non-SST
7176.5,48.9738,4.5791,2.07,0.7788,0,Non-SST
7177.0,48.0836,4.0159,2.1067,0.6228,0,Non-SST
7177.5,57.2817,3.4527,2.1433,0.4667,0,Non-SST
7178.0,66.4799,2.8895,2.18,0.3839,0,Non-SST
7178.5,75.678,2.3263,2.27,0.3012,0,Non-SST
7179.0,74.2368,2.3996,2.36,0.2184,5,WTR
7179.5,72.7957,2.4729,2.45,0.2336,0,Non-SST
7180.0,71.3545,2.5461,2.4525,0.2489,0,Non-SST
7180.5,69.9557,2.5461,2.455,0.2642,0,Non-SST
7181.0,68.5569,2.5461,2.4575,0.3103,0,Non-SST
7181.5,67.1581,2.5461,2.46,0.3564,0,Non-SST
7182.0,69.9981,2.3737,2.4267,0.4025,0,Non-SST
7182.5,72.8381,2.2012,2.3933,0.4486,0,Non-SST
7183.0,75.678,2.0287,2.36,0.4348,0,Non-SST
7183.5,78.6876,1.8562,2.3933,0.4211,0,Non-SST
7184.0,81.6971,1.8028,2.4267,0.4073,0,Non-SST
7184.5,84.7066,1.7494,2.46,0.3936,0,Non-SST
7185.0,83.5622,1.696,2.46,0.377,0,Non-SST
7185.5,82.4177,1.696,2.46,0.3604,0,Non-SST
7186.0,81.2732,1.696,2.46,0.3439,0,Non-SST
7186.5,80.1288,1.696,2.4567,0.3607,0,Non-SST
7187.0,83.2231,1.6243,2.4533,0.3775,0,Non-SST
7187.5,86.3174,1.5527,2.45,0.3944,0,Non-SST
7188.0,89.4117,1.4811,2.445,0.3656,0,Non-SST
7188.5,83.3926,1.5963,2.44,0.3369,0,Non-SST
7189.0,77.3735,1.7115,2.435,0.3081,0,Non-SST
7189.5,71.3545,1.8267,2.43,0.3151,0,Non-SST
7190.0,75.8052,1.9419,2.445,0.3222,0,Non-SST
7190.5,80.2559,1.8111,2.46,0.3292,0,Non-SST
7191.0,84.7066,1.6803,2.475,0.3789,0,Non-SST
7191.5,85.2908,1.5495,2.49,0.4285,0,Non-SST
7192.0,85.8749,1.5049,2.47,0.4781,0,Non-SST
7192.5,86.4591,1.4603,2.45,0.4723,0,Non-SST
7193.0,87.0433,1.4157,2.43,0.4665,0,Non-SST
7193.5,89.4435,1.4842,2.42,0.4606,0,Non-SST
7194.0,91.8437,1.5526,2.41,0.4548,0,Non-SST
7194.5,94.2439,1.6211,2.4,0.4206,0,Non-SST
7195.0,90.2965,1.5526,2.4333,0.3864,0,Non-SST
7195.5,86.3492,1.4842,2.4667,0.3522,0,Non-SST
7196.0,82.4018,1.4157,2.5,0.3394,0,Non-SST
7196.5,70.5796,1.4157,2.41,0.3266,0,Non-SST
7197.0,58.7574,1.4157,2.32,0.3139,5,WTR
7197.5,46.9352,1.4157,2.23,0.3227,5,WTR
7198.0,35.1129,1.38,2.2133,0.3011,5,WTR
7198.5,30.2754,1.3442,2.1967,0.3002,5,WTR
7199.0,25.438,1.3084,2.18,0.3048,5,WTR
7199.5,20.6005,1.2935,2.1725,0.3001,5,WTR
7200.0,18.8255,1.2389,2.165,0.2953,5,WTR
7200.5,17.0505,1.1843,2.1575,0.2905,5,WTR
7201.0,15.2755,1.1296,2.15,0.2896,5,WTR
7201.5,16.3087,1.1296,2.1533,0.2886,5,WTR
7202.0,17.3419,1.1296,2.1567,0.2876,5,WTR
7202.5,18.3751,1.1296,2.16,0.2873,5,WTR
7203.0,16.7061,1.1296,2.1467,0.2869,5,WTR
7203.5,15.0371,1.1296,2.1333,0.2866,5,WTR
7204.0,13.368,1.1296,2.12,0.2916,5,WTR
7204.5,12.7746,1.1296,2.1467,0.2965,5,WTR
7205.0,12.1812,1.1296,2.1733,0.3015,5,WTR
7205.5,11.5878,1.1296,2.1743,0.2908,5,WTR
7206.0,11.8063,1.1296,2.1752,0.2802,5,WTR
7206.5,12.0249,1.1296,2.1762,0.2695,5,WTR
7207.0,12.2434,1.1296,2.1771,0.2739,5,WTR
7207.5,12.462,1.1296,2.1781,0.2782,5,WTR
7208.0,15.4728,1.1296,2.179,0.2826,5,WTR
7208.5,18.4837,1.1296,2.18,0.3013,5,WTR
7209.0,21.4946,1.1296,2.185,0.3201,5,WTR
7209.5,20.6005,1.1843,2.19,0.3388,5,WTR
7210.0,23.9915,1.2389,2.195,0.3261,5,WTR
7210.5,27.3825,1.2935,2.2,0.3134,5,WTR
7211.0,30.7735,1.2935,2.2,0.3007,5,WTR
7211.5,25.1227,1.2935,2.2,0.288,5,WTR
7212.0,19.4719,1.2935,2.2,0.275,5,WTR
7212.5,19.1063,1.2935,2.1867,0.2621,5,WTR
7213.0,18.7407,1.2935,2.1733,0.2491,5,WTR
7213.5,18.3751,1.2935,2.16,0.2695,5,WTR
7214.0,20.1395,1.5395,2.2,0.2898,5,WTR
7214.5,21.9039,1.7856,2.24,0.3101,5,WTR
7215.0,23.6683,2.0316,2.28,0.2814,5,WTR
7215.5,25.4326,2.4181,2.33,0.2673,5,WTR
7216.0,26.3016,2.8045,2.38,0.2663,5,WTR
7216.5,27.1705,3.191,2.43,0.2653,0,Non-SST
7217.0,28.0395,3.0562,2.36,0.2643,5,WTR
7217.5,38.4086,2.9215,2.29,0.2632,5,WTR
7218.0,48.7777,2.7868,2.22,0.3616,5,WTR
7218.5,59.1468,3.0758,2.21,0.4834,0,Non-SST
7219.0,54.8815,3.3648,2.2,0.4264,5,WTR
7219.5,50.6163,3.6538,2.19,0.3694,5,WTR
7220.0,46.351,3.0273,2.18,0.3124,5,WTR
7220.5,38.1543,2.4008,2.185,0.299,5,WTR
7221.0,29.9575,1.7743,2.19,0.2855,5,WTR
7221.5,21.7608,1.6548,2.1933,0.272,5,WTR
7222.0,19.9328,1.5352,2.1967,0.2843,5,WTR
7222.5,18.1049,1.4157,2.2,0.2965,5,WTR
7223.0,16.2769,1.4603,2.13,0.3087,5,WTR
7223.5,19.758,1.5049,2.06,0.3474,5,WTR
7224.0,23.2391,1.5495,1.99,0.3861,5,WTR
7224.5,26.7202,1.5983,2.0867,0.4248,5,WTR
7225.0,36.8879,1.6471,2.1833,0.3939,5,WTR
7225.5,47.0557,1.696,2.28,0.363,5,WTR
7226.0,57.2235,1.8189,2.33,0.3321,5,WTR
7226.5,66.3845,1.9419,2.38,0.3109,0,Non-SST
7227.0,75.5456,1.9419,2.43,0.2898,0,Non-SST
7227.5,84.7066,1.9419,2.3833,0.2686,0,Non-SST
7228.0,85.4855,1.9419,2.3367,0.3127,0,Non-SST
7228.5,86.2644,1.9419,2.29,0.3568,0,Non-SST
7229.0,87.0433,1.9419,2.35,0.4009,0,Non-SST
7229.5,85.4961,1.9419,2.41,0.3809,0,Non-SST
7230.0,83.9489,1.9419,2.47,0.3609,0,Non-SST
7230.5,82.4018,1.9419,2.47,0.3408,0,Non-SST
7231.0,82.4018,1.9419,2.47,0.3351,0,Non-SST
7231.5,82.4018,2.0701,2.47,0.3293,0,Non-SST
7232.0,82.4018,2.1982,2.4633,0.3235,0,Non-SST
7232.5,73.3785,2.3263,2.4567,0.2714,0,Non-SST
7233.0,64.3552,2.2594,2.45,0.2335,0,Non-SST
7233.5,55.3319,2.1924,2.3733,0.2382,5,WTR
7234.0,45.7947,2.1254,2.2967,0.2428,5,WTR
7234.5,36.2574,2.0084,2.22,0.2475,5,WTR
7235.0,26.7202,1.8913,2.2367,0.2522,5,WTR
7235.5,30.0211,1.7743,2.2533,0.268,5,WTR
7236.0,33.3221,1.7743,2.27,0.2805,5,WTR
7236.5,36.623,1.7743,2.2633,0.2885,5,WTR
7237.0,35.868,1.7743,2.2567,0.2965,5,WTR
7237.5,35.1129,1.736,2.25,0.3046,5,WTR
7238.0,34.138,1.6977,2.225,0.3126,5,WTR
7238.5,33.1631,1.6594,2.2,0.3113,5,WTR
7239.0,32.1882,1.6211,2.2367,0.3101,5,WTR
7239.5,36.3422,1.7386,2.2733,0.3088,5,WTR
7240.0,40.4962,1.8562,2.31,0.2963,5,WTR
7240.5,44.6502,1.9147,2.31,0.2838,5,WTR
7241.0,45.2171,1.9732,2.31,0.2713,5,WTR
7241.5,45.7841,2.0316,2.31,0.2723,5,WTR
7242.0,46.351,2.0956,2.32,0.2734,5,WTR
7242.5,47.5167,2.1596,2.33,0.2744,5,WTR
7243.0,48.6823,2.2236,2.34,0.279,5,WTR
7243.5,49.848,2.1909,2.3575,0.2835,5,WTR
7244.0,51.676,2.1582,2.375,0.288,5,WTR
7244.5,53.5039,2.1254,2.3925,0.2732,5,WTR
7245.0,55.3319,2.1924,2.41,0.2533,5,WTR
7245.5,52.3383,2.2594,2.4333,0.2403,5,WTR
7246.0,49.3446,2.3263,2.4567,0.2274,5,WTR
7246.5,46.351,2.4362,2.48,0.2144,5,WTR
7247.0,48.1313,2.5461,2.4767,0.2144,5,WTR
7247.5,49.9116,2.5461,2.4733,0.2144,5,WTR
7248.0,51.6919,2.5461,2.47,0.2248,5,WTR
7248.5,53.4721,2.5461,2.4567,0.2353,5,WTR
7249.0,53.4721,2.4899,2.4433,0.2457,5,WTR
7249.5,53.4721,2.4337,2.43,0.2729,5,WTR
7250.0,53.4721,2.3637,2.4167,0.3001,0,Non-SST
7250.5,52.8628,2.2937,2.4033,0.3273,0,Non-SST
7251.0,52.2535,2.2236,2.39,0.2998,5,WTR
7251.5,51.6442,2.2937,2.45,0.2722,0,Non-SST
7252.0,56.132,2.3637,2.51,0.2447,0,Non-SST
7252.5,60.6198,2.4337,2.47,0.2482,0,Non-SST
7253.0,65.1076,2.4712,2.43,0.2543,0,Non-SST
7253.5,63.7724,2.5087,2.42,0.256,0,Non-SST
7254.0,62.4372,2.5461,2.41,0.2573,0,Non-SST
7254.5,61.1019,2.5461,2.4,0.2586,0,Non-SST
7255.0,61.1019,2.5461,2.4,0.2599,0,Non-SST
7255.5,61.1019,2.5461,2.4,0.252,0,Non-SST
7256.0,61.7643,2.5853,2.4,0.2444,0,Non-SST
7256.5,62.4266,2.6245,2.42,0.2458,0,Non-SST
7257.0,63.0889,2.6637,2.44,0.2471,0,Non-SST
7257.5,64.0982,2.7476,2.46,0.2485,0,Non-SST
7258.0,65.1076,2.8315,2.475,0.2459,0,Non-SST
7258.5,66.4852,2.9155,2.49,0.2434,0,Non-SST
7259.0,67.8628,2.9155,2.4933,0.2409,0,Non-SST
7259.5,69.2404,2.9155,2.4967,0.2433,0,Non-SST
7260.0,69.9451,2.9155,2.5,0.2458,0,Non-SST
7260.5,70.6498,2.9828,2.5,0.2482,0,Non-SST
7261.0,71.3545,3.0501,2.48,0.2451,0,Non-SST
7261.5,69.2722,3.0501,2.42,0.2419,0,Non-SST
7262.0,67.1899,3.0501,2.4367,0.2388,0,Non-SST
7262.5,65.1076,3.0501,2.4533,0.2392,0,Non-SST
7263.0,65.1076,2.9623,2.47,0.2395,0,Non-SST
7263.5,65.1076,2.8745,2.47,0.2399,0,Non-SST
7264.0,75.678,2.7868,2.47,0.2548,0,Non-SST
7264.5,75.678,2.599,2.47,0.2714,0,Non-SST
7265.0,75.678,2.4113,2.4667,0.3067,0,Non-SST
7265.5,79.4664,2.2236,2.4633,0.3419,0,Non-SST
7266.0,83.2548,2.0228,2.46,0.3772,0,Non-SST
7266.5,87.0433,1.8219,2.5233,0.3721,0,Non-SST
7267.0,88.6328,1.6211,2.5867,0.367,0,Non-SST
7267.5,90.2223,1.6721,2.65,0.362,0,Non-SST
7268.0,91.8119,1.7232,2.51,0.4003,0,Non-SST
7268.5,92.6225,1.7743,2.37,0.4386,0,Non-SST
7269.0,93.4332,1.8302,2.2533,0.4769,0,Non-SST
7269.5,94.2439,1.886,2.1367,0.6451,0,Non-SST
7270.0,83.8589,1.9419,2.02,0.8133,0,Non-SST
7270.5,73.4739,2.6277,1.7933,0.9814,0,Non-SST
7271.0,63.0889,3.3134,1.5667,1.0304,0,Non-SST
7271.5,43.0209,3.9991,1.34,1.0795,0,Non-SST
7272.0,22.953,6.7874,1.3133,1.1285,0,Non-SST
7272.5,20.7276,9.5757,1.2867,1.0102,0,Non-SST
7273.0,18.5023,12.3639,1.26,0.8919,0,Non-SST
7273.5,16.2769,9.4676,1.5567,0.7737,0,Non-SST
7274.0,33.2373,6.5712,1.8533,0.7982,0,Non-SST
7274.5,50.1977,7.2859,2.15,0.8227,0,Non-SST
7275.0,67.1581,8.0006,1.8567,0.8471,0,Non-SST
7275.5,51.2627,8.7153,1.5633,0.8716,0,Non-SST
7276.0,35.3673,9.43,1.27,0.8033,0,Non-SST
7276.5,19.4719,8.9106,1.3833,0.735,0,Non-SST
7277.0,29.0091,8.3912,1.4967,0.6667,0,Non-SST
7277.5,38.5464,7.8719,1.61,0.5805,0,Non-SST
7278.0,48.0836,4.9987,1.8867,0.3401,5,WTR
7278.5,60.2913,2.1254,2.1633,0.2629,5,WTR
7279.0,72.4989,1.9499,2.44,0.3017,0,Non-SST
7279.5,84.7066,1.7743,2.4867,0.3405,0,Non-SST
7280.0,84.7066,1.5053,2.5333,0.3793,0,Non-SST
7280.5,84.7066,1.2364,2.58,0.3382,0,Non-SST
7281.0,84.7066,1.5892,2.5833,0.3194,0,Non-SST
7281.5,78.8571,1.9419,2.5867,0.2156,0,Non-SST
7282.0,73.0076,2.1825,2.59,0.1565,0,Non-SST
7282.5,67.1581,2.4231,2.5963,0.1757,0,Non-SST
7283.0,67.8522,2.6637,2.6025,0.1948,0,Non-SST
7283.5,68.5463,2.6049,2.6088,0.2139,0,Non-SST
7284.0,69.2404,2.5461,2.615,0.2363,0,Non-SST
7284.5,74.3958,2.4059,2.615,0.2653,0,Non-SST
7285.0,79.5512,2.2657,2.585,0.2823,0,Non-SST
7285.5,84.7066,2.1254,2.51,0.2993,0,Non-SST
7286.0,86.275,1.9107,2.49,0.3164,0,Non-SST
7286.5,87.8433,1.696,2.47,0.3053,0,Non-SST
7287.0,89.4117,1.671,2.5133,0.2928,0,Non-SST
7287.5,86.3174,1.646,2.5567,0.3105,0,Non-SST
7288.0,83.2231,1.6211,2.6,0.3282,0,Non-SST
7288.5,80.1288,1.4287,2.52,0.3459,0,Non-SST
7289.0,80.1288,1.2364,2.44,0.3918,0,Non-SST
7289.5,79.0081,1.3587,2.4067,0.436,0,Non-SST
7290.0,77.8875,1.4811,2.3733,0.4371,0,Non-SST
7290.5,82.529,1.4385,2.34,0.4381,0,Non-SST
7291.0,87.1704,1.3959,2.39,0.4392,0,Non-SST
7291.5,91.8119,1.3532,2.44,0.3735,0,Non-SST
7292.0,87.1068,1.4514,2.48,0.324,0,Non-SST
7292.5,82.4018,1.5495,2.52,0.3176,0,Non-SST
7293.0,85.5385,1.5853,2.4967,0.3159,0,Non-SST
7293.5,88.6752,1.6211,2.4733,0.3113,0,Non-SST
7294.0,91.8119,1.6211,2.45,0.3149,0,Non-SST
7294.5,89.4276,1.6211,2.415,0.3367,0,Non-SST
7295.0,87.0433,1.7815,2.38,0.3617,0,Non-SST
7295.5,83.2548,1.9419,2.44,0.3529,0,Non-SST
7296.0,79.4664,2.1433,2.5,0.3442,0,Non-SST
7296.5,75.678,2.3447,2.56,0.3355,0,Non-SST
7297.0,74.5892,2.5461,2.5,0.3284,0,Non-SST
7297.5,73.5004,2.3447,2.44,0.3218,0,Non-SST
7298.0,74.5892,2.1433,2.4558,0.3067,0,Non-SST
7298.5,75.678,1.9419,2.4717,0.2916,0,Non-SST
7299.0,79.4664,1.8991,2.4875,0.2765,0,Non-SST
7299.5,83.2548,1.8562,2.4875,0.2905,0,Non-SST
7300.0,87.0433,1.8562,2.484,0.3046,0,Non-SST
7300.5,84.7225,1.8562,2.4805,0.3187,0,Non-SST
7301.0,82.4018,1.8562,2.477,0.3153,0,Non-SST
7301.5,83.9489,1.8562,2.4735,0.3119,0,Non-SST
7302.0,85.4961,1.8562,2.47,0.3222,0,Non-SST
7302.5,87.0433,1.8562,2.46,0.3325,0,Non-SST
7303.0,84.7305,1.8562,2.45,0.3427,0,Non-SST
7303.5,82.4177,1.8562,2.5167,0.3204,0,Non-SST
7304.0,79.0479,1.9787,2.5833,0.298,0,Non-SST
7304.5,75.678,2.1012,2.65,0.2756,0,Non-SST
7305.0,76.7828,2.2236,2.61,0.2872,0,Non-SST
7305.5,77.8875,2.1909,2.57,0.2997,0,Non-SST
7306.0,81.2971,2.1582,2.53,0.3082,0,Non-SST
7306.5,84.7066,2.1254,2.5,0.3167,0,Non-SST
7307.0,83.1807,2.1254,2.47,0.3252,0,Non-SST
7307.5,81.6547,2.1254,2.54,0.3117,0,Non-SST
7308.0,80.1288,2.1254,2.61,0.2982,0,Non-SST
7308.5,80.8864,1.9573,2.68,0.2848,0,Non-SST
7309.0,81.6441,1.7892,2.5333,0.4081,0,Non-SST
7309.5,82.4018,1.6211,2.3867,0.5314,0,Non-SST
7310.0,89.5547,1.6995,2.24,0.6547,0,Non-SST
7310.5,96.7077,1.7778,2.215,0.5933,0,Non-SST
7311.0,95.8864,1.8562,2.19,0.5319,0,Non-SST
7311.5,95.0651,1.6687,2.28,0.4704,0,Non-SST
7312.0,94.2439,1.4811,2.37,0.4017,0,Non-SST
7312.5,88.7917,1.5788,2.46,0.3329,0,Non-SST
7313.0,83.3396,1.6766,2.4767,0.2641,0,Non-SST
7313.5,77.8875,1.7743,2.4933,0.2633,0,Non-SST
7314.0,73.5639,1.924,2.51,0.2625,0,Non-SST
7314.5,69.2404,2.0738,2.4967,0.2617,0,Non-SST
7315.0,69.2404,2.2236,2.4833,0.2705,0,Non-SST
7315.5,69.2404,2.0738,2.47,0.2793,0,Non-SST
7316.0,69.2404,1.924,2.47,0.288,0,Non-SST
7316.5,74.3958,1.7743,2.47,0.3147,0,Non-SST
7317.0,79.5512,1.614,2.47,0.3413,0,Non-SST
7317.5,84.7066,1.4538,2.45,0.3679,0,Non-SST
7318.0,83.1807,1.2935,2.43,0.3707,0,Non-SST
7318.5,81.6547,1.3134,2.41,0.3735,0,Non-SST
7319.0,80.1288,1.3333,2.4433,0.3763,0,Non-SST
7319.5,82.4336,1.3532,2.4767,0.3708,0,Non-SST
7320.0,84.7384,1.4187,2.51,0.3654,0,Non-SST
7320.5,87.0433,1.4841,2.46,0.36,0,Non-SST
7321.0,88.6328,1.5495,2.41,0.3956,0,Non-SST
7321.5,90.2223,1.4451,2.36,0.4313,0,Non-SST
7322.0,91.8119,1.3408,2.3633,0.4669,0,Non-SST
7322.5,87.9175,1.2364,2.3667,0.4519,0,Non-SST
7323.0,84.0231,1.2962,2.37,0.4369,0,Non-SST
7323.5,80.1288,1.3559,2.3833,0.4218,0,Non-SST
7324.0,82.4336,1.4157,2.3967,0.3625,0,Non-SST
7324.5,84.7384,1.5626,2.41,0.3115,0,Non-SST
7325.0,87.0433,1.7094,2.4433,0.3286,0,Non-SST
7325.5,83.2548,1.8562,2.4767,0.3456,0,Non-SST
7326.0,79.4664,1.8562,2.51,0.3627,0,Non-SST
7326.5,75.678,1.8562,2.44,0.3797,0,Non-SST
7327.0,79.4664,1.8562,2.37,0.4174,0,Non-SST
7327.5,83.2548,1.9147,2.3975,0.4481,0,Non-SST
7328.0,87.0433,1.9732,2.425,0.4178,0,Non-SST
7328.5,85.8749,2.0316,2.4525,0.3874,0,Non-SST
7329.0,84.7066,2.0629,2.48,0.3571,0,Non-SST
7329.5,84.7066,2.0942,2.425,0.3267,0,Non-SST
7330.0,84.7066,2.1254,2.37,0.3705,0,Non-SST
7330.5,84.7066,1.8109,2.4,0.4143,0,Non-SST
7331.0,83.9383,1.4964,2.43,0.458,0,Non-SST
7331.5,83.1701,1.1818,2.46,0.4291,0,Non-SST
7332.0,82.4018,1.2,2.42,0.4002,0,Non-SST
7332.5,83.1701,1.2182,2.38,0.3713,0,Non-SST
7333.0,83.9383,1.2364,2.34,0.3666,0,Non-SST
7333.5,84.7066,1.318,2.4067,0.362,0,Non-SST
7334.0,82.4336,1.3995,2.4733,0.3573,0,Non-SST
7334.5,80.1605,1.4811,2.54,0.3309,0,Non-SST
7335.0,77.8875,1.6347,2.515,0.3046,0,Non-SST
7335.5,79.3923,1.7883,2.49,0.2782,0,Non-SST
7336.0,80.897,1.9419,2.465,0.2971,0,Non-SST
7336.5,82.4018,2.0701,2.44,0.316,0,Non-SST
7337.0,80.1605,2.1982,2.4667,0.3349,0,Non-SST
7337.5,77.9193,2.3263,2.4933,0.3025,0,Non-SST
7338.0,75.678,2.3996,2.52,0.2701,0,Non-SST
7338.5,72.5307,2.4729,2.4833,0.2377,0,Non-SST
7339.0,69.3835,2.5461,2.4467,0.2553,0,Non-SST
7339.5,66.2362,2.4059,2.41,0.2729,0,Non-SST
7340.0,63.0889,2.2657,2.4033,0.2906,0,Non-SST
7340.5,58.0871,2.1254,2.3967,0.2826,0,Non-SST
7341.0,53.0854,2.1582,2.39,0.2747,5,WTR
7341.5,48.0836,2.1909,2.3667,0.2668,5,WTR
7342.0,52.423,2.2236,2.3433,0.2808,5,WTR
7342.5,56.7625,2.1909,2.32,0.3038,5,WTR
7343.0,61.1019,2.1582,2.3567,0.3404,0,Non-SST
7343.5,68.2019,2.1254,2.3933,0.3769,0,Non-SST
7344.0,75.3018,1.9823,2.43,0.4134,0,Non-SST
7344.5,82.4018,1.8391,2.405,0.4095,0,Non-SST
7345.0,86.3492,1.696,2.38,0.4057,0,Non-SST
7345.5,90.2965,1.696,2.3733,0.4018,0,Non-SST
7346.0,94.2439,1.696,2.3667,0.4071,0,Non-SST
7346.5,94.2439,1.696,2.36,0.4125,0,Non-SST
7347.0,94.2439,1.671,2.38,0.4178,0,Non-SST
7347.5,94.2439,1.646,2.4,0.4064,0,Non-SST
7348.0,94.2439,1.6211,2.42,0.395,0,Non-SST
7348.5,94.2439,1.728,2.4067,0.3836,0,Non-SST
7349.0,90.2965,1.835,2.3933,0.3561,0,Non-SST
7349.5,86.3492,1.9419,2.38,0.3285,0,Non-SST
7350.0,82.4018,2.0358,2.3633,0.301,0,Non-SST
7350.5,75.9642,2.1297,2.3467,0.307,0,Non-SST
7351.0,69.5265,2.2236,2.33,0.313,0,Non-SST
7351.5,63.0889,2.2236,2.3267,0.319,0,Non-SST
7352.0,68.0217,2.2236,2.3233,0.3281,0,Non-SST
7352.5,72.9546,2.2236,2.32,0.3373,0,Non-SST
7353.0,77.8875,2.3311,2.34,0.3464,0,Non-SST
7353.5,84.1609,2.4386,2.36,0.3983,0,Non-SST
7354.0,90.4343,2.5461,2.38,0.4503,0,Non-SST
7354.5,96.7077,2.7308,2.11,0.5022,0,Non-SST
7355.0,89.6978,2.9155,1.84,0.7681,0,Non-SST
7355.5,82.6879,5.5429,1.57,1.0341,0,Non-SST
7356.0,75.678,8.1703,1.4967,1.3,0,Non-SST
7356.5,58.103,10.7978,1.4233,1.1893,0,Non-SST
7357.0,40.528,13.1127,1.35,1.0787,0,Non-SST
7357.5,22.953,15.4277,1.32,0.968,0,Non-SST
7358.0,18.3539,17.7427,1.29,0.9372,0,Non-SST
7358.5,13.7548,16.9935,1.26,0.9063,0,Non-SST
7359.0,9.1558,16.2443,1.2867,0.8755,0,Non-SST
7359.5,13.7548,15.4952,1.3133,0.7824,0,Non-SST
7360.0,18.3539,11.0386,1.34,0.6894,0,Non-SST
7360.5,22.953,6.582,1.6667,0.5963,0,Non-SST
7361.0,43.5375,2.1254,1.9933,0.5254,0,Non-SST
7361.5,64.1221,1.9823,2.32,0.4546,0,Non-SST
7362.0,84.7066,1.8391,2.29,0.3837,0,Non-SST
7362.5,81.6971,1.696,2.26,0.3532,0,Non-SST
7363.0,78.6876,1.8718,2.23,0.3226,5,WTR
7363.5,75.678,2.0477,2.3133,0.292,0,Non-SST
7364.0,74.2368,2.2236,2.3967,0.2779,0,Non-SST
7364.5,72.7957,2.0477,2.48,0.2639,0,Non-SST
7365.0,71.3545,1.8718,2.5033,0.2498,0,Non-SST
7365.5,75.0369,1.696,2.5267,0.2805,0,Non-SST
7366.0,78.7194,1.7779,2.55,0.3112,0,Non-SST
7366.5,82.4018,1.8599,2.5167,0.342,0,Non-SST
7367.0,80.897,1.9419,2.4833,0.3185,0,Non-SST
7367.5,79.3923,2.1825,2.45,0.2951,0,Non-SST
7368.0,77.8875,2.4231,2.4133,0.2717,0,Non-SST
7368.5,65.7063,2.6637,2.3767,0.2634,0,Non-SST
7369.0,53.5251,2.8324,2.34,0.2552,5,WTR
7369.5,41.344,3.001,2.29,0.247,5,WTR
7370.0,36.7661,3.1697,2.24,0.2501,5,WTR
7370.5,32.1882,3.3383,2.19,0.2531,5,WTR
7371.0,31.151,3.4435,2.215,0.2562,5,WTR
7371.5,30.1138,3.5487,2.24,0.2592,5,WTR
7372.0,29.0767,3.6538,2.2175,0.2622,5,WTR
7372.5,28.0395,3.4077,2.195,0.2651,5,WTR
7373.0,33.1022,3.1616,2.1725,0.269,5,WTR
7373.5,38.1649,2.9155,2.15,0.273,5,WTR
7374.0,43.8872,2.7924,2.33,0.2769,5,WTR
7374.5,49.6096,2.6692,2.51,0.2724,0,Non-SST
7375.0,55.3319,2.5461,2.4075,0.268,5,WTR
7375.5,51.7713,2.5853,2.305,0.2635,5,WTR
7376.0,48.2108,2.6245,2.2025,0.2889,5,WTR
7376.5,44.6502,2.6637,2.1,0.3143,5,WTR
7377.0,42.4884,2.3946,2.2,0.3397,5,WTR
7377.5,40.3266,2.1254,2.3,0.3149,5,WTR
7378.0,38.1649,1.8562,2.4,0.2902,5,WTR
7378.5,44.9006,1.9908,2.4167,0.2654,5,WTR
7379.0,51.6362,2.1254,2.4333,0.2649,5,WTR
7379.5,58.3719,2.1582,2.45,0.2643,0,Non-SST
7380.0,65.1076,2.1909,2.4433,0.2637,0,Non-SST
7380.5,65.7911,2.2236,2.4367,0.2681,0,Non-SST
7381.0,66.4746,2.1909,2.43,0.2725,0,Non-SST
7381.5,67.1581,2.1582,2.4067,0.2769,0,Non-SST
7382.0,65.1394,2.1254,2.3833,0.2773,0,Non-SST
7382.5,63.1207,1.9823,2.36,0.2777,5,WTR
7383.0,61.1019,1.8391,2.2967,0.2781,5,WTR
7383.5,51.464,1.696,2.2333,0.2847,5,WTR
7384.0,41.8261,1.5428,2.17,0.2913,5,WTR
7384.5,32.1882,1.3896,2.1733,0.2979,5,WTR
7385.0,33.1631,1.2364,2.1767,0.2938,5,WTR
7385.5,34.138,1.2753,2.18,0.2897,5,WTR
7386.0,35.1129,1.3143,2.17,0.2856,5,WTR
7386.5,32.7551,1.3532,2.16,0.2848,5,WTR
7387.0,30.3973,1.3636,2.15,0.284,5,WTR
7387.5,28.0395,1.3741,2.1733,0.2832,5,WTR
7388.0,24.818,1.3845,2.1967,0.2851,5,WTR
7388.5,21.5966,1.3532,2.22,0.2858,5,WTR
7389.0,18.3751,1.3532,2.2033,0.2864,5,WTR
7389.5,17.6757,1.3532,2.1867,0.287,5,WTR
7390.0,16.9763,1.3532,2.17,0.2923,5,WTR
7390.5,16.2769,1.3532,2.1767,0.2923,5,WTR
7391.0,15.3073,1.3532,2.1833,0.2883,5,WTR
7391.5,14.3377,1.3143,2.19,0.2843,5,WTR
7392.0,13.368,1.2753,2.1833,0.2803,5,WTR
7392.5,12.7746,1.2364,2.1767,0.2831,5,WTR
7393.0,12.1812,1.2182,2.17,0.2859,5,WTR
7393.5,11.5878,1.2,2.1617,0.2887,5,WTR
7394.0,11.5878,1.1818,2.1533,0.2858,5,WTR
7394.5,11.5878,1.2,2.1486,0.2828,5,WTR
7395.0,11.5878,1.2182,2.1438,0.2798,5,WTR
7395.5,14.4489,1.2364,2.1391,0.3063,5,WTR
7396.0,17.3101,1.318,2.1343,0.3327,5,WTR
7396.5,18.0307,1.3995,2.1295,0.3591,5,WTR
7397.0,18.7513,1.4811,2.1248,0.3542,5,WTR
7397.5,19.4719,1.5039,2.12,0.3494,5,WTR
7398.0,21.7714,1.5267,2.2033,0.3445,5,WTR
7398.5,27.7605,1.5495,2.2867,0.3258,5,WTR
7399.0,33.7495,1.6517,2.37,0.3071,5,WTR
7399.5,39.7385,1.754,2.4133,0.2884,5,WTR
7400.0,51.7184,1.8562,2.4567,0.2932,5,WTR
7400.5,63.6982,1.9787,2.5,0.298,0,Non-SST
7401.0,75.678,2.1012,2.4633,0.3028,0,Non-SST
7401.5,79.4664,2.2236,2.4267,0.3228,0,Non-SST
7402.0,83.2548,2.2937,2.39,0.3428,0,Non-SST
7402.5,87.0433,2.3637,2.3867,0.3627,0,Non-SST
7403.0,87.0433,2.4337,2.3833,0.3668,0,Non-SST
7403.5,87.0433,2.5104,2.38,0.3723,0,Non-SST
7404.0,86.2644,2.5871,2.4,0.3704,0,Non-SST
7404.5,85.4855,2.6637,2.42,0.3685,0,Non-SST
7405.0,84.7066,2.94,2.4267,0.3666,0,Non-SST
7405.5,83.9383,3.2162,2.4333,0.3715,0,Non-SST
7406.0,83.1701,3.4925,2.44,0.3763,0,Non-SST
7406.5,82.4018,3.7873,2.3567,0.3812,0,Non-SST
7407.0,83.1701,4.0822,2.2733,0.4647,0,Non-SST
7407.5,83.9383,4.377,2.19,0.5483,0,Non-SST
7408.0,84.7066,4.377,2.1333,0.6318,0,Non-SST
7408.5,81.6971,4.377,2.0767,0.5955,0,Non-SST
7409.0,78.6876,4.377,2.02,0.5592,0,Non-SST
7409.5,75.678,4.6658,2.1267,0.5229,0,Non-SST
7410.0,77.1616,4.9546,2.2333,0.4866,0,Non-SST
7410.5,78.6452,5.2433,2.34,0.4503,0,Non-SST
7411.0,80.1288,4.0121,2.3533,0.414,0,Non-SST
7411.5,82.4336,2.7808,2.3667,0.398,0,Non-SST
7412.0,84.7384,1.5495,2.38,0.382,0,Non-SST
7412.5,87.0433,1.5734,2.2867,0.366,0,Non-SST
7413.0,87.0433,1.5972,2.1933,0.421,0,Non-SST
7413.5,87.0433,1.6211,2.1,0.4761,0,Non-SST
7414.0,87.0433,2.406,2.17,0.5311,0,Non-SST
7414.5,85.4961,3.191,2.24,0.5131,0,Non-SST
7415.0,83.9489,2.7746,2.31,0.495,0,Non-SST
7415.5,82.4018,2.3583,2.3567,0.4769,0,Non-SST
7416.0,80.1605,1.9419,2.4033,0.3563,0,Non-SST
7416.5,77.9193,1.9718,2.45,0.2661,0,Non-SST
7417.0,75.678,2.0017,2.45,0.2694,0,Non-SST
7417.5,75.678,2.0316,2.45,0.2727,0,Non-SST
7418.0,75.678,1.8638,2.45,0.2761,0,Non-SST
7418.5,75.678,1.696,2.4567,0.2823,0,Non-SST
7419.0,74.9521,1.9793,2.4633,0.2886,0,Non-SST
7419.5,74.2263,2.2627,2.47,0.2948,0,Non-SST
7420.0,73.5004,2.5461,2.4733,0.2945,0,Non-SST
7420.5,78.0147,2.5461,2.4767,0.2941,0,Non-SST
7421.0,82.529,2.5461,2.48,0.2937,0,Non-SST
7421.5,87.0433,2.5461,2.45,0.2975,0,Non-SST
7422.0,79.7314,2.9154,2.42,0.3012,0,Non-SST
7422.5,72.4195,3.2846,2.3133,0.3049,0,Non-SST
7423.0,65.1076,3.6538,2.2067,0.3017,0,Non-SST
7423.5,49.8957,3.8949,2.1,0.2986,5,WTR
7424.0,34.6838,4.1359,2.12,0.2955,5,WTR
7424.5,19.4719,4.377,2.14,0.2875,5,WTR
7425.0,19.4719,4.1559,2.16,0.2795,5,WTR
7425.5,19.4719,3.9348,2.15,0.2715,5,WTR
7426.0,21.4588,3.7136,2.14,0.274,5,WTR
7426.5,23.4457,3.4925,2.13,0.2764,5,WTR
7427.0,25.4326,2.9471,2.165,0.2789,5,WTR
7427.5,25.4326,2.4016,2.2,0.2907,5,WTR
7428.0,25.4326,1.8562,2.24,0.3025,5,WTR
7428.5,25.4326,1.8152,2.28,0.3144,5,WTR
7429.0,31.0278,1.7743,2.32,0.3002,5,WTR
7429.5,36.623,1.5768,2.27,0.286,5,WTR
7430.0,28.8714,1.3793,2.22,0.2718,5,WTR
7430.5,21.1197,1.1818,2.17,0.2745,5,WTR
7431.0,13.368,1.1818,2.1775,0.2773,5,WTR
7431.5,11.9639,1.1818,2.185,0.28,5,WTR
7432.0,10.5598,1.1818,2.1925,0.2802,5,WTR
7432.5,9.1558,1.1818,2.2,0.2805,5,WTR
7433.0,10.8725,1.1818,2.1967,0.2807,5,WTR
7433.5,12.5892,1.1818,2.1933,0.2858,5,WTR
7434.0,14.3059,1.1818,2.19,0.291,5,WTR
7434.5,13.8449,1.1818,2.18,0.2961,5,WTR
7435.0,13.3839,1.1818,2.17,0.2968,5,WTR
7435.5,12.923,1.1818,2.16,0.2974,5,WTR
7436.0,12.462,1.1818,2.1567,0.2981,5,WTR
7436.5,11.6195,1.1818,2.1533,0.2924,5,WTR
7437.0,10.7771,1.1818,2.15,0.2866,5,WTR
7437.5,9.9346,1.1818,2.1433,0.2809,5,WTR
7438.0,12.0487,1.1818,2.1367,0.2851,5,WTR
7438.5,14.1628,1.239,2.13,0.2892,5,WTR
7439.0,16.2769,1.2961,2.1867,0.2934,5,WTR
7439.5,18.9102,1.3532,2.2433,0.2694,5,WTR
7440.0,21.5436,1.5794,2.3,0.2341,5,WTR
7440.5,24.1769,1.8055,2.3067,0.2349,5,WTR
7441.0,27.3295,2.0316,2.3133,0.2357,5,WTR
7441.5,30.4821,2.0785,2.32,0.2366,5,WTR
7442.0,33.6347,2.1254,2.3133,0.2318,5,WTR
7442.5,33.1525,2.1582,2.3067,0.2271,5,WTR
7443.0,32.6704,2.1909,2.3,0.2248,5,WTR
7443.5,32.1882,2.2236,2.3067,0.2224,5,WTR
7444.0,35.7859,2.275,2.3133,0.2201,5,WTR
7444.5,39.3835,2.3263,2.32,0.221,5,WTR
7445.0,42.9812,2.3621,2.3733,0.222,5,WTR
7445.5,44.1045,2.3979,2.4267,0.223,5,WTR
7446.0,45.2277,2.4337,2.48,0.2231,5,WTR
7446.5,46.351,2.3979,2.425,0.2232,5,WTR
7447.0,46.9285,2.3621,2.37,0.2232,5,WTR
7447.5,47.5061,2.3263,2.3633,0.2312,5,WTR
7448.0,48.0836,2.3621,2.3567,0.2391,5,WTR
7448.5,49.8639,2.3979,2.35,0.2471,5,WTR
7449.0,51.6442,2.4337,2.435,0.2485,5,WTR
7449.5,55.4591,2.4337,2.52,0.25,0,Non-SST
7450.0,59.274,2.4337,2.4733,0.2515,0,Non-SST
7450.5,63.0889,2.4337,2.4267,0.2364,0,Non-SST
7451.0,60.1562,2.4712,2.38,0.2338,5,WTR
7451.5,57.2235,2.5087,2.3933,0.2306,5,WTR
7452.0,57.2235,2.5461,2.4067,0.2274,5,WTR
7452.5,57.2235,2.5461,2.42,0.2243,5,WTR
7453.0,57.2235,2.5461,2.45,0.2392,0,Non-SST
7453.5,59.8515,2.5461,2.48,0.2541,0,Non-SST
7454.0,62.4795,2.4899,2.4575,0.2689,0,Non-SST
7454.5,65.1076,2.4337,2.435,0.2798,0,Non-SST
7455.0,65.1076,2.3979,2.4125,0.2906,0,Non-SST
7455.5,65.1076,2.3621,2.39,0.3015,0,Non-SST
7456.0,67.9052,2.3263,2.43,0.3095,0,Non-SST
7456.5,70.7028,2.2594,2.47,0.3176,0,Non-SST
7457.0,73.5004,2.1924,2.48,0.3257,0,Non-SST
7457.5,77.2358,2.1254,2.49,0.3146,0,Non-SST
7458.0,80.9712,2.1254,2.5,0.3035,0,Non-SST
7458.5,84.7066,2.1254,2.49,0.2924,0,Non-SST
7459.0,83.1807,2.1254,2.48,0.303,0,Non-SST
7459.5,81.6547,2.1254,2.47,0.3137,0,Non-SST
7460.0,80.1288,2.1254,2.4633,0.3244,0,Non-SST
7460.5,77.9193,2.1254,2.4567,0.3089,0,Non-SST
7461.0,75.7098,2.1582,2.45,0.2934,0,Non-SST
7461.5,73.5004,2.1909,2.46,0.2779,0,Non-SST
7462.0,76.4675,2.2236,2.47,0.3042,0,Non-SST
7462.5,79.4346,2.0738,2.48,0.3305,0,Non-SST
7463.0,82.4018,1.924,2.4833,0.3569,0,Non-SST
7463.5,83.1701,1.7743,2.4867,0.36,0,Non-SST
7464.0,83.9383,1.736,2.49,0.3631,0,Non-SST
7464.5,84.7066,1.6977,2.4867,0.3661,0,Non-SST
7465.0,89.4753,1.6594,2.4833,0.3872,0,Non-SST
7465.5,94.2439,1.6211,2.48,0.4083,0,Non-SST
7466.0,92.4437,1.5119,2.5,0.4294,0,Non-SST
7466.5,90.6436,1.4027,2.52,0.4224,0,Non-SST
7467.0,88.8434,1.2935,2.515,0.4154,0,Non-SST
7467.5,87.0433,1.3134,2.51,0.4084,0,Non-SST
7468.0,88.2275,1.3333,2.505,0.4172,0,Non-SST
7468.5,89.4117,1.3532,2.5,0.4261,0,Non-SST
7469.0,87.8433,1.3143,2.52,0.4349,0,Non-SST
7469.5,86.275,1.2753,2.54,0.4222,0,Non-SST
7470.0,84.7066,1.2364,2.5075,0.4095,0,Non-SST
7470.5,84.7066,1.3408,2.475,0.3968,0,Non-SST
7471.0,84.7066,1.4451,2.4425,0.3987,0,Non-SST
7471.5,84.7066,1.5495,2.41,0.4005,0,Non-SST
7472.0,83.9383,1.4269,2.3867,0.4023,0,Non-SST
7472.5,83.1701,1.3044,2.3633,0.4032,0,Non-SST
7473.0,82.4018,1.1818,2.34,0.4041,0,Non-SST
7473.5,82.978,1.4015,2.3667,0.405,0,Non-SST
7474.0,83.5542,1.6211,2.3933,0.3985,0,Non-SST
7474.5,84.1304,1.6603,2.42,0.392,0,Non-SST
7475.0,84.7066,1.6995,2.42,0.3855,0,Non-SST
7475.5,83.9383,1.7386,2.42,0.3718,0,Non-SST
7476.0,83.1701,1.7778,2.42,0.3581,0,Non-SST
7476.5,82.4018,1.817,2.4233,0.3444,0,Non-SST
7477.0,82.4018,1.8562,2.4267,0.3523,0,Non-SST
7477.5,82.4018,1.8028,2.43,0.3602,0,Non-SST
7478.0,82.4018,1.7494,2.43,0.3681,0,Non-SST
7478.5,81.6441,1.696,2.43,0.3802,0,Non-SST
7479.0,80.8864,1.671,2.43,0.3923,0,Non-SST
7479.5,80.1288,1.646,2.4433,0.4043,0,Non-SST
7480.0,80.8864,1.6211,2.4567,0.396,0,Non-SST
7480.5,81.6441,1.646,2.47,0.3877,0,Non-SST
7481.0,82.4018,1.671,2.5167,0.3795,0,Non-SST
7481.5,81.6441,1.696,2.5633,0.3844,0,Non-SST
7482.0,80.8864,1.7488,2.61,0.3268,0,Non-SST
7482.5,80.1288,1.8016,2.5733,0.3159,0,Non-SST
7483.0,80.8864,1.8289,2.5367,0.3048,0,Non-SST
7483.5,81.6441,1.8562,2.5,0.2937,0,Non-SST
7484.0,82.4018,1.946,2.49,0.2826,0,Non-SST
7484.5,78.7194,2.0357,2.48,0.2862,0,Non-SST
7485.0,75.0369,2.1254,2.47,0.2899,0,Non-SST
7485.5,71.3545,2.1924,2.4933,0.2935,0,Non-SST
7486.0,69.9557,2.2594,2.5167,0.2844,0,Non-SST
7486.5,68.5569,2.3263,2.54,0.2754,0,Non-SST
7487.0,67.1581,2.38,2.5222,0.2663,0,Non-SST
7487.5,65.8017,2.4337,2.5045,0.2655,0,Non-SST
7488.0,64.4453,2.4337,2.4867,0.2647,0,Non-SST
7488.5,63.0889,2.4337,2.4867,0.2639,0,Non-SST
7489.0,65.8441,2.4337,2.4817,0.2705,0,Non-SST
7489.5,68.5993,2.3979,2.48,0.2771,0,Non-SST
7490.0,71.3545,2.3621,2.5133,0.2837,0,Non-SST
7490.5,70.2974,2.3263,2.5467,0.2843,0,Non-SST
7491.0,69.2404,2.2921,2.58,0.2848,0,Non-SST
7491.5,71.6318,2.2578,2.5367,0.2854,0,Non-SST
7492.0,74.0231,2.2236,2.4933,0.1868,0,Non-SST
7492.5,76.4145,2.1012,2.45,0.0882,0,Non-SST
7493.0,75.678,1.9787,2.4667,-0.0103,0,Non-SST
7493.5,77.1616,1.8562,2.4833,0.1106,0,Non-SST
7494.0,78.6452,1.754,2.5,0.2314,0,Non-SST
7494.5,80.1288,1.6517,2.4867,0.3523,0,Non-SST
7495.0,84.0231,1.5495,2.4733,0.4707,0,Non-SST
7495.5,87.9175,4.5278,2.46,0.5892,0,Non-SST
7496.0,91.8119,7.5061,2.225,0.7077,0,Non-SST
7496.5,78.4597,10.4845,1.99,0.8261,0,Non-SST
7497.0,65.1076,13.4628,1.7567,0.9446,0,Non-SST
7497.5,50.2719,16.4411,1.5233,1.0631,0,Non-SST
7498.0,35.4362,19.4194,1.29,1.1815,0,Non-SST
7498.5,20.6005,25.1256,1.2833,1.3,0,Non-SST
7499.0,15.853,30.8318,1.2767,1.1305,0,Non-SST
7499.5,11.1056,36.538,1.27,0.961,0,Non-SST
7500.0,6.3582,45.2959,1.2733,0.7915,0,Non-SST
7500.5,6.6999,54.0537,1.2767,0.8358,0,Non-SST
7501.0,7.0417,62.8115,1.28,0.88,0,Non-SST
7501.5,7.3834,62.8115,1.3,0.9243,0,Non-SST
7502.0,7.7252,62.8115,1.32,0.9049,0,Non-SST
7502.5,8.0669,62.8115,1.34,0.8854,0,Non-SST
7503.0,8.4087,52.5109,1.3267,0.866,0,Non-SST
7503.5,10.6976,42.2103,1.3133,0.8141,0,Non-SST
7504.0,12.9866,31.9096,1.3,0.7622,0,Non-SST
7504.5,15.2755,30.5622,1.4867,0.7103,0,Non-SST
7505.0,29.8993,29.2149,1.6733,0.6031,0,Non-SST
7505.5,44.523,27.8675,1.86,0.4959,0,Non-SST
7506.0,59.1468,20.5796,1.9233,0.3887,0,Non-SST
7506.5,54.8815,13.2917,1.9867,0.3691,0,Non-SST
7507.0,50.6163,6.0039,2.05,0.3494,5,WTR
7507.5,46.351,4.9132,2.0567,0.3297,5,WTR
7508.0,41.6301,3.8226,2.0633,0.3402,5,WTR
7508.5,36.9091,3.5651,2.07,0.3506,5,WTR
7509.0,32.1882,3.3076,2.1,0.3611,5,WTR
7509.5,44.5389,3.0501,2.13,0.3508,5,WTR
7510.0,56.8897,2.5738,2.16,0.3406,5,WTR
7510.5,69.2404,2.0974,2.12,0.3303,5,WTR
7511.0,50.9289,1.6211,2.08,0.3375,5,WTR
7511.5,32.6174,1.7579,2.04,0.361,5,WTR
7512.0,14.3059,1.8948,2.0933,0.3391,5,WTR
7512.5,16.0279,2.0316,2.1467,0.3172,5,WTR
7513.0,17.7499,1.8481,2.2,0.2953,5,WTR
7513.5,19.4719,1.6646,2.2033,0.3025,5,WTR
7514.0,17.8823,1.4811,2.2067,0.3096,5,WTR
7514.5,16.2928,1.5788,2.21,0.3168,5,WTR
7515.0,14.7032,1.6766,2.135,0.316,5,WTR
7515.5,13.1137,1.7743,2.06,0.3153,5,WTR
7516.0,11.5242,1.5269,2.0833,0.3146,5,WTR
7516.5,9.9346,1.2795,2.1067,0.3137,5,WTR
7517.0,9.9346,1.0321,2.13,0.3129,5,WTR
7517.5,9.9346,1.0024,2.1033,0.3121,5,WTR
7518.0,9.9346,0.9727,2.0767,0.3113,5,WTR
7518.5,10.1591,0.943,2.05,0.3178,5,WTR
7519.0,10.3836,0.9727,2.0733,0.3243,5,WTR
7519.5,10.6081,1.0024,2.0967,0.3308,5,WTR
7520.0,16.1845,1.0321,2.12,0.3343,5,WTR
7520.5,21.7608,1.2046,2.1833,0.3378,5,WTR
7521.0,32.9512,1.3771,2.2467,0.3413,5,WTR
7521.5,44.1415,1.5495,2.31,0.3364,0,Non-SST
7522.0,55.3319,1.6517,2.28,0.3316,5,WTR
7522.5,52.9158,1.754,2.25,0.3268,5,WTR
7523.0,50.4997,1.8562,2.22,0.331,5,WTR
7523.5,48.0836,1.8562,2.2075,0.3352,5,WTR
7524.0,47.5061,1.8562,2.195,0.3394,5,WTR
7524.5,46.9285,1.8562,2.1825,0.3298,5,WTR
7525.0,46.351,1.8028,2.17,0.3201,5,WTR
7525.5,38.5517,1.7494,2.1667,0.3105,5,WTR
7526.0,30.7523,1.696,2.1633,0.3039,5,WTR
7526.5,22.953,1.5817,2.16,0.2987,5,WTR
7527.0,22.5556,1.4675,2.16,0.2964,5,WTR
7527.5,22.1582,1.3532,2.16,0.2942,5,WTR
7528.0,21.7608,1.3333,2.16,0.2919,5,WTR
7528.5,24.3041,1.3134,2.18,0.288,5,WTR
7529.0,26.8473,1.2935,2.2,0.2841,5,WTR
7529.5,29.3906,1.3134,2.19,0.2801,5,WTR
7530.0,27.2447,1.3333,2.18,0.2839,5,WTR
7530.5,25.0989,1.3532,2.17,0.2876,5,WTR
7531.0,22.953,1.3333,2.1733,0.2914,5,WTR
7531.5,22.953,1.3134,2.1767,0.2965,5,WTR
7532.0,22.953,1.2935,2.18,0.3016,5,WTR
7532.5,22.953,1.356,2.17,0.3067,5,WTR
7533.0,27.0063,1.4186,2.16,0.3118,5,WTR
7533.5,31.0596,1.4811,2.15,0.3161,5,WTR
7534.0,35.1129,1.7286,2.1867,0.3203,5,WTR
7534.5,40.6234,1.9761,2.2233,0.3246,5,WTR
7535.0,46.1338,2.2236,2.26,0.3321,5,WTR
7535.5,51.6442,2.2236,2.24,0.3549,5,WTR
7536.0,54.1451,2.2236,2.22,0.3795,5,WTR
7536.5,56.6459,2.2236,2.2,0.4041,5,WTR
7537.0,59.1468,2.2236,2.1667,0.4287,5,WTR
7537.5,51.6389,2.2236,2.1333,0.4533,5,WTR
7538.0,44.131,2.2236,2.1,0.4536,0,Non-SST
7538.5,36.623,1.9224,2.11,0.4362,5,WTR
7539.0,30.5404,1.6211,2.12,0.3611,5,WTR
7539.5,24.4577,1.3504,2.13,0.3024,5,WTR
7540.0,18.3751,1.0798,2.1467,0.3004,5,WTR
7540.5,16.7061,1.151,2.1633,0.2985,5,WTR
7541.0,15.0371,1.2223,2.18,0.2966,5,WTR
7541.5,13.368,1.2935,2.1733,0.3008,5,WTR
7542.0,13.6806,1.2935,2.1667,0.3051,5,WTR
7542.5,13.9933,1.2935,2.16,0.3094,5,WTR
7543.0,14.3059,1.2935,2.2033,0.3065,5,WTR
7543.5,23.8643,1.3342,2.2467,0.3036,5,WTR
7544.0,33.4227,1.375,2.29,0.3008,5,WTR
7544.5,42.9812,1.4157,2.3017,0.295,5,WTR
7545.0,42.9812,1.5091,2.3133,0.2893,5,WTR
7545.5,42.9812,1.6025,2.325,0.2836,5,WTR
7546.0,42.9812,1.696,2.325,0.2781,5,WTR
7546.5,42.9812,1.671,2.2912,0.2725,5,WTR
7547.0,42.9812,1.646,2.2575,0.267,5,WTR
7547.5,42.9812,1.6211,2.2238,0.2849,5,WTR
7548.0,40.3584,1.5972,2.19,0.3028,5,WTR
7548.5,37.7357,1.5734,2.2,0.3207,5,WTR
7549.0,35.1129,1.5495,2.21,0.305,5,WTR
7549.5,32.1882,1.5049,2.22,0.2893,5,WTR
7550.0,28.3256,1.4603,2.23,0.2736,5,WTR
7550.5,24.463,1.4157,2.24,0.2756,5,WTR
7551.0,20.6005,1.4603,2.25,0.2776,5,WTR
7551.5,22.6404,1.5049,2.26,0.2796,5,WTR
7552.0,24.6803,1.5495,2.27,0.2884,5,WTR
7552.5,26.7202,1.7742,2.28,0.2972,5,WTR
7553.0,30.5351,1.9989,2.31,0.3061,5,WTR
7553.5,34.35,2.2236,2.34,0.3172,0,Non-SST
7554.0,38.1649,3.3105,2.37,0.3283,0,Non-SST
7554.5,38.9596,4.3974,2.1233,0.3394,5,WTR
7555.0,39.7544,5.4843,1.8767,0.6447,0,Non-SST
7555.5,40.5492,6.5712,1.63,0.9499,0,Non-SST
7556.0,41.344,5.5752,1.9,1.2552,0,Non-SST
7556.5,53.5251,4.5791,2.17,0.9452,0,Non-SST
7557.0,65.7063,3.8984,2.44,0.6353,0,Non-SST
7557.5,77.8875,3.2177,2.44,0.3253,0,Non-SST
7558.0,82.529,2.537,2.44,0.3422,0,Non-SST
7558.5,87.1704,1.8562,2.44,0.359,0,Non-SST
7559.0,91.8119,1.8562,2.4233,0.3758,0,Non-SST
7559.5,90.2223,1.8562,2.4067,0.3927,0,Non-SST
7560.0,88.6328,1.8562,2.39,0.4013,0,Non-SST
7560.5,87.0433,1.6496,2.5167,0.4099,0,Non-SST
7561.0,84.7384,1.443,2.6433,0.4184,0,Non-SST
7561.5,82.4336,1.2364,2.77,0.4037,0,Non-SST
7562.0,80.1288,1.2962,2.6067,0.389,0,Non-SST
7562.5,81.6547,1.3559,2.4433,0.3743,0,Non-SST
7563.0,83.1807,1.4157,2.28,0.4455,0,Non-SST
7563.5,84.7066,1.7925,2.3433,0.4362,0,Non-SST
7564.0,87.075,2.1693,2.4067,0.3401,0,Non-SST
7564.5,89.4435,2.5461,2.47,0.2572,0,Non-SST
7565.0,91.8119,2.4362,2.4833,0.2688,0,Non-SST
7565.5,89.4435,2.3263,2.4967,0.2803,0,Non-SST
7566.0,87.075,2.3996,2.51,0.2919,0,Non-SST
7566.5,84.7066,2.4729,2.51,0.3068,0,Non-SST
7567.0,83.9383,2.5461,2.51,0.3216,0,Non-SST
7567.5,83.1701,2.5087,2.51,0.3365,0,Non-SST
7568.0,82.4018,2.4712,2.4633,0.3365,0,Non-SST
7568.5,84.7384,2.4337,2.4167,0.3474,0,Non-SST
7569.0,87.075,2.4337,2.37,0.3583,0,Non-SST
7569.5,89.4117,2.4899,2.3967,0.3692,0,Non-SST
7570.0,87.075,2.5461,2.4233,0.33,0,Non-SST
7570.5,84.7384,2.5087,2.45,0.2888,0,Non-SST
7571.0,82.4018,2.4712,2.46,0.2885,0,Non-SST
7571.5,82.4018,2.4337,2.47,0.2882,0,Non-SST
7572.0,82.4018,2.4337,2.48,0.2879,0,Non-SST
7572.5,82.4018,2.4337,2.49,0.3045,0,Non-SST
7573.0,81.6441,2.3979,2.5,0.3211,0,Non-SST
7573.5,80.8864,2.3621,2.5133,0.3378,0,Non-SST
7574.0,80.1288,2.3263,2.5267,0.3331,0,Non-SST
7574.5,80.1288,2.2281,2.54,0.3284,0,Non-SST
7575.0,80.1288,2.1298,2.54,0.3237,0,Non-SST
7575.5,80.8864,2.0316,2.5,0.3638,0,Non-SST
7576.0,81.6441,1.8481,2.46,0.4038,0,Non-SST
7576.5,82.4018,1.6646,2.4467,0.4439,0,Non-SST
7577.0,83.9489,1.4811,2.4333,0.4401,0,Non-SST
7577.5,85.4961,1.5495,2.42,0.4363,0,Non-SST
7578.0,87.0433,1.6227,2.38,0.4324,0,Non-SST
7578.5,85.8749,1.696,2.34,0.4582,0,Non-SST
7579.0,84.7066,1.6025,2.3,0.4839,0,Non-SST
7579.5,88.2592,1.5091,2.31,0.5096,0,Non-SST
7580.0,91.8119,1.4157,2.32,0.4879,0,Non-SST
7580.5,87.1068,1.5911,2.33,0.4609,0,Non-SST
7581.0,82.4018,1.7665,2.34,0.4787,0,Non-SST
7581.5,84.7225,1.9419,2.35,0.4965,0,Non-SST
7582.0,87.0433,1.886,2.36,0.5143,0,Non-SST
7582.5,86.2644,1.8302,2.3133,0.5321,0,Non-SST
7583.0,85.4855,1.7743,2.2667,0.5499,0,Non-SST
7583.5,84.7066,1.5768,2.22,0.5677,0,Non-SST
7584.0,86.4829,1.3793,2.22,0.5838,0,Non-SST
7584.5,88.2592,1.1818,2.22,0.5999,0,Non-SST
7585.0,90.0356,1.4651,2.22,0.616,0,Non-SST
7585.5,91.8119,1.7484,2.325,0.684,0,Non-SST
7586.0,95.1181,2.0316,2.43,0.7519,0,Non-SST
7586.5,98.4244,2.0956,2.26,0.8199,0,Non-SST
7587.0,101.7306,2.1596,2.09,0.8879,0,Non-SST
7587.5,109.5035,2.2236,1.92,0.9559,0,Non-SST
7588.0,99.4576,4.487,1.7133,1.0238,0,Non-SST
7588.5,89.4117,6.7503,1.5067,1.0235,0,Non-SST
7589.0,64.5751,9.0137,1.3,1.0231,0,Non-SST
7589.5,39.7385,9.2976,1.51,1.0228,0,Non-SST
7590.0,48.8784,9.5815,1.72,0.761,0,Non-SST
7590.5,58.0182,9.8655,1.93,0.4993,0,Non-SST
7591.0,67.1581,7.5937,2.12,0.2376,0,Non-SST
7591.5,70.7346,5.3219,2.31,0.2646,0,Non-SST
7592.0,74.311,3.0501,2.5,0.2915,0,Non-SST
7592.5,77.8875,2.8088,2.5033,0.3184,0,Non-SST
7593.0,93.8942,2.5676,2.5067,0.3436,0,Non-SST
7593.5,109.9008,2.3263,2.51,0.3687,0,Non-SST
7594.0,125.9075,2.1982,2.4867,0.3939,0,Non-SST
7594.5,112.9528,2.0701,2.4633,0.4066,0,Non-SST
7595.0,99.998,1.9419,2.44,0.4193,0,Non-SST
7595.5,87.0433,1.9419,2.44,0.432,0,Non-SST
7596.0,85.4961,1.9419,2.44,0.4066,0,Non-SST
7596.5,83.9489,1.9419,2.44,0.3812,0,Non-SST
7597.0,82.4018,2.0031,2.45,0.3559,0,Non-SST
7597.5,83.1701,2.0643,2.46,0.3539,0,Non-SST
7598.0,83.9383,2.1254,2.47,0.3518,0,Non-SST
7598.5,84.7066,2.1254,2.5,0.3498,0,Non-SST
7599.0,83.1807,2.1254,2.53,0.3478,0,Non-SST
7599.5,81.6547,2.1254,2.56,0.3457,0,Non-SST
7600.0,80.1288,2.1582,2.5367,0.3437,0,Non-SST
7600.5,81.6547,2.1909,2.5133,0.3376,0,Non-SST
7601.0,83.1807,2.2236,2.49,0.3315,0,Non-SST
7601.5,84.7066,2.2594,2.5,0.3255,0,Non-SST
7602.0,83.1807,2.2953,2.51,0.33,0,Non-SST
7602.5,81.6547,2.3311,2.52,0.3344,0,Non-SST
7603.0,80.1288,2.367,2.5467,0.3389,0,Non-SST
7603.5,79.3817,2.4028,2.5733,0.3434,0,Non-SST
7604.0,78.6346,2.4386,2.6,0.3479,0,Non-SST
7604.5,77.8875,2.4745,2.4733,0.3524,0,Non-SST
7605.0,77.151,2.5103,2.3467,0.388,0,Non-SST
7605.5,76.4145,2.5461,2.22,0.4235,0,Non-SST
7606.0,75.678,2.4362,2.2233,0.4591,0,Non-SST
7606.5,79.4664,2.3263,2.2267,0.5119,0,Non-SST
7607.0,83.2548,2.2594,2.23,0.5716,0,Non-SST
7607.5,87.0433,2.1924,2.2733,0.5409,0,Non-SST
7608.0,87.0433,2.1254,2.3167,0.5101,0,Non-SST
7608.5,87.0433,1.868,2.36,0.4794,0,Non-SST
7609.0,87.0433,1.6106,2.3567,0.4487,0,Non-SST
7609.5,92.7921,1.3532,2.3533,0.4657,0,Non-SST
7610.0,98.5409,1.3532,2.35,0.4827,0,Non-SST
7610.5,104.2898,1.3532,2.3467,0.4997,0,Non-SST
7611.0,99.8894,1.3532,2.3433,0.5094,0,Non-SST
7611.5,95.489,1.4202,2.34,0.5192,0,Non-SST
7612.0,91.0886,1.4872,2.32,0.5289,0,Non-SST
7612.5,86.6883,1.5541,2.3,0.4986,0,Non-SST
7613.0,82.2879,1.6211,2.3367,0.4683,0,Non-SST
7613.5,77.8875,1.5744,2.3733,0.4381,0,Non-SST
7614.0,84.1609,1.5278,2.41,0.4078,0,Non-SST
7614.5,90.4343,1.4811,2.3933,0.4331,0,Non-SST
7615.0,96.7077,1.5527,2.3767,0.4585,0,Non-SST
7615.5,94.2598,1.6243,2.36,0.4839,0,Non-SST
7616.0,91.8119,1.696,2.4067,0.4336,0,Non-SST
7616.5,88.6752,1.8391,2.4533,0.3834,0,Non-SST
7617.0,85.5385,1.9823,2.5,0.3332,0,Non-SST
7617.5,82.4018,2.1254,2.495,0.3464,0,Non-SST
7618.0,82.4018,2.1254,2.49,0.3596,0,Non-SST
7618.5,82.4018,2.1254,2.485,0.3729,0,Non-SST
7619.0,82.4018,2.1254,2.48,0.3638,0,Non-SST
7619.5,82.4018,2.1582,2.4733,0.3547,0,Non-SST
7620.0,82.4018,2.1909,2.4667,0.3456,0,Non-SST
7620.5,82.4018,2.2236,2.46,0.3482,0,Non-SST
7621.0,82.4018,2.1276,2.4333,0.3746,0,Non-SST
7621.5,82.4018,2.0316,2.4067,0.4009,0,Non-SST
7622.0,82.4018,1.5319,2.38,0.4273,0,Non-SST
7622.5,82.4018,1.0321,2.3833,0.467,0,Non-SST
7623.0,83.1701,1.1392,2.3867,0.5068,0,Non-SST
7623.5,83.9383,1.2462,2.39,0.5465,0,Non-SST
7624.0,84.7066,1.3532,2.155,0.6215,0,Non-SST
7624.5,70.7981,3.0926,1.92,0.6965,0,Non-SST
7625.0,56.8897,4.8319,1.685,0.7716,0,Non-SST
7625.5,42.9812,6.5712,1.45,0.8205,0,Non-SST
7626.0,34.4242,8.6312,1.385,0.8694,0,Non-SST
7626.5,25.8671,10.6912,1.32,0.9183,0,Non-SST
7627.0,17.3101,12.7512,1.295,0.9079,0,Non-SST
7627.5,14.8516,14.8111,1.27,0.8976,0,Non-SST
7628.0,12.3931,15.1531,1.3033,0.8873,0,Non-SST
7628.5,9.9346,15.4952,1.3367,0.7708,0,Non-SST
7629.0,22.0734,12.9541,1.37,0.6543,0,Non-SST
7629.5,34.2122,10.413,1.57,0.5379,0,Non-SST
7630.0,46.351,7.8719,1.77,0.5179,0,Non-SST
7630.5,50.6163,6.7743,1.97,0.498,0,Non-SST
7631.0,54.8815,5.6767,2.1467,0.4781,0,Non-SST
7631.5,59.1468,4.5791,2.3233,0.2999,0,Non-SST
7632.0,66.3236,3.9587,2.5,0.1755,0,Non-SST
7632.5,73.5004,3.3383,2.4633,0.2345,0,Non-SST
7633.0,74.9628,3.0596,2.4267,0.2937,0,Non-SST
7633.5,76.4251,2.781,2.39,0.3527,0,Non-SST
7634.0,77.8875,2.5023,2.43,0.3354,0,Non-SST
7634.5,80.1605,2.2236,2.47,0.3182,0,Non-SST
7635.0,82.4336,2.2236,2.51,0.3009,0,Non-SST
7635.5,84.7066,2.2236,2.54,0.3014,0,Non-SST
7636.0,85.4855,2.2236,2.57,0.3019,0,Non-SST
7636.5,86.2644,2.2236,2.5467,0.3024,0,Non-SST
7637.0,87.0433,2.2236,2.5233,0.2985,0,Non-SST
7637.5,87.0433,2.2236,2.5,0.2946,0,Non-SST
7638.0,87.0433,2.1909,2.5033,0.2907,0,Non-SST
7638.5,87.0433,2.1582,2.5067,0.2969,0,Non-SST
7639.0,85.4961,2.1254,2.51,0.303,0,Non-SST
7639.5,83.9489,2.2282,2.5,0.3092,0,Non-SST
7640.0,82.4018,2.331,2.49,0.2944,0,Non-SST
7640.5,82.4018,2.4337,2.48,0.2796,0,Non-SST
7641.0,82.4018,2.4712,2.4833,0.2649,0,Non-SST
7641.5,80.1605,2.5087,2.4867,0.2664,0,Non-SST
7642.0,77.9193,2.5461,2.49,0.2679,0,Non-SST
7642.5,75.678,2.5461,2.5033,0.2695,0,Non-SST
7643.0,75.678,2.5461,2.5167,0.27,0,Non-SST
7643.5,75.678,2.5461,2.53,0.2706,0,Non-SST
7644.0,75.678,2.5087,2.5433,0.2712,0,Non-SST
7644.5,74.2368,2.4712,2.5567,0.2635,0,Non-SST
7645.0,72.7957,2.4337,2.57,0.2558,0,Non-SST
7645.5,71.3545,2.3979,2.5433,0.248,0,Non-SST
7646.0,72.7957,2.3621,2.5167,0.2797,0,Non-SST
7646.5,74.2368,2.3263,2.49,0.3114,0,Non-SST
7647.0,75.678,2.2594,2.4733,0.3431,0,Non-SST
7647.5,79.4664,2.1924,2.4567,0.3374,0,Non-SST
7648.0,83.2548,2.1254,2.44,0.3317,0,Non-SST
7648.5,87.0433,2.1254,2.4633,0.3261,0,Non-SST
7649.0,87.0433,2.1254,2.4867,0.3204,0,Non-SST
7649.5,87.0433,2.1254,2.51,0.3155,0,Non-SST
7650.0,87.0433,1.9823,2.5067,0.3105,0,Non-SST
7650.5,88.6328,1.8391,2.5033,0.3056,0,Non-SST
7651.0,90.2223,1.696,2.5,0.3352,0,Non-SST
7651.5,91.8119,1.6772,2.4533,0.3647,0,Non-SST
7652.0,92.6225,1.6585,2.4067,0.3942,0,Non-SST
7652.5,93.4332,1.6398,2.36,0.3948,0,Non-SST
7653.0,94.2439,1.6211,2.3767,0.3954,0,Non-SST
7653.5,95.897,1.6211,2.3933,0.3961,0,Non-SST
7654.0,97.5501,1.6211,2.41,0.3967,0,Non-SST
7654.5,99.2032,1.6211,2.42,0.3967,0,Non-SST
7655.0,95.1499,1.5972,2.43,0.3967,0,Non-SST
7655.5,91.0966,1.5734,2.44,0.3742,0,Non-SST
7656.0,87.0433,1.5495,2.5433,0.3517,0,Non-SST
7656.5,85.4961,1.7102,2.6467,0.3292,0,Non-SST
7657.0,83.9489,1.8709,2.75,0.3288,0,Non-SST
7657.5,82.4018,2.0316,2.6525,0.3283,0,Non-SST
7658.0,86.3492,2.0629,2.555,0.3279,0,Non-SST
7658.5,90.2965,2.0942,2.4575,0.3275,0,Non-SST
7659.0,94.2439,2.1254,2.36,0.3504,0,Non-SST
7659.5,90.2965,2.0643,2.36,0.3733,0,Non-SST
7660.0,86.3492,2.0031,2.36,0.3962,0,Non-SST
7660.5,82.4018,1.9419,2.36,0.3904,0,Non-SST
7661.0,82.978,1.9134,2.3933,0.3846,0,Non-SST
7661.5,83.5542,1.8848,2.4267,0.3788,0,Non-SST
7662.0,84.1304,1.8562,2.46,0.3561,0,Non-SST
7662.5,84.7066,1.946,2.4667,0.3333,0,Non-SST
7663.0,85.4855,2.0357,2.4733,0.3106,0,Non-SST
7663.5,86.2644,2.1254,2.48,0.3009,0,Non-SST
7664.0,87.0433,2.2657,2.4833,0.2912,0,Non-SST
7664.5,83.2548,2.4059,2.4867,0.2814,0,Non-SST
7665.0,79.4664,2.5461,2.49,0.284,0,Non-SST
7665.5,75.678,2.6692,2.4967,0.2866,0,Non-SST
7666.0,71.4816,2.7924,2.5033,0.2892,0,Non-SST
7666.5,67.2853,2.9155,2.51,0.2932,0,Non-SST
7667.0,63.0889,2.8726,2.4967,0.2972,0,Non-SST
7667.5,68.0217,2.8296,2.4833,0.3013,0,Non-SST
7668.0,72.9546,2.7868,2.47,0.3037,0,Non-SST
7668.5,77.8875,2.7065,2.485,0.3062,0,Non-SST
7669.0,80.1605,2.6263,2.5,0.3087,0,Non-SST
7669.5,82.4336,2.5461,2.515,0.3088,0,Non-SST
7670.0,84.7066,2.5461,2.53,0.3067,0,Non-SST
7670.5,81.6971,2.4337,2.5033,0.3047,0,Non-SST
7671.0,78.6876,2.38,2.4767,0.3026,0,Non-SST
7671.5,75.678,2.3263,2.45,0.3087,0,Non-SST
7672.0,76.4145,2.3263,2.4667,0.3147,0,Non-SST
7672.5,77.151,2.3263,2.4833,0.3208,0,Non-SST
7673.0,77.8875,2.3263,2.5,0.305,0,Non-SST
7673.5,77.8875,2.3263,2.5033,0.2955,0,Non-SST
7674.0,77.8875,2.3263,2.5067,0.2944,0,Non-SST
7674.5,77.8875,2.3263,2.51,0.2933,0,Non-SST
7675.0,77.8875,2.3621,2.5086,0.2922,0,Non-SST
7675.5,77.8875,2.3979,2.5072,0.2923,0,Non-SST
7676.0,77.8875,2.4337,2.5058,0.2925,0,Non-SST
7676.5,77.8875,2.4337,2.5058,0.2926,0,Non-SST
7677.0,77.8875,2.4337,2.5,0.2927,0,Non-SST
7677.5,77.8875,2.4337,2.49,0.2928,0,Non-SST
7678.0,77.8875,2.4337,2.5,0.293,0,Non-SST
7678.5,77.8875,2.4337,2.51,0.2931,0,Non-SST
7679.0,77.8875,2.4337,2.52,0.2932,0,Non-SST
7679.5,79.4187,2.4337,2.5033,0.2934,0,Non-SST
7680.0,80.95,2.4337,2.4867,0.2935,0,Non-SST
7680.5,77.8875,2.5943,2.47,0.2936,0,Non-SST
7681.0,69.2404,2.7549,2.4667,0.2937,0,Non-SST
7681.5,67.8628,2.9155,2.4633,0.2756,0,Non-SST
7682.0,66.4852,3.0073,2.46,0.2601,0,Non-SST
7682.5,65.1076,3.0991,2.4633,0.2598,0,Non-SST
7683.0,65.1076,3.191,2.4667,0.2595,0,Non-SST
7683.5,65.1076,3.191,2.47,0.2592,0,Non-SST
7684.0,65.1076,3.191,2.4667,0.3208,0,Non-SST
7684.5,65.1076,3.2401,2.4633,0.3824,0,Non-SST
7685.0,65.1076,3.2892,2.46,0.444,0,Non-SST
7685.5,65.1076,3.3383,2.4567,0.3842,0,Non-SST
7686.0,63.7724,3.3897,2.4533,0.3244,0,Non-SST
7686.5,62.4372,3.4411,2.45,0.2646,0,Non-SST
7687.0,61.1019,3.4925,2.44,0.2664,0,Non-SST
7687.5,61.1019,3.4171,2.43,0.2682,0,Non-SST
7688.0,61.1019,3.3417,2.4067,0.27,0,Non-SST
7688.5,61.1019,3.2664,2.3833,0.2664,0,Non-SST
7689.0,61.7643,3.191,2.36,0.2628,0,Non-SST
7689.5,62.4266,3.144,2.41,0.2591,0,Non-SST
7690.0,63.0889,3.097,2.46,0.2504,0,Non-SST
7690.5,69.3835,3.0501,2.51,0.2416,0,Non-SST
7691.0,75.678,3.0501,2.4767,0.2329,0,Non-SST
7691.5,70.8193,3.0501,2.4433,0.2376,0,Non-SST
7692.0,65.9606,3.0501,2.41,0.2513,0,Non-SST
7692.5,61.1019,2.9155,2.445,0.2799,0,Non-SST
7693.0,65.2347,2.9155,2.48,0.3085,0,Non-SST
7693.5,69.3676,2.8315,2.475,0.337,0,Non-SST
7694.0,73.5004,2.7476,2.47,0.3656,0,Non-SST
7694.5,73.5004,2.6637,2.465,0.3942,0,Non-SST
7695.0,73.5004,2.5487,2.46,0.4228,0,Non-SST
7695.5,75.7098,2.4337,2.4867,0.4184,0,Non-SST
7696.0,77.9193,2.3637,2.5133,0.4141,0,Non-SST
7696.5,80.1288,2.2937,2.54,0.4097,0,Non-SST
7697.0,79.5684,2.2236,2.5233,0.4054,0,Non-SST
7697.5,79.0081,2.1297,2.5067,0.401,0,Non-SST
7698.0,78.4478,2.0358,2.49,0.3967,0,Non-SST
7698.5,77.8875,1.9419,2.5,0.3923,0,Non-SST
7699.0,78.6346,2.0024,2.39,0.388,0,Non-SST
7699.5,79.3817,2.0628,2.39,0.3836,0,Non-SST
7700.0,80.1288,2.1232,2.4136,0.3814,0,Non-SST
7700.5,81.6547,2.1836,2.4373,0.3793,0,Non-SST
7701.0,83.1807,2.244,2.4609,0.3771,0,Non-SST
7701.5,84.7066,2.3045,2.4845,0.3749,0,Non-SST
7702.0,81.2971,2.3649,2.5082,0.3727,0,Non-SST
7702.5,77.8875,2.4253,2.5318,0.3705,0,Non-SST
7703.0,75.678,2.4857,2.5554,0.3918,0,Non-SST
7703.5,57.7083,2.5461,2.5791,0.413,0,Non-SST
7704.0,39.7385,6.6345,2.6027,0.4342,0,Non-SST
7704.5,35.6614,10.7228,2.6264,0.4555,0,Non-SST
7705.0,31.5842,14.8111,2.65,0.4767,0,Non-SST
7705.5,27.507,19.1633,2.18,0.498,5,WTR
7706.0,23.4298,23.5154,1.71,0.644,0,Non-SST
7706.5,19.3527,27.8675,1.24,0.79,0,Non-SST
7707.0,15.2755,30.7577,1.24,0.9359,0,Non-SST
7707.5,12.3031,33.6479,1.24,0.9352,0,Non-SST
7708.0,9.3306,36.538,1.24,0.9344,0,Non-SST
7708.5,6.3582,37.689,1.2433,0.9337,0,Non-SST
7709.0,16.4464,38.8399,1.2467,0.8882,0,Non-SST
7709.5,26.5347,39.9909,1.25,0.8427,0,Non-SST
7710.0,36.623,39.4024,1.25,0.7972,0,Non-SST
7710.5,32.5962,38.8139,1.25,0.832,0,Non-SST
7711.0,28.5693,38.2255,1.25,0.8668,0,Non-SST
7711.5,24.5425,32.8957,1.25,0.9016,0,Non-SST
7712.0,20.5157,27.5659,1.25,0.8579,0,Non-SST
7712.5,16.4888,22.2361,1.25,0.8141,0,Non-SST
7713.0,12.462,19.5432,1.5433,0.7704,0,Non-SST
7713.5,26.132,16.8502,1.8367,0.7315,0,Non-SST
7714.0,39.8021,14.1573,2.13,0.6926,0,Non-SST
7714.5,53.4721,14.6032,1.8467,0.6537,0,Non-SST
7715.0,42.1387,15.0492,1.5633,0.6148,0,Non-SST
7715.5,30.8053,15.4952,1.28,0.8432,0,Non-SST
7716.0,19.4719,17.1022,1.2667,1.0716,0,Non-SST
7716.5,14.3377,18.7092,1.2533,1.3,0,Non-SST
7717.0,9.2034,20.3162,1.24,1.1133,0,Non-SST
7717.5,4.0692,24.1807,1.2433,0.9266,0,Non-SST
7718.0,4.8322,28.0452,1.2467,0.7398,0,Non-SST
7718.5,5.5952,31.9096,1.25,0.803,0,Non-SST
7719.0,6.3582,29.3855,1.2467,0.8661,0,Non-SST
7719.5,7.5503,26.8615,1.2433,0.9292,0,Non-SST
7720.0,8.7425,24.3374,1.24,0.8967,0,Non-SST
7720.5,9.9346,22.1392,1.4167,0.8643,0,Non-SST
7721.0,25.0671,19.9409,1.5933,0.8318,0,Non-SST
7721.5,40.1995,17.7427,1.77,0.7064,0,Non-SST
7722.0,55.3319,12.7574,1.8467,0.5811,0,Non-SST
7722.5,66.6918,7.7721,1.9233,0.4558,0,Non-SST
7723.0,78.0518,2.7868,2.0,0.4595,0,Non-SST
7723.5,89.4117,2.2518,2.1633,0.4632,0,Non-SST
7724.0,91.8437,1.7168,2.3267,0.4669,0,Non-SST
7724.5,94.2757,1.1818,2.49,0.4203,0,Non-SST
7725.0,96.7077,1.239,2.4875,0.3738,0,Non-SST
7725.5,95.0757,1.2961,2.485,0.3272,0,Non-SST
7726.0,93.4438,1.3532,2.4825,0.3254,0,Non-SST
7726.5,91.8119,1.5228,2.48,0.3236,0,Non-SST
7727.0,87.1704,1.6924,2.5633,0.3217,0,Non-SST
7727.5,82.529,1.862,2.6467,0.3199,0,Non-SST
7728.0,77.8875,2.0316,2.73,0.3005,0,Non-SST
7728.5,75.7098,2.1298,2.6433,0.2811,0,Non-SST
7729.0,73.5322,2.2281,2.5567,0.2616,0,Non-SST
7729.5,71.3545,2.3263,2.47,0.282,0,Non-SST
7730.0,69.2722,2.3263,2.4733,0.3023,0,Non-SST
7730.5,67.1899,2.3263,2.4767,0.3227,0,Non-SST
7731.0,65.1076,2.3263,2.48,0.2946,0,Non-SST
7731.5,69.3676,2.3263,2.47,0.2666,0,Non-SST
7732.0,73.6275,2.3263,2.46,0.2386,0,Non-SST
7732.5,77.8875,2.3263,2.45,0.2615,0,Non-SST
7733.0,75.7257,2.3263,2.4633,0.2844,0,Non-SST
7733.5,73.5639,2.3263,2.4767,0.3072,0,Non-SST
7734.0,71.4022,2.3263,2.49,0.2977,0,Non-SST
7734.5,69.2404,2.4798,2.465,0.2883,0,Non-SST
7735.0,67.1899,2.6333,2.44,0.2788,0,Non-SST
7735.5,65.1394,2.7868,2.415,0.2862,0,Non-SST
7736.0,63.0889,2.8296,2.39,0.2936,0,Non-SST
7736.5,63.7618,2.8726,2.4033,0.301,0,Non-SST
7737.0,64.4347,2.9155,2.4167,0.2997,0,Non-SST
7737.5,65.1076,2.9155,2.43,0.2984,0,Non-SST
7738.0,61.2291,2.9155,2.3933,0.2972,0,Non-SST
7738.5,57.3506,2.9155,2.3567,0.3244,0,Non-SST
7739.0,53.4721,2.4601,2.32,0.3516,5,WTR
7739.5,63.1154,2.0048,2.3767,0.3789,0,Non-SST
7740.0,72.7586,1.5495,2.4333,0.391,0,Non-SST
7740.5,82.4018,1.5267,2.49,0.4031,0,Non-SST
7741.0,83.9489,1.5039,2.4833,0.4153,0,Non-SST
7741.5,85.4961,1.4811,2.4767,0.4403,0,Non-SST
7742.0,87.0433,1.5161,2.47,0.4654,0,Non-SST
7742.5,84.7543,1.5511,2.4167,0.4904,0,Non-SST
7743.0,82.4654,1.5861,2.3633,0.4741,0,Non-SST
7743.5,80.1764,1.6211,2.31,0.4578,0,Non-SST
7744.0,77.8875,1.6995,2.34,0.4415,0,Non-SST
7744.5,84.1609,1.7778,2.37,0.4155,0,Non-SST
7745.0,90.4343,1.8562,2.4,0.3894,0,Non-SST
7745.5,96.7077,1.7778,2.4167,0.3634,0,Non-SST
7746.0,92.7073,1.6995,2.4333,0.3838,0,Non-SST
7746.5,88.707,1.6211,2.45,0.4043,0,Non-SST
7747.0,84.7066,1.4928,2.45,0.4247,0,Non-SST
7747.5,88.707,1.3646,2.45,0.419,0,Non-SST
7748.0,92.7073,1.2364,2.45,0.4134,0,Non-SST
7748.5,96.7077,1.2364,2.4433,0.4077,0,Non-SST
7749.0,98.382,1.2364,2.4367,0.402,0,Non-SST
7749.5,100.0563,1.2364,2.43,0.4099,0,Non-SST
7750.0,101.7306,1.2364,2.41,0.4146,0,Non-SST
7750.5,106.1018,1.2364,2.39,0.4765,0,Non-SST
7751.0,110.4731,1.2364,2.37,0.5384,0,Non-SST
7751.5,114.8443,1.841,2.0667,0.6003,0,Non-SST
7752.0,95.6374,2.4455,1.7633,0.6622,0,Non-SST
7752.5,76.4304,3.0501,1.46,0.8298,0,Non-SST
7753.0,57.2235,4.5415,1.4567,0.9973,0,Non-SST
7753.5,57.2235,6.0329,1.4533,1.1649,0,Non-SST
7754.0,57.2235,7.5244,1.45,0.9761,0,Non-SST
7754.5,57.2235,5.865,1.5067,0.7873,0,Non-SST
7755.0,65.6162,4.2056,1.5633,0.5985,0,Non-SST
7755.5,74.009,2.5461,1.62,0.7464,0,Non-SST
7756.0,82.4018,3.989,1.79,0.8943,0,Non-SST
7756.5,80.1605,5.4319,1.96,1.0423,0,Non-SST
7757.0,77.9193,6.8747,2.13,0.7908,0,Non-SST
7757.5,75.678,5.2604,2.22,0.5393,0,Non-SST
7758.0,75.678,3.646,2.31,0.2879,0,Non-SST
7758.5,75.678,2.0316,2.4,0.2719,0,Non-SST
7759.0,75.678,2.1657,2.4167,0.2559,0,Non-SST
7759.5,70.8193,2.2997,2.4333,0.2399,0,Non-SST
7760.0,65.9606,2.4337,2.45,0.233,0,Non-SST
7760.5,61.1019,2.3979,2.4067,0.2261,5,WTR
7761.0,69.749,2.3621,2.3633,0.2192,5,WTR
7761.5,78.3961,2.3263,2.32,0.2747,0,Non-SST
7762.0,87.0433,2.2281,2.3375,0.3302,0,Non-SST
7762.5,88.6328,2.1298,2.355,0.3857,0,Non-SST
7763.0,90.2223,2.0316,2.3725,0.3521,0,Non-SST
7763.5,91.8119,2.0793,2.39,0.316,0,Non-SST
7764.0,82.2375,2.1269,2.4267,0.3314,0,Non-SST
7764.5,72.6632,2.1745,2.4633,0.2492,0,Non-SST
7765.0,63.0889,2.3376,2.5,0.1944,0,Non-SST
7765.5,62.4266,2.5007,2.4833,0.2124,0,Non-SST
7766.0,61.7643,2.6637,2.4667,0.2303,0,Non-SST
7766.5,61.1019,2.5871,2.45,0.2482,0,Non-SST
7767.0,66.6971,2.5104,2.4467,0.266,0,Non-SST
7767.5,72.2923,2.4337,2.4433,0.2838,0,Non-SST
7768.0,77.8875,2.2139,2.44,0.3016,0,Non-SST
7768.5,81.7289,1.9941,2.43,0.3707,0,Non-SST
7769.0,85.5703,1.7743,2.42,0.4725,0,Non-SST
7769.5,89.4117,1.5495,2.41,0.5922,0,Non-SST
7770.0,81.8455,1.9967,2.055,0.712,0,Non-SST
7770.5,74.2792,2.4439,1.7,0.8317,0,Non-SST
7771.0,66.713,2.8911,1.9533,0.639,0,Non-SST
7771.5,59.1468,3.3383,2.2067,0.4463,0,Non-SST
7772.0,70.8458,2.6567,2.46,0.2537,0,Non-SST
7772.5,82.5449,1.9751,2.4533,0.2934,0,Non-SST
7773.0,94.2439,1.2935,2.4467,0.3332,0,Non-SST
7773.5,91.8543,1.4538,2.44,0.3729,0,Non-SST
7774.0,89.4647,1.614,2.4267,0.364,0,Non-SST
7774.5,87.075,1.7743,2.4133,0.355,0,Non-SST
7775.0,85.8908,1.7482,2.4,0.346,0,Non-SST
7775.5,84.7066,1.722,2.415,0.3843,0,Non-SST
7776.0,92.098,1.696,2.43,0.4225,0,Non-SST
7776.5,99.4894,1.6471,2.4,0.4608,0,Non-SST
7777.0,106.8807,1.5983,2.37,0.4651,0,Non-SST
7777.5,105.164,1.5495,2.34,0.4695,0,Non-SST
7778.0,103.4473,1.6517,2.3333,0.4739,0,Non-SST
7778.5,101.7306,1.754,2.3267,0.4016,0,Non-SST
7779.0,83.4191,1.8562,2.32,0.3294,0,Non-SST
7779.5,65.1076,2.0487,2.31,0.2572,5,WTR
7780.0,61.2291,2.2412,2.3,0.2584,5,WTR
7780.5,57.3506,2.4337,2.29,0.2595,5,WTR
7781.0,53.4721,2.4712,2.24,0.2607,5,WTR
7781.5,52.8628,2.5087,2.19,0.2979,5,WTR
7782.0,52.2535,2.5461,2.14,0.3352,5,WTR
7782.5,51.6442,2.5853,2.15,0.3724,5,WTR
7783.0,46.1338,2.6245,2.16,0.3359,5,WTR
7783.5,40.6234,2.6637,2.17,0.2994,5,WTR
7784.0,35.1129,2.5871,2.18,0.2629,5,WTR
7784.5,34.138,2.5104,2.19,0.2665,5,WTR
7785.0,33.1631,2.4337,2.2,0.2702,5,WTR
7785.5,32.1882,2.3979,2.1767,0.2738,5,WTR
7786.0,32.1882,2.3621,2.1533,0.271,5,WTR
7786.5,32.1882,2.3263,2.13,0.2681,5,WTR
7787.0,32.1882,2.3263,2.1467,0.2653,5,WTR
7787.5,30.8053,2.3263,2.1633,0.2659,5,WTR
7788.0,29.4224,2.3263,2.18,0.2665,5,WTR
7788.5,28.0395,2.2921,2.1767,0.267,5,WTR
7789.0,27.1705,2.2578,2.1733,0.2676,5,WTR
7789.5,26.3016,2.2236,2.17,0.2679,5,WTR
7790.0,25.4326,2.1596,2.1667,0.2683,5,WTR
7790.5,22.3807,2.0956,2.1633,0.2686,5,WTR
7791.0,19.3288,2.0316,2.16,0.264,5,WTR
7791.5,16.2769,2.0017,2.1533,0.2586,5,WTR
7792.0,17.7181,1.9718,2.1467,0.2608,5,WTR
7792.5,19.1593,1.9419,2.14,0.263,5,WTR
7793.0,20.6005,2.0031,2.1333,0.2653,5,WTR
7793.5,21.3846,2.0643,2.1267,0.2675,5,WTR
7794.0,22.1688,2.1254,2.12,0.2702,5,WTR
7794.5,22.953,2.1254,2.14,0.2729,5,WTR
7795.0,21.427,2.1254,2.16,0.2755,5,WTR
7795.5,19.9011,2.1254,2.18,0.2671,5,WTR
7796.0,18.3751,2.0942,2.1667,0.2586,5,WTR
7796.5,19.1169,2.0629,2.1533,0.2502,5,WTR
7797.0,19.8587,2.0316,2.14,0.2541,5,WTR
7797.5,20.6005,1.9458,2.1233,0.2581,5,WTR
7798.0,20.6005,1.86,2.1067,0.262,5,WTR
7798.5,20.6005,1.7743,2.09,0.2905,5,WTR
7799.0,20.6005,1.7743,2.2167,0.319,5,WTR
7799.5,30.3496,1.7743,2.3433,0.3476,0,Non-SST
7800.0,40.0988,1.7743,2.47,0.3454,0,Non-SST
7800.5,49.848,1.7181,2.4467,0.3433,0,Non-SST
7801.0,60.6993,1.6619,2.4233,0.3411,0,Non-SST
7801.5,71.5505,1.6057,2.4,0.3535,0,Non-SST
7802.0,82.4018,1.5495,2.4267,0.3659,0,Non-SST
7802.5,83.1701,1.5495,2.4533,0.3782,0,Non-SST
7803.0,83.9383,1.5495,2.48,0.3906,0,Non-SST
7803.5,84.7066,1.5495,2.4725,0.4304,0,Non-SST
7804.0,88.707,1.4269,2.465,0.4702,0,Non-SST
7804.5,92.7073,1.3044,2.4575,0.51,0,Non-SST
7805.0,96.7077,1.1818,2.45,0.4882,0,Non-SST
7805.5,95.0757,1.219,2.4667,0.4664,0,Non-SST
7806.0,93.4438,1.2563,2.4833,0.4445,0,Non-SST
7806.5,91.8119,1.2935,2.5,0.4406,0,Non-SST
7807.0,92.6225,1.2935,2.4667,0.4367,0,Non-SST
7807.5,93.4332,1.2935,2.4333,0.4328,0,Non-SST
7808.0,94.2439,1.2935,2.4,0.444,0,Non-SST
7808.5,93.4332,1.2745,2.42,0.4553,0,Non-SST
7809.0,92.6225,1.2554,2.44,0.4665,0,Non-SST
7809.5,91.8119,1.2364,2.46,0.4088,0,Non-SST
7810.0,89.4594,1.3646,2.4467,0.3701,0,Non-SST
7810.5,87.1068,1.4928,2.4333,0.3918,0,Non-SST
7811.0,84.7543,1.6211,2.42,0.4134,0,Non-SST
7811.5,82.4018,1.6211,2.43,0.435,0,Non-SST
7812.0,76.6371,1.6211,2.44,0.3779,0,Non-SST
7812.5,70.8723,1.6211,2.45,0.3209,0,Non-SST
7813.0,65.1076,2.0096,2.445,0.2638,0,Non-SST
7813.5,60.6198,2.3982,2.44,0.2484,0,Non-SST
7814.0,56.132,2.7868,2.435,0.2329,5,WTR
7814.5,51.6442,3.1909,2.43,0.2174,5,WTR
7815.0,56.132,3.595,2.4267,0.2352,0,Non-SST
7815.5,60.6198,3.9991,2.4233,0.253,0,Non-SST
7816.0,65.1076,3.5148,2.42,0.2707,0,Non-SST
7816.5,67.9052,3.0305,2.475,0.2779,0,Non-SST
7817.0,70.7028,2.5461,2.53,0.285,0,Non-SST
7817.5,73.5004,2.3162,2.4267,0.2921,0,Non-SST
7818.0,60.7046,2.0862,2.3233,0.2996,5,WTR
7818.5,47.9088,1.8562,2.22,0.3072,5,WTR
7819.0,35.1129,1.6686,2.32,0.3147,0,Non-SST
7819.5,49.3711,1.4811,2.42,0.3308,0,Non-SST
7820.0,63.6293,1.2935,2.52,0.3469,0,Non-SST
7820.5,77.8875,1.2745,2.5133,0.3629,0,Non-SST
7821.0,81.7289,1.2554,2.5067,0.3576,0,Non-SST
7821.5,85.5703,1.2364,2.5,0.3523,0,Non-SST
7822.0,89.4117,1.2182,2.4233,0.347,0,Non-SST
7822.5,90.2117,1.2,2.3467,0.4794,0,Non-SST
7823.0,91.0118,1.1818,2.27,0.6119,0,Non-SST
7823.5,91.8119,1.7597,2.3233,0.7444,0,Non-SST
7824.0,91.8119,2.3376,2.3767,0.6736,0,Non-SST
7824.5,91.8119,2.9155,2.43,0.6028,0,Non-SST
7825.0,91.8119,2.4601,2.4533,0.5321,0,Non-SST
7825.5,91.8119,2.0048,2.4767,0.4613,0,Non-SST
7826.0,91.8119,1.5495,2.5,0.407,0,Non-SST
7826.5,91.8119,1.7102,2.37,0.3528,0,Non-SST
7827.0,91.0118,1.8709,2.24,0.2985,0,Non-SST
7827.5,90.2117,2.0316,2.11,0.5604,0,Non-SST
7828.0,89.4117,2.2833,2.1833,0.8224,0,Non-SST
7828.5,85.5703,2.535,2.2567,1.0843,0,Non-SST
7829.0,81.7289,2.7868,2.33,0.8118,0,Non-SST
7829.5,77.8875,2.599,2.3233,0.5394,0,Non-SST
7830.0,80.1605,2.4113,2.3167,0.2669,0,Non-SST
7830.5,82.4336,2.2236,2.31,0.3444,0,Non-SST
7831.0,84.7066,1.9989,2.28,0.422,0,Non-SST
7831.5,90.3813,1.7742,2.25,0.4996,0,Non-SST
7832.0,96.0559,1.5495,2.22,0.5133,0,Non-SST
7832.5,101.7306,1.4841,2.2533,0.527,0,Non-SST
7833.0,102.5837,1.4187,2.2867,0.5408,0,Non-SST
7833.5,103.4367,1.3532,2.32,0.5042,0,Non-SST
7834.0,104.2898,1.3143,2.3333,0.4676,0,Non-SST
7834.5,104.2898,1.2753,2.3467,0.431,0,Non-SST
7835.0,104.2898,1.2364,2.36,0.4362,0,Non-SST
7835.5,104.2898,1.2753,2.3825,0.4414,0,Non-SST
7836.0,100.1305,1.3143,2.405,0.4465,0,Non-SST
7836.5,95.9712,1.3532,2.4275,0.4259,0,Non-SST
7837.0,91.8119,1.3383,2.45,0.4053,0,Non-SST
7837.5,92.6225,1.3234,2.475,0.3847,0,Non-SST
7838.0,93.4332,1.3084,2.5,0.3641,0,Non-SST
7838.5,94.2439,1.2935,2.5067,0.3556,0,Non-SST
7839.0,91.8437,1.3788,2.5133,0.3472,0,Non-SST
7839.5,89.4435,1.4642,2.52,0.3387,0,Non-SST
7840.0,87.0433,1.5495,2.55,0.3217,0,Non-SST
7840.5,84.7384,1.5734,2.58,0.2946,0,Non-SST
7841.0,82.4336,1.5972,2.61,0.3051,0,Non-SST
7841.5,80.1288,1.6211,2.64,0.2919,0,Non-SST
7842.0,82.4336,1.6211,2.5767,0.3237,0,Non-SST
7842.5,84.7384,1.696,2.5133,0.3368,0,Non-SST
7843.0,87.0433,1.696,2.45,0.3509,0,Non-SST
7843.5,87.0433,1.7761,2.4533,0.3401,0,Non-SST
7844.0,87.0433,1.8562,2.4567,0.3446,0,Non-SST
7844.5,87.0433,1.8991,2.46,0.3477,0,Non-SST
7845.0,83.9913,1.9419,2.46,0.3328,0,Non-SST
7845.5,80.9394,1.9419,2.46,0.3189,0,Non-SST
7846.0,77.8875,1.9419,2.46,0.3179,0,Non-SST
7846.5,79.0161,1.9419,2.46,0.317,0,Non-SST
7847.0,80.1447,1.9419,2.4533,0.3277,0,Non-SST
7847.5,81.2732,1.9419,2.4633,0.3384,0,Non-SST
7848.0,82.4018,1.9419,2.4756,0.3491,0,Non-SST
7848.5,83.1701,1.9419,2.49,0.3507,0,Non-SST
7849.0,83.9383,2.0337,2.5,0.3529,0,Non-SST
7849.5,84.7066,2.1254,2.5,0.3158,0,Non-SST
7850.0,73.6858,2.6349,2.365,0.2991,0,Non-SST
7850.5,62.665,3.1444,2.23,0.2667,0,Non-SST
7851.0,51.6442,3.6538,2.18,0.2343,1,Gas
7851.5,41.4075,4.8288,2.13,0.2019,1,Gas
7852.0,38.1649,6.0039,2.075,0.143,1,Gas
7852.5,28.0395,6.4,2.02,0.1074,1,Gas
7853.0,28.0395,6.7961,2.05,0.116,1,Gas
7853.5,33.1022,7.1922,2.08,0.1245,1,Gas
7854.0,38.1649,6.102,2.075,0.1331,1,Gas
7854.5,38.1649,5.0119,2.07,0.1476,1,Gas
7855.0,38.1649,4.5592,2.12,0.1639,1,Gas
7855.5,44.9045,4.1065,2.17,0.1749,1,Gas
7856.0,51.6442,3.6538,2.22,0.1859,1,Gas
7856.5,69.3437,2.8427,2.33,0.1969,5,WTR
7857.0,87.0433,2.0316,2.44,0.2444,0,Non-SST
7857.5,90.6436,1.7237,2.4433,0.3365,0,Non-SST
7858.0,94.2439,1.4157,2.4467,0.3365,0,Non-SST
7858.5,91.8437,1.2364,2.45,0.3277,0,Non-SST
7859.0,89.4435,1.2364,2.49,0.3189,0,Non-SST
7859.5,87.0433,1.4157,2.53,0.3101,0,Non-SST
7860.0,82.4654,1.595,2.495,0.2939,0,Non-SST
7860.5,77.8875,1.7743,2.46,0.2777,0,Non-SST
7861.0,77.8875,1.8913,2.46,0.2615,0,Non-SST
7861.5,77.8875,2.0084,2.46,0.2747,0,Non-SST
7862.0,77.8875,2.1254,2.46,0.2879,0,Non-SST
7862.5,82.4654,2.0084,2.47,0.3011,0,Non-SST
7863.0,87.0433,1.8913,2.48,0.293,0,Non-SST
7863.5,81.3606,1.7743,2.4983,0.2849,0,Non-SST
7864.0,75.678,1.924,2.5167,0.2768,0,Non-SST
7864.5,71.4816,2.0738,2.535,0.2636,0,Non-SST
7865.0,67.2853,2.2236,2.535,0.2504,0,Non-SST
7865.5,63.0889,2.3311,2.5467,0.2373,0,Non-SST
7866.0,70.4882,2.4386,2.5583,0.2388,0,Non-SST
7866.5,77.8875,2.5461,2.57,0.2404,0,Non-SST
7867.0,75.0051,2.5853,2.55,0.242,0,Non-SST
7867.5,72.1228,2.6245,2.53,0.2411,0,Non-SST
7868.0,69.2404,2.6637,2.51,0.2403,0,Non-SST
7868.5,60.1244,2.7476,2.4733,0.2394,0,Non-SST
7869.0,56.1108,2.8315,2.4367,0.2386,0,Non-SST
7869.5,52.0972,2.9155,2.4,0.2303,5,WTR
7870.0,48.0836,3.0564,2.3733,0.2219,5,WTR
7870.5,48.0836,3.1974,2.3467,0.2136,5,WTR
7871.0,48.0836,3.3383,2.32,0.1989,5,WTR
7871.5,48.0836,3.4435,2.3167,0.1842,5,WTR
7872.0,46.3828,3.5487,2.3133,0.1695,5,WTR
7872.5,44.682,3.6538,2.31,0.1844,5,WTR
7873.0,42.9812,3.3648,2.3467,0.1992,5,WTR
7873.5,49.0214,3.0758,2.3833,0.2141,5,WTR
7874.0,55.0617,2.7868,2.42,0.2146,5,WTR
7874.5,61.1019,2.8745,2.3667,0.2151,5,WTR
7875.0,57.9494,2.9623,2.3133,0.2156,5,WTR
7875.5,54.7968,3.0501,2.26,0.2175,5,WTR
7876.0,51.6442,3.0501,2.44,0.2195,5,WTR
7876.5,51.6442,3.0501,2.62,0.2214,0,Non-SST
7877.0,51.6442,3.0501,2.8,0.198,0,Non-SST
7877.5,51.6442,3.0052,2.6833,0.1746,0,Non-SST
7878.0,58.9296,2.9603,2.5667,0.1512,0,Non-SST
7878.5,66.215,2.9155,2.45,0.2398,0,Non-SST
7879.0,73.5004,2.591,2.4625,0.3284,0,Non-SST
7879.5,75.7098,2.2664,2.475,0.4171,0,Non-SST
7880.0,77.9193,1.9419,2.4875,0.4005,0,Non-SST
7880.5,80.1288,1.8599,2.5,0.384,0,Non-SST
7881.0,80.8864,1.7779,2.475,0.3674,0,Non-SST
7881.5,81.6441,1.696,2.45,0.3609,0,Non-SST
7882.0,82.4018,1.696,2.4667,0.3544,0,Non-SST
7882.5,82.4018,1.696,2.4833,0.3478,0,Non-SST
7883.0,82.4018,1.696,2.5,0.3432,0,Non-SST
7883.5,82.4018,1.722,2.495,0.3386,0,Non-SST
7884.0,79.4346,1.7482,2.49,0.334,0,Non-SST
7884.5,76.4675,1.7743,2.485,0.3299,0,Non-SST
7885.0,73.5004,1.8016,2.48,0.3258,0,Non-SST
7885.5,75.7098,1.8289,2.4833,0.3217,0,Non-SST
7886.0,77.9193,1.8562,2.4867,0.326,0,Non-SST
7886.5,80.1288,1.8289,2.49,0.3304,0,Non-SST
7887.0,78.6452,1.8016,2.49,0.3347,0,Non-SST
7887.5,77.1616,1.7743,2.49,0.3399,0,Non-SST
7888.0,75.678,1.7232,2.49,0.3451,0,Non-SST
7888.5,77.9193,1.6721,2.4933,0.3503,0,Non-SST
7889.0,80.1605,1.6211,2.4967,0.3586,0,Non-SST
7889.5,82.4018,1.5861,2.5,0.3669,0,Non-SST
7890.0,86.3492,1.5511,2.5033,0.3752,0,Non-SST
7890.5,90.2965,1.5161,2.5067,0.3837,0,Non-SST
7891.0,94.2439,1.4811,2.51,0.3922,0,Non-SST
7891.5,92.4437,1.4593,2.51,0.4007,0,Non-SST
7892.0,90.6436,1.4375,2.51,0.4064,0,Non-SST
7892.5,88.8434,1.4157,2.51,0.412,0,Non-SST
7893.0,87.0433,1.375,2.4733,0.4177,0,Non-SST
7893.5,87.8327,1.3342,2.4367,0.4538,0,Non-SST
7894.0,88.6222,1.2935,2.4,0.4899,0,Non-SST
7894.5,89.4117,2.5329,2.1767,0.526,0,Non-SST
7895.0,81.3103,3.7724,1.9533,0.5621,0,Non-SST
7895.5,73.2089,5.0119,1.73,0.7054,0,Non-SST
7896.0,65.1076,5.8178,1.6567,0.8488,0,Non-SST
7896.5,63.1207,6.6237,1.5833,0.9922,0,Non-SST
7897.0,61.1337,7.4295,1.51,0.8897,0,Non-SST
7897.5,59.1468,8.2354,1.8,0.7873,0,Non-SST
7898.0,70.0352,6.507,2.09,0.6849,0,Non-SST
7898.5,80.9235,4.7785,2.38,0.5788,0,Non-SST
7899.0,91.8119,3.0501,2.3333,0.4727,0,Non-SST
7899.5,100.3954,2.6807,2.2867,0.3667,0,Non-SST
7900.0,108.9789,2.3113,2.24,0.4319,0,Non-SST
7900.5,117.5624,1.9419,2.245,0.4971,0,Non-SST
7901.0,116.6564,1.8599,2.25,0.5623,0,Non-SST
7901.5,115.7504,1.7779,2.255,0.5753,0,Non-SST
7902.0,114.8443,1.696,2.26,0.5884,0,Non-SST
7902.5,110.4731,1.9061,2.2733,0.6015,0,Non-SST
7903.0,106.1018,2.1162,2.2867,0.5389,0,Non-SST
7903.5,101.7306,2.3263,2.3,0.4762,0,Non-SST
7904.0,98.0588,1.8381,2.3067,0.4136,0,Non-SST
7904.5,94.3869,1.3498,2.3133,0.4191,0,Non-SST
7905.0,90.7151,0.8616,2.32,0.4246,0,Non-SST
7905.5,87.0433,0.9683,2.3467,0.4302,0,Non-SST
7906.0,77.7444,1.0751,2.3733,0.4357,0,Non-SST
7906.5,68.4456,1.1818,2.4,0.3616,0,Non-SST
7907.0,59.1468,1.4352,2.3967,0.2875,5,WTR
7907.5,59.1468,1.6886,2.3933,0.2134,5,WTR
7908.0,59.1468,1.9419,2.39,0.2215,5,WTR
7908.5,59.1468,1.886,2.34,0.2296,5,WTR
7909.0,52.1528,1.8302,2.29,0.2377,5,WTR
7909.5,45.1589,1.7743,2.24,0.2459,5,WTR
7910.0,38.1649,1.86,2.3167,0.254,5,WTR
7910.5,45.1589,1.9458,2.3933,0.2621,5,WTR
7911.0,52.1528,2.0316,2.47,0.2604,0,Non-SST
7911.5,59.1468,2.0629,2.4833,0.2587,0,Non-SST
7912.0,65.3937,2.0942,2.4967,0.2569,0,Non-SST
7912.5,71.6406,2.1254,2.51,0.248,0,Non-SST
7913.0,77.8875,2.2438,2.51,0.2391,0,Non-SST
7913.5,75.7098,2.3622,2.51,0.2302,0,Non-SST
7914.0,73.5322,2.4806,2.51,0.2213,0,Non-SST
7914.5,71.3545,2.599,2.5,0.2123,0,Non-SST
7915.0,68.5993,2.7174,2.49,0.2034,0,Non-SST
7915.5,65.8441,2.8358,2.48,0.1945,0,Non-SST
7916.0,63.0889,2.9542,2.4867,0.1856,0,Non-SST
7916.5,60.5032,3.0726,2.4933,0.1767,0,Non-SST
7917.0,57.9176,3.191,2.5,0.1811,0,Non-SST
7917.5,55.3319,3.144,2.5,0.1856,0,Non-SST
7918.0,57.2553,3.097,2.5,0.1901,0,Non-SST
7918.5,59.1786,3.0501,2.5,0.1982,0,Non-SST
7919.0,61.1019,2.8821,2.5314,0.2064,0,Non-SST
7919.5,65.9606,2.7141,2.5629,0.2146,0,Non-SST
7920.0,70.8193,2.5461,2.5943,0.2632,0,Non-SST
7920.5,75.678,2.2627,2.6257,0.3117,0,Non-SST
7921.0,77.9193,1.9793,2.6571,0.3603,0,Non-SST
7921.5,80.1605,1.696,2.6886,0.3612,0,Non-SST
7922.0,82.4018,1.6025,2.72,0.3621,0,Non-SST
7922.5,82.7886,1.5091,2.6367,0.363,0,Non-SST
7923.0,83.1754,1.4157,2.5533,0.375,0,Non-SST
7923.5,83.5622,1.4375,2.47,0.387,0,Non-SST
7924.0,83.9489,1.4593,2.4733,0.3989,0,Non-SST
7924.5,84.3357,1.4811,2.4767,0.4067,0,Non-SST
7925.0,84.7225,1.3995,2.48,0.4144,0,Non-SST
7925.5,85.1093,1.318,2.4833,0.4222,0,Non-SST
7926.0,85.4961,1.2364,2.4867,0.4213,0,Non-SST
7926.5,85.8829,1.2507,2.49,0.4204,0,Non-SST
7927.0,86.2697,1.2649,2.46,0.4195,0,Non-SST
7927.5,86.6565,1.2792,2.43,0.4391,0,Non-SST
7928.0,87.0433,1.2935,2.4,0.4588,0,Non-SST
7928.5,87.6354,1.3342,2.4,0.4785,0,Non-SST
7929.0,88.2275,1.375,2.4,0.4777,0,Non-SST
7929.5,88.8196,1.4157,2.4,0.4769,0,Non-SST
7930.0,89.4117,1.3949,2.42,0.4762,0,Non-SST
7930.5,87.8433,1.3741,2.44,0.4676,0,Non-SST
7931.0,86.275,1.3532,2.46,0.4591,0,Non-SST
7931.5,84.7066,1.2621,2.4567,0.4505,0,Non-SST
7932.0,87.075,1.1709,2.4533,0.442,0,Non-SST
7932.5,89.4435,1.0798,2.45,0.3922,0,Non-SST
7933.0,91.8119,1.2739,2.4733,0.3424,0,Non-SST
7933.5,87.1704,1.468,2.4967,0.2925,0,Non-SST
7934.0,82.529,1.6621,2.52,0.2767,0,Non-SST
7934.5,77.8875,1.8562,2.5167,0.2609,0,Non-SST
7935.0,75.0051,1.9787,2.5133,0.245,0,Non-SST
7935.5,72.1228,2.1012,2.51,0.2421,0,Non-SST
7936.0,69.2404,2.2236,2.4967,0.2391,0,Non-SST
7936.5,67.8628,2.2937,2.4833,0.2362,0,Non-SST
7937.0,66.4852,2.3637,2.47,0.2466,0,Non-SST
7937.5,65.1076,2.4337,2.4425,0.257,0,Non-SST
7938.0,64.4347,2.331,2.415,0.2675,0,Non-SST
7938.5,63.7618,2.2282,2.3875,0.2752,0,Non-SST
7939.0,63.0889,2.1254,2.36,0.2829,0,Non-SST
7939.5,63.7618,2.1254,2.4133,0.2907,0,Non-SST
7940.0,64.4347,2.1254,2.4667,0.3212,0,Non-SST
7940.5,65.1076,2.1254,2.52,0.3517,0,Non-SST
7941.0,70.5915,1.9573,2.4833,0.3822,0,Non-SST
7941.5,76.0754,1.7892,2.4467,0.3859,0,Non-SST
7942.0,81.5593,1.6211,2.41,0.3895,0,Non-SST
7942.5,87.0433,1.728,2.37,0.3932,0,Non-SST
7943.0,83.2548,1.835,2.33,0.3969,0,Non-SST
7943.5,79.4664,1.9419,2.29,0.4124,0,Non-SST
7944.0,75.678,2.5126,2.2633,0.4279,0,Non-SST
7944.5,85.2153,3.0832,2.2367,0.4434,0,Non-SST
7945.0,94.7525,3.6538,2.21,0.4629,0,Non-SST
7945.5,104.2898,3.3648,2.1333,0.4824,0,Non-SST
7946.0,100.9411,3.0758,2.0567,0.5019,0,Non-SST
7946.5,97.5925,2.7868,1.98,0.4647,0,Non-SST
7947.0,94.2439,2.1722,2.13,0.4275,0,Non-SST
7947.5,96.7394,1.5576,2.28,0.3902,0,Non-SST
7948.0,99.235,0.943,2.43,0.4302,0,Non-SST
7948.5,101.7306,0.9727,2.41,0.4701,0,Non-SST
7949.0,100.8882,1.0024,2.39,0.5101,0,Non-SST
7949.5,100.0457,1.0321,2.37,0.5272,0,Non-SST
7950.0,99.2032,1.16,2.3533,0.5443,0,Non-SST
7950.5,100.0457,1.2879,2.3367,0.5614,0,Non-SST
7951.0,100.8882,1.4157,2.32,0.5289,0,Non-SST
7951.5,101.7306,1.3559,2.35,0.4965,0,Non-SST
7952.0,103.4473,1.2962,2.38,0.4641,0,Non-SST
7952.5,105.164,1.2364,2.41,0.4557,0,Non-SST
7953.0,106.8807,1.2364,2.42,0.4301,0,Non-SST
7953.5,107.755,1.2364,2.43,0.4379,0,Non-SST
7954.0,108.6292,1.2364,2.44,0.4375,0,Non-SST
7954.5,109.5035,1.1683,2.45,0.437,0,Non-SST
7955.0,99.7119,1.1002,2.4533,0.4366,0,Non-SST
7955.5,89.9203,1.0321,2.4567,0.3835,0,Non-SST
7956.0,80.1288,1.6279,2.46,0.3394,0,Non-SST
7956.5,79.3817,2.2236,2.47,0.3164,0,Non-SST
7957.0,78.6346,2.2937,2.48,0.2935,0,Non-SST
7957.5,77.8875,2.3637,2.49,0.2706,0,Non-SST
7958.0,75.7098,2.4337,2.4933,0.263,0,Non-SST
7958.5,73.5322,2.3979,2.4967,0.2554,0,Non-SST
7959.0,71.3545,2.3621,2.5,0.2479,0,Non-SST
7959.5,69.9557,2.3263,2.5,0.2438,0,Non-SST
7960.0,68.5569,2.4107,2.5057,0.2398,0,Non-SST
7960.5,67.1581,2.495,2.5114,0.2358,0,Non-SST
7961.0,70.7346,2.5794,2.5171,0.2542,0,Non-SST
7961.5,74.311,2.6637,2.5229,0.2727,0,Non-SST
7962.0,77.8875,2.453,2.5286,0.2912,0,Non-SST
7962.5,80.1658,2.2423,2.5343,0.3002,0,Non-SST
7963.0,82.4442,2.0316,2.54,0.3093,0,Non-SST
7963.5,73.5004,1.9458,2.5167,0.3184,0,Non-SST
7964.0,76.4675,1.86,2.4933,0.3367,0,Non-SST
7964.5,79.4346,1.7743,2.47,0.3551,0,Non-SST
7965.0,82.4018,1.7232,2.4733,0.3734,0,Non-SST
7965.5,81.6441,1.6721,2.4767,0.3692,0,Non-SST
7966.0,80.8864,1.6211,2.48,0.365,0,Non-SST
7966.5,80.1288,1.6995,2.48,0.3607,0,Non-SST
7967.0,77.9193,1.7778,2.48,0.3224,0,Non-SST
7967.5,75.7098,1.8562,2.48,0.2841,0,Non-SST
7968.0,73.5004,2.1254,2.4467,0.2458,0,Non-SST
7968.5,66.215,2.3946,2.4133,0.2374,5,WTR
7969.0,58.9296,2.6637,2.38,0.229,5,WTR
7969.5,51.6442,2.6637,2.4167,0.2206,5,WTR
7970.0,55.4591,2.6637,2.4533,0.2335,5,WTR
7970.5,59.274,2.6637,2.49,0.2464,0,Non-SST
7971.0,63.0889,2.517,2.4933,0.2593,0,Non-SST
7971.5,66.5594,2.3703,2.4967,0.2722,0,Non-SST
7972.0,70.0299,2.2236,2.5,0.2634,0,Non-SST
7972.5,73.5004,2.4542,2.4533,0.2545,0,Non-SST
7973.0,65.6162,2.6848,2.4067,0.2457,0,Non-SST
7973.5,57.7321,2.9155,2.36,0.2384,5,WTR
7974.0,49.848,3.0073,2.3867,0.2311,5,WTR
7974.5,47.5591,3.0991,2.4133,0.2238,5,WTR
7975.0,45.2701,3.191,2.44,0.2187,5,WTR
7975.5,42.9812,3.0991,2.46,0.2135,5,WTR
7976.0,51.0401,3.0073,2.48,0.2084,5,WTR
7976.5,59.0991,2.9155,2.5,0.2235,0,Non-SST
7977.0,67.1581,2.8315,2.5033,0.2386,0,Non-SST
7977.5,67.8522,2.7476,2.5067,0.2537,0,Non-SST
7978.0,68.5463,2.6637,2.51,0.2535,0,Non-SST
7978.5,69.2404,2.7047,2.49,0.2534,0,Non-SST
7979.0,67.8628,2.7457,2.47,0.2532,0,Non-SST
7979.5,66.4852,2.7868,2.45,0.2563,0,Non-SST
7980.0,65.1076,2.6333,2.4633,0.2594,0,Non-SST
7980.5,69.3676,2.4798,2.4767,0.2626,0,Non-SST
7981.0,73.6275,2.3263,2.49,0.2785,0,Non-SST
7981.5,77.8875,2.2921,2.5025,0.2944,0,Non-SST
7982.0,80.1605,2.2578,2.515,0.3103,0,Non-SST
7982.5,82.4336,2.2236,2.5275,0.3363,0,Non-SST
7983.0,84.7066,2.0738,2.54,0.3622,0,Non-SST
7983.5,84.7066,1.924,2.52,0.3882,0,Non-SST
7984.0,84.7066,1.7743,2.5,0.3758,0,Non-SST
7984.5,84.7066,1.6766,2.48,0.3634,0,Non-SST
7985.0,86.275,1.5788,2.49,0.351,0,Non-SST
7985.5,87.8433,1.4811,2.5,0.3624,0,Non-SST
7986.0,89.4117,1.5527,2.5,0.3739,0,Non-SST
7986.5,87.075,1.6243,2.5,0.3853,0,Non-SST
7987.0,84.7384,1.696,2.5,0.3641,0,Non-SST
7987.5,82.4018,1.736,2.5,0.343,0,Non-SST
7988.0,84.7384,1.7761,2.49,0.3219,0,Non-SST
7988.5,87.075,1.8161,2.48,0.3007,0,Non-SST
7989.0,89.4117,1.8562,2.47,0.3165,0,Non-SST
7989.5,87.8433,1.8028,2.48,0.3323,0,Non-SST
7990.0,86.275,1.7494,2.49,0.3482,0,Non-SST
7990.5,84.7066,1.696,2.5,0.3501,0,Non-SST
7991.0,83.9383,1.6243,2.5033,0.3521,0,Non-SST
7991.5,83.1701,1.5527,2.5067,0.354,0,Non-SST
7992.0,82.4018,1.4811,2.51,0.3604,0,Non-SST
7992.5,85.5385,1.4811,2.5133,0.3667,0,Non-SST
7993.0,88.6752,1.4811,2.5167,0.373,0,Non-SST
7993.5,91.8119,1.4811,2.52,0.3655,0,Non-SST
7994.0,88.8911,1.5788,2.5075,0.358,0,Non-SST
7994.5,85.9703,1.6766,2.495,0.3505,0,Non-SST
7995.0,83.0495,1.7743,2.4825,0.3041,0,Non-SST
7995.5,80.1288,2.1995,2.47,0.2578,0,Non-SST
7996.0,73.7865,2.6248,2.45,0.2114,0,Non-SST
7996.5,67.4442,3.0501,2.43,0.2071,5,WTR
7997.0,61.1019,3.3076,2.41,0.2027,5,WTR
7997.5,57.9494,3.5651,2.3933,0.1984,5,WTR
7998.0,54.7968,3.8226,2.3767,0.2086,5,WTR
7998.5,51.6442,3.7015,2.36,0.2188,5,WTR
7999.0,52.8734,3.5804,2.37,0.229,5,WTR
7999.5,54.1027,3.4594,2.38,0.2489,5,WTR
8000.0,55.3319,3.3383,2.39,0.2687,0,Non-SST
8000.5,62.1139,3.001,2.4433,0.2886,0,Non-SST
8001.0,68.896,2.6637,2.4967,0.2709,0,Non-SST
8001.5,75.678,2.3263,2.55,0.2533,0,Non-SST
8002.0,75.1336,2.3263,2.5267,0.2357,0,Non-SST
8002.5,74.5892,2.3263,2.5033,0.2533,0,Non-SST
8003.0,74.0448,2.3263,2.48,0.2709,0,Non-SST
8003.5,73.5004,2.2281,2.49,0.2884,0,Non-SST
8004.0,78.0147,2.1298,2.5,0.3053,0,Non-SST
8004.5,82.529,2.0316,2.51,0.3222,0,Non-SST
8005.0,87.0433,1.9458,2.5033,0.3391,0,Non-SST
8005.5,87.8327,1.86,2.4967,0.3546,0,Non-SST
8006.0,88.6222,1.7743,2.49,0.3701,0,Non-SST
8006.5,89.4117,1.6993,2.5,0.3855,0,Non-SST
8007.0,89.4117,1.6244,2.51,0.3722,0,Non-SST
8007.5,89.4117,1.5495,2.52,0.359,0,Non-SST
8008.0,89.4117,1.5049,2.54,0.3457,0,Non-SST
8008.5,87.8433,1.4603,2.56,0.3324,0,Non-SST
8009.0,86.275,1.4157,2.58,0.337,0,Non-SST
8009.5,84.7066,1.5091,2.56,0.3417,0,Non-SST
8010.0,86.275,1.6025,2.54,0.3463,0,Non-SST
8010.5,87.8433,1.696,2.52,0.3464,0,Non-SST
8011.0,89.4117,1.7494,2.52,0.3465,0,Non-SST
8011.5,87.075,1.8028,2.52,0.3466,0,Non-SST
8012.0,84.7384,1.8562,2.52,0.3391,0,Non-SST
8012.5,82.4018,1.9147,2.5133,0.3316,0,Non-SST
8013.0,82.4018,1.9732,2.5067,0.3242,0,Non-SST
8013.5,82.4018,2.0316,2.5,0.3376,0,Non-SST
8014.0,82.4018,1.8709,2.5167,0.351,0,Non-SST
8014.5,83.9489,1.7102,2.5333,0.3644,0,Non-SST
8015.0,85.4961,1.5495,2.55,0.3827,0,Non-SST
8015.5,87.0433,1.4269,2.5333,0.4011,0,Non-SST
8016.0,89.4435,1.3044,2.5167,0.4195,0,Non-SST
8016.5,91.8437,1.1818,2.5,0.4198,0,Non-SST
8017.0,94.2439,1.2,2.5067,0.4202,0,Non-SST
8017.5,92.6331,1.2182,2.5133,0.4206,0,Non-SST
8018.0,91.0224,1.2364,2.52,0.4331,0,Non-SST
8018.5,89.4117,1.2364,2.39,0.4457,0,Non-SST
8019.0,91.8437,1.2364,2.26,0.4583,0,Non-SST
8019.5,94.2757,1.2364,2.13,0.5478,0,Non-SST
8020.0,96.7077,2.4949,2.0,0.6372,0,Non-SST
8020.5,86.8578,3.7534,1.8367,0.7267,0,Non-SST
8021.0,77.0079,5.0119,1.6733,0.5623,0,Non-SST
8021.5,67.1581,4.0185,1.51,0.5444,0,Non-SST
8022.0,77.0079,3.025,1.975,0.3753,0,Non-SST
8022.5,86.8578,2.0316,2.44,0.2678,0,Non-SST
8023.0,96.7077,1.696,2.44,0.2966,0,Non-SST
8023.5,95.8864,1.6243,2.44,0.3253,0,Non-SST
8024.0,95.0651,1.5527,2.44,0.3541,0,Non-SST
8024.5,94.2439,1.4811,2.44,0.3692,0,Non-SST
8025.0,93.4332,1.4811,2.4333,0.3844,0,Non-SST
8025.5,92.6225,1.4811,2.4267,0.3995,0,Non-SST
8026.0,91.8119,1.4811,2.42,0.4034,0,Non-SST
8026.5,93.4438,1.5039,2.43,0.4073,0,Non-SST
8027.0,95.0757,1.5267,2.44,0.4112,0,Non-SST
8027.5,96.7077,1.5495,2.45,0.3882,0,Non-SST
8028.0,95.0757,1.5495,2.43,0.3742,0,Non-SST
8028.5,93.4438,1.5495,2.28,0.4602,0,Non-SST
8029.0,91.8119,2.8049,2.28,0.5463,0,Non-SST
8029.5,80.2824,4.0604,2.0233,0.6323,0,Non-SST
8030.0,68.7529,5.3158,1.7667,0.7113,0,Non-SST
8030.5,57.2235,6.5712,1.51,0.7902,0,Non-SST
8031.0,50.9646,9.4676,1.465,0.8691,0,Non-SST
8031.5,44.7058,12.3639,1.42,0.9408,0,Non-SST
8032.0,38.447,11.071,1.375,1.0125,0,Non-SST
8032.5,32.1882,9.7781,1.33,1.0842,0,Non-SST
8033.0,28.0395,8.4852,1.69,0.8024,0,Non-SST
8033.5,50.7699,7.1922,2.05,0.5207,0,Non-SST
8034.0,73.5004,5.6435,2.41,0.2389,0,Non-SST
8034.5,75.7098,4.0948,2.425,0.2651,0,Non-SST
8035.0,77.9193,2.5461,2.44,0.2913,0,Non-SST
8035.5,80.1288,2.4899,2.4567,0.3175,0,Non-SST
8036.0,84.0231,2.4337,2.4733,0.3174,0,Non-SST
8036.5,87.9175,2.3263,2.49,0.3173,0,Non-SST
8037.0,91.8119,2.1162,2.49,0.3173,0,Non-SST
8037.5,90.2223,1.9061,2.49,0.3172,0,Non-SST
8038.0,88.6328,1.696,2.49,0.3324,0,Non-SST
8038.5,87.0433,1.6025,2.47,0.3476,0,Non-SST
8039.0,88.6328,1.5091,2.45,0.3628,0,Non-SST
8039.5,90.2223,1.4157,2.43,0.3968,0,Non-SST
8040.0,91.8119,1.5091,2.5067,0.4256,0,Non-SST
8040.5,87.1704,1.6025,2.5833,0.3974,0,Non-SST
8041.0,82.529,1.696,2.66,0.3693,0,Non-SST
8041.5,77.8875,1.671,2.59,0.3411,0,Non-SST
8042.0,80.1605,1.646,2.55,0.3273,0,Non-SST
8042.5,82.4336,1.6211,2.55,0.3135,0,Non-SST
8043.0,84.7066,1.7579,2.5467,0.2996,0,Non-SST
8043.5,84.7066,1.8948,2.5433,0.2885,0,Non-SST
8044.0,84.7066,2.0316,2.54,0.2774,0,Non-SST
8044.5,84.7066,2.1657,2.5033,0.2663,0,Non-SST
8045.0,78.5472,2.2997,2.4667,0.2559,0,Non-SST
8045.5,72.3877,2.4337,2.43,0.2562,0,Non-SST
8046.0,66.2282,2.8231,2.4133,0.2497,0,Non-SST
8046.5,63.2266,2.8988,2.3967,0.2435,0,Non-SST
8047.0,60.2251,2.9744,2.38,0.2325,5,WTR
8047.5,57.2235,3.0501,2.3967,0.2216,5,WTR
8048.0,56.5929,3.2513,2.4133,0.2107,5,WTR
8048.5,55.9624,3.4526,2.43,0.2203,5,WTR
8049.0,55.3319,3.6538,2.3733,0.2299,5,WTR
8049.5,50.1341,4.0327,2.3167,0.2395,5,WTR
8050.0,44.9363,4.4117,2.26,0.2397,5,WTR
8050.5,39.7385,4.7906,2.2617,0.2398,5,WTR
8051.0,40.2737,5.0223,2.2633,0.24,5,WTR
8051.5,40.8088,5.2539,2.265,0.2415,5,WTR
8052.0,41.344,5.4855,2.265,0.243,5,WTR
8052.5,42.446,5.4048,2.3067,0.2445,5,WTR
8053.0,43.5481,5.3241,2.3483,0.2455,5,WTR
8053.5,44.6502,5.2433,2.39,0.2464,5,WTR
8054.0,42.4884,5.5893,2.3433,0.2474,5,WTR
8054.5,40.3266,5.9352,2.2967,0.2399,5,WTR
8055.0,38.1649,6.2811,2.25,0.2324,5,WTR
8055.5,32.5114,5.7843,2.2133,0.2249,5,WTR
8056.0,26.8579,5.2875,2.1767,0.2503,5,WTR
8056.5,25.5174,4.7906,2.14,0.2756,5,WTR
8057.0,24.1769,4.2105,2.1567,0.3009,5,WTR
8057.5,22.9848,3.6303,2.1733,0.298,5,WTR
8058.0,21.7926,3.0501,2.19,0.2951,5,WTR
8058.5,20.6005,2.9213,2.19,0.2922,5,WTR
8059.0,19.1593,2.7925,2.19,0.2893,5,WTR
8059.5,17.7181,2.6637,2.19,0.2714,5,WTR
8060.0,16.2769,2.5871,2.18,0.2553,5,WTR
8060.5,16.6213,2.5104,2.17,0.2565,5,WTR
8061.0,16.9657,2.4337,2.16,0.2576,5,WTR
8061.5,17.3101,2.4337,2.1633,0.2588,5,WTR
8062.0,15.9961,2.4337,2.1667,0.26,5,WTR
8062.5,14.6821,2.4337,2.17,0.264,5,WTR
8063.0,13.368,2.3637,2.1733,0.268,5,WTR
8063.5,14.6821,2.2937,2.1767,0.2721,5,WTR
8064.0,15.9961,2.2236,2.18,0.273,5,WTR
8064.5,17.3101,2.2236,2.1733,0.2738,5,WTR
8065.0,15.9961,2.2236,2.1667,0.2747,5,WTR
8065.5,14.6821,2.2236,2.16,0.262,5,WTR
8066.0,13.368,2.1909,2.16,0.2492,5,WTR
8066.5,12.7746,2.1582,2.16,0.2364,5,WTR
8067.0,12.1812,2.1254,2.16,0.2473,5,WTR
8067.5,11.5878,2.1582,2.16,0.2581,5,WTR
8068.0,11.8792,2.1909,2.16,0.269,5,WTR
8068.5,12.1706,2.2236,2.16,0.2639,5,WTR
8069.0,12.462,2.1297,2.17,0.2588,5,WTR
8069.5,12.1706,2.0358,2.18,0.2537,5,WTR
8070.0,11.8792,1.9419,2.19,0.2525,5,WTR
8070.5,11.5878,1.9134,2.2067,0.2513,5,WTR
8071.0,12.4938,1.8848,2.2233,0.2502,5,WTR
8071.5,13.3998,1.8562,2.24,0.2539,5,WTR
8072.0,14.3059,2.0129,2.22,0.2577,5,WTR
8072.5,15.3073,2.1696,2.2,0.2614,5,WTR
8073.0,16.3087,2.3263,2.18,0.2652,5,WTR
8073.5,17.3101,2.1982,2.16,0.2689,5,WTR
8074.0,15.4026,2.0701,2.1567,0.2726,5,WTR
8074.5,13.4952,1.9419,2.1533,0.2804,5,WTR
8075.0,11.5878,2.0358,2.15,0.2881,5,WTR
8075.5,12.4938,2.1297,2.1467,0.2959,5,WTR
8076.0,13.3998,2.2236,2.1433,0.3061,5,WTR
8076.5,14.3059,2.2236,2.14,0.3163,5,WTR
8077.0,20.2666,2.2236,2.1733,0.3265,5,WTR
8077.5,26.2274,2.2236,2.2067,0.3099,5,WTR
8078.0,32.1882,2.2236,2.24,0.2932,0,Non-SST
8078.5,29.9363,2.2236,2.2467,0.2765,5,WTR
8079.0,27.6845,2.2236,2.2533,0.2737,5,WTR
8079.5,25.4326,2.2236,2.26,0.2708,5,WTR
8080.0,27.1215,2.2937,2.2133,0.268,5,WTR
8080.5,28.8104,2.3637,2.1667,0.2864,5,WTR
8081.0,30.4993,2.4337,2.12,0.3049,5,WTR
8081.5,32.1882,2.4337,2.2,0.3234,0,Non-SST
8082.0,31.7166,2.4337,2.28,0.305,0,Non-SST
8082.5,31.2451,2.4337,2.36,0.2867,0,Non-SST
8083.0,30.7735,2.2698,2.29,0.2684,5,WTR
8083.5,25.9413,2.1059,2.22,0.25,5,WTR
8084.0,21.1091,1.9419,2.15,0.2667,5,WTR
8084.5,16.2769,1.8617,2.1433,0.2833,5,WTR
8085.0,15.9431,1.7815,2.1367,0.3,5,WTR
8085.5,15.6093,1.7013,2.13,0.3082,5,WTR
8086.0,15.2755,1.6211,2.15,0.3164,5,WTR
8086.5,19.5302,1.8263,2.17,0.3247,5,WTR
8087.0,23.7848,2.0316,2.19,0.314,5,WTR
8087.5,28.0395,2.1053,2.1567,0.3034,5,WTR
8088.0,23.149,2.179,2.1233,0.2927,5,WTR
8088.5,18.2585,2.2526,2.09,0.2946,5,WTR
8089.0,13.368,2.3263,2.1125,0.2965,5,WTR
8089.5,15.0371,2.2921,2.135,0.2984,5,WTR
8090.0,16.7061,2.2578,2.1575,0.2952,5,WTR
8090.5,18.3751,2.2236,2.18,0.292,5,WTR
8091.0,19.1169,2.2578,2.1567,0.2888,5,WTR
8091.5,19.8587,2.2921,2.1333,0.2885,5,WTR
8092.0,20.6005,2.3263,2.11,0.2882,5,WTR
8092.5,19.5196,2.2594,2.1133,0.2879,5,WTR
8093.0,18.4387,2.1924,2.1167,0.2845,5,WTR
8093.5,17.3578,2.1254,2.12,0.2811,5,WTR
8094.0,16.2769,2.0643,2.1533,0.2777,5,WTR
8094.5,16.9763,2.0031,2.1867,0.2819,5,WTR
8095.0,17.6757,1.9419,2.22,0.2862,5,WTR
8095.5,18.3751,2.0031,2.2067,0.2904,5,WTR
8096.0,18.0201,2.0643,2.1933,0.2947,5,WTR
8096.5,17.6651,2.1254,2.18,0.2866,5,WTR
8097.0,17.3101,2.0942,2.1467,0.2749,5,WTR
8097.5,16.6319,2.0629,2.1133,0.2806,5,WTR
8098.0,15.9537,2.0316,2.08,0.2864,5,WTR
8098.5,15.2755,1.9732,2.1033,0.2921,5,WTR
8099.0,15.9537,1.9147,2.1267,0.2978,5,WTR
8099.5,16.6319,1.8562,2.15,0.3017,5,WTR
8100.0,17.3101,1.8848,2.14,0.3056,5,WTR
8100.5,15.6941,1.9134,2.13,0.3094,5,WTR
8101.0,14.078,1.9419,2.12,0.3064,5,WTR
8101.5,12.462,1.886,2.1233,0.3034,5,WTR
8102.0,12.462,1.8302,2.1267,0.3004,5,WTR
8102.5,12.462,1.7743,2.13,0.2957,5,WTR
8103.0,12.462,1.7482,2.1267,0.291,5,WTR
8103.5,12.462,1.722,2.1233,0.2864,5,WTR
8104.0,12.462,1.696,2.12,0.3033,5,WTR
8104.5,12.462,1.671,2.1233,0.3201,5,WTR
8105.0,12.462,1.646,2.1267,0.337,5,WTR
8105.5,12.462,1.6211,2.13,0.3239,5,WTR
8106.0,12.462,1.6211,2.13,0.3107,5,WTR
8106.5,13.0766,1.6211,2.13,0.2975,5,WTR
8107.0,13.6912,1.6211,2.13,0.2966,5,WTR
8107.5,14.3059,1.6721,2.1767,0.2957,5,WTR
8108.0,16.7908,1.7232,2.2233,0.2948,5,WTR
8108.5,19.2758,1.7743,2.27,0.2954,5,WTR
8109.0,21.7608,1.7743,2.2825,0.296,5,WTR
8109.5,28.8343,1.7743,2.295,0.2967,0,Non-SST
8110.0,35.9077,1.7743,2.3075,0.3173,0,Non-SST
8110.5,42.9812,1.6548,2.32,0.338,0,Non-SST
8111.0,56.1214,1.5352,2.3633,0.3586,0,Non-SST
8111.5,69.2616,1.4157,2.4067,0.3669,0,Non-SST
8112.0,82.4018,1.4157,2.45,0.3752,0,Non-SST
8112.5,83.1701,1.4157,2.44,0.3835,0,Non-SST
8113.0,83.9383,1.4157,2.43,0.3919,0,Non-SST
8113.5,84.7066,1.3949,2.42,0.4003,0,Non-SST
8114.0,84.7066,1.3741,2.4233,0.4087,0,Non-SST
8114.5,84.7066,1.3532,2.4267,0.4105,0,Non-SST
8115.0,84.7066,1.3383,2.43,0.4122,0,Non-SST
8115.5,84.7066,1.3234,2.4433,0.4139,0,Non-SST
8116.0,84.7066,1.3084,2.4567,0.4129,0,Non-SST
8116.5,84.7066,1.2935,2.47,0.4119,0,Non-SST
8117.0,85.8829,1.3134,2.4667,0.4108,0,Non-SST
8117.5,87.0591,1.3333,2.4633,0.4105,0,Non-SST
8118.0,88.2354,1.3532,2.46,0.4102,0,Non-SST
8118.5,89.4117,1.3333,2.4433,0.4098,0,Non-SST
8119.0,89.4117,1.3134,2.4267,0.4237,0,Non-SST
8119.5,89.4117,1.2935,2.41,0.4376,0,Non-SST
8120.0,89.4117,1.356,2.42,0.4514,0,Non-SST
8120.5,89.4117,1.4186,2.43,0.4285,0,Non-SST
8121.0,89.4117,1.4811,2.44,0.4056,0,Non-SST
8121.5,89.4117,1.5039,2.4133,0.3827,0,Non-SST
8122.0,86.3174,1.5267,2.3867,0.3772,0,Non-SST
8122.5,83.2231,1.5495,2.36,0.3717,0,Non-SST
8123.0,80.1288,1.5267,2.37,0.3661,0,Non-SST
8123.5,84.0231,1.5039,2.38,0.3666,0,Non-SST
8124.0,87.9175,1.4811,2.39,0.367,0,Non-SST
8124.5,91.8119,1.4982,2.4067,0.3674,0,Non-SST
8125.0,87.1704,1.5153,2.4233,0.3678,0,Non-SST
8125.5,82.529,1.5324,2.44,0.3263,0,Non-SST
8126.0,77.8875,1.5495,2.4033,0.2848,0,Non-SST
8126.5,67.9529,2.0967,2.3667,0.2432,5,WTR
8127.0,58.0182,2.6438,2.33,0.2464,5,WTR
8127.5,48.0836,3.191,2.33,0.2495,5,WTR
8128.0,48.0836,3.4015,2.33,0.2526,5,WTR
8128.5,48.0836,3.612,2.33,0.2517,5,WTR
8129.0,48.0836,3.8226,2.2933,0.2507,5,WTR
8129.5,46.3828,4.0747,2.2567,0.2498,5,WTR
8130.0,44.682,4.327,2.22,0.2507,5,WTR
8130.5,42.9812,4.5791,2.2025,0.2516,5,WTR
8131.0,39.8657,5.054,2.185,0.2525,5,WTR
8131.5,36.7502,5.529,2.1675,0.2534,5,WTR
8132.0,33.6347,6.0039,2.15,0.2596,5,WTR
8132.5,33.1525,6.0963,2.1467,0.2657,5,WTR
8133.0,32.6704,6.1887,2.1433,0.2719,5,WTR
8133.5,32.1882,6.2811,2.14,0.2742,5,WTR
8134.0,41.9798,5.2041,2.2533,0.2764,5,WTR
8134.5,51.7713,4.1271,2.3667,0.2786,0,Non-SST
8135.0,61.5629,3.0501,2.48,0.2982,0,Non-SST
8135.5,71.3545,2.6521,2.4867,0.3177,0,Non-SST
8136.0,74.2792,2.2542,2.4933,0.3372,0,Non-SST
8136.5,77.204,1.8562,2.5,0.3399,0,Non-SST
8137.0,80.1288,1.8562,2.51,0.3426,0,Non-SST
8137.5,80.8864,1.8562,2.52,0.3454,0,Non-SST
8138.0,81.6441,1.8562,2.53,0.345,0,Non-SST
8138.5,82.4018,1.754,2.5167,0.3447,0,Non-SST
8139.0,83.1701,1.6517,2.5033,0.3443,0,Non-SST
8139.5,83.9383,1.5495,2.49,0.3456,0,Non-SST
8140.0,84.7066,1.5987,2.48,0.3494,0,Non-SST
8140.5,83.9383,1.6479,2.47,0.3618,0,Non-SST
8141.0,83.1701,1.6971,2.46,0.3383,0,Non-SST
8141.5,82.4018,1.8644,2.465,0.3109,0,Non-SST
8142.0,81.6441,2.0316,2.47,0.3273,0,Non-SST
8142.5,80.8864,1.9477,2.475,0.3437,0,Non-SST
8143.0,80.1288,1.8638,2.48,0.3602,0,Non-SST
8143.5,83.2231,1.7799,2.4733,0.3547,0,Non-SST
8144.0,86.3174,1.696,2.4667,0.3492,0,Non-SST
8144.5,89.4117,1.696,2.46,0.3437,0,Non-SST
8145.0,87.8433,1.696,2.4833,0.3545,0,Non-SST
8145.5,86.275,1.696,2.5067,0.3653,0,Non-SST
8146.0,84.7066,1.6243,2.53,0.3761,0,Non-SST
8146.5,86.275,1.5527,2.51,0.3834,0,Non-SST
8147.0,87.8433,1.4811,2.49,0.3907,0,Non-SST
8147.5,89.4117,1.3995,2.4767,0.3979,0,Non-SST
8148.0,91.0224,1.318,2.4633,0.4134,0,Non-SST
8148.5,92.6331,1.2364,2.45,0.4289,0,Non-SST
8149.0,94.2439,1.2554,2.45,0.4444,0,Non-SST
8149.5,89.5388,1.2745,2.45,0.4448,0,Non-SST
8150.0,84.8338,1.2935,2.45,0.445,0,Non-SST
8150.5,80.1288,1.2563,2.4633,0.4453,0,Non-SST
8151.0,89.4117,1.219,2.4767,0.4487,0,Non-SST
8151.5,88.2275,1.1818,2.49,0.4521,0,Non-SST
8152.0,87.0433,1.2,2.4967,0.4555,0,Non-SST
8152.5,87.0433,1.2182,2.5033,0.4461,0,Non-SST
8153.0,87.0433,1.2364,2.51,0.4368,0,Non-SST
8153.5,87.0433,1.2364,2.48,0.4274,0,Non-SST
8154.0,88.6328,1.2364,2.45,0.4536,0,Non-SST
8154.5,90.2223,1.2364,2.42,0.4797,0,Non-SST
8155.0,91.8119,1.2364,2.42,0.5059,0,Non-SST
8155.5,91.8119,1.2364,2.42,0.5044,0,Non-SST
8156.0,91.8119,1.2364,2.42,0.5028,0,Non-SST
8156.5,91.8119,1.2554,2.4167,0.5013,0,Non-SST
8157.0,90.2223,1.2745,2.4133,0.4998,0,Non-SST
8157.5,88.6328,1.2935,2.41,0.473,0,Non-SST
8158.0,87.0433,1.7502,2.3533,0.4461,0,Non-SST
8158.5,84.7384,2.207,2.2967,0.4193,0,Non-SST
8159.0,82.4336,2.6637,2.24,0.4616,0,Non-SST
8159.5,80.1288,3.5236,2.08,0.5039,0,Non-SST
8160.0,76.4993,4.3835,1.92,0.5462,0,Non-SST
8160.5,72.8698,5.2433,1.76,0.6035,0,Non-SST
8161.0,69.2404,4.4245,1.9,0.6609,0,Non-SST
8161.5,80.9235,3.6056,2.04,0.7183,0,Non-SST
8162.0,92.6066,2.7868,2.18,0.6295,0,Non-SST
8162.5,104.2898,2.289,2.2233,0.5407,0,Non-SST
8163.0,103.4367,1.7912,2.2667,0.4518,0,Non-SST
8163.5,102.5837,1.2935,2.31,0.4817,0,Non-SST
8164.0,101.7306,1.2745,2.37,0.5115,0,Non-SST
8164.5,96.8348,1.2554,2.43,0.5413,0,Non-SST
8165.0,91.939,1.2364,2.49,0.4578,0,Non-SST
8165.5,87.0433,1.2962,2.4733,0.3743,0,Non-SST
8166.0,83.9913,1.3559,2.4567,0.2907,0,Non-SST
8166.5,80.9394,1.4157,2.44,0.3098,0,Non-SST
8167.0,77.8875,1.3949,2.445,0.3289,0,Non-SST
8167.5,82.529,1.3741,2.45,0.348,0,Non-SST
8168.0,87.1704,1.3532,2.455,0.358,0,Non-SST
8168.5,91.8119,1.3959,2.46,0.368,0,Non-SST
8169.0,89.4435,1.4385,2.49,0.3781,0,Non-SST
8169.5,87.075,1.4811,2.52,0.3833,0,Non-SST
8170.0,84.7066,1.4811,2.55,0.3886,0,Non-SST
8170.5,90.3813,1.4811,2.47,0.3938,0,Non-SST
8171.0,96.0559,1.4811,2.39,0.4367,0,Non-SST
8171.5,101.7306,1.4811,2.31,0.4796,0,Non-SST
8172.0,105.2064,1.4811,2.2867,0.5225,0,Non-SST
8172.5,108.6822,1.4811,2.2633,0.5396,0,Non-SST
8173.0,112.158,1.5278,2.24,0.5567,0,Non-SST
8173.5,112.158,1.5744,2.2533,0.5738,0,Non-SST
8174.0,112.158,1.6211,2.2667,0.5386,0,Non-SST
8174.5,112.158,1.5249,2.28,0.5034,0,Non-SST
8175.0,107.6795,1.4287,2.33,0.4682,0,Non-SST
8175.5,103.2009,1.3326,2.38,0.4457,0,Non-SST
8176.0,98.7224,1.2364,2.43,0.4232,0,Non-SST
8176.5,94.2439,1.2962,2.46,0.4008,0,Non-SST
8177.0,93.4332,1.3559,2.49,0.4159,0,Non-SST
8177.5,92.6225,1.4157,2.52,0.4309,0,Non-SST
8178.0,91.8119,1.375,2.4533,0.446,0,Non-SST
8178.5,95.9712,1.3342,2.3867,0.4611,0,Non-SST
8179.0,100.1305,1.2935,2.32,0.4764,0,Non-SST
8179.5,104.2898,1.2935,2.38,0.4918,0,Non-SST
8180.0,98.5409,1.2935,2.44,0.5072,0,Non-SST
8180.5,92.7921,1.2935,2.5,0.4602,0,Non-SST
8181.0,87.0433,1.3134,2.4967,0.4132,0,Non-SST
8181.5,89.4435,1.3333,2.4933,0.3662,0,Non-SST
8182.0,91.8437,1.3532,2.49,0.3568,0,Non-SST
8182.5,94.2439,1.4389,2.5033,0.3475,0,Non-SST
8183.0,87.3294,1.5246,2.5167,0.3381,0,Non-SST
8183.5,80.4149,1.6103,2.53,0.2999,0,Non-SST
8184.0,73.5004,1.696,2.515,0.2618,0,Non-SST
8184.5,74.2263,2.1024,2.5,0.2236,0,Non-SST
8185.0,74.9521,2.5089,2.485,0.2646,0,Non-SST
8185.5,75.678,2.9155,2.47,0.3056,0,Non-SST
8186.0,78.6876,2.6208,2.47,0.3465,0,Non-SST
8186.5,81.6971,2.3262,2.47,0.3392,0,Non-SST
8187.0,84.7066,2.0316,2.47,0.3318,0,Non-SST
8187.5,84.1304,2.0316,2.4667,0.3244,0,Non-SST
8188.0,83.5542,2.0316,2.4633,0.3067,0,Non-SST
8188.5,82.978,2.0316,2.46,0.2889,0,Non-SST
8189.0,82.4018,2.0629,2.46,0.2712,0,Non-SST
8189.5,80.897,2.0942,2.46,0.2869,0,Non-SST
8190.0,79.3923,2.1254,2.46,0.3025,0,Non-SST
8190.5,77.8875,2.1254,2.46,0.3182,0,Non-SST
8191.0,77.151,2.1254,2.46,0.3062,0,Non-SST
8191.5,76.4145,2.1254,2.46,0.2943,0,Non-SST
8192.0,75.678,2.1582,2.46,0.2823,0,Non-SST
8192.5,74.2368,2.1909,2.46,0.2863,0,Non-SST
8193.0,72.7957,2.2236,2.46,0.2904,0,Non-SST
8193.5,71.3545,2.2236,2.4633,0.2944,0,Non-SST
8194.0,74.2792,2.2236,2.4667,0.2985,0,Non-SST
8194.5,77.204,2.2236,2.47,0.303,0,Non-SST
8195.0,80.1288,2.1909,2.47,0.3076,0,Non-SST
8195.5,77.204,2.1582,2.47,0.3122,0,Non-SST
8196.0,74.2792,2.1254,2.47,0.3012,0,Non-SST
8196.5,71.3545,2.1582,2.48,0.2902,0,Non-SST
8197.0,71.3545,2.1909,2.49,0.2792,0,Non-SST
8197.5,71.3545,2.2236,2.5,0.272,0,Non-SST
8198.0,71.3545,2.2236,2.4833,0.2648,0,Non-SST
8198.5,73.5322,2.2236,2.4667,0.2576,0,Non-SST
8199.0,75.7098,2.2236,2.45,0.278,0,Non-SST
8199.5,77.8875,2.2236,2.4667,0.2984,0,Non-SST
8200.0,76.4251,2.2236,2.4833,0.3188,0,Non-SST
8200.5,74.9628,2.2236,2.5,0.3135,0,Non-SST
8201.0,73.5004,2.1596,2.49,0.3081,0,Non-SST
8201.5,75.7098,2.0956,2.48,0.3028,0,Non-SST
8202.0,77.9193,2.0316,2.47,0.3162,0,Non-SST
8202.5,80.1288,2.0017,2.4833,0.3297,0,Non-SST
8203.0,78.6452,1.9718,2.4967,0.3431,0,Non-SST
8203.5,77.1616,1.9419,2.51,0.3316,0,Non-SST
8204.0,75.678,2.0358,2.5,0.3202,0,Non-SST
8204.5,77.9193,2.1297,2.49,0.3088,0,Non-SST
8205.0,80.1605,2.2236,2.48,0.3164,0,Non-SST
8205.5,82.4018,2.0477,2.47,0.324,0,Non-SST
8206.0,78.7194,1.8718,2.3433,0.3317,0,Non-SST
8206.5,75.0369,1.696,2.2167,0.5755,0,Non-SST
8207.0,71.3545,3.8758,2.09,0.8192,0,Non-SST
8207.5,67.937,6.0556,1.97,1.063,0,Non-SST
8208.0,64.5194,8.2354,1.85,0.9046,0,Non-SST
8208.5,61.1019,8.9306,1.73,0.7461,0,Non-SST
8209.0,51.464,9.6259,1.6167,0.5876,0,Non-SST
8209.5,41.8261,10.3211,1.5033,0.6829,0,Non-SST
8210.0,32.1882,9.6259,1.39,0.7781,0,Non-SST
8210.5,35.2401,8.9306,1.4167,0.8734,0,Non-SST
8211.0,38.292,8.2354,1.4433,0.8726,0,Non-SST
8211.5,41.344,10.8171,1.47,0.8717,0,Non-SST
8212.0,34.8268,13.3988,1.4033,0.8709,0,Non-SST
8212.5,28.3097,15.9804,1.3367,0.8548,0,Non-SST
8213.0,21.7926,18.5621,1.27,0.8386,0,Non-SST
8213.5,15.2755,17.5398,1.3267,0.8225,0,Non-SST
8214.0,16.3087,16.5175,1.3833,0.7365,0,Non-SST
8214.5,17.3419,15.4952,1.44,0.6506,0,Non-SST
8215.0,18.3751,11.4429,1.78,0.5646,0,Non-SST
8215.5,37.4761,7.3906,2.12,0.4416,0,Non-SST
8216.0,56.577,3.3383,2.46,0.3186,0,Non-SST
8216.5,75.678,3.001,2.4433,0.1957,5,WTR
8217.0,74.9521,2.6637,2.4267,0.2102,5,WTR
8217.5,74.2263,2.3263,2.41,0.2247,5,WTR
8218.0,73.5004,2.2259,2.4133,0.2392,5,WTR
8218.5,73.5004,2.1254,2.4167,0.2537,0,Non-SST
8219.0,73.5004,2.1924,2.42,0.2682,0,Non-SST
8219.5,73.5004,2.2594,2.3633,0.2828,0,Non-SST
8220.0,68.0747,2.3263,2.3067,0.2837,0,Non-SST
8220.5,62.6491,2.2921,2.25,0.2847,5,WTR
8221.0,57.2235,2.2578,2.23,0.2857,5,WTR
8221.5,45.4026,2.2236,2.21,0.2776,5,WTR
8222.0,33.5817,2.0477,2.19,0.2696,5,WTR
8222.5,21.7608,1.8718,2.1833,0.2615,5,WTR
8223.0,19.599,1.696,2.1767,0.2553,5,WTR
8223.5,17.4373,1.6243,2.17,0.2492,5,WTR
8224.0,15.2755,1.5527,2.16,0.243,5,WTR
8224.5,14.3377,1.4811,2.15,0.2671,5,WTR
8225.0,13.3998,1.4811,2.15,0.2912,5,WTR
8225.5,12.462,1.4811,2.15,0.3153,5,WTR
8226.0,11.6195,1.4811,2.15,0.2922,5,WTR
8226.5,10.7771,1.4811,2.15,0.2692,5,WTR
8227.0,9.9346,1.4811,2.1467,0.2461,5,WTR
8227.5,11.3917,1.4811,2.1433,0.2586,5,WTR
8228.0,12.8488,1.4593,2.14,0.271,5,WTR
8228.5,14.3059,1.4375,2.1433,0.2834,5,WTR
8229.0,13.837,1.4157,2.1467,0.2779,5,WTR
8229.5,13.368,1.4157,2.15,0.2724,5,WTR
8230.0,12.923,1.4157,2.1667,0.2668,5,WTR
8230.5,12.4779,1.4157,2.1833,0.2729,5,WTR
8231.0,12.0328,1.4157,2.2,0.2789,5,WTR
8231.5,11.5878,1.4157,2.1833,0.2849,5,WTR
8232.0,12.1812,1.4157,2.1667,0.2826,5,WTR
8232.5,12.7746,1.4157,2.15,0.2804,5,WTR
8233.0,13.368,1.4157,2.1533,0.2781,5,WTR
8233.5,12.7746,1.4157,2.1567,0.279,5,WTR
8234.0,12.1812,1.4157,2.16,0.281,5,WTR
8234.5,11.5878,1.4157,2.1533,0.281,5,WTR
8235.0,11.8792,1.4157,2.1467,0.2814,5,WTR
8235.5,12.1706,1.4157,2.14,0.2819,5,WTR
8236.0,12.462,1.4375,2.14,0.2823,5,WTR
8236.5,12.764,1.4593,2.14,0.2797,5,WTR
8237.0,13.066,1.4811,2.14,0.2771,5,WTR
8237.5,13.368,1.4811,2.13,0.2744,5,WTR
8238.0,12.7746,1.4811,2.12,0.28,5,WTR
8238.5,12.1812,1.4811,2.11,0.2855,5,WTR
8239.0,11.5878,1.8524,2.0733,0.291,5,WTR
8239.5,12.817,2.2236,2.0367,0.2776,5,WTR
8240.0,14.0462,2.6637,2.0,0.3268,5,WTR
8240.5,15.2755,2.8395,1.9433,0.376,5,WTR
8241.0,14.9523,3.0152,1.9383,0.4252,0,Non-SST
8241.5,14.6291,3.191,1.9383,0.4069,0,Non-SST
8242.0,14.3059,2.6926,2.0556,0.3884,5,WTR
8242.5,19.3341,2.1943,2.1728,0.3701,5,WTR
8243.0,24.3624,1.696,2.29,0.3482,0,Non-SST
8243.5,29.3906,1.722,2.3533,0.3264,0,Non-SST
8244.0,42.0094,1.7482,2.4167,0.3046,0,Non-SST
8244.5,54.6283,1.7743,2.48,0.3149,0,Non-SST
8245.0,67.2471,1.7743,2.47,0.3253,0,Non-SST
8245.5,69.3315,1.7743,2.455,0.3356,0,Non-SST
8246.0,71.4159,1.7743,2.455,0.3185,0,Non-SST
8246.5,73.5004,2.0708,2.4467,0.3013,0,Non-SST
8247.0,70.0299,2.3672,2.4383,0.2841,0,Non-SST
8247.5,66.5594,2.6637,2.43,0.2834,0,Non-SST
8248.0,63.0889,2.7925,2.42,0.2826,0,Non-SST
8248.5,62.1007,2.9213,2.41,0.2819,0,Non-SST
8249.0,61.1125,3.0501,2.4,0.2788,0,Non-SST
8249.5,60.1244,2.8821,2.39,0.2758,0,Non-SST
8250.0,59.7985,2.7141,2.38,0.2727,0,Non-SST
8250.5,59.4727,2.5461,2.37,0.2784,0,Non-SST
8251.0,59.1468,2.5853,2.36,0.284,5,WTR
8251.5,59.1468,2.6245,2.34,0.2897,0,Non-SST
8252.0,59.1468,2.6637,2.32,0.2949,5,WTR
8252.5,59.1468,2.517,2.3,0.3001,0,Non-SST
8253.0,58.5057,2.3703,2.2967,0.3053,0,Non-SST
8253.5,57.8646,2.2236,2.2933,0.301,5,WTR
8254.0,57.2235,1.9989,2.29,0.2968,5,WTR
8254.5,57.2235,1.7742,2.3033,0.2925,5,WTR
8255.0,57.2235,1.5495,2.3167,0.3133,5,WTR
8255.5,57.2235,1.5495,2.33,0.334,5,WTR
8256.0,59.8515,1.5495,2.2967,0.3548,5,WTR
8256.5,62.4795,1.5495,2.2633,0.3457,5,WTR
8257.0,65.1076,1.5495,2.23,0.3367,5,WTR
8257.5,62.6637,1.5734,2.2367,0.3277,5,WTR
8258.0,60.2197,1.5972,2.2433,0.3244,5,WTR
8258.5,57.7758,1.6211,2.25,0.3211,5,WTR
8259.0,55.3319,1.5972,2.26,0.3178,5,WTR
8259.5,51.215,1.5734,2.27,0.3041,5,WTR
8260.0,47.0981,1.5495,2.28,0.2905,5,WTR
8260.5,42.9812,1.5734,2.2733,0.2768,5,WTR
8261.0,44.682,1.5972,2.2667,0.2892,5,WTR
8261.5,46.3828,1.6211,2.26,0.3017,5,WTR
8262.0,48.0836,1.646,2.27,0.3142,0,Non-SST
8262.5,49.2705,1.671,2.28,0.3102,0,Non-SST
8263.0,50.4573,1.696,2.29,0.3063,5,WTR
8263.5,51.6442,1.722,2.34,0.3024,5,WTR
8264.0,54.7968,1.7482,2.39,0.2963,5,WTR
8264.5,57.9494,1.7743,2.44,0.2902,0,Non-SST
8265.0,61.1019,1.86,2.3733,0.2841,0,Non-SST
8265.5,57.9494,1.9458,2.3067,0.2962,5,WTR
8266.0,54.7968,2.0316,2.24,0.3083,5,WTR
8266.5,51.6442,2.0316,2.25,0.3204,5,WTR
8267.0,52.8734,2.0316,2.26,0.3325,5,WTR
8267.5,54.1027,2.0316,2.27,0.3201,5,WTR
8268.0,55.3319,2.0092,2.28,0.3078,5,WTR
8268.5,57.2553,1.9868,2.29,0.2954,5,WTR
8269.0,59.1786,1.9644,2.3,0.3047,5,WTR
8269.5,61.1019,1.9419,2.2867,0.3139,5,WTR
8270.0,58.5587,1.9134,2.2733,0.3232,5,WTR
8270.5,56.0154,1.8848,2.26,0.2954,5,WTR
8271.0,53.4721,1.8562,2.26,0.2677,5,WTR
8271.5,51.676,1.8289,2.26,0.2399,5,WTR
8272.0,49.8798,1.8016,2.26,0.2519,5,WTR
8272.5,48.0836,1.7743,2.2967,0.2639,5,WTR
8273.0,51.7713,1.8302,2.3333,0.2758,5,WTR
8273.5,55.4591,1.886,2.37,0.2841,5,WTR
8274.0,59.1468,1.9419,2.36,0.2924,5,WTR
8274.5,57.2553,2.0701,2.35,0.3007,5,WTR
8275.0,55.3637,2.1982,2.34,0.309,0,Non-SST
8275.5,53.4721,2.3263,2.33,0.3076,0,Non-SST
8276.0,49.9752,2.4798,2.3067,0.3061,5,WTR
8276.5,46.4782,2.6333,2.2833,0.3046,5,WTR
8277.0,42.9812,2.7868,2.26,0.2971,5,WTR
8277.5,46.5418,3.0758,2.2867,0.2897,5,WTR
8278.0,50.1023,3.3648,2.3133,0.2822,5,WTR
8278.5,53.6629,3.6538,2.34,0.2791,5,WTR
8279.0,57.2235,4.1065,2.35,0.2842,0,Non-SST
8279.5,58.5163,4.5592,2.36,0.2886,0,Non-SST
8280.0,59.8091,5.0119,2.37,0.2929,0,Non-SST
8280.5,61.1019,5.2487,2.3167,0.2972,0,Non-SST
8281.0,55.618,5.4855,2.2633,0.2879,5,WTR
8281.5,50.1341,5.8474,2.21,0.2957,5,WTR
8282.0,44.6502,6.2093,2.22,0.3111,5,WTR
8282.5,43.5481,6.5712,2.23,0.3266,5,WTR
8283.0,42.446,6.0284,2.24,0.342,0,Non-SST
8283.5,41.344,5.4855,2.2433,0.3379,0,Non-SST
8284.0,40.8088,4.7423,2.2467,0.334,0,Non-SST
8284.5,40.2737,3.9991,2.25,0.3221,0,Non-SST
8285.0,39.7385,3.6379,2.28,0.3119,0,Non-SST
8285.5,42.5202,3.2767,2.31,0.304,0,Non-SST
8286.0,45.3019,2.9155,2.34,0.2961,0,Non-SST
8286.5,48.0836,2.7896,2.335,0.2881,5,WTR
8287.0,45.8371,2.6637,2.33,0.2887,5,WTR
8287.5,43.5905,2.453,2.2933,0.2887,5,WTR
8288.0,41.344,2.2423,2.2567,0.2858,5,WTR
8288.5,40.2843,2.0316,2.22,0.2829,5,WTR
8289.0,39.2246,1.9439,2.24,0.28,5,WTR
8289.5,38.1649,1.8562,2.26,0.2694,5,WTR
8290.0,44.9045,1.8289,2.2867,0.2612,5,WTR
8290.5,51.6442,1.8016,2.3133,0.273,5,WTR
8291.0,55.4591,1.7743,2.34,0.2849,5,WTR
8291.5,59.274,1.8152,2.35,0.2967,5,WTR
8292.0,63.0889,1.8562,2.36,0.3105,0,Non-SST
8292.5,62.0954,1.8562,2.3567,0.327,0,Non-SST
8293.0,61.1019,1.8562,2.3533,0.2997,0,Non-SST
8293.5,54.5159,1.8848,2.35,0.2769,5,WTR
8294.0,47.93,1.9134,2.325,0.2859,5,WTR
8294.5,41.344,1.9419,2.3,0.2949,5,WTR
8295.0,39.7544,2.0828,2.28,0.3039,0,Non-SST
8295.5,38.1649,2.2236,2.26,0.2996,5,WTR
8296.0,39.7703,2.4113,2.29,0.2934,5,WTR
8296.5,41.3757,2.599,2.32,0.308,0,Non-SST
8297.0,42.9812,2.7868,2.35,0.3226,0,Non-SST
8297.5,51.064,3.7887,1.935,0.3372,0,Non-SST
8298.0,59.1468,4.7906,1.52,0.6742,0,Non-SST
8298.5,47.0822,14.3215,1.4367,1.3,0,Non-SST
8299.0,35.0176,23.8524,1.3533,1.1314,0,Non-SST
8299.5,22.953,33.3833,1.27,0.9627,0,Non-SST
8300.0,12.4382,40.6448,1.24,0.7941,0,Non-SST
8300.5,1.9233,47.9063,1.21,0.8205,0,Non-SST
8301.0,5.5395,43.5792,1.22,0.8363,0,Non-SST
8301.5,9.1558,39.2521,1.23,0.7929,0,Non-SST
8302.0,15.0106,34.9251,1.24,0.7494,0,Non-SST
8302.5,20.8654,35.7315,1.575,0.7059,0,Non-SST
8303.0,26.7202,36.538,1.91,0.3913,0,Non-SST
8303.5,50.1103,25.4223,2.1,0.2743,5,WTR
8304.0,73.5004,14.3067,2.29,0.3003,0,Non-SST
8304.5,78.0147,3.191,2.48,0.3262,0,Non-SST
8305.0,82.529,2.9274,2.495,0.3523,0,Non-SST
8305.5,87.0433,2.6637,2.51,0.3241,0,Non-SST
8306.0,84.7225,2.6637,2.5,0.3022,0,Non-SST
8306.5,82.4018,2.6637,2.49,0.3173,0,Non-SST
8307.0,84.7384,2.6637,2.44,0.3323,0,Non-SST
8307.5,87.075,2.26,2.39,0.3474,0,Non-SST
8308.0,89.4117,1.8562,2.34,0.4244,0,Non-SST
8308.5,87.0591,2.0129,2.41,0.4838,0,Non-SST
8309.0,84.7066,2.1696,2.48,0.431,0,Non-SST
8309.5,89.4753,2.3263,2.4567,0.3781,0,Non-SST
8310.0,94.2439,2.3263,2.4333,0.3253,0,Non-SST
8310.5,89.5388,2.3263,2.41,0.3562,0,Non-SST
8311.0,84.8338,2.6145,2.47,0.3812,0,Non-SST
8311.5,80.1288,2.9027,2.53,0.3535,0,Non-SST
8312.0,77.9034,3.191,2.59,0.3258,0,Non-SST
8312.5,75.678,3.2647,2.54,0.298,0,Non-SST
8313.0,75.678,3.3383,2.49,0.305,0,Non-SST
8313.5,75.678,3.2422,2.48,0.3065,0,Non-SST
8314.0,75.678,3.1462,2.47,0.3228,0,Non-SST
8314.5,78.6876,3.0501,2.46,0.3392,0,Non-SST
8315.0,81.6971,2.7419,2.445,0.3556,0,Non-SST
8315.5,84.7066,2.4337,2.43,0.343,0,Non-SST
8316.0,87.0591,2.4337,2.4867,0.3289,0,Non-SST
8316.5,89.4117,2.4337,2.5433,0.3622,0,Non-SST
8317.0,87.8433,2.4337,2.6,0.3759,0,Non-SST
8317.5,86.275,2.2796,2.62,0.373,0,Non-SST
8318.0,84.7066,2.1254,2.64,0.3701,0,Non-SST
8318.5,84.7066,2.2259,2.5533,0.3672,0,Non-SST
8319.0,84.7066,2.3263,2.4667,0.3713,0,Non-SST
8319.5,83.9383,2.3996,2.38,0.4157,0,Non-SST
8320.0,83.1701,2.4729,2.445,0.3849,0,Non-SST
8320.5,82.4018,2.5461,2.51,0.3541,0,Non-SST
8321.0,87.1068,2.5461,2.455,0.3233,0,Non-SST
8321.5,91.8119,2.5461,2.4,0.3752,0,Non-SST
8322.0,99.3463,2.5087,2.4033,0.4321,0,Non-SST
8322.5,106.8807,2.4712,2.4067,0.4108,0,Non-SST
8323.0,106.0171,2.4337,2.41,0.3894,0,Non-SST
8323.5,105.1534,2.38,2.4,0.3681,0,Non-SST
8324.0,104.2898,2.3263,2.39,0.3977,0,Non-SST
8324.5,99.2668,2.3263,2.4,0.4291,0,Non-SST
8325.0,94.2439,2.3263,2.41,0.3771,0,Non-SST
8325.5,94.2439,2.3263,2.42,0.3314,0,Non-SST
8326.0,94.2439,2.4362,2.425,0.3306,0,Non-SST
8326.5,94.2439,2.5461,2.43,0.3298,0,Non-SST
8327.0,94.2439,2.5461,2.46,0.3289,0,Non-SST
8327.5,94.2439,2.5461,2.49,0.3134,0,Non-SST
8328.0,88.7917,2.6692,2.52,0.2954,0,Non-SST
8328.5,83.3396,2.7924,2.54,0.2514,0,Non-SST
8329.0,77.8875,2.9155,2.56,0.2218,0,Non-SST
8329.5,71.4975,2.9828,2.5467,0.2334,0,Non-SST
8330.0,65.1076,3.0501,2.5333,0.2201,0,Non-SST
8330.5,62.4795,3.0501,2.52,0.2208,0,Non-SST
8331.0,59.8515,3.0501,2.44,0.2362,0,Non-SST
8331.5,57.2235,3.0052,2.36,0.2516,5,WTR
8332.0,61.1655,2.9603,2.435,0.267,0,Non-SST
8332.5,65.1076,2.9155,2.51,0.2704,0,Non-SST
8333.0,73.2089,2.5205,2.48,0.2828,0,Non-SST
8333.5,81.3103,2.1254,2.45,0.3399,0,Non-SST
8334.0,89.4117,2.0643,2.42,0.4352,0,Non-SST
8334.5,95.5711,2.0031,2.435,0.4328,0,Non-SST
8335.0,101.7306,1.9419,2.45,0.4304,0,Non-SST
8335.5,101.7306,1.9419,2.46,0.428,0,Non-SST
8336.0,101.7306,1.9419,2.47,0.4231,0,Non-SST
8336.5,100.8882,1.886,2.4467,0.42,0,Non-SST
8337.0,100.0457,1.8302,2.4233,0.436,0,Non-SST
8337.5,99.2032,1.7743,2.4,0.452,0,Non-SST
8338.0,97.9554,1.7293,2.415,0.4681,0,Non-SST
8338.5,96.7077,1.6844,2.43,0.4347,0,Non-SST
8339.0,93.0636,1.6394,2.4367,0.4075,0,Non-SST
8339.5,89.4196,1.5945,2.4433,0.3847,0,Non-SST
8340.0,96.7077,1.5495,2.45,0.3613,0,Non-SST
8340.5,94.2598,1.5853,2.44,0.3693,0,Non-SST
8341.0,91.8119,1.6211,2.43,0.3774,0,Non-SST
8341.5,89.4276,1.6585,2.4533,0.3855,0,Non-SST
8342.0,87.0433,1.696,2.4767,0.3855,0,Non-SST
8342.5,83.9913,1.8078,2.5,0.3752,0,Non-SST
8343.0,80.9394,1.9197,2.615,0.358,0,Non-SST
8343.5,77.8875,2.0316,2.73,0.3408,0,Non-SST
8344.0,79.0081,2.0785,2.66,0.3236,0,Non-SST
8344.5,80.1288,2.1254,2.59,0.3322,0,Non-SST
8345.0,77.9193,2.2282,2.5533,0.3322,0,Non-SST
8345.5,75.7098,2.331,2.5167,0.3483,0,Non-SST
8346.0,73.5004,2.4337,2.48,0.3645,0,Non-SST
8346.5,81.456,2.3287,2.465,0.3806,0,Non-SST
8347.0,89.4117,2.2236,2.45,0.3869,0,Non-SST
8347.5,90.3781,1.9543,2.44,0.3913,0,Non-SST
8348.0,91.3446,1.685,2.43,0.4035,0,Non-SST
8348.5,92.311,1.4157,2.42,0.4157,0,Non-SST
8349.0,93.2774,1.3261,2.44,0.4279,0,Non-SST
8349.5,94.2439,1.2364,2.46,0.4183,0,Non-SST
8350.0,91.8278,1.2091,2.4367,0.4122,0,Non-SST
8350.5,89.4117,1.1818,2.4133,0.4266,0,Non-SST
8351.0,88.6222,1.219,2.39,0.4548,0,Non-SST
8351.5,87.8327,1.2563,2.375,0.467,0,Non-SST
8352.0,87.0433,1.2935,2.36,0.4791,0,Non-SST
8352.5,89.4276,1.4573,2.3267,0.4912,0,Non-SST
8353.0,91.8119,1.6211,2.2933,0.4684,0,Non-SST
8353.5,91.8119,1.728,2.26,0.4655,0,Non-SST
8354.0,91.8119,1.835,2.29,0.448,0,Non-SST
8354.5,91.8119,1.9419,2.32,0.4304,0,Non-SST
8355.0,90.6118,2.0337,2.335,0.4129,0,Non-SST
8355.5,89.4117,2.1254,2.35,0.3875,0,Non-SST
8356.0,87.075,2.2657,2.3533,0.3666,0,Non-SST
8356.5,84.7384,2.4059,2.3567,0.3677,0,Non-SST
8357.0,82.4018,2.5461,2.36,0.3688,0,Non-SST
8357.5,80.1447,2.3358,2.365,0.3699,0,Non-SST
8358.0,77.8875,2.1254,2.37,0.4034,0,Non-SST
8358.5,80.1447,1.9908,2.37,0.4435,0,Non-SST
8359.0,82.4018,1.8562,2.37,0.4295,0,Non-SST
8359.5,87.1704,1.8161,2.37,0.4154,0,Non-SST
8360.0,91.939,1.7761,2.365,0.4014,0,Non-SST
8360.5,96.7077,1.736,2.36,0.4201,0,Non-SST
8361.0,99.2191,1.696,2.36,0.4388,0,Non-SST
8361.5,101.7306,1.6227,2.36,0.4576,0,Non-SST
8362.0,99.235,1.5495,2.36,0.476,0,Non-SST
8362.5,96.7394,1.3657,2.39,0.4888,0,Non-SST
8363.0,94.2439,1.1818,2.42,0.4772,0,Non-SST
8363.5,90.6436,1.4964,2.31,0.4928,0,Non-SST
8364.0,87.0433,1.8109,2.2,0.5046,0,Non-SST
8364.5,81.8137,2.1254,2.1133,0.5164,0,Non-SST
8365.0,76.5841,2.4561,2.0267,0.5282,0,Non-SST
8365.5,71.3545,2.7868,1.94,0.6562,0,Non-SST
8366.0,58.0023,5.9791,1.7267,0.7467,0,Non-SST
8366.5,44.6502,9.1715,1.5133,0.7875,0,Non-SST
8367.0,27.2924,12.3639,1.3,0.8283,0,Non-SST
8367.5,9.9346,21.4325,1.29,0.8691,0,Non-SST
8368.0,6.9622,30.501,1.28,0.8132,0,Non-SST
8368.5,3.9897,46.5736,1.2767,0.7608,0,Non-SST
8369.0,1.0173,62.6462,1.2733,0.7794,0,Non-SST
8369.5,2.3949,78.7188,1.27,0.7981,0,Non-SST
8370.0,3.7725,107.021,1.265,0.8167,0,Non-SST
8370.5,5.1501,135.3233,1.26,0.7924,0,Non-SST
8371.0,4.6097,250.3518,1.2667,0.7679,0,Non-SST
8371.5,4.0692,365.3803,1.2733,0.7538,0,Non-SST
8372.0,4.8322,263.5998,1.28,0.7397,0,Non-SST
8372.5,5.5952,161.8192,1.27,0.7255,0,Non-SST
8373.0,6.3582,60.0387,1.26,0.7741,0,Non-SST
8373.5,12.3666,45.2698,1.33,0.7981,0,Non-SST
8374.0,18.3751,30.501,1.4,0.6862,0,Non-SST
8374.5,34.6361,22.2469,1.7567,0.6167,0,Non-SST
8375.0,50.8971,13.9929,2.1133,0.5841,0,Non-SST
8375.5,67.1581,5.7388,2.47,0.5514,0,Non-SST
8376.0,78.2849,3.5773,2.4,0.5187,0,Non-SST
8376.5,89.4117,1.4157,2.33,0.5153,0,Non-SST
8377.0,89.4117,1.5091,2.3633,0.4988,0,Non-SST
8377.5,89.4117,1.6025,2.3967,0.502,0,Non-SST
8378.0,89.4117,1.696,2.43,0.5051,0,Non-SST
8378.5,93.0597,1.3412,2.445,0.5082,0,Non-SST
8379.0,96.7077,0.9865,2.46,0.4775,0,Non-SST
8379.5,96.7077,1.0343,2.4633,0.45,0,Non-SST
8380.0,96.7077,1.0819,2.4667,0.4475,0,Non-SST
8380.5,95.8864,1.1296,2.47,0.4451,0,Non-SST
8381.0,95.0651,1.2727,2.495,0.4427,0,Non-SST
8381.5,94.2439,1.4157,2.52,0.4294,0,Non-SST
8382.0,90.6436,1.375,2.51,0.421,0,Non-SST
8382.5,87.0433,1.3342,2.5,0.42,0,Non-SST
8383.0,86.2644,1.2935,2.49,0.419,0,Non-SST
8383.5,85.4855,1.3546,2.48,0.418,0,Non-SST
8384.0,84.7066,1.4157,2.47,0.4148,0,Non-SST
8384.5,84.7066,1.4484,2.4867,0.4101,0,Non-SST
8385.0,84.7066,1.4811,2.5033,0.4008,0,Non-SST
8385.5,85.4855,1.4186,2.52,0.3842,0,Non-SST
8386.0,86.2644,1.356,2.475,0.3959,0,Non-SST
8386.5,87.0433,1.2935,2.43,0.4076,0,Non-SST
8387.0,85.8749,1.2935,2.435,0.4193,0,Non-SST
8387.5,84.7066,1.2935,2.44,0.4234,0,Non-SST
8388.0,86.275,1.3134,2.4533,0.4284,0,Non-SST
8388.5,87.8433,1.3333,2.4667,0.4367,0,Non-SST
8389.0,89.4117,1.3532,2.48,0.4449,0,Non-SST
8389.5,88.2275,1.3741,2.48,0.4532,0,Non-SST
8390.0,87.0433,1.3949,2.48,0.4529,0,Non-SST
8390.5,91.8755,1.4157,2.4767,0.4526,0,Non-SST
8391.0,96.7077,1.4484,2.4733,0.4523,0,Non-SST
8391.5,95.8864,1.4811,2.47,0.4821,0,Non-SST
8392.0,95.0651,1.4811,2.475,0.5088,0,Non-SST
8392.5,94.2439,1.4811,2.48,0.4833,0,Non-SST
8393.0,88.3228,1.4811,2.4533,0.4579,0,Non-SST
8393.5,82.4018,1.6277,2.4267,0.4324,0,Non-SST
8394.0,85.5385,1.7743,2.4,0.4505,0,Non-SST
8394.5,88.6752,2.0708,2.405,0.4534,0,Non-SST
8395.0,91.8119,2.3672,2.41,0.5616,0,Non-SST
8395.5,84.8497,2.6637,2.0967,0.7228,0,Non-SST
8396.0,77.8875,8.098,1.7833,0.7757,0,Non-SST
8396.5,68.541,13.5323,1.47,0.8286,0,Non-SST
8397.0,59.1945,17.8842,1.4133,0.8815,0,Non-SST
8397.5,49.848,22.2361,1.3567,0.8945,0,Non-SST
8398.0,37.0125,20.4772,1.3,0.9936,0,Non-SST
8398.5,24.1769,18.7183,1.295,0.9645,0,Non-SST
8399.0,25.4644,16.9594,1.29,0.9355,0,Non-SST
8399.5,26.752,20.1112,1.52,0.9064,0,Non-SST
8400.0,28.0395,23.2631,1.75,0.662,0,Non-SST
8400.5,43.1931,16.2841,1.7663,0.5586,0,Non-SST
8401.0,58.3467,9.3052,1.7825,0.6265,0,Non-SST
8401.5,73.5004,2.3263,1.7988,0.6944,0,Non-SST
8402.0,77.9511,5.0991,1.815,0.7623,0,Non-SST
8402.5,82.4018,7.8719,1.37,0.9558,0,Non-SST
8403.0,65.2427,10.185,1.3733,0.9651,0,Non-SST
8403.5,48.0836,12.498,1.3767,0.9959,0,Non-SST
8404.0,41.4022,14.8111,1.38,1.0231,0,Non-SST
8404.5,34.7209,32.4649,1.365,1.0187,0,Non-SST
8405.0,28.0395,50.1187,1.35,1.0143,0,Non-SST
8405.5,28.0395,37.2281,1.3467,1.01,0,Non-SST
8406.0,28.0395,24.3374,1.3433,0.8775,0,Non-SST
8406.5,34.1433,32.9312,1.34,0.78,0,Non-SST
8407.0,40.2472,41.525,1.725,0.6638,0,Non-SST
8407.5,46.351,50.1187,2.11,0.5475,0,Non-SST
8408.0,61.0145,26.6548,2.2233,0.4313,0,Non-SST
8408.5,75.678,3.191,2.3367,0.4313,0,Non-SST
8409.0,81.056,2.746,2.45,0.3772,0,Non-SST
8409.5,86.4339,2.3011,2.4,0.3999,0,Non-SST
8410.0,91.8119,1.8562,2.35,0.4225,0,Non-SST
8410.5,91.8119,1.7761,2.43,0.4452,0,Non-SST
8411.0,91.8119,1.696,2.51,0.3698,0,Non-SST
8411.5,93.4438,1.8718,2.5,0.3222,0,Non-SST
8412.0,95.0757,2.0477,2.49,0.3263,0,Non-SST
8412.5,96.7077,2.2236,2.48,0.3305,0,Non-SST
8413.0,89.5547,2.275,2.48,0.3346,0,Non-SST
8413.5,82.4018,2.3263,2.48,0.2945,0,Non-SST
8414.0,75.8211,2.4388,2.4667,0.2625,0,Non-SST
8414.5,69.2404,2.5513,2.4533,0.2739,0,Non-SST
8415.0,69.9451,2.6637,2.44,0.2852,0,Non-SST
8415.5,70.6498,2.7252,2.47,0.2965,0,Non-SST
8416.0,71.3545,2.7868,2.5,0.2871,0,Non-SST
8416.5,69.2563,2.8745,2.5133,0.2812,0,Non-SST
8417.0,67.1581,2.9623,2.5267,0.2901,0,Non-SST
8417.5,70.7346,3.0501,2.54,0.2952,0,Non-SST
8418.0,74.311,2.8569,2.495,0.2916,0,Non-SST
8418.5,77.8875,2.6637,2.45,0.2879,0,Non-SST
8419.0,72.5228,3.001,2.4933,0.2842,0,Non-SST
8419.5,67.1581,3.3383,2.5367,0.285,0,Non-SST
8420.0,70.7346,2.886,2.58,0.2727,0,Non-SST
8420.5,74.311,2.4337,2.52,0.29,0,Non-SST
8421.0,77.8875,2.2796,2.46,0.3098,0,Non-SST
8421.5,83.6496,2.1254,2.475,0.3353,0,Non-SST
8422.0,89.4117,2.0357,2.49,0.3661,0,Non-SST
8422.5,90.2117,1.946,2.47,0.4087,0,Non-SST
8423.0,91.0118,1.8562,2.45,0.4505,0,Non-SST
8423.5,91.8119,1.9439,2.43,0.4459,0,Non-SST
8424.0,91.8119,2.0316,2.45,0.4265,0,Non-SST
8424.5,91.8119,2.0316,2.47,0.4326,0,Non-SST
8425.0,91.8119,1.9439,2.4733,0.3945,0,Non-SST
8425.5,91.8119,1.8562,2.4767,0.3772,0,Non-SST
8426.0,85.708,2.145,2.48,0.3807,0,Non-SST
8426.5,79.6042,2.4337,2.475,0.3841,0,Non-SST
8427.0,73.5004,2.6746,2.47,0.3875,0,Non-SST
8427.5,73.5004,2.9155,2.465,0.3627,0,Non-SST
8428.0,73.5004,3.1078,2.46,0.3405,0,Non-SST
8428.5,67.4442,3.3002,2.36,0.3395,0,Non-SST
8429.0,61.3881,3.4925,2.26,0.3384,0,Non-SST
8429.5,55.3319,4.6157,2.28,0.3374,5,WTR
8430.0,48.3379,5.7388,2.2925,0.3091,5,WTR
8430.5,41.344,5.6544,2.2925,0.2864,5,WTR
8431.0,37.4893,5.5699,2.2919,0.2757,5,WTR
8431.5,33.6347,5.4855,2.2912,0.265,5,WTR
8432.0,30.8371,6.5049,2.2906,0.2542,5,WTR
8432.5,28.0395,7.5244,2.29,0.2509,5,WTR
8433.0,26.7361,7.8799,2.2667,0.2474,5,WTR
8433.5,25.4326,8.2354,2.2433,0.2399,5,WTR
8434.0,25.8883,8.3622,2.22,0.2385,5,WTR
8434.5,26.344,8.489,2.205,0.2352,5,WTR
8435.0,22.953,8.6158,2.19,0.2319,5,WTR
8435.5,22.3569,8.6158,2.2,0.2286,5,WTR
8436.0,21.7608,8.6158,2.21,0.2232,5,WTR
8436.5,20.9978,8.7484,2.2033,0.2187,5,WTR
8437.0,20.2348,8.881,2.1967,0.2177,5,WTR
8437.5,19.4719,9.0137,2.19,0.2166,5,WTR
8438.0,21.2124,9.0137,2.235,0.2156,5,WTR
8438.5,22.953,9.0137,2.28,0.2208,5,WTR
8439.0,31.3457,8.6331,2.2933,0.2298,5,WTR
8439.5,39.7385,8.2525,2.3067,0.2305,5,WTR
8440.0,45.5668,7.8719,2.32,0.2312,5,WTR
8440.5,51.3951,6.8054,2.4,0.2319,5,WTR
8441.0,57.2235,5.7388,2.48,0.2528,0,Non-SST
8441.5,68.6761,4.7548,2.48,0.2887,0,Non-SST
8442.0,80.1288,3.7708,2.48,0.3204,0,Non-SST
8442.5,83.2231,2.7868,2.48,0.3583,0,Non-SST
8443.0,86.3174,2.4561,2.505,0.3654,0,Non-SST
8443.5,89.4117,2.1254,2.53,0.3725,0,Non-SST
8444.0,93.0597,2.1254,2.5067,0.3796,0,Non-SST
8444.5,96.7077,2.1254,2.4833,0.4014,0,Non-SST
8445.0,95.0757,2.2657,2.46,0.4378,0,Non-SST
8445.5,93.4438,2.4059,2.455,0.4216,0,Non-SST
8446.0,91.8119,2.5461,2.45,0.4055,0,Non-SST
8446.5,90.6118,2.5461,2.47,0.3893,0,Non-SST
8447.0,89.4117,2.5461,2.49,0.3891,0,Non-SST
8447.5,87.8433,2.4729,2.4833,0.3919,0,Non-SST
8448.0,86.275,2.3996,2.4767,0.3928,0,Non-SST
8448.5,84.7066,2.3263,2.47,0.3968,0,Non-SST
8449.0,83.5542,2.1254,2.585,0.3626,0,Non-SST
8449.5,82.4018,2.2259,2.7,0.3324,0,Non-SST
8450.0,85.9067,2.3263,2.6567,0.3368,0,Non-SST
8450.5,89.4117,2.3621,2.6133,0.3412,0,Non-SST
8451.0,87.1643,2.3979,2.57,0.3457,0,Non-SST
8451.5,84.917,2.4337,2.57,0.3386,0,Non-SST
8452.0,82.6697,2.5514,2.57,0.3315,0,Non-SST
8452.5,78.2045,2.6691,2.5767,0.3244,0,Non-SST
8453.0,73.7393,2.7868,2.5833,0.3547,0,Non-SST
8453.5,76.7161,2.6665,2.59,0.3858,0,Non-SST
8454.0,79.6929,2.5461,2.475,0.4575,0,Non-SST
8454.5,82.6697,2.6263,2.325,0.5515,0,Non-SST
8455.0,83.8259,2.7065,2.325,0.5205,0,Non-SST
8455.5,84.982,2.7868,2.3233,0.4895,0,Non-SST
8456.0,88.1714,2.9889,2.3217,0.4586,0,Non-SST
8456.5,91.3609,3.191,2.32,0.4486,0,Non-SST
8457.0,94.5503,3.144,2.3633,0.4382,0,Non-SST
8457.5,91.3609,3.097,2.4067,0.4155,0,Non-SST
8458.0,88.1714,3.0501,2.45,0.3927,0,Non-SST
8458.5,84.982,2.8569,2.465,0.37,0,Non-SST
8459.0,79.8099,2.6637,2.48,0.3528,0,Non-SST
8459.5,74.6377,2.6637,2.4833,0.3397,0,Non-SST
8460.0,69.4655,2.6637,2.4867,0.3252,0,Non-SST
8460.5,69.4655,2.6637,2.49,0.3107,0,Non-SST
8461.0,69.4655,2.6637,2.475,0.2962,0,Non-SST
8461.5,69.4655,2.6637,2.46,0.2973,0,Non-SST
8462.0,68.421,2.6637,2.4533,0.2968,0,Non-SST
8462.5,67.3764,2.6637,2.4467,0.258,0,Non-SST
8463.0,65.3512,2.7047,2.44,0.2283,0,Non-SST
8463.5,63.3259,2.7457,2.43,0.2372,5,WTR
8464.0,61.3006,2.7868,2.42,0.246,5,WTR
8464.5,62.2973,2.8511,2.44,0.2549,0,Non-SST
8465.0,63.294,2.9155,2.46,0.2636,0,Non-SST
8465.5,62.6295,2.9603,2.4433,0.275,0,Non-SST
8466.0,61.9651,3.0052,2.4267,0.283,0,Non-SST
8466.5,61.3006,3.0501,2.41,0.2909,0,Non-SST
8467.0,62.2973,3.6169,2.425,0.2989,0,Non-SST
8467.5,63.294,4.1838,2.44,0.295,0,Non-SST
8468.0,66.3798,3.8059,2.4533,0.2928,0,Non-SST
8468.5,69.4655,3.428,2.4667,0.2842,0,Non-SST
8469.0,68.7692,3.0501,2.48,0.2757,0,Non-SST
8469.5,68.0728,2.8569,2.455,0.2672,0,Non-SST
8470.0,67.3764,2.6637,2.43,0.2744,0,Non-SST
8470.5,72.7586,2.6049,2.4333,0.2813,0,Non-SST
8471.0,78.1407,2.5461,2.4367,0.2995,0,Non-SST
8471.5,79.6504,2.4899,2.44,0.3359,0,Non-SST
8472.0,81.16,2.4337,2.445,0.3353,0,Non-SST
8472.5,82.6697,2.38,2.45,0.3383,0,Non-SST
8473.0,80.4052,2.3263,2.45,0.3413,0,Non-SST
8473.5,78.1407,2.275,2.45,0.3443,0,Non-SST
8474.0,78.1407,2.2236,2.45,0.3378,0,Non-SST
8474.5,78.1407,2.275,2.455,0.331,0,Non-SST
8475.0,78.1407,2.3263,2.46,0.3327,0,Non-SST
8475.5,78.1407,2.2921,2.445,0.3369,0,Non-SST
8476.0,78.1407,2.2578,2.43,0.3462,0,Non-SST
8476.5,77.4018,2.2236,2.44,0.3526,0,Non-SST
8477.0,76.663,2.2236,2.45,0.3458,0,Non-SST
8477.5,75.9241,2.2236,2.44,0.3389,0,Non-SST
8478.0,79.2969,2.2236,2.43,0.3321,0,Non-SST
8478.5,82.6697,2.2236,2.435,0.351,0,Non-SST
8479.0,81.5295,2.275,2.44,0.3716,0,Non-SST
8479.5,80.3893,2.3263,2.56,0.3675,0,Non-SST
8480.0,81.9202,2.3263,2.68,0.3634,0,Non-SST
8480.5,83.4511,2.3263,2.8,0.3635,0,Non-SST
8481.0,84.982,2.3263,2.62,0.3635,0,Non-SST
8481.5,83.8259,2.3263,2.44,0.3635,0,Non-SST
8482.0,82.6697,2.3263,2.47,0.3591,0,Non-SST
8482.5,75.9241,2.2921,2.5,0.3547,0,Non-SST
8483.0,78.1726,2.2578,2.5,0.3503,0,Non-SST
8483.5,80.4212,2.2236,2.5,0.3541,0,Non-SST
8484.0,82.6697,2.1909,2.495,0.3588,0,Non-SST
8484.5,81.5295,2.1582,2.49,0.3609,0,Non-SST
8485.0,80.3893,2.1254,2.4767,0.3631,0,Non-SST
8485.5,81.5295,1.9499,2.4633,0.3653,0,Non-SST
8486.0,82.6697,1.7743,2.45,0.3879,0,Non-SST
8486.5,83.8259,1.86,2.455,0.4053,0,Non-SST
8487.0,84.982,1.9458,2.46,0.4141,0,Non-SST
8487.5,87.3422,2.0316,2.4333,0.4229,0,Non-SST
8488.0,89.7024,1.8638,2.4067,0.4317,0,Non-SST
8488.5,88.9103,1.696,2.38,0.4555,0,Non-SST
8489.0,88.1183,1.7761,2.3767,0.4657,0,Non-SST
8489.5,87.3263,1.8562,2.3733,0.5656,0,Non-SST
8490.0,77.3513,8.0096,2.37,0.7118,0,Non-SST
8490.5,67.3764,14.1629,1.865,0.8212,0,Non-SST
8491.0,57.165,20.3162,1.36,0.9307,0,Non-SST
8491.5,46.9535,29.2708,1.3533,1.0401,0,Non-SST
8492.0,36.7421,38.2255,1.3467,0.944,0,Non-SST
8492.5,33.8716,74.8541,1.34,0.8735,0,Non-SST
8493.0,31.0011,111.4827,1.295,0.9027,0,Non-SST
8493.5,28.1307,148.1113,1.25,0.9319,0,Non-SST
8494.0,22.2302,185.2362,1.255,0.9611,0,Non-SST
8494.5,16.3298,222.3611,1.26,0.9016,0,Non-SST
8495.0,15.9949,184.2332,1.2633,0.8513,0,Non-SST
8495.5,15.66,146.1054,1.2667,0.8289,0,Non-SST
8496.0,15.3251,107.9775,1.27,0.8064,0,Non-SST
8496.5,17.9963,76.8845,1.375,0.7839,0,Non-SST
8497.0,20.6674,45.7914,1.48,0.6318,0,Non-SST
8497.5,32.7314,48.8126,1.7767,0.5461,0,Non-SST
8498.0,44.7954,51.8338,2.0733,0.4988,0,Non-SST
8498.5,53.0187,54.8549,2.37,0.4514,0,Non-SST
8499.0,61.2421,28.8852,2.34,0.404,0,Non-SST
8499.5,69.4655,2.9155,2.31,0.3877,0,Non-SST
8500.0,72.6948,3.0532,2.2933,0.3708,0,Non-SST
8500.5,75.9241,3.191,2.2767,0.3877,0,Non-SST
8501.0,78.9434,3.3452,2.26,0.4141,0,Non-SST
8501.5,81.9627,3.4995,2.34,0.3827,0,Non-SST
8502.0,84.982,3.6538,2.42,0.3513,0,Non-SST
8502.5,83.8259,3.4961,2.43,0.3199,0,Non-SST
8503.0,82.6697,3.3383,2.44,0.3256,0,Non-SST
8503.5,81.16,3.2422,2.4667,0.3328,0,Non-SST
8504.0,79.6504,3.1462,2.4933,0.3392,0,Non-SST
8504.5,78.1407,3.0501,2.52,0.3455,0,Non-SST
8505.0,73.8031,3.1205,2.485,0.3518,0,Non-SST
8505.5,69.4655,3.191,2.45,0.3372,0,Non-SST
8506.0,69.4655,3.2401,2.4567,0.3197,0,Non-SST
8506.5,69.4655,3.2892,2.4633,0.3053,0,Non-SST
8507.0,70.1725,3.3383,2.47,0.2909,0,Non-SST
8507.5,70.8795,3.1942,2.51,0.2765,0,Non-SST
8508.0,71.5865,3.0501,2.55,0.2669,0,Non-SST
8508.5,63.5491,3.097,2.4867,0.2614,0,Non-SST
8509.0,55.5118,3.144,2.4233,0.2677,0,Non-SST
8509.5,51.9397,3.191,2.36,0.2739,5,WTR
8510.0,48.3675,3.191,2.39,0.2801,5,WTR
8510.5,44.7954,3.191,2.42,0.2703,5,WTR
8511.0,46.5177,3.1205,2.3967,0.2638,5,WTR
8511.5,48.2399,3.0501,2.3733,0.2477,5,WTR
8512.0,49.4307,3.097,2.35,0.239,5,WTR
8512.5,50.6214,3.144,2.38,0.2333,5,WTR
8513.0,51.8121,3.191,2.41,0.2275,5,WTR
8513.5,47.4665,3.191,2.3933,0.2218,5,WTR
8514.0,43.1209,3.191,2.3767,0.2173,5,WTR
8514.5,45.4173,3.191,2.36,0.2167,5,WTR
8515.0,47.7137,3.191,2.435,0.2401,5,WTR
8515.5,50.0101,3.191,2.51,0.2634,0,Non-SST
8516.0,58.6933,3.2401,2.48,0.2867,0,Non-SST
8516.5,67.3764,3.2892,2.45,0.2998,0,Non-SST
8517.0,71.7141,3.3383,2.5033,0.313,0,Non-SST
8517.5,76.0517,3.4154,2.5567,0.3262,0,Non-SST
8518.0,80.3893,3.4925,2.61,0.0328,0,Non-SST
8518.5,81.5295,3.5732,2.575,0.005,0,Non-SST
8519.0,82.6697,3.6538,2.54,0.0314,0,Non-SST
8519.5,78.2045,3.6538,2.5233,0.327,0,Non-SST
8520.0,73.7393,3.6538,2.5067,0.3247,0,Non-SST
8520.5,73.0217,3.4961,2.49,0.3214,0,Non-SST
8521.0,72.3041,3.3383,2.385,0.318,0,Non-SST
8521.5,71.5865,5.1065,2.28,0.3147,0,Non-SST
8522.0,61.6993,6.8747,2.28,0.2854,0,Non-SST
8522.5,51.8121,7.5877,2.28,0.2604,5,WTR
8523.0,47.8306,8.3007,2.28,0.2631,5,WTR
8523.5,43.8492,9.0137,2.24,0.2658,5,WTR
8524.0,39.8677,11.273,2.2,0.2685,5,WTR
8524.5,37.5474,13.5323,2.16,0.2774,5,WTR
8525.0,35.2271,12.787,2.16,0.2745,5,WTR
8525.5,32.8616,12.0417,2.17,0.2697,5,WTR
8526.0,30.4961,11.2964,2.18,0.2648,5,WTR
8526.5,28.1307,10.5809,2.19,0.2599,5,WTR
8527.0,28.1307,9.8655,2.2,0.2545,5,WTR
8527.5,28.1307,10.0933,2.1767,0.2529,5,WTR
8528.0,28.1307,10.3211,2.1533,0.2555,5,WTR
8528.5,27.0662,10.024,2.13,0.2647,5,WTR
8529.0,26.0017,9.727,2.24,0.2562,5,WTR
8529.5,36.7421,9.43,2.35,0.2476,5,WTR
8530.0,41.6219,8.1523,2.395,0.2391,5,WTR
8530.5,46.5017,6.8747,2.44,0.2306,5,WTR
8531.0,50.1376,6.5844,2.4233,0.226,5,WTR
8531.5,53.7736,6.2941,2.4067,0.233,5,WTR
8532.0,57.4095,6.0039,2.39,0.24,0,Non-SST
8532.5,61.3644,5.5079,2.42,0.247,0,Non-SST
8533.0,65.3193,5.0119,2.45,0.2519,0,Non-SST
8533.5,62.6827,5.089,2.4033,0.2599,0,Non-SST
8534.0,60.0461,5.1662,2.3567,0.2633,0,Non-SST
8534.5,57.4095,5.2433,2.31,0.2666,0,Non-SST
8535.0,51.9556,6.059,2.265,0.27,5,WTR
8535.5,46.5017,6.8747,2.22,0.2762,5,WTR
8536.0,42.3953,7.0913,2.2567,0.2781,5,WTR
8536.5,38.289,7.3078,2.2933,0.2679,5,WTR
8537.0,41.0265,7.5244,2.33,0.2577,5,WTR
8537.5,43.7641,7.6981,2.335,0.2475,5,WTR
8538.0,46.5017,7.8719,2.34,0.2457,5,WTR
8538.5,54.8979,6.6787,2.36,0.2443,5,WTR
8539.0,63.294,5.4855,2.38,0.2596,0,Non-SST
8539.5,65.3512,4.99,2.4,0.2707,0,Non-SST
8540.0,67.4083,4.4946,2.445,0.2734,0,Non-SST
8540.5,69.4655,3.9991,2.49,0.2762,0,Non-SST
8541.0,72.6948,3.4573,2.49,0.279,0,Non-SST
8541.5,75.9241,2.9155,2.49,0.3062,0,Non-SST
8542.0,77.4125,2.7549,2.4867,0.3381,0,Non-SST
8542.5,78.9009,2.5943,2.4833,0.323,0,Non-SST
8543.0,80.3893,2.4337,2.48,0.3078,0,Non-SST
8543.5,81.5295,2.38,2.495,0.2927,0,Non-SST
8544.0,82.6697,2.3263,2.51,0.31,0,Non-SST
8544.5,81.5295,2.2921,2.5067,0.331,0,Non-SST
8545.0,80.3893,2.2578,2.5033,0.3273,0,Non-SST
8545.5,79.6398,2.2236,2.5,0.3237,0,Non-SST
8546.0,78.8902,2.2236,2.51,0.32,0,Non-SST
8546.5,78.1407,2.2236,2.52,0.3282,0,Non-SST
8547.0,81.5614,2.1596,2.5,0.3382,0,Non-SST
8547.5,84.982,2.0956,2.48,0.3446,0,Non-SST
8548.0,84.982,2.0316,2.46,0.3509,0,Non-SST
8548.5,84.982,2.0316,2.475,0.3573,0,Non-SST
8549.0,84.982,2.0316,2.49,0.3656,0,Non-SST
8549.5,83.8259,2.0017,2.4767,0.3739,0,Non-SST
8550.0,82.6697,1.9718,2.4633,0.3822,0,Non-SST
8550.5,81.9096,1.9419,2.45,0.3971,0,Non-SST
8551.0,81.1494,1.8991,2.45,0.4063,0,Non-SST
8551.5,80.3893,1.8562,2.45,0.3705,0,Non-SST
8552.0,80.8454,1.8562,2.455,0.3392,0,Non-SST
8552.5,81.3015,1.8562,2.46,0.3582,0,Non-SST
8553.0,81.7575,1.8562,2.4567,0.3773,0,Non-SST
8553.5,82.2136,1.8562,2.4533,0.3964,0,Non-SST
8554.0,82.6697,1.8562,2.45,0.4164,0,Non-SST
8554.5,82.6697,1.8289,2.445,0.4374,0,Non-SST
8555.0,82.6697,1.8016,2.44,0.4355,0,Non-SST
8555.5,86.186,1.7743,2.45,0.4337,0,Non-SST
8556.0,89.7024,1.7743,2.46,0.4318,0,Non-SST
8556.5,88.1289,1.7743,2.47,0.4367,0,Non-SST
8557.0,86.5555,1.7743,2.4833,0.4471,0,Non-SST
8557.5,84.982,1.7743,2.4967,0.4234,0,Non-SST
8558.0,84.982,1.7743,2.51,0.3997,0,Non-SST
8558.5,84.982,1.6977,2.48,0.376,0,Non-SST
8559.0,85.7634,1.6211,2.45,0.3918,0,Non-SST
8559.5,86.5449,1.6211,2.47,0.4038,0,Non-SST
8560.0,87.3263,1.6211,2.49,0.3992,0,Non-SST
8560.5,86.5449,1.5972,2.51,0.3856,0,Non-SST
8561.0,85.7634,1.5734,2.515,0.3988,0,Non-SST
8561.5,84.982,1.5495,2.52,0.412,0,Non-SST
8562.0,84.982,1.5153,2.4767,0.4253,0,Non-SST
8562.5,84.982,1.4811,2.4333,0.4455,0,Non-SST
8563.0,88.1714,1.4593,2.39,0.4927,0,Non-SST
8563.5,91.3609,1.4375,2.42,0.4903,0,Non-SST
8564.0,94.5503,1.4157,2.45,0.4879,0,Non-SST
8564.5,90.9383,1.3546,2.455,0.4855,0,Non-SST
8565.0,87.3263,1.2935,2.46,0.5113,0,Non-SST
8565.5,90.5582,1.2745,2.4633,0.5407,0,Non-SST
8566.0,93.7902,1.2554,2.4667,0.5396,0,Non-SST
8566.5,97.0221,1.2364,2.47,0.5385,0,Non-SST
8567.0,93.3622,1.2091,2.46,0.5374,0,Non-SST
8567.5,89.7024,1.1818,2.45,0.5159,0,Non-SST
8568.0,93.3622,1.1818,2.39,0.4941,0,Non-SST
8568.5,97.0221,1.1818,2.33,0.5152,0,Non-SST
8569.0,97.8567,1.1818,2.27,0.5363,0,Non-SST
8569.5,98.6912,2.116,2.19,0.5574,0,Non-SST
8570.0,99.5258,3.0501,2.11,0.5532,0,Non-SST
8570.5,94.6141,2.6248,2.11,0.5319,0,Non-SST
8571.0,89.7024,2.1995,2.11,0.5876,0,Non-SST
8571.5,80.8996,1.7743,2.11,0.6554,0,Non-SST
8572.0,72.0968,3.6299,1.72,0.711,0,Non-SST
8572.5,63.294,5.4855,1.33,0.7666,0,Non-SST
8573.0,50.018,6.8605,1.3733,0.8222,0,Non-SST
8573.5,36.7421,8.2354,1.4167,0.7573,0,Non-SST
8574.0,42.3767,7.4032,1.46,0.6637,0,Non-SST
8574.5,48.0114,6.571,1.865,0.6053,0,Non-SST
8575.0,53.646,5.7388,2.27,0.5469,0,Non-SST
8575.5,67.0176,4.4649,2.3333,0.4885,0,Non-SST
8576.0,80.3893,3.191,2.3967,0.3777,0,Non-SST
8576.5,81.1494,2.6677,2.46,0.2835,0,Non-SST
8577.0,81.9096,2.1444,2.445,0.292,0,Non-SST
8577.5,82.6697,1.6211,2.43,0.3005,0,Non-SST
8578.0,80.4052,1.7386,2.465,0.309,0,Non-SST
8578.5,78.1407,1.8562,2.5,0.3018,0,Non-SST
8579.0,74.5526,2.0129,2.4933,0.2986,0,Non-SST
8579.5,70.9645,2.1696,2.4867,0.2947,0,Non-SST
8580.0,67.3764,2.3263,2.48,0.2908,0,Non-SST
8580.5,67.3764,2.38,2.5,0.2869,0,Non-SST
8581.0,67.3764,2.4337,2.52,0.294,0,Non-SST
8581.5,66.3479,2.38,2.51,0.3035,0,Non-SST
8582.0,65.3193,2.3263,2.5,0.3052,0,Non-SST
8582.5,67.4083,2.3621,2.49,0.3068,0,Non-SST
8583.0,69.4974,2.3979,2.465,0.3085,0,Non-SST
8583.5,71.5865,2.4337,2.44,0.2915,0,Non-SST
8584.0,71.5865,2.3979,2.4467,0.2746,0,Non-SST
8584.5,71.5865,2.3621,2.4533,0.2577,0,Non-SST
8585.0,72.3041,2.3263,2.46,0.2766,0,Non-SST
8585.5,73.0217,2.2259,2.45,0.3013,0,Non-SST
8586.0,73.7393,2.1254,2.44,0.2836,0,Non-SST
8586.5,69.5293,2.0942,2.435,0.2671,0,Non-SST
8587.0,65.3193,2.0629,2.43,0.2743,0,Non-SST
8587.5,65.3193,2.0316,2.4433,0.2815,0,Non-SST
8588.0,65.3193,2.0785,2.4567,0.2887,0,Non-SST
8588.5,65.3193,2.1254,2.47,0.2786,0,Non-SST
8589.0,68.4529,2.1924,2.4733,0.2729,0,Non-SST
8589.5,71.5865,2.2594,2.4767,0.2867,0,Non-SST
8590.0,71.5865,2.3263,2.48,0.3004,0,Non-SST
8590.5,71.5865,2.3263,2.49,0.3142,0,Non-SST
8591.0,73.0323,2.3263,2.5,0.3022,0,Non-SST
8591.5,74.4782,2.3263,2.49,0.2919,0,Non-SST
8592.0,75.9241,2.3263,2.48,0.2961,0,Non-SST
8592.5,77.4125,2.3263,2.47,0.3003,0,Non-SST
8593.0,78.9009,2.3263,2.48,0.3045,0,Non-SST
8593.5,80.3893,2.3263,2.49,0.2883,0,Non-SST
8594.0,81.5295,2.3263,2.5067,0.274,0,Non-SST
8594.5,82.6697,2.3263,2.5233,0.2797,0,Non-SST
8595.0,79.6929,2.2921,2.54,0.2806,0,Non-SST
8595.5,76.7161,2.2578,2.52,0.2973,0,Non-SST
8596.0,73.7393,2.2236,2.5,0.314,0,Non-SST
8596.5,81.7209,2.1745,2.515,0.3307,0,Non-SST
8597.0,89.7024,2.1254,2.53,0.3289,0,Non-SST
8597.5,89.7024,2.0643,2.51,0.3289,0,Non-SST
8598.0,89.7024,2.0031,2.49,0.3285,0,Non-SST
8598.5,89.7024,1.9419,2.47,0.3281,0,Non-SST
8599.0,87.3422,1.9419,2.47,0.3277,0,Non-SST
8599.5,84.982,1.9419,2.47,0.3533,0,Non-SST
8600.0,86.1541,1.8599,2.46,0.3825,0,Non-SST
8600.5,87.3263,1.7779,2.45,0.3885,0,Non-SST
8601.0,89.7343,1.696,2.44,0.3945,0,Non-SST
8601.5,92.1423,1.8189,2.4,0.4004,0,Non-SST
8602.0,94.5503,1.9419,2.36,0.4508,0,Non-SST
8602.5,95.7862,1.7883,2.3333,0.5017,0,Non-SST
8603.0,97.0221,1.6347,2.3067,0.4985,0,Non-SST
8603.5,97.0221,1.4811,2.28,0.4953,0,Non-SST
8604.0,97.0221,1.7115,2.22,0.4921,0,Non-SST
8604.5,97.0221,1.9419,2.16,0.5548,0,Non-SST
8605.0,97.0221,2.0337,2.16,0.6182,0,Non-SST
8605.5,97.0221,2.1254,2.16,0.5916,0,Non-SST
8606.0,97.0221,2.2282,2.16,0.5649,0,Non-SST
8606.5,97.0221,2.331,2.225,0.5382,0,Non-SST
8607.0,97.0221,2.4337,2.29,0.5266,0,Non-SST
8607.5,100.8255,2.104,2.28,0.5303,0,Non-SST
8608.0,104.6288,1.7743,2.27,0.5149,0,Non-SST
8608.5,102.0933,1.8016,2.2867,0.4984,0,Non-SST
8609.0,99.5577,1.8289,2.3033,0.5128,0,Non-SST
8609.5,97.0221,1.8562,2.32,0.5271,0,Non-SST
8610.0,102.1252,1.8562,2.205,0.5414,0,Non-SST
8610.5,107.2282,1.8562,2.09,0.6491,0,Non-SST
8611.0,99.8128,2.4554,1.86,0.7588,0,Non-SST
8611.5,92.3974,3.0546,1.63,0.8086,0,Non-SST
8612.0,84.982,3.6538,1.4,0.8585,0,Non-SST
8612.5,73.1413,4.298,1.835,0.9083,0,Non-SST
8613.0,61.3006,4.9421,2.27,0.7719,0,Non-SST
8613.5,70.8449,5.5863,2.23,0.6355,0,Non-SST
8614.0,80.3893,3.9563,2.19,0.4991,0,Non-SST
8614.5,85.9335,2.3263,2.15,0.5637,0,Non-SST
8615.0,91.4778,2.1341,2.17,0.6039,0,Non-SST
8615.5,97.0221,1.9419,2.19,0.5991,0,Non-SST
8616.0,94.5662,1.7883,2.23,0.5991,0,Non-SST
8616.5,92.1104,1.6347,2.27,0.5684,0,Non-SST
8617.0,88.9635,1.4811,2.31,0.5378,0,Non-SST
8617.5,85.8166,1.4172,2.41,0.5071,0,Non-SST
8618.0,82.6697,1.3532,2.51,0.3919,0,Non-SST
8618.5,84.998,1.4675,2.4611,0.324,0,Non-SST
8619.0,87.3263,1.5817,2.4122,0.3445,0,Non-SST
8619.5,87.3263,1.696,2.3633,0.3649,0,Non-SST
8620.0,87.3263,1.8638,2.3667,0.3854,0,Non-SST
8620.5,87.3263,2.0316,2.37,0.3637,0,Non-SST
8621.0,88.5143,2.0017,2.4167,0.3444,0,Non-SST
8621.5,89.7024,1.9718,2.4633,0.3215,0,Non-SST
8622.0,88.1289,1.9419,2.51,0.2987,0,Non-SST
8622.5,86.5555,1.9419,2.505,0.2758,0,Non-SST
8623.0,84.982,1.9419,2.5,0.2732,0,Non-SST
8623.5,80.3893,1.9718,2.5067,0.2702,0,Non-SST
8624.0,79.265,2.0017,2.5133,0.2668,0,Non-SST
8624.5,78.1407,2.0316,2.52,0.2634,0,Non-SST
8625.0,75.94,2.179,2.475,0.26,0,Non-SST
8625.5,73.7393,2.3263,2.43,0.2686,0,Non-SST
8626.0,62.7757,2.4362,2.44,0.2729,0,Non-SST
8626.5,51.8121,2.5461,2.45,0.2729,5,WTR
8627.0,54.9749,2.5087,2.46,0.27,0,Non-SST
8627.5,58.1378,2.4712,2.41,0.2729,0,Non-SST
8628.0,61.3006,2.4337,2.36,0.2757,0,Non-SST
8628.5,58.4062,2.38,2.32,0.2786,5,WTR
8629.0,55.5118,2.3263,2.28,0.2917,5,WTR
8629.5,50.834,2.2281,2.2567,0.3012,5,WTR
8630.0,46.1562,2.1298,2.2333,0.2934,5,WTR
8630.5,41.4784,2.0316,2.21,0.2857,5,WTR
8631.0,39.8837,1.9868,2.315,0.278,5,WTR
8631.5,38.289,1.9419,2.42,0.2621,5,WTR
8632.0,39.0783,1.9134,2.3367,0.2568,5,WTR
8632.5,39.8677,1.8848,2.2533,0.2676,5,WTR
8633.0,36.4072,1.8562,2.17,0.2783,5,WTR
8633.5,32.9467,1.7761,2.165,0.2891,5,WTR
8634.0,29.4862,1.696,2.16,0.2921,5,WTR
8634.5,38.863,1.8189,2.2067,0.2946,5,WTR
8635.0,48.2399,1.9419,2.2533,0.2847,5,WTR
8635.5,48.2399,2.0701,2.3,0.2748,5,WTR
8636.0,48.2399,2.1982,2.37,0.2649,5,WTR
8636.5,48.2399,2.3263,2.44,0.2692,5,WTR
8637.0,51.8759,2.4362,2.38,0.287,5,WTR
8637.5,55.5118,2.5461,2.32,0.2903,5,WTR
8638.0,60.1631,2.5853,2.38,0.2872,0,Non-SST
8638.5,64.8143,2.6245,2.44,0.2721,0,Non-SST
8639.0,69.4655,2.6637,2.5,0.2569,0,Non-SST
8639.5,63.4375,2.7896,2.365,0.2418,5,WTR
8640.0,57.4095,2.9155,2.23,0.2562,5,WTR
8640.5,52.0991,2.9155,2.2233,0.2589,5,WTR
8641.0,46.7888,2.9155,2.2167,0.2594,5,WTR
8641.5,41.4784,2.9155,2.21,0.26,5,WTR
8642.0,39.1102,2.8315,2.25,0.2605,5,WTR
8642.5,36.7421,2.7476,2.29,0.2606,5,WTR
8643.0,33.8078,2.6637,2.2667,0.2606,5,WTR
8643.5,30.8736,2.6049,2.2433,0.2607,5,WTR
8644.0,30.8736,2.5461,2.22,0.2752,5,WTR
8644.5,30.8736,2.4386,2.18,0.2881,5,WTR
8645.0,30.8736,2.3311,2.14,0.2895,5,WTR
8645.5,26.9506,2.2236,2.1467,0.2909,5,WTR
8646.0,23.0276,2.1745,2.1533,0.2923,5,WTR
8646.5,23.0276,2.1254,2.16,0.2811,5,WTR
8647.0,23.0276,2.1254,2.155,0.273,5,WTR
8647.5,23.0276,2.1254,2.15,0.2706,5,WTR
8648.0,25.5791,2.1254,2.1667,0.2679,5,WTR
8648.5,28.1307,2.2259,2.1833,0.2679,5,WTR
8649.0,28.5825,2.3263,2.2,0.2681,5,WTR
8649.5,29.0343,2.4362,2.24,0.2682,5,WTR
8650.0,29.4862,2.5461,2.28,0.2518,5,WTR
8650.5,33.8876,2.5853,2.32,0.2272,5,WTR
8651.0,38.289,2.6245,2.28,0.2426,5,WTR
8651.5,33.2018,2.6637,2.24,0.258,5,WTR
8652.0,28.1147,2.6049,2.215,0.2735,5,WTR
8652.5,23.0276,2.5461,2.19,0.2674,5,WTR
8653.0,23.0276,2.5461,2.1667,0.2592,5,WTR
8653.5,23.0276,2.5461,2.1433,0.2587,5,WTR
8654.0,23.0276,2.5461,2.12,0.2581,5,WTR
8654.5,21.2814,2.5461,2.135,0.2575,5,WTR
8655.0,19.5352,2.5461,2.15,0.2476,5,WTR
8655.5,18.985,2.5087,2.1467,0.2394,5,WTR
8656.0,18.4348,2.4712,2.1433,0.2474,5,WTR
8656.5,17.3983,2.4337,2.14,0.2554,5,WTR
8657.0,16.3617,2.4337,2.13,0.2634,5,WTR
8657.5,15.3251,2.4337,2.12,0.2495,5,WTR
8658.0,16.3458,2.4337,2.1167,0.2358,5,WTR
8658.5,17.3664,2.4337,2.1133,0.2484,5,WTR
8659.0,17.3664,2.4712,2.11,0.261,5,WTR
8659.5,17.3664,2.5087,2.145,0.2736,5,WTR
8660.0,17.3664,2.5461,2.18,0.2777,5,WTR
8660.5,20.8109,2.5461,2.19,0.2855,5,WTR
8661.0,24.2555,2.5461,2.2,0.2679,5,WTR
8661.5,30.544,2.6263,2.21,0.2493,5,WTR
8662.0,36.8325,2.7065,2.37,0.2432,5,WTR
8662.5,43.1209,2.7868,2.53,0.2371,0,Non-SST
8663.0,50.2652,2.8511,2.495,0.2311,0,Non-SST
8663.5,57.4095,2.9155,2.46,0.2363,0,Non-SST
8664.0,57.4095,2.9603,2.45,0.2387,0,Non-SST
8664.5,57.4095,3.0052,2.44,0.2463,0,Non-SST
8665.0,57.4095,3.0501,2.43,0.2539,0,Non-SST
8665.5,56.4607,3.0501,2.41,0.2615,0,Non-SST
8666.0,55.5118,3.0501,2.39,0.248,5,WTR
8666.5,56.4607,3.0501,2.4133,0.2341,5,WTR
8667.0,57.4095,3.0501,2.4367,0.2338,0,Non-SST
8667.5,56.155,3.0501,2.46,0.2334,0,Non-SST
8668.0,54.9005,2.9184,2.445,0.2331,5,WTR
8668.5,53.646,2.7868,2.43,0.2319,5,WTR
8669.0,50.0739,2.7868,2.4133,0.2296,5,WTR
8669.5,46.5017,2.7868,2.3967,0.2367,5,WTR
8670.0,48.2718,2.7868,2.38,0.2484,5,WTR
8670.5,50.042,2.7252,2.415,0.2426,5,WTR
8671.0,51.8121,2.6637,2.45,0.2368,5,WTR
8671.5,50.9111,2.6049,2.4433,0.231,5,WTR
8672.0,50.0101,2.5461,2.4367,0.2357,5,WTR
8672.5,51.844,2.5461,2.43,0.2423,5,WTR
8673.0,53.6779,2.5461,2.44,0.2367,5,WTR
8673.5,55.5118,2.5461,2.45,0.2311,5,WTR
8674.0,56.4607,2.5461,2.445,0.2254,5,WTR
8674.5,57.4095,2.5461,2.44,0.2294,5,WTR
8675.0,54.353,2.5461,2.41,0.2334,5,WTR
8675.5,51.2965,2.5461,2.38,0.2374,5,WTR
8676.0,48.2399,2.5461,2.35,0.2501,5,WTR
8676.5,40.2664,2.5461,2.275,0.2623,5,WTR
8677.0,32.2929,2.5461,2.2,0.2592,5,WTR
8677.5,25.914,2.5461,2.1767,0.2562,5,WTR
8678.0,19.5352,2.6049,2.1533,0.2532,5,WTR
8678.5,18.8123,2.6637,2.13,0.2596,5,WTR
8679.0,18.0893,2.5513,2.13,0.2596,5,WTR
8679.5,17.3664,2.4388,2.13,0.2602,5,WTR
8680.0,15.3889,2.3263,2.1267,0.2609,5,WTR
8680.5,13.4115,2.275,2.1233,0.2615,5,WTR
8681.0,13.1085,2.2236,2.12,0.2699,5,WTR
8681.5,12.8055,2.1745,2.12,0.2778,5,WTR
8682.0,12.5025,2.1254,2.12,0.2926,5,WTR
8682.5,13.9138,2.0942,2.12,0.3088,5,WTR
8683.0,15.3251,2.0629,2.145,0.2978,5,WTR
8683.5,16.0056,2.0316,2.17,0.2868,5,WTR
8684.0,16.686,1.903,2.165,0.2759,5,WTR
8684.5,17.3664,1.7743,2.16,0.3158,5,WTR
8685.0,20.5133,1.86,2.1533,0.3657,5,WTR
8685.5,23.6602,1.9458,2.1467,0.3342,5,WTR
8686.0,26.8071,2.0316,2.14,0.3027,5,WTR
8686.5,26.8071,1.9868,2.265,0.2713,5,WTR
8687.0,26.8071,1.9419,2.39,0.2621,5,WTR
8687.5,45.0505,2.1433,2.4,0.2648,5,WTR
8688.0,63.294,2.3447,2.41,0.274,0,Non-SST
8688.5,63.9691,2.5461,2.42,0.2831,0,Non-SST
8689.0,64.6442,2.6665,2.445,0.2922,0,Non-SST
8689.5,65.3193,2.7868,2.47,0.3083,0,Non-SST
8690.0,68.4529,2.7457,2.45,0.3292,0,Non-SST
8690.5,71.5865,2.7047,2.43,0.3361,0,Non-SST
8691.0,65.6063,2.6637,2.41,0.3431,0,Non-SST
8691.5,59.6262,2.5487,2.365,0.35,0,Non-SST
8692.0,53.646,2.4337,2.32,0.3235,5,WTR
8692.5,48.3835,2.1878,2.37,0.2901,5,WTR
8693.0,43.1209,1.9419,2.42,0.2616,5,WTR
8693.5,46.018,2.0031,2.4167,0.2413,5,WTR
8694.0,48.915,2.0643,2.4133,0.2512,5,WTR
8694.5,51.8121,2.1254,2.41,0.2611,5,WTR
8695.0,48.3037,1.8033,2.395,0.2711,5,WTR
8695.5,44.7954,1.4811,2.38,0.287,5,WTR
8696.0,41.1116,1.4593,2.3033,0.3028,5,WTR
8696.5,37.4278,1.4375,2.2267,0.2986,5,WTR
8697.0,33.744,1.4157,2.15,0.2944,5,WTR
8697.5,33.0184,1.595,2.2,0.2902,5,WTR
8698.0,32.2929,1.7743,2.25,0.3034,5,WTR
8698.5,34.5175,1.86,2.23,0.3244,5,WTR
8699.0,36.7421,1.9458,2.21,0.32,5,WTR
8699.5,34.7859,2.0316,2.19,0.3227,5,WTR
8700.0,32.8297,2.1254,2.17,0.3395,5,WTR
8700.5,30.8736,2.0084,2.15,0.3576,5,WTR
8701.0,31.5832,1.8913,2.1867,0.3485,5,WTR
8701.5,32.2929,1.7743,2.2233,0.3394,5,WTR
8702.0,30.9055,1.7351,2.26,0.3303,0,Non-SST
8702.5,29.5181,1.696,2.2,0.3305,5,WTR
8703.0,28.1307,1.4906,2.14,0.3308,5,WTR
8703.5,22.7485,1.2852,2.15,0.3242,5,WTR
8704.0,17.3664,1.0798,2.16,0.3176,5,WTR
8704.5,18.8548,1.1138,2.17,0.3109,5,WTR
8705.0,20.3432,1.1478,2.175,0.316,5,WTR
8705.5,21.8316,1.1818,2.18,0.3211,5,WTR
8706.0,23.0435,1.3657,2.135,0.3262,5,WTR
8706.5,24.2555,1.5495,2.09,0.3186,5,WTR
8707.0,20.6409,1.4935,2.08,0.2995,5,WTR
8707.5,17.0262,1.4375,2.07,0.3027,5,WTR
8708.0,13.4115,1.3954,2.1,0.3001,5,WTR
8708.5,12.957,1.3532,2.13,0.2975,5,WTR
8709.0,12.5025,1.3845,2.16,0.2949,5,WTR
8709.5,13.9138,1.4157,2.145,0.2966,5,WTR
8710.0,15.3251,1.2727,2.13,0.3167,5,WTR
8710.5,18.5784,1.1296,2.1633,0.3368,5,WTR
8711.0,21.8316,1.3396,2.1967,0.3569,5,WTR
8711.5,26.2967,1.5495,2.23,0.3398,5,WTR
8712.0,30.7619,1.5734,2.2372,0.3362,5,WTR
8712.5,35.2271,1.5972,2.2444,0.3399,0,Non-SST
8713.0,39.174,1.6211,2.2517,0.3437,0,Non-SST
8713.5,43.1209,1.7815,2.2517,0.3475,0,Non-SST
8714.0,47.8838,1.9419,2.2981,0.318,5,WTR
8714.5,52.6467,2.0701,2.3444,0.2925,5,WTR
8715.0,57.4095,2.1982,2.3908,0.2937,0,Non-SST
8715.5,60.0461,2.3263,2.4372,0.295,0,Non-SST
8716.0,62.6827,2.495,2.4836,0.2962,0,Non-SST
8716.5,65.3193,2.6637,2.53,0.2688,0,Non-SST
8717.0,63.5751,2.4437,2.4933,0.2698,0,Non-SST
8717.5,61.8308,2.2236,2.4567,0.2811,0,Non-SST
8718.0,59.3391,2.2236,2.42,0.2924,0,Non-SST
8718.5,56.4926,2.2236,2.42,0.3037,0,Non-SST
8719.0,53.646,2.2236,2.42,0.2848,5,WTR
8719.5,57.4733,2.3287,2.4233,0.2677,0,Non-SST
8720.0,61.3006,2.4337,2.4267,0.2621,0,Non-SST
8720.5,62.6402,2.4712,2.43,0.2559,0,Non-SST
8721.0,63.9797,2.5087,2.455,0.2565,0,Non-SST
8721.5,65.3193,2.5461,2.48,0.2572,0,Non-SST
8722.0,65.3193,2.5461,2.425,0.2578,0,Non-SST
8722.5,65.3193,2.5461,2.37,0.2657,0,Non-SST
8723.0,63.3259,2.5853,2.3933,0.2685,0,Non-SST
8723.5,61.3325,2.6245,2.4167,0.2623,0,Non-SST
8724.0,59.3391,2.6637,2.44,0.2562,0,Non-SST
8724.5,58.3743,2.6637,2.39,0.2501,5,WTR
8725.0,57.4095,2.6637,2.34,0.2572,5,WTR
8725.5,59.3551,2.6245,2.34,0.2599,5,WTR
8726.0,61.3006,2.5853,2.34,0.2602,0,Non-SST
8726.5,58.7491,2.5461,2.34,0.2604,5,WTR
8727.0,56.1975,2.4362,2.39,0.2607,5,WTR
8727.5,53.646,2.3263,2.44,0.2492,5,WTR
8728.0,56.4926,2.4362,2.4633,0.2425,0,Non-SST
8728.5,59.3391,2.5461,2.4867,0.2498,0,Non-SST
8729.0,62.0182,2.5461,2.51,0.2571,0,Non-SST
8729.5,64.6973,2.5461,2.455,0.2644,0,Non-SST
8730.0,67.3764,2.5461,2.4,0.2723,0,Non-SST
8730.5,66.3479,2.4899,2.4,0.2749,0,Non-SST
8731.0,65.3193,2.4337,2.4,0.2778,0,Non-SST
8731.5,60.8169,2.331,2.3667,0.2807,0,Non-SST
8732.0,56.3145,2.2282,2.3333,0.2952,0,Non-SST
8732.5,51.8121,2.1254,2.3,0.3098,5,WTR
8733.0,55.5756,1.9107,2.38,0.3243,0,Non-SST
8733.5,59.3391,1.696,2.46,0.3464,0,Non-SST
8734.0,67.116,1.671,2.44,0.3838,0,Non-SST
8734.5,74.8929,1.646,2.42,0.3884,0,Non-SST
8735.0,82.6697,1.6211,2.4,0.3929,0,Non-SST
8735.5,86.186,1.6585,2.415,0.3975,0,Non-SST
8736.0,89.7024,1.696,2.43,0.3875,0,Non-SST
8736.5,87.3422,1.7494,2.4267,0.3801,0,Non-SST
8737.0,84.982,1.8028,2.4233,0.3888,0,Non-SST
8737.5,85.7634,1.8562,2.42,0.3976,0,Non-SST
8738.0,86.5449,1.8562,2.45,0.4063,0,Non-SST
8738.5,87.3263,1.8562,2.48,0.4047,0,Non-SST
8739.0,88.5143,1.8562,2.4567,0.4031,0,Non-SST
8739.5,89.7024,1.8562,2.4333,0.4015,0,Non-SST
8740.0,87.3581,1.8562,2.41,0.4274,0,Non-SST
8740.5,85.0139,1.8289,2.41,0.4428,0,Non-SST
8741.0,82.6697,1.8016,2.41,0.4376,0,Non-SST
8741.5,83.8259,1.7743,2.41,0.4325,0,Non-SST
8742.0,84.982,1.8152,2.41,0.4328,0,Non-SST
8742.5,84.982,1.8562,2.42,0.4331,0,Non-SST
8743.0,84.982,1.8991,2.43,0.4334,0,Non-SST
8743.5,84.982,1.9419,2.44,0.4162,0,Non-SST
8744.0,83.8259,1.9419,2.46,0.4002,0,Non-SST
8744.5,82.6697,1.9419,2.48,0.3938,0,Non-SST
8745.0,84.998,1.9419,2.4567,0.4054,0,Non-SST
8745.5,87.3263,1.8638,2.4333,0.4215,0,Non-SST
8746.0,88.1183,1.819,2.41,0.4493,0,Non-SST
8746.5,88.9103,1.7743,2.3967,0.4132,0,Non-SST
8747.0,89.7024,1.8016,2.3833,0.3816,0,Non-SST
8747.5,86.186,1.8562,2.37,0.4165,0,Non-SST
8748.0,82.6697,1.696,2.375,0.4691,0,Non-SST
8748.5,82.6697,1.7351,2.38,0.4581,0,Non-SST
8749.0,82.6697,1.7743,2.39,0.447,0,Non-SST
8749.5,82.6697,1.7351,2.4,0.4359,0,Non-SST
8750.0,86.6299,1.696,2.41,0.4256,0,Non-SST
8750.5,90.5901,1.7779,2.4,0.4224,0,Non-SST
8751.0,94.5503,1.8599,2.39,0.4164,0,Non-SST
8751.5,92.1263,1.9419,2.3833,0.4105,0,Non-SST
8752.0,89.7024,2.0828,2.3767,0.4045,0,Non-SST
8752.5,86.598,2.2236,2.3467,0.4537,0,Non-SST
8753.0,83.4936,2.3849,2.2433,0.5271,0,Non-SST
8753.5,80.3893,2.5461,1.9533,0.7367,0,Non-SST
8754.0,71.8416,2.2628,1.78,1.0776,0,Non-SST
8754.5,63.294,1.9795,1.865,0.8684,0,Non-SST
8755.0,63.294,1.6962,2.23,0.6592,0,Non-SST
8755.5,69.4655,1.4129,2.315,0.45,0,Non-SST
8756.0,80.3893,1.1296,2.4,0.405,0,Non-SST
8756.5,92.1104,1.4616,2.43,0.3787,0,Non-SST
8757.0,89.7024,1.7935,2.46,0.3953,0,Non-SST
8757.5,89.7662,2.1254,2.49,0.4119,0,Non-SST
8758.0,89.7343,2.1254,2.45,0.4285,0,Non-SST
8758.5,89.7024,2.1254,2.41,0.4459,0,Non-SST
8759.0,79.5839,3.9251,2.24,0.4567,0,Non-SST
8759.5,69.4655,5.7247,2.07,0.4715,0,Non-SST
8760.0,73.1068,7.5244,1.9,0.4863,0,Non-SST
8760.5,76.748,5.7617,2.155,0.5011,0,Non-SST
8761.0,80.3893,3.9991,2.41,0.3964,0,Non-SST
8761.5,79.265,3.3745,2.43,0.3517,0,Non-SST
8762.0,78.1407,2.75,2.45,0.3611,0,Non-SST
8762.5,81.2026,2.1254,2.47,0.3706,0,Non-SST
8763.0,84.2644,1.8375,2.48,0.3801,0,Non-SST
8763.5,87.3263,1.5495,2.49,0.3786,0,Non-SST
8764.0,87.3263,1.4514,2.49,0.3786,0,Non-SST
8764.5,87.3263,1.3532,2.49,0.367,0,Non-SST
8765.0,86.5449,1.4425,2.49,0.3553,0,Non-SST
8765.5,85.7634,1.5318,2.59,0.3437,0,Non-SST
8766.0,84.982,1.6211,2.69,0.3494,0,Non-SST
8766.5,86.1541,1.5744,2.585,0.3849,0,Non-SST
8767.0,87.3263,1.5278,2.48,0.3709,0,Non-SST
8767.5,88.1183,1.4811,2.4967,0.3569,0,Non-SST
8768.0,88.9103,1.5885,2.5133,0.3429,0,Non-SST
8768.5,89.7024,1.696,2.53,0.3402,0,Non-SST
8769.0,88.5143,1.6243,2.51,0.3466,0,Non-SST
8769.5,87.3263,1.5527,2.49,0.3575,0,Non-SST
8770.0,86.1541,1.4811,2.47,0.3685,0,Non-SST
8770.5,84.982,1.3587,2.45,0.3794,0,Non-SST
8771.0,88.9954,1.2364,2.43,0.3959,0,Non-SST
8771.5,93.0087,1.2753,2.4367,0.4039,0,Non-SST
8772.0,97.0221,1.3143,2.4433,0.409,0,Non-SST
8772.5,92.1742,1.3532,2.45,0.4142,0,Non-SST
8773.0,87.3263,1.6476,2.415,0.4193,0,Non-SST
8773.5,86.5449,1.9419,2.38,0.3975,0,Non-SST
8774.0,85.7634,2.1059,2.3867,0.3731,0,Non-SST
8774.5,84.982,2.2698,2.3933,0.3568,0,Non-SST
8775.0,80.5169,2.4337,2.4,0.339,0,Non-SST
8775.5,76.0517,2.7419,2.46,0.3281,0,Non-SST
8776.0,71.5865,3.0501,2.52,0.3173,0,Non-SST
8776.5,71.5865,3.0501,2.48,0.3064,0,Non-SST
8777.0,71.5865,3.0501,2.44,0.3197,0,Non-SST
8777.5,69.4974,3.4924,2.4,0.3495,0,Non-SST
8778.0,67.4083,3.9347,2.385,0.3304,0,Non-SST
8778.5,65.3193,4.377,2.37,0.3113,0,Non-SST
8779.0,63.3099,4.6944,2.355,0.2922,0,Non-SST
8779.5,61.3006,5.0119,2.34,0.2259,0,Non-SST
8780.0,54.1563,5.3425,2.3933,0.1801,5,WTR
8780.5,47.012,5.6732,2.4467,0.1641,5,WTR
8781.0,39.8677,6.0039,2.5,0.1482,0,Non-SST
8781.5,35.3706,6.9379,2.595,0.1323,0,Non-SST
8782.0,30.8736,7.8719,2.69,0.1216,0,Non-SST
8782.5,31.5832,7.7561,2.57,0.1157,0,Non-SST
8783.0,32.2929,7.6402,2.45,0.1742,5,WTR
8783.5,41.9621,7.5244,2.33,0.3396,5,WTR
8784.0,51.6314,5.2199,2.375,0.314,5,WTR
8784.5,61.3006,2.9155,2.42,0.2885,0,Non-SST
8785.0,69.7207,2.7191,2.4433,0.263,0,Non-SST
8785.5,78.1407,2.5227,2.4667,0.2855,0,Non-SST
8786.0,78.8902,2.3263,2.49,0.308,0,Non-SST
8786.5,79.6398,2.275,2.47,0.3305,0,Non-SST
8787.0,80.3893,2.2236,2.45,0.328,0,Non-SST
8787.5,78.1567,2.275,2.4633,0.3233,0,Non-SST
8788.0,75.9241,2.3263,2.4767,0.3129,0,Non-SST
8788.5,76.663,2.2921,2.49,0.2987,0,Non-SST
8789.0,77.4018,2.2578,2.485,0.3096,0,Non-SST
8789.5,78.1407,2.2236,2.48,0.3205,0,Non-SST
8790.0,75.94,2.1745,2.5,0.3314,0,Non-SST
8790.5,73.7393,2.1254,2.52,0.3114,0,Non-SST
8791.0,79.0603,2.0942,2.5033,0.2955,0,Non-SST
8791.5,84.3814,2.0629,2.4867,0.3103,0,Non-SST
8792.0,89.7024,2.0316,2.47,0.325,0,Non-SST
8792.5,86.186,1.9439,2.475,0.3398,0,Non-SST
8793.0,82.6697,1.8562,2.48,0.3659,0,Non-SST
8793.5,82.6697,1.8562,2.4933,0.3965,0,Non-SST
8794.0,82.6697,1.8562,2.5067,0.3827,0,Non-SST
8794.5,80.4212,1.8562,2.52,0.369,0,Non-SST
8795.0,78.1726,1.8289,2.5,0.3552,0,Non-SST
8795.5,75.9241,1.8016,2.48,0.3588,0,Non-SST
8796.0,81.6252,1.7743,2.4667,0.3624,0,Non-SST
8796.5,87.3263,1.7743,2.4533,0.366,0,Non-SST
8797.0,87.3263,1.7743,2.44,0.3609,0,Non-SST
8797.5,87.3263,1.8016,2.485,0.3446,0,Non-SST
8798.0,87.3263,1.8289,2.53,0.3501,0,Non-SST
8798.5,88.5143,1.8562,2.5267,0.362,0,Non-SST
8799.0,89.7024,1.8562,2.5233,0.3593,0,Non-SST
8799.5,88.9103,1.8562,2.52,0.3567,0,Non-SST
8800.0,88.1183,1.8991,2.5,0.354,0,Non-SST
8800.5,87.3263,1.9419,2.48,0.3657,0,Non-SST
8801.0,83.8578,1.9134,2.5,0.3671,0,Non-SST
8801.5,80.3893,1.8848,2.52,0.3701,0,Non-SST
8802.0,81.1494,1.8562,2.54,0.3631,0,Non-SST
8802.5,81.9096,1.7429,2.515,0.3595,0,Non-SST
8803.0,82.6697,1.7023,2.49,0.3451,0,Non-SST
8803.5,82.6697,1.6617,2.4867,0.3631,0,Non-SST
8804.0,82.6697,1.6211,2.4833,0.3826,0,Non-SST
8804.5,85.0139,1.6585,2.48,0.3634,0,Non-SST
8805.0,87.3581,1.696,2.515,0.3442,0,Non-SST
8805.5,89.7024,1.6585,2.55,0.325,0,Non-SST
8806.0,89.7024,1.6211,2.53,0.3591,0,Non-SST
8806.5,89.7024,1.5184,2.51,0.4008,0,Non-SST
8807.0,89.7024,1.4157,2.49,0.4011,0,Non-SST
8807.5,88.5143,1.4157,2.485,0.3929,0,Non-SST
8808.0,87.3263,1.4157,2.4913,0.3978,0,Non-SST
8808.5,88.5143,1.4157,2.4913,0.4027,0,Non-SST
8809.0,89.7024,1.3845,2.491,0.4076,0,Non-SST
8809.5,90.505,1.3532,2.4908,0.4124,0,Non-SST
8810.0,91.3077,1.3532,2.4905,0.4172,0,Non-SST
8810.5,92.1104,1.3532,2.4903,0.4436,0,Non-SST
8811.0,94.5662,1.3532,2.49,0.4701,0,Non-SST
8811.5,97.0221,1.3532,2.505,0.4966,0,Non-SST
8812.0,94.8262,1.3532,2.52,0.4525,0,Non-SST
8812.5,92.6303,1.3532,2.5233,0.4159,0,Non-SST
8813.0,94.8262,1.3532,2.5267,0.4159,0,Non-SST
8813.5,97.0221,1.3532,2.53,0.4159,0,Non-SST
8814.0,93.3622,1.3532,2.52,0.4159,0,Non-SST
8814.5,89.7024,1.3532,2.51,0.4273,0,Non-SST
8815.0,92.1263,1.2948,2.5033,0.4375,0,Non-SST
8815.5,94.5503,1.2364,2.4967,0.4479,0,Non-SST
8816.0,94.5503,1.2554,2.49,0.4626,0,Non-SST
8816.5,94.5503,1.2745,2.475,0.4825,0,Non-SST
8817.0,94.5503,1.2935,2.46,0.5023,0,Non-SST
8817.5,98.3058,1.3234,2.435,0.5221,0,Non-SST
8818.0,102.0614,1.3532,2.41,0.5214,0,Non-SST
8818.5,103.7837,1.5209,2.3667,0.5157,0,Non-SST
8819.0,105.5059,1.6885,2.3233,0.5316,0,Non-SST
8819.5,107.2282,1.8562,2.28,0.5475,0,Non-SST
8820.0,113.9659,3.7975,2.03,0.5635,0,Non-SST
8820.5,120.7035,5.7388,1.78,0.7637,0,Non-SST
8821.0,108.8628,7.2663,1.69,0.9859,0,Non-SST
8821.5,97.0221,8.7937,1.6,0.9141,0,Non-SST
8822.0,91.4778,10.3211,1.51,0.8423,0,Non-SST
8822.5,85.9335,13.2659,1.58,0.7705,0,Non-SST
8823.0,80.3893,16.2108,1.65,0.7437,0,Non-SST
8823.5,67.9505,15.1188,1.57,0.741,0,Non-SST
8824.0,55.5118,14.0269,1.49,0.7728,0,Non-SST
8824.5,47.7722,12.9349,1.41,0.8046,0,Non-SST
8825.0,40.0325,14.9472,1.395,0.8364,0,Non-SST
8825.5,32.2929,16.9594,1.38,0.7898,0,Non-SST
8826.0,43.9023,9.2203,1.6867,0.7452,0,Non-SST
8826.5,55.5118,1.4811,1.9933,0.5768,0,Non-SST
8827.0,65.3352,1.4186,2.3,0.3246,0,Non-SST
8827.5,75.1586,1.356,2.305,0.3777,0,Non-SST
8828.0,84.982,1.2935,2.31,0.4308,0,Non-SST
8828.5,88.5462,1.3546,2.345,0.4838,0,Non-SST
8829.0,92.1104,1.4157,2.38,0.4943,0,Non-SST
8829.5,91.3077,1.5091,2.2867,0.5049,0,Non-SST
8830.0,90.505,1.6025,2.1933,0.5154,0,Non-SST
8830.5,89.7024,1.696,2.1,0.6591,0,Non-SST
8831.0,80.6444,3.4222,2.105,0.7697,0,Non-SST
8831.5,71.5865,5.1485,2.11,0.678,0,Non-SST
8832.0,79.4564,6.8747,2.22,0.5863,0,Non-SST
8832.5,87.3263,4.5492,2.33,0.4945,0,Non-SST
8833.0,89.7343,2.2236,2.44,0.362,0,Non-SST
8833.5,92.1423,2.2578,2.47,0.306,0,Non-SST
8834.0,94.5503,2.2921,2.5,0.3086,0,Non-SST
8834.5,86.3455,2.3263,2.48,0.3112,0,Non-SST
8835.0,78.1407,2.3263,2.46,0.3138,0,Non-SST
8835.5,74.5526,2.3263,2.44,0.2951,0,Non-SST
8836.0,70.9645,2.495,2.42,0.2736,0,Non-SST
8836.5,67.3764,2.6637,2.4,0.2679,0,Non-SST
8837.0,57.8082,2.6245,2.38,0.2681,0,Non-SST
8837.5,48.2399,2.5853,2.405,0.2675,5,WTR
8838.0,40.6651,2.5461,2.43,0.2669,5,WTR
8838.5,33.0902,2.4362,2.3533,0.2663,5,WTR
8839.0,25.5153,2.3263,2.2767,0.2635,5,WTR
8839.5,24.6861,2.3621,2.2,0.2833,5,WTR
8840.0,23.8568,2.3979,2.205,0.2779,5,WTR
8840.5,23.0276,2.4337,2.21,0.2725,5,WTR
8841.0,24.9173,2.4899,2.2,0.2672,5,WTR
8841.5,26.8071,2.5461,2.19,0.2681,5,WTR
8842.0,27.2483,2.5461,2.25,0.2681,5,WTR
8842.5,27.6895,2.5461,2.31,0.267,5,WTR
8843.0,28.1307,2.5461,2.37,0.266,5,WTR
8843.5,34.8045,2.5461,2.335,0.2649,5,WTR
8844.0,41.4784,2.5461,2.3,0.2893,5,WTR
8844.5,41.4784,2.6665,2.2667,0.3139,5,WTR
8845.0,41.4784,2.7868,2.2333,0.3039,5,WTR
8845.5,41.4784,2.7457,2.2,0.3054,5,WTR
8846.0,41.4784,2.7047,2.31,0.287,5,WTR
8846.5,41.4784,2.6637,2.42,0.2686,5,WTR
8847.0,42.2996,2.6637,2.385,0.2501,5,WTR
8847.5,43.1209,2.6637,2.35,0.2559,5,WTR
8848.0,40.4897,2.7047,2.3033,0.2585,5,WTR
8848.5,37.8584,2.7457,2.2567,0.2565,5,WTR
8849.0,35.2271,2.7868,2.21,0.2545,5,WTR
8849.5,33.76,2.7252,2.18,0.2525,5,WTR
8850.0,32.2929,2.6637,2.15,0.2632,5,WTR
8850.5,30.4643,2.5871,2.16,0.2716,5,WTR
8851.0,28.6357,2.5104,2.17,0.2634,5,WTR
8851.5,26.8071,2.4337,2.18,0.2551,5,WTR
8852.0,23.7372,2.3287,2.19,0.2469,5,WTR
8852.5,20.6674,2.2236,2.2,0.2623,5,WTR
8853.0,21.8475,2.2937,2.1733,0.2802,5,WTR
8853.5,23.0276,2.3637,2.1467,0.2944,5,WTR
8854.0,22.2409,2.4337,2.12,0.2999,5,WTR
8854.5,21.4541,3.3383,2.01,0.377,5,WTR
8855.0,20.6674,3.446,1.9,0.3979,5,WTR
8855.5,21.8475,3.5537,1.97,0.3683,5,WTR
8856.0,23.0276,3.6614,2.04,0.4094,5,WTR
8856.5,31.4317,4.226,2.11,0.4465,0,Non-SST
8857.0,39.8358,4.7906,1.965,0.5128,0,Non-SST
8857.5,48.2399,3.6249,1.82,0.6,0,Non-SST
8858.0,64.3146,2.4592,2.1,0.4914,0,Non-SST
8858.5,80.3893,1.2935,2.38,0.3999,0,Non-SST
8859.0,84.2963,1.4215,2.4067,0.4149,0,Non-SST
8859.5,88.2033,1.5495,2.4333,0.4299,0,Non-SST
8860.0,92.1104,1.5049,2.46,0.445,0,Non-SST
8860.5,85.1256,1.4603,2.14,0.5462,0,Non-SST
8861.0,78.1407,1.4157,1.82,0.6762,0,Non-SST
8861.5,69.7207,2.2329,2.17,0.5462,0,Non-SST
8862.0,61.3006,3.0501,2.485,0.4162,0,Non-SST
8862.5,68.4237,2.7981,2.47,0.2861,0,Non-SST
8863.0,75.5467,2.5461,2.445,0.358,0,Non-SST
8863.5,82.6697,2.1911,2.4,0.4613,0,Non-SST
8864.0,87.3901,1.8361,2.355,0.438,0,Non-SST
8864.5,92.1104,1.4811,2.31,0.4148,0,Non-SST
8865.0,89.7343,1.5885,2.465,0.3915,0,Non-SST
8865.5,87.3581,1.696,2.62,0.3521,0,Non-SST
8866.0,84.982,1.8391,2.5667,0.3378,0,Non-SST
8866.5,82.6697,1.9823,2.5133,0.3136,0,Non-SST
8867.0,78.1407,2.1254,2.46,0.2894,0,Non-SST
8867.5,74.8636,2.3946,2.465,0.2652,0,Non-SST
8868.0,71.5865,2.6637,2.47,0.2556,0,Non-SST
8868.5,66.4435,2.7476,2.47,0.247,0,Non-SST
8869.0,61.3006,2.8315,2.47,0.2496,0,Non-SST
8869.5,60.0036,2.9155,2.47,0.2521,0,Non-SST
8870.0,58.7066,2.9828,2.44,0.2528,0,Non-SST
8870.5,57.4095,3.0501,2.41,0.2535,0,Non-SST
8871.0,57.4095,2.9828,2.4533,0.2542,0,Non-SST
8871.5,57.4095,2.9155,2.4967,0.2814,0,Non-SST
8872.0,65.8296,2.7191,2.54,0.299,0,Non-SST
8872.5,74.2496,2.5227,2.545,0.3081,0,Non-SST
8873.0,82.6697,2.3263,2.55,0.3172,0,Non-SST
8873.5,83.8259,2.2259,2.45,0.3263,0,Non-SST
8874.0,84.982,2.1254,2.35,0.4418,0,Non-SST
8874.5,86.5555,1.868,2.27,0.5987,0,Non-SST
8875.0,88.1289,1.6106,2.19,0.5772,0,Non-SST
8875.5,89.7024,1.3532,2.11,0.5557,0,Non-SST
8876.0,93.3622,1.6924,2.22,0.5342,0,Non-SST
8876.5,97.0221,2.0316,2.33,0.5308,0,Non-SST
8877.0,98.2739,2.0316,2.1633,0.55,0,Non-SST
8877.5,99.5258,2.0316,1.9967,0.651,0,Non-SST
8878.0,93.1469,2.749,1.83,1.0262,0,Non-SST
8878.5,86.7681,3.4664,2.01,0.8664,0,Non-SST
8879.0,80.3893,4.1838,2.19,0.7066,0,Non-SST
8879.5,87.4698,3.5304,2.2733,0.5469,0,Non-SST
8880.0,94.5503,2.877,2.3567,0.4863,0,Non-SST
8880.5,89.0804,2.2236,2.44,0.4258,0,Non-SST
8881.0,83.6106,1.8524,2.45,0.3653,0,Non-SST
8881.5,78.1407,1.4811,2.46,0.3355,0,Non-SST
8882.0,71.73,1.7564,2.46,0.3133,0,Non-SST
8882.5,65.3193,2.0316,2.46,0.2842,0,Non-SST
8883.0,60.8169,2.1657,2.4467,0.2593,0,Non-SST
8883.5,56.3145,2.2997,2.4333,0.257,5,WTR
8884.0,51.8121,2.4337,2.42,0.2548,5,WTR
8884.5,58.5657,2.38,2.455,0.2526,0,Non-SST
8885.0,65.3193,2.3263,2.49,0.2625,0,Non-SST
8885.5,70.6217,2.1982,2.4867,0.2767,0,Non-SST
8886.0,75.9241,2.0701,2.4833,0.2818,0,Non-SST
8886.5,78.9434,1.9419,2.48,0.287,0,Non-SST
8887.0,81.9627,1.9419,2.54,0.2921,0,Non-SST
8887.5,84.982,1.9419,2.6,0.2889,0,Non-SST
8888.0,82.6857,1.9718,2.58,0.2919,0,Non-SST
8888.5,80.3893,2.0017,2.56,0.3046,0,Non-SST
8889.0,76.0517,2.0316,2.54,0.3172,0,Non-SST
8889.5,71.7141,2.1276,2.475,0.3299,0,Non-SST
8890.0,67.3764,2.2236,2.41,0.2927,0,Non-SST
8890.5,66.3479,2.1745,2.4867,0.2577,0,Non-SST
8891.0,65.3193,2.1254,2.5633,0.291,0,Non-SST
8891.5,70.3426,2.0357,2.64,0.305,0,Non-SST
8892.0,75.3659,1.946,2.58,0.2899,0,Non-SST
8892.5,80.3893,1.8562,2.52,0.2747,0,Non-SST
8893.0,82.6857,1.8848,2.53,0.2596,0,Non-SST
8893.5,84.982,1.9134,2.54,0.2741,0,Non-SST
8894.0,80.5169,1.9419,2.55,0.2885,0,Non-SST
8894.5,76.0517,2.1878,2.555,0.303,0,Non-SST
8895.0,71.5865,2.4337,2.56,0.2643,0,Non-SST
8895.5,69.4815,2.5104,2.515,0.2424,0,Non-SST
8896.0,67.3764,2.5871,2.47,0.2545,0,Non-SST
8896.5,67.3764,2.6637,2.47,0.249,0,Non-SST
8897.0,67.3764,2.6637,2.47,0.2426,0,Non-SST
8897.5,67.3764,2.6637,2.47,0.2501,0,Non-SST
8898.0,64.3385,2.6637,2.48,0.2571,0,Non-SST
8898.5,61.3006,2.6637,2.49,0.2576,0,Non-SST
8899.0,63.3099,2.6637,2.4867,0.2581,0,Non-SST
8899.5,65.3193,2.6637,2.4833,0.2586,0,Non-SST
8900.0,66.7013,2.6637,2.48,0.2612,0,Non-SST
8900.5,68.0834,2.6637,2.4867,0.2605,0,Non-SST
8901.0,69.4655,2.6049,2.4933,0.2571,0,Non-SST
8901.5,74.9274,2.5461,2.5,0.2591,0,Non-SST
8902.0,80.3893,2.5461,2.493,0.2637,0,Non-SST
8902.5,78.1726,2.5461,2.486,0.2616,0,Non-SST
8903.0,75.956,2.5461,2.484,0.2589,0,Non-SST
8903.5,73.7393,2.5461,2.482,0.2668,0,Non-SST
8904.0,70.2576,2.5461,2.48,0.2747,0,Non-SST
8904.5,66.7758,2.6049,2.47,0.2826,0,Non-SST
8905.0,63.294,2.6637,2.46,0.2748,0,Non-SST
8905.5,63.294,2.6637,2.465,0.2659,0,Non-SST
8906.0,63.294,2.6637,2.485,0.2615,0,Non-SST
8906.5,76.6608,2.6637,2.485,0.2571,0,Non-SST
8907.0,69.9774,2.6637,2.475,0.2528,0,Non-SST
8907.5,63.294,2.6637,2.45,0.2603,0,Non-SST
8908.0,68.5167,2.6637,2.47,0.2658,0,Non-SST
8908.5,73.7393,2.6637,2.49,0.2693,0,Non-SST
8909.0,73.7393,2.6637,2.51,0.2729,0,Non-SST
8909.5,73.7393,2.7252,2.515,0.2764,0,Non-SST
8910.0,73.7393,2.7868,2.52,0.2759,0,Non-SST
8910.5,73.7393,2.7868,2.5,0.2759,0,Non-SST
8911.0,69.4655,2.7868,2.48,0.2746,0,Non-SST
8911.5,66.09,2.7065,2.46,0.2733,0,Non-SST
8912.0,62.7146,2.6263,2.46,0.272,0,Non-SST
8912.5,59.3391,2.5461,2.46,0.2598,0,Non-SST
8913.0,52.0672,2.4899,2.31,0.2622,5,WTR
8913.5,44.7954,2.4337,2.16,0.2914,5,WTR
8914.0,37.1408,2.1878,2.15,0.3075,5,WTR
8914.5,29.4862,1.9419,2.14,0.3102,5,WTR
8915.0,21.8316,1.696,2.13,0.3129,5,WTR
8915.5,20.6834,1.5558,2.12,0.3156,5,WTR
8916.0,19.5352,1.4157,2.11,0.3202,5,WTR
8916.5,17.9325,1.3949,2.1333,0.3237,5,WTR
8917.0,16.3298,1.3741,2.1567,0.3133,5,WTR
8917.5,15.6707,1.3532,2.18,0.3029,5,WTR
8918.0,15.0115,1.3532,2.175,0.2924,5,WTR
8918.5,14.3524,1.3532,2.17,0.2994,5,WTR
8919.0,14.8388,1.3741,2.1533,0.3062,5,WTR
8919.5,15.3251,1.3949,2.1367,0.32,5,WTR
8920.0,16.7285,1.4157,2.12,0.3338,5,WTR
8920.5,18.1318,1.5184,2.125,0.3476,5,WTR
8921.0,19.5352,1.6211,2.13,0.327,5,WTR
8921.5,18.4508,1.5853,2.15,0.3089,5,WTR
8922.0,17.3664,1.5495,2.17,0.3024,5,WTR
8922.5,17.3664,1.4841,2.19,0.2897,5,WTR
8923.0,17.3664,1.4187,2.18,0.2996,5,WTR
8923.5,17.3664,1.3532,2.17,0.3096,5,WTR
8924.0,16.8481,1.3845,2.15,0.3196,5,WTR
8924.5,16.3298,1.4157,2.13,0.322,5,WTR
8925.0,15.9949,1.4603,2.1233,0.3245,5,WTR
8925.5,15.66,1.5049,2.1167,0.327,5,WTR
8926.0,15.3251,1.5495,2.11,0.3259,5,WTR
8926.5,14.8388,1.5734,2.105,0.323,5,WTR
8927.0,14.3524,1.5972,2.1,0.3144,5,WTR
8927.5,12.1596,1.6211,2.1,0.3057,5,WTR
8928.0,9.9669,1.5511,2.1,0.2971,5,WTR
8928.5,10.5198,1.4811,2.1,0.3099,5,WTR
8929.0,11.0726,1.364,2.1,0.3236,5,WTR
8929.5,11.6254,1.2468,2.1,0.312,5,WTR
8930.0,10.4055,1.1296,2.1067,0.3003,5,WTR
8930.5,9.1855,1.1557,2.1133,0.2887,5,WTR
8931.0,9.9988,1.1818,2.12,0.3146,5,WTR
8931.5,10.8121,1.2816,2.1567,0.349,5,WTR
8932.0,11.6254,1.3814,2.1933,0.3568,5,WTR
8932.5,12.5185,1.4811,2.23,0.3498,5,WTR
8933.0,13.4115,1.4484,2.205,0.3532,5,WTR
8933.5,15.8301,1.4157,2.18,0.3566,5,WTR
8934.0,18.2488,1.4826,2.1367,0.3601,5,WTR
8934.5,20.6674,1.5495,2.0933,0.3763,5,WTR
8935.0,23.1552,1.4269,2.05,0.4146,5,WTR
8935.5,25.6429,1.3044,2.11,0.377,5,WTR
8936.0,28.1307,1.1818,2.17,0.3393,5,WTR
8936.5,20.3166,1.107,2.1533,0.3017,5,WTR
8937.0,12.5025,1.0321,2.1367,0.2859,5,WTR
8937.5,12.8055,1.0321,2.12,0.2765,5,WTR
8938.0,13.1085,1.0321,2.15,0.2893,5,WTR
8938.5,13.4115,1.0321,2.18,0.3021,5,WTR
8939.0,11.2985,1.0321,2.165,0.3149,5,WTR
8939.5,9.1855,1.0321,2.15,0.3132,5,WTR
8940.0,10.2912,1.048,2.1633,0.3099,5,WTR
8940.5,11.3968,1.0639,2.1767,0.3034,5,WTR
8941.0,12.5025,1.0798,2.19,0.2969,5,WTR
8941.5,9.7676,0.9707,2.175,0.2903,5,WTR
8942.0,7.0327,0.8616,2.16,0.2911,5,WTR
8942.5,8.1091,0.8616,2.1933,0.2902,5,WTR
8943.0,9.1855,0.8616,2.2267,0.2991,5,WTR
8943.5,9.446,0.8616,2.26,0.308,5,WTR
8944.0,9.7065,0.9241,2.29,0.3169,5,WTR
8944.5,9.9669,0.9865,2.32,0.307,5,WTR
8945.0,12.646,1.0176,2.2367,0.3008,5,WTR
8945.5,15.3251,1.0487,2.1533,0.304,5,WTR
8946.0,14.6873,1.0798,2.07,0.3372,5,WTR
8946.5,14.0494,1.1047,2.105,0.3297,5,WTR
8947.0,13.4115,1.1296,2.14,0.3222,5,WTR
8947.5,13.8819,1.1296,2.14,0.3146,5,WTR
8948.0,14.3524,1.1296,2.14,0.3079,5,WTR
8948.5,13.7358,1.0819,2.1333,0.3015,5,WTR
8949.0,13.1191,1.0343,2.1267,0.3013,5,WTR
8949.5,12.5025,0.9865,2.12,0.3011,5,WTR
8950.0,12.957,0.9648,2.125,0.3008,5,WTR
8950.5,13.4115,0.943,2.13,0.3035,5,WTR
8951.0,15.3889,0.943,2.13,0.3068,5,WTR
8951.5,17.3664,0.943,2.13,0.2983,5,WTR
8952.0,16.0481,0.943,2.13,0.2898,5,WTR
8952.5,14.7298,0.943,2.13,0.2814,5,WTR
8953.0,13.4115,0.943,2.13,0.2884,5,WTR
8953.5,12.957,0.9575,2.12,0.2957,5,WTR
8954.0,12.5025,0.972,2.11,0.2957,5,WTR
8954.5,13.1191,0.9865,2.1,0.299,5,WTR
8955.0,13.7358,0.9648,2.12,0.2948,5,WTR
8955.5,14.3524,0.943,2.14,0.2906,5,WTR
8956.0,13.8819,0.9023,2.1433,0.2863,5,WTR
8956.5,13.4115,0.8616,2.1467,0.2745,5,WTR
8957.0,13.1085,1.0056,2.15,0.2624,5,WTR
8957.5,12.8055,1.1495,2.18,0.2717,5,WTR
8958.0,12.5025,1.2935,2.21,0.2809,5,WTR
8958.5,16.585,1.2389,2.215,0.2901,5,WTR
8959.0,20.6674,1.1843,2.22,0.3014,5,WTR
8959.5,36.2371,1.1296,2.2433,0.3127,5,WTR
8960.0,51.8068,1.2727,2.2667,0.324,5,WTR
8960.5,67.3764,1.4157,2.29,0.3123,0,Non-SST
8961.0,45.816,1.3559,2.25,0.3136,5,WTR
8961.5,24.2555,1.2962,2.21,0.3002,5,WTR
8962.0,22.3153,1.2364,2.1967,0.2868,5,WTR
8962.5,20.3751,1.183,2.1833,0.2734,5,WTR
8963.0,18.4348,1.1296,2.17,0.2952,5,WTR
8963.5,21.9751,1.225,2.26,0.3047,5,WTR
8964.0,25.5153,1.3204,2.35,0.3014,5,WTR
8964.5,42.4272,1.4157,2.34,0.2981,5,WTR
8965.0,59.3391,1.595,2.33,0.2948,5,WTR
8965.5,53.933,1.7743,2.32,0.2955,5,WTR
8966.0,48.527,1.7351,2.3367,0.2931,5,WTR
8966.5,43.1209,1.696,2.3533,0.2873,5,WTR
8967.0,44.8113,1.722,2.37,0.2815,5,WTR
8967.5,46.5017,1.7482,2.34,0.2757,5,WTR
8968.0,43.2485,1.7743,2.31,0.2756,5,WTR
8968.5,39.9953,1.7743,2.285,0.275,5,WTR
8969.0,36.7421,1.7743,2.26,0.2923,5,WTR
8969.5,36.2371,1.7232,2.27,0.3084,5,WTR
8970.0,35.7321,1.6721,2.28,0.3046,5,WTR
8970.5,35.2271,1.6211,2.29,0.3008,5,WTR
8971.0,29.1274,1.5853,2.235,0.297,5,WTR
8971.5,23.0276,1.5495,2.18,0.3196,5,WTR
8972.0,24.2874,1.5495,2.19,0.3376,5,WTR
8972.5,25.5472,1.5495,2.2,0.3201,5,WTR
8973.0,26.8071,1.5495,2.21,0.3026,5,WTR
8973.5,30.2756,1.5853,2.29,0.2851,5,WTR
8974.0,33.744,1.6211,2.37,0.2917,5,WTR
8974.5,41.877,1.6721,2.36,0.3078,5,WTR
8975.0,50.0101,1.7232,2.35,0.2987,5,WTR
8975.5,47.1662,1.7743,2.34,0.2896,5,WTR
8976.0,44.3223,1.7743,2.33,0.2805,5,WTR
8976.5,41.4784,1.7743,2.32,0.2786,5,WTR
8977.0,44.8592,1.7743,2.34,0.2757,5,WTR
8977.5,48.2399,1.7743,2.36,0.2769,5,WTR
8978.0,53.258,1.7743,2.38,0.2781,5,WTR
8978.5,58.276,1.8152,2.405,0.2793,0,Non-SST
8979.0,63.294,1.8562,2.43,0.2866,0,Non-SST
8979.5,62.2973,1.9908,2.4267,0.2971,0,Non-SST
8980.0,61.3006,2.1254,2.4233,0.2939,0,Non-SST
8980.5,62.6402,2.2657,2.42,0.2919,0,Non-SST
8981.0,63.9797,2.4059,2.415,0.2832,0,Non-SST
8981.5,65.3193,2.5461,2.41,0.2745,0,Non-SST
8982.0,62.3292,2.4899,2.38,0.2658,0,Non-SST
8982.5,59.3391,2.4337,2.35,0.2917,0,Non-SST
8983.0,58.3743,2.7353,2.1733,0.3182,0,Non-SST
8983.5,57.4095,3.0368,1.9967,0.3637,0,Non-SST
8984.0,66.6004,3.3383,1.82,0.4092,0,Non-SST
8984.5,75.7912,2.7319,2.075,0.4547,0,Non-SST
8985.0,84.982,2.1254,2.33,0.4547,0,Non-SST
8985.5,96.1051,2.0942,2.26,0.5063,0,Non-SST
8986.0,107.2282,2.0629,2.19,0.541,0,Non-SST
8986.5,113.5911,2.0316,2.12,0.5756,0,Non-SST
8987.0,119.954,2.7621,2.1,0.6102,0,Non-SST
8987.5,126.3169,3.4925,2.08,0.6104,0,Non-SST
8988.0,120.7673,5.4717,1.9633,0.6106,0,Non-SST
8988.5,115.2177,7.4508,1.8467,0.6108,0,Non-SST
8989.0,99.2706,9.43,1.73,0.7506,0,Non-SST
8989.5,83.3235,11.9398,1.53,0.9206,0,Non-SST
8990.0,67.3764,14.4496,1.33,1.0259,0,Non-SST
8990.5,56.9391,16.9594,1.47,0.8932,0,Non-SST
8991.0,46.5017,11.5647,1.61,0.616,0,Non-SST
8991.5,46.5017,6.2811,1.5833,0.6967,0,Non-SST
8992.0,46.5017,6.7367,1.5567,0.7972,0,Non-SST
8992.5,46.5017,7.1922,1.53,0.6844,0,Non-SST
8993.0,52.9204,6.0128,1.95,0.4952,0,Non-SST
8993.5,59.3391,4.8333,2.37,0.4755,0,Non-SST
8994.0,68.6682,3.6538,2.4,0.4558,0,Non-SST
8994.5,77.9972,2.5035,2.43,0.4361,0,Non-SST
8995.0,87.3263,1.3532,2.46,0.4733,0,Non-SST
8995.5,84.998,1.2935,2.4572,0.3861,0,Non-SST
8996.0,82.6697,1.5339,2.4544,0.3478,0,Non-SST
8996.5,70.0396,1.7743,2.4517,0.2723,0,Non-SST
8997.0,57.4095,1.9941,2.4611,0.2192,5,WTR
8997.5,55.5437,2.2139,2.4867,0.2189,0,Non-SST
8998.0,53.6779,2.4337,2.4711,0.2186,5,WTR
8998.5,51.8121,2.5487,2.4556,0.2183,5,WTR
8999.0,52.4234,2.6637,2.44,0.213,5,WTR
8999.5,53.0347,2.6637,2.44,0.2047,5,WTR
9000.0,53.646,2.6637,2.44,0.2124,5,WTR
9000.5,54.1364,2.6637,2.425,0.2202,5,WTR
9001.0,54.6268,2.6049,2.41,0.228,5,WTR
9001.5,54.2998,2.5461,2.395,0.2611,5,WTR
9002.0,53.9729,2.5461,2.3767,0.2972,5,WTR
9002.5,53.646,2.5461,2.3583,0.2892,5,WTR
9003.0,54.5789,2.5461,2.34,0.2813,5,WTR
9003.5,55.5118,2.6049,2.34,0.2734,5,WTR
9004.0,58.1059,2.6637,2.34,0.288,0,Non-SST
9004.5,60.6999,2.6637,2.3667,0.3043,0,Non-SST
9005.0,63.294,2.6637,2.3933,0.2889,0,Non-SST
9005.5,59.3391,2.7047,2.42,0.2735,0,Non-SST
9006.0,61.3166,2.7457,2.385,0.2581,0,Non-SST
9006.5,63.294,2.7868,2.35,0.2581,0,Non-SST
9007.0,54.8979,2.9184,2.37,0.2533,5,WTR
9007.5,46.5017,3.0501,2.39,0.2438,5,WTR
9008.0,49.5051,3.097,2.4,0.2365,5,WTR
9008.5,52.5084,3.144,2.41,0.2392,5,WTR
9009.0,55.5118,3.191,2.42,0.2419,5,WTR
9009.5,58.4062,3.3417,2.41,0.2447,0,Non-SST
9010.0,61.3006,3.4925,2.4,0.2636,0,Non-SST
9010.5,65.3831,3.8547,2.3767,0.2839,0,Non-SST
9011.0,69.4655,4.2169,2.3533,0.3445,0,Non-SST
9011.5,68.7692,4.5791,2.33,0.4051,0,Non-SST
9012.0,68.0728,7.9378,1.825,0.4658,0,Non-SST
9012.5,67.3764,11.2964,1.32,0.665,0,Non-SST
9013.0,49.8346,11.1302,1.3067,0.8387,0,Non-SST
9013.5,32.2929,10.964,1.2933,0.766,0,Non-SST
9014.0,34.2916,10.7978,1.28,0.6933,0,Non-SST
9014.5,36.2903,12.4775,1.83,0.6207,0,Non-SST
9015.0,38.289,14.1573,2.38,0.392,5,WTR
9015.5,50.7915,9.474,2.4433,0.3358,5,WTR
9016.0,63.294,4.7906,2.5067,0.231,0,Non-SST
9016.5,63.9691,4.4117,2.57,0.1598,0,Non-SST
9017.0,64.6442,4.0327,2.52,0.1971,0,Non-SST
9017.5,65.3193,3.6538,2.47,0.2343,0,Non-SST
9018.0,73.9945,3.0438,2.51,0.2715,0,Non-SST
9018.5,82.6697,2.4337,2.55,0.2734,0,Non-SST
9019.0,81.9096,2.3979,2.52,0.2753,0,Non-SST
9019.5,81.1494,2.3621,2.49,0.2773,0,Non-SST
9020.0,80.3893,2.3263,2.46,0.2925,0,Non-SST
9020.5,82.6857,2.2594,2.465,0.2983,0,Non-SST
9021.0,84.982,2.1924,2.47,0.3133,0,Non-SST
9021.5,84.982,2.1254,2.4433,0.3283,0,Non-SST
9022.0,84.982,2.1745,2.4167,0.3433,0,Non-SST
9022.5,84.2113,2.2236,2.39,0.378,0,Non-SST
9023.0,83.4405,2.1909,2.37,0.4083,0,Non-SST
9023.5,82.6697,2.1582,2.35,0.4099,0,Non-SST
9024.0,79.2969,2.1254,2.39,0.4115,0,Non-SST
9024.5,75.9241,2.5878,2.43,0.4131,0,Non-SST
9025.0,73.7712,3.0501,2.47,0.3666,0,Non-SST
9025.5,71.6184,2.9623,2.5033,0.3442,0,Non-SST
9026.0,69.4655,2.8745,2.5367,0.3135,0,Non-SST
9026.5,69.4655,2.7868,2.57,0.2828,0,Non-SST
9027.0,69.4655,2.7868,2.515,0.2521,0,Non-SST
9027.5,62.3903,2.7868,2.46,0.2733,0,Non-SST
9028.0,55.3151,2.6665,2.3667,0.2909,0,Non-SST
9028.5,48.2399,2.5461,2.2733,0.2971,5,WTR
9029.0,37.6032,2.4729,2.18,0.3368,5,WTR
9029.5,26.9665,2.3996,2.125,0.3345,5,WTR
9030.0,16.3298,2.3263,2.07,0.3322,5,WTR
9030.5,13.9776,2.1341,2.08,0.33,5,WTR
9031.0,11.6254,1.9419,2.09,0.309,5,WTR
9031.5,10.8121,1.886,2.1,0.2871,5,WTR
9032.0,9.9988,1.8302,2.13,0.2829,5,WTR
9032.5,9.1855,1.7743,2.16,0.2788,5,WTR
9033.0,11.2985,1.6977,2.16,0.2746,5,WTR
9033.5,13.4115,1.6211,2.16,0.2775,5,WTR
9034.0,12.0028,1.5972,2.16,0.2804,5,WTR
9034.5,10.5942,1.5734,2.16,0.2729,5,WTR
9035.0,9.1855,1.5495,2.16,0.2653,5,WTR
9035.5,9.1855,1.5495,2.18,0.2577,5,WTR
9036.0,9.1855,1.5495,2.2,0.2549,5,WTR
9036.5,8.8108,1.5267,2.1867,0.2539,5,WTR
9037.0,8.436,1.5039,2.1733,0.2571,5,WTR
9037.5,7.9682,1.4811,2.16,0.2603,5,WTR
9038.0,7.5005,1.4811,2.155,0.2635,5,WTR
9038.5,7.0327,1.4811,2.15,0.2741,5,WTR
9039.0,9.3291,1.4811,2.15,0.2848,5,WTR
9039.5,11.6254,1.4811,2.15,0.2848,5,WTR
9040.0,10.0945,1.4811,2.15,0.2848,5,WTR
9040.5,8.5636,1.4811,2.15,0.2756,5,WTR
9041.0,7.0327,1.4811,2.15,0.2664,5,WTR
9041.5,8.1091,1.4811,2.14,0.2572,5,WTR
9042.0,9.1855,1.4811,2.13,0.2649,5,WTR
9042.5,8.9357,1.4811,2.1333,0.2719,5,WTR
9043.0,8.6859,1.4811,2.1367,0.2764,5,WTR
9043.5,8.436,1.4811,2.14,0.2808,5,WTR
9044.0,8.436,1.5511,2.15,0.2853,5,WTR
9044.5,8.436,1.6211,2.16,0.2754,5,WTR
9045.0,8.8108,1.6995,2.1633,0.267,5,WTR
9045.5,9.1855,1.7778,2.1667,0.2731,5,WTR
9046.0,10.2912,1.8562,2.17,0.2791,5,WTR
9046.5,11.3968,2.145,2.205,0.2851,5,WTR
9047.0,12.5025,2.4337,2.24,0.2815,5,WTR
9047.5,14.4162,2.7867,2.1017,0.2815,5,WTR
9048.0,16.3298,3.1396,1.9633,0.2929,5,WTR
9048.5,16.6753,3.4925,1.825,0.3042,5,WTR
9049.0,17.0209,3.9348,1.9325,0.3155,5,WTR
9049.5,17.3664,4.377,2.04,0.3389,5,WTR
9050.0,26.2967,4.0154,2.2,0.3849,5,WTR
9050.5,35.2271,3.6538,2.36,0.3395,5,WTR
9051.0,47.3682,3.3238,2.52,0.2544,0,Non-SST
9051.5,59.5092,2.9938,2.52,0.2686,0,Non-SST
9052.0,71.6503,2.6637,2.52,0.2828,0,Non-SST
9052.5,77.16,2.5487,2.525,0.297,0,Non-SST
9053.0,82.6697,2.4337,2.53,0.3125,0,Non-SST
9053.5,82.6697,2.3637,2.51,0.3301,0,Non-SST
9054.0,82.6697,2.2937,2.49,0.3172,0,Non-SST
9054.5,82.6697,2.2236,2.47,0.3044,0,Non-SST
9055.0,83.8259,2.275,2.46,0.2916,0,Non-SST
9055.5,84.982,2.3263,2.45,0.2715,0,Non-SST
9056.0,78.4278,2.4388,2.4633,0.2529,0,Non-SST
9056.5,71.8735,2.5513,2.4767,0.2636,0,Non-SST
9057.0,65.3193,2.6637,2.49,0.2743,0,Non-SST
9057.5,71.73,2.6049,2.465,0.285,0,Non-SST
9058.0,78.1407,2.5461,2.44,0.2935,0,Non-SST
9058.5,73.8031,2.7141,2.4533,0.2995,0,Non-SST
9059.0,69.4655,2.8821,2.4667,0.2884,0,Non-SST
9059.5,67.4083,3.0501,2.48,0.2774,0,Non-SST
9060.0,65.3512,2.5878,2.495,0.2663,0,Non-SST
9060.5,63.294,2.1254,2.51,0.2734,0,Non-SST
9061.0,65.3352,2.3358,2.4767,0.2825,0,Non-SST
9061.5,67.3764,2.5461,2.4433,0.2766,0,Non-SST
9062.0,67.3764,2.3447,2.41,0.2809,0,Non-SST
9062.5,67.3764,2.1433,2.46,0.2545,0,Non-SST
9063.0,67.3764,1.9419,2.51,0.2281,0,Non-SST
9063.5,72.7586,2.1878,2.5,0.2017,0,Non-SST
9064.0,78.1407,2.4337,2.49,0.1753,0,Non-SST
9064.5,71.8735,2.5032,2.4433,0.1489,5,WTR
9065.0,65.6063,2.5726,2.3967,0.1226,5,WTR
9065.5,59.3391,2.6421,2.35,0.0962,5,WTR
9066.0,58.3743,2.7115,2.42,0.0698,0,Non-SST
9066.5,57.4095,2.7809,2.49,0.0434,0,Non-SST
9067.0,71.1958,2.8504,2.4933,0.017,0,Non-SST
9067.5,84.982,2.9198,2.4967,-0.0094,0,Non-SST
9068.0,86.5555,2.9893,2.5,-0.002,0,Non-SST
9068.5,88.1289,3.0587,2.47,0.0076,0,Non-SST
9069.0,89.7024,3.1281,2.44,0.0173,0,Non-SST
9069.5,84.818,3.1976,2.4427,0.0269,0,Non-SST
9070.0,79.9336,3.267,2.4455,0.0366,0,Non-SST
9070.5,75.0493,3.3365,2.4482,0.0463,0,Non-SST
9071.0,70.1649,3.4059,2.4509,0.056,0,Non-SST
9071.5,65.2805,3.4753,2.4536,0.0656,0,Non-SST
9072.0,60.3962,3.5448,2.4564,0.0753,0,Non-SST
9072.5,55.5118,3.6142,2.4591,0.0849,0,Non-SST
9073.0,66.1166,3.6837,2.4618,0.0946,4,PosOil
9073.5,76.7214,3.7531,2.4646,0.1043,0,Non-SST
9074.0,87.3263,3.8226,2.4673,0.1139,0,Non-SST
9074.5,85.8304,3.2569,2.47,0.1236,0,Non-SST
9075.0,84.3346,2.6911,2.4727,0.1333,0,Non-SST
9075.5,82.8388,2.1254,2.4755,0.1429,0,Non-SST
9076.0,81.3429,1.8375,2.4782,0.1526,0,Non-SST
9076.5,79.8471,1.5495,2.4809,0.1623,0,Non-SST
9077.0,78.3512,1.8866,2.4836,0.1719,0,Non-SST
9077.5,76.8554,2.2236,2.4864,0.1816,0,Non-SST
9078.0,75.3596,2.1745,2.4891,0.1913,0,Non-SST
9078.5,73.8637,2.1254,2.4918,0.2009,0,Non-SST
9079.0,72.3679,2.1745,2.4945,0.2106,0,Non-SST
9079.5,70.872,2.2236,2.4973,0.2203,0,Non-SST
9080.0,69.3762,2.0738,2.5,0.2299,0,Non-SST
9080.5,67.8804,1.924,2.5,0.2658,0,Non-SST
9081.0,66.3845,1.7743,2.5,0.3125,0,Non-SST
9081.5,64.8887,1.8152,2.5,0.3402,0,Non-SST
9082.0,63.3929,1.8562,2.535,0.3673,0,Non-SST
9082.5,61.897,1.7386,2.57,0.3393,0,Non-SST
9083.0,60.4012,1.6211,2.535,0.3114,0,Non-SST
9083.5,58.9054,2.0836,2.5,0.2834,0,Non-SST
9084.0,57.4095,2.5461,2.4933,0.2875,0,Non-SST
9084.5,58.3743,3.138,2.4867,0.2919,0,Non-SST
9085.0,59.3391,3.7298,2.48,0.3506,0,Non-SST
9085.5,69.8642,4.3216,2.435,0.4366,0,Non-SST
9086.0,80.3893,3.2235,2.39,0.424,0,Non-SST
9086.5,86.2498,2.1254,2.375,0.4114,0,Non-SST
9087.0,92.1104,1.9908,2.36,0.3988,0,Non-SST
9087.5,97.1497,1.8562,2.36,0.4352,0,Non-SST
9088.0,102.1889,1.9439,2.36,0.4542,0,Non-SST
9088.5,107.2282,2.0316,2.015,0.5434,0,Non-SST
9089.0,97.2772,2.2236,1.67,0.641,0,Non-SST
9089.5,87.3263,2.9155,2.055,0.5647,0,Non-SST
9090.0,89.7183,5.4855,2.44,0.4431,0,Non-SST
9090.5,92.1104,2.2236,2.4167,0.4646,0,Non-SST
9091.0,99.6693,1.4811,2.3933,0.424,0,Non-SST
9091.5,107.2282,1.2364,2.37,0.4521,0,Non-SST
9092.0,104.6448,1.4157,2.37,0.4521,0,Non-SST
9092.5,102.0614,1.2935,2.37,0.4697,0,Non-SST
9093.0,102.0614,1.7583,2.37,0.4873,0,Non-SST
9093.5,102.0614,2.2231,2.37,0.5049,0,Non-SST
9094.0,102.0614,2.6879,2.35,0.5225,0,Non-SST
9094.5,102.0614,3.1527,2.315,0.5402,0,Non-SST
9095.0,102.0614,3.6175,2.3,0.5578,0,Non-SST
9095.5,109.8754,4.0823,2.2367,0.5754,0,Non-SST
9096.0,99.5258,4.5471,2.0,0.593,0,Non-SST
9096.5,94.6779,5.0119,2.0667,0.5452,0,Non-SST
9097.0,89.8299,3.96,2.16,0.4983,0,Non-SST
9097.5,84.982,2.9081,2.45,0.4851,0,Non-SST
9098.0,86.7482,1.8562,2.44,0.472,0,Non-SST
9098.5,88.5143,1.9439,2.485,0.4589,0,Non-SST
9099.0,87.3263,2.0316,2.51,0.3485,0,Non-SST
9099.5,80.3893,2.2031,2.501,0.2788,0,Non-SST
9100.0,75.1507,2.3746,2.492,0.2816,0,Non-SST
9100.5,57.4095,2.5461,2.483,0.2844,0,Non-SST
9101.0,57.4095,2.6049,2.474,0.2873,0,Non-SST
9101.5,57.4095,2.6637,2.465,0.2771,0,Non-SST
9102.0,63.294,2.6245,2.456,0.2671,0,Non-SST
9102.5,63.294,2.5853,2.447,0.2634,0,Non-SST
9103.0,62.7056,2.5461,2.438,0.2598,0,Non-SST
9103.5,62.1171,2.5461,2.429,0.2561,0,Non-SST
9104.0,61.5286,2.5461,2.42,0.2524,0,Non-SST
9104.5,60.9402,2.6049,2.4167,0.2487,0,Non-SST
9105.0,60.3518,2.6637,2.4133,0.2513,0,Non-SST
9105.5,59.7633,2.6637,2.41,0.2548,0,Non-SST
9106.0,59.1749,2.6637,2.375,0.26,5,WTR
9106.5,58.5864,2.6637,2.34,0.2651,0,Non-SST
9107.0,57.998,2.6637,2.415,0.2702,0,Non-SST
9107.5,57.4095,2.6637,2.49,0.2733,0,Non-SST
9108.0,62.1352,2.6637,2.43,0.2764,0,Non-SST
9108.5,66.8608,2.495,2.37,0.2794,0,Non-SST
9109.0,71.5865,2.3263,2.31,0.2983,0,Non-SST
9109.5,67.4402,2.3996,2.39,0.2898,0,Non-SST
9110.0,63.294,2.4729,2.47,0.2896,0,Non-SST
9110.5,69.7526,2.5461,2.49,0.2894,0,Non-SST
9111.0,76.2111,2.3849,2.51,0.2891,0,Non-SST
9111.5,82.6697,2.2236,2.53,0.2859,0,Non-SST
9112.0,77.1281,2.3703,2.48,0.2943,0,Non-SST
9112.5,71.5865,2.517,2.43,0.287,0,Non-SST
9113.0,66.4435,2.6637,2.4333,0.2797,0,Non-SST
9113.5,61.3006,2.6637,2.4367,0.2724,0,Non-SST
9114.0,59.371,2.6637,2.44,0.2715,0,Non-SST
9114.5,57.4414,2.7047,2.4267,0.2715,0,Non-SST
9115.0,55.5118,2.7457,2.4133,0.2663,5,WTR
9115.5,53.6619,2.7868,2.4,0.261,5,WTR
9116.0,51.8121,2.7252,2.395,0.2558,5,WTR
9116.5,48.915,2.6637,2.39,0.2501,5,WTR
9117.0,46.018,2.7252,2.38,0.2441,5,WTR
9117.5,43.1209,2.7868,2.37,0.2543,5,WTR
9118.0,44.2478,2.8745,2.36,0.268,5,WTR
9118.5,45.3748,2.9623,2.36,0.2639,5,WTR
9119.0,46.5017,3.0501,2.36,0.2599,5,WTR
9119.5,48.2559,3.2713,2.405,0.2558,5,WTR
9120.0,50.0101,3.4925,2.45,0.2415,5,WTR
9120.5,50.6107,3.9252,2.4633,0.2319,5,WTR
9121.0,51.2114,4.3579,2.4767,0.2116,5,WTR
9121.5,51.8121,4.7906,2.49,0.1913,0,Non-SST
9122.0,51.8121,5.9914,2.545,0.171,0,Non-SST
9122.5,51.8121,7.1922,2.6,0.1365,0,Non-SST
9123.0,46.6452,7.6667,2.6067,0.1133,0,Non-SST
9123.5,41.4784,8.1412,2.6133,0.1047,0,Non-SST
9124.0,37.481,8.6158,2.62,0.0961,0,Non-SST
9124.5,33.4836,9.9561,2.67,0.0875,0,Non-SST
9125.0,29.4862,11.2964,2.72,0.0882,0,Non-SST
9125.5,32.3566,12.7269,2.6,0.0904,0,Non-SST
9126.0,35.2271,14.1573,2.48,0.1128,0,Non-SST
9126.5,36.774,11.4395,2.36,0.1351,1,Gas
9127.0,38.3209,8.7217,2.355,0.1575,5,WTR
9127.5,39.8677,6.0039,2.35,0.1882,5,WTR
9128.0,48.6386,4.527,2.4,0.2326,5,WTR
9128.5,57.4095,3.0501,2.45,0.2526,0,Non-SST
9129.0,58.0527,3.097,2.46,0.281,0,Non-SST
9129.5,58.6959,3.144,2.47,0.2754,0,Non-SST
9130.0,59.3391,3.191,2.48,0.2698,0,Non-SST
9130.5,62.3292,3.0532,2.485,0.2642,0,Non-SST
9131.0,65.3193,2.9155,2.49,0.2586,0,Non-SST
9131.5,66.005,2.8726,2.4967,0.253,0,Non-SST
9132.0,66.6907,2.8296,2.5033,0.2518,0,Non-SST
9132.5,67.3764,2.7868,2.51,0.2505,0,Non-SST
9133.0,69.4815,2.7868,2.5,0.2493,0,Non-SST
9133.5,71.5865,2.7868,2.49,0.2481,0,Non-SST
9134.0,74.8636,2.7868,2.4767,0.2469,0,Non-SST
9134.5,78.1407,2.7868,2.4633,0.2479,0,Non-SST
9135.0,73.1918,2.7868,2.45,0.2489,0,Non-SST
9135.5,68.2429,2.7868,2.435,0.2499,0,Non-SST
9136.0,63.294,2.7868,2.42,0.2507,0,Non-SST
9136.5,62.2973,2.7457,2.384,0.2515,0,Non-SST
9137.0,61.3006,2.7047,2.348,0.2523,0,Non-SST
9137.5,63.3259,2.6637,2.312,0.2532,0,Non-SST
9138.0,65.3512,2.6637,2.276,0.254,0,Non-SST
9138.5,67.3764,2.6637,2.24,0.2385,0,Non-SST
9139.0,66.3479,2.6637,2.43,0.2229,5,WTR
9139.5,65.3193,2.6637,2.62,0.2074,0,Non-SST
9140.0,68.126,2.6637,2.59,0.2198,0,Non-SST
9140.5,70.9326,2.6637,2.56,0.2322,0,Non-SST
9141.0,73.7393,2.6637,2.53,0.2446,0,Non-SST
9141.5,70.5579,2.6637,2.52,0.2569,0,Non-SST
9142.0,67.3764,2.6637,2.51,0.2693,0,Non-SST
9142.5,70.9645,2.6637,2.5167,0.2817,0,Non-SST
9143.0,74.5526,2.6049,2.5233,0.294,0,Non-SST
9143.5,78.1407,2.5461,2.53,0.3076,0,Non-SST
9144.0,80.4371,2.4059,2.5133,0.3249,0,Non-SST
9144.5,82.7335,2.2657,2.4967,0.333,0,Non-SST
9145.0,85.0299,2.1254,2.48,0.3411,0,Non-SST
9145.5,87.3263,1.9908,2.505,0.3493,0,Non-SST
9146.0,87.3263,1.8562,2.53,0.3498,0,Non-SST
9146.5,87.3263,1.9439,2.538,0.3537,0,Non-SST
9147.0,87.3263,2.0316,2.546,0.3616,0,Non-SST
9147.5,95.1244,2.0785,2.554,0.362,0,Non-SST
9148.0,102.9225,2.1254,2.562,0.3462,0,Non-SST
9148.5,110.7206,1.9908,2.57,0.3375,0,Non-SST
9149.0,118.5188,1.8562,2.5667,0.3375,0,Non-SST
9149.5,126.3169,1.9439,2.5633,0.3783,0,Non-SST
9150.0,114.112,2.0316,2.56,0.4034,0,Non-SST
9150.5,101.9072,1.8638,2.525,0.3785,0,Non-SST
9151.0,89.7024,1.696,2.49,0.3554,0,Non-SST
9151.5,93.3622,1.6227,2.4983,0.4023,0,Non-SST
9152.0,97.0221,1.5495,2.5067,0.4615,0,Non-SST
9152.5,97.0221,1.5853,2.515,0.418,0,Non-SST
9153.0,97.0221,1.6211,2.515,0.385,0,Non-SST
9153.5,97.0221,1.6585,2.555,0.3861,0,Non-SST
9154.0,93.3622,1.696,2.61,0.385,0,Non-SST
9154.5,89.7024,1.7761,2.58,0.3711,0,Non-SST
9155.0,86.598,1.8562,2.55,0.358,0,Non-SST
9155.5,83.4936,1.8562,2.575,0.3855,0,Non-SST
9156.0,80.3893,1.8562,2.6,0.4134,0,Non-SST
9156.5,82.6857,1.8991,2.585,0.4377,0,Non-SST
9157.0,84.982,1.9419,2.57,0.4657,0,Non-SST
9157.5,88.5462,1.8189,2.55,0.4197,0,Non-SST
9158.0,92.1104,1.696,2.53,0.3797,0,Non-SST
9158.5,88.5462,1.696,2.54,0.3911,0,Non-SST
9159.0,84.982,1.6227,2.55,0.4033,0,Non-SST
9159.5,89.7024,1.5495,2.54,0.3933,0,Non-SST
9160.0,90.9064,1.6619,2.53,0.3835,0,Non-SST
9160.5,92.1104,1.7743,2.535,0.3912,0,Non-SST
9161.0,90.9064,1.6977,2.54,0.399,0,Non-SST
9161.5,89.7024,1.6211,2.545,0.4135,0,Non-SST
9162.0,89.7024,1.6211,2.55,0.4287,0,Non-SST
9162.5,89.7024,1.6211,2.57,0.4011,0,Non-SST
9163.0,90.9064,1.6585,2.59,0.3763,0,Non-SST
9163.5,92.1104,1.696,2.59,0.3846,0,Non-SST
9164.0,90.9064,1.6585,2.59,0.393,0,Non-SST
9164.5,89.7024,1.6211,2.57,0.3844,0,Non-SST
9165.0,92.1263,1.646,2.55,0.3761,0,Non-SST
9165.5,94.5503,1.671,2.56,0.3678,0,Non-SST
9166.0,95.7862,1.696,2.57,0.3598,0,Non-SST
9166.5,97.0221,1.8638,2.52,0.3833,0,Non-SST
9167.0,99.5417,2.0316,2.47,0.4087,0,Non-SST
9167.5,102.0614,1.9868,2.415,0.4271,0,Non-SST
9168.0,102.0614,1.9419,2.36,0.4474,0,Non-SST
9168.5,102.0614,2.1878,2.355,0.4459,0,Non-SST
9169.0,98.3058,2.4337,2.35,0.4442,0,Non-SST
9169.5,94.5503,2.2327,2.39,0.4024,0,Non-SST
9170.0,92.1263,2.0316,2.43,0.3665,0,Non-SST
9170.5,89.7024,1.8638,2.45,0.3731,0,Non-SST
9171.0,98.4653,1.696,2.47,0.3798,0,Non-SST
9171.5,107.2282,1.7351,2.415,0.3864,0,Non-SST
9172.0,107.2282,1.7743,2.36,0.4038,0,Non-SST
9172.5,107.2282,1.8302,2.38,0.41,0,Non-SST
9173.0,100.8893,1.886,2.4,0.4294,0,Non-SST
9173.5,94.5503,1.9419,2.365,0.4487,0,Non-SST
9174.0,95.7862,1.8189,2.33,0.468,0,Non-SST
9174.5,97.0221,1.696,2.315,0.5155,0,Non-SST
9175.0,98.2739,1.696,2.3,0.5681,0,Non-SST
9175.5,99.5258,1.696,2.37,0.5141,0,Non-SST
9176.0,93.426,1.696,2.44,0.4601,0,Non-SST
9176.5,87.3263,1.5246,2.49,0.4061,0,Non-SST
9177.0,90.9383,1.3532,2.54,0.4153,0,Non-SST
9177.5,94.5503,1.4872,2.5,0.4327,0,Non-SST
9178.0,89.7662,1.6211,2.46,0.3937,0,Non-SST
9178.5,84.982,1.6211,2.42,0.3778,0,Non-SST
9179.0,86.1541,1.6211,2.44,0.3615,0,Non-SST
9179.5,87.3263,1.696,2.46,0.3463,0,Non-SST
9180.0,90.9383,1.6211,2.4667,0.3792,0,Non-SST
9180.5,94.5503,1.6211,2.4733,0.4182,0,Non-SST
9181.0,94.5503,1.6211,2.48,0.4105,0,Non-SST
9181.5,94.5503,1.5184,2.425,0.381,0,Non-SST
9182.0,94.5503,1.4157,2.37,0.4181,0,Non-SST
9182.5,94.5503,1.5558,2.33,0.4667,0,Non-SST
9183.0,94.5503,1.696,2.29,0.5008,0,Non-SST
9183.5,98.7763,1.7975,2.2933,0.5256,0,Non-SST
9184.0,103.0022,1.8991,2.2967,0.5155,0,Non-SST
9184.5,107.2282,2.1664,2.3,0.4747,0,Non-SST
9185.0,103.377,2.4337,2.3517,0.4883,0,Non-SST
9185.5,99.5258,2.4337,2.4033,0.4996,0,Non-SST
9186.0,100.7936,2.4337,2.3617,0.5324,0,Non-SST
9186.5,102.0614,4.2188,2.32,0.5696,0,Non-SST
9187.0,82.9727,6.0039,1.96,0.6987,0,Non-SST
9187.5,63.884,10.4075,1.445,0.9699,0,Non-SST
9188.0,44.7954,14.8111,1.445,1.0172,0,Non-SST
9188.5,29.1034,15.7883,1.32,1.1543,0,Non-SST
9189.0,13.4115,16.7655,1.35,1.0206,0,Non-SST
9189.5,24.8854,17.7427,1.38,0.8869,0,Non-SST
9190.0,28.1307,15.0533,1.52,0.7532,0,Non-SST
9190.5,38.1853,12.3639,1.52,0.5533,0,Non-SST
9191.0,48.2399,9.5168,1.995,0.3541,5,WTR
9191.5,60.9896,6.6697,2.36,0.3518,0,Non-SST
9192.0,73.7393,3.8226,2.415,0.3495,0,Non-SST
9192.5,72.6629,2.8822,2.47,0.3473,0,Non-SST
9193.0,71.5865,1.9419,2.465,0.3025,0,Non-SST
9193.5,57.7883,2.1433,2.46,0.2694,0,Non-SST
9194.0,43.99,2.3447,2.4,0.2448,5,WTR
9194.5,43.5555,2.5461,2.34,0.2242,5,WTR
9195.0,43.1209,2.4362,2.39,0.2227,5,WTR
9195.5,50.2652,2.3263,2.44,0.2212,5,WTR
9196.0,57.4095,2.3263,2.4533,0.2197,5,WTR
9196.5,66.6668,2.3263,2.4667,0.2474,0,Non-SST
9197.0,75.9241,2.2921,2.48,0.2773,0,Non-SST
9197.5,77.0324,2.2578,2.525,0.2786,0,Non-SST
9198.0,78.1407,2.2236,2.57,0.2799,0,Non-SST
9198.5,74.8636,2.275,2.515,0.2812,0,Non-SST
9199.0,71.5865,2.3263,2.46,0.4435,0,Non-SST
9199.5,60.4873,2.2921,2.3867,0.7959,0,Non-SST
9200.0,49.3881,2.2578,2.3133,0.6209,0,Non-SST
9200.5,38.289,2.2236,2.24,0.4458,0,Non-SST
9201.0,33.2098,2.1745,2.245,0.2707,5,WTR
9201.5,28.1307,2.1254,2.25,0.2591,5,WTR
9202.0,33.2098,2.2282,2.27,0.2488,5,WTR
9202.5,38.289,2.331,2.29,0.2429,5,WTR
9203.0,41.0265,2.4337,2.31,0.2369,5,WTR
9203.5,43.7641,2.6102,2.355,0.231,5,WTR
9204.0,46.5017,2.7868,2.4,0.216,5,WTR
9204.5,48.2559,2.7868,2.3933,0.2056,5,WTR
9205.0,50.0101,2.7868,2.3867,0.209,5,WTR
9205.5,48.8406,2.7266,2.38,0.2124,5,WTR
9206.0,47.6712,2.6665,2.375,0.2159,5,WTR
9206.5,46.5017,2.6063,2.37,0.2288,5,WTR
9207.0,48.2559,2.5461,2.3333,0.2417,5,WTR
9207.5,50.0101,2.3358,2.2967,0.2546,5,WTR
9208.0,44.1043,2.1254,2.26,0.2725,5,WTR
9208.5,38.1986,1.9499,2.22,0.2849,5,WTR
9209.0,32.2929,1.7743,2.18,0.2741,5,WTR
9209.5,25.3638,1.7743,2.205,0.2581,5,WTR
9210.0,18.4348,1.7743,2.23,0.2521,5,WTR
9210.5,18.4348,1.7743,2.2233,0.2461,5,WTR
9211.0,18.4348,1.7743,2.2167,0.2401,5,WTR
9211.5,18.4348,1.7743,2.21,0.2621,5,WTR
9212.0,20.7312,1.86,2.2467,0.2855,5,WTR
9212.5,23.0276,1.9458,2.2833,0.2715,5,WTR
9213.0,29.1274,2.0316,2.32,0.2575,5,WTR
9213.5,35.2271,2.2327,2.29,0.2435,5,WTR
9214.0,31.9899,2.4337,2.26,0.2538,5,WTR
9214.5,28.7526,2.2997,2.2367,0.2618,5,WTR
9215.0,25.5153,2.1657,2.2133,0.2585,5,WTR
9215.5,25.0954,2.0316,2.19,0.2552,5,WTR
9216.0,24.6755,2.1276,2.31,0.2519,5,WTR
9216.5,24.2555,2.2236,2.43,0.2231,5,WTR
9217.0,31.2722,2.5052,2.44,0.2081,5,WTR
9217.5,38.289,2.7868,2.45,0.206,5,WTR
9218.0,39.8996,2.7868,2.46,0.2018,5,WTR
9218.5,41.5103,2.7868,2.39,0.2111,5,WTR
9219.0,43.1209,2.7868,2.32,0.2204,5,WTR
9219.5,42.2996,2.6102,2.33,0.2297,5,WTR
9220.0,41.4784,2.4337,2.34,0.2384,5,WTR
9220.5,38.4165,2.3979,2.3133,0.2484,5,WTR
9221.0,35.3547,2.3621,2.2867,0.2433,5,WTR
9221.5,32.2929,2.3263,2.26,0.2381,5,WTR
9222.0,30.8895,2.275,2.275,0.2329,5,WTR
9222.5,29.4862,2.2236,2.29,0.2317,5,WTR
9223.0,29.9486,2.2236,2.3033,0.2317,5,WTR
9223.5,30.4111,2.2236,2.3167,0.2354,5,WTR
9224.0,30.8736,2.2236,2.33,0.2392,5,WTR
9224.5,41.3428,2.3849,2.425,0.2429,5,WTR
9225.0,51.8121,2.5461,2.52,0.2231,0,Non-SST
9225.5,57.553,2.6263,2.5367,0.2122,0,Non-SST
9226.0,63.294,2.7065,2.5533,0.224,0,Non-SST
9226.5,64.6548,2.7868,2.57,0.2358,0,Non-SST
9227.0,66.0156,2.8511,2.535,0.2476,0,Non-SST
9227.5,67.3764,2.9155,2.5,0.3952,0,Non-SST
9228.0,71.6503,2.8511,2.4867,0.7614,0,Non-SST
9228.5,75.9241,2.7868,2.4733,0.5878,0,Non-SST
9229.0,73.0749,2.8296,2.46,0.4141,0,Non-SST
9229.5,70.2257,2.8726,2.49,0.2405,0,Non-SST
9230.0,67.3764,2.9155,2.52,0.2429,0,Non-SST
9230.5,69.4815,2.8511,2.5,0.2497,0,Non-SST
9231.0,71.5865,2.7868,2.48,0.2567,0,Non-SST
9231.5,70.1831,2.7065,2.48,0.2621,0,Non-SST
9232.0,68.7798,2.6263,2.48,0.27,0,Non-SST
9232.5,67.3764,2.5461,2.48,0.2779,0,Non-SST
9233.0,69.4815,2.5461,2.51,0.2858,0,Non-SST
9233.5,71.5865,2.5461,2.54,0.2652,0,Non-SST
9234.0,71.5865,2.5087,2.5467,0.2495,0,Non-SST
9234.5,71.5865,2.4712,2.5533,0.2607,0,Non-SST
9235.0,75.2809,2.4337,2.56,0.272,0,Non-SST
9235.5,78.9753,2.38,2.56,0.2833,0,Non-SST
9236.0,82.6697,2.3263,2.56,0.2856,0,Non-SST
9236.5,81.5295,2.2921,2.55,0.2881,0,Non-SST
9237.0,80.3893,2.2578,2.54,0.3049,0,Non-SST
9237.5,82.7016,2.2236,2.53,0.3217,0,Non-SST
9238.0,85.0139,2.1745,2.53,0.3386,0,Non-SST
9238.5,87.3263,2.1254,2.53,0.3346,0,Non-SST
9239.0,86.1541,2.0942,2.52,0.3307,0,Non-SST
9239.5,84.982,2.0629,2.51,0.3267,0,Non-SST
9240.0,85.7634,2.0316,2.5,0.3314,0,Non-SST
9240.5,86.5449,2.0785,2.515,0.3305,0,Non-SST
9241.0,87.3263,2.1254,2.53,0.3469,0,Non-SST
9241.5,89.7183,2.0643,2.525,0.3676,0,Non-SST
9242.0,92.1104,2.0031,2.52,0.3711,0,Non-SST
9242.5,92.9237,1.9419,2.5367,0.3746,0,Non-SST
9243.0,93.737,1.8991,2.5533,0.3781,0,Non-SST
9243.5,94.5503,1.8562,2.57,0.382,0,Non-SST
9244.0,92.1263,1.8028,2.56,0.3952,0,Non-SST
9244.5,89.7024,1.7494,2.55,0.4092,0,Non-SST
9245.0,89.7024,1.696,2.5433,0.4224,0,Non-SST
9245.5,89.7024,1.6227,2.5367,0.391,0,Non-SST
9246.0,89.7024,1.5495,2.53,0.3661,0,Non-SST
9246.5,89.7024,1.5495,2.54,0.384,0,Non-SST
9247.0,89.7024,1.5495,2.55,0.4032,0,Non-SST
9247.5,92.1263,1.5153,2.56,0.3812,0,Non-SST
9248.0,94.5503,1.4811,2.565,0.3641,0,Non-SST
9248.5,90.5901,1.5153,2.57,0.3627,0,Non-SST
9249.0,86.6299,1.5495,2.5867,0.3621,0,Non-SST
9249.5,82.6697,1.7906,2.6033,0.329,0,Non-SST
9250.0,81.9096,2.0316,2.62,0.2959,0,Non-SST
9250.5,81.1494,2.4337,2.6,0.3108,0,Non-SST
9251.0,80.3893,2.38,2.58,0.3266,0,Non-SST
9251.5,83.8578,2.3263,2.58,0.3127,0,Non-SST
9252.0,87.3263,2.3263,2.58,0.2997,0,Non-SST
9252.5,85.0139,2.3263,2.565,0.2985,0,Non-SST
9253.0,82.7016,2.275,2.55,0.2972,0,Non-SST
9253.5,80.3893,2.2236,2.555,0.3249,0,Non-SST
9254.0,83.8578,1.9224,2.56,0.3577,0,Non-SST
9254.5,87.3263,1.6211,2.55,0.3714,0,Non-SST
9255.0,90.9383,1.6211,2.54,0.3863,0,Non-SST
9255.5,94.5503,1.6211,2.53,0.3881,0,Non-SST
9256.0,92.1263,1.5853,2.52,0.39,0,Non-SST
9256.5,89.7024,1.5495,2.54,0.3468,0,Non-SST
9257.0,83.9215,1.7906,2.56,0.3107,0,Non-SST
9257.5,78.1407,2.0316,2.47,0.3334,0,Non-SST
9258.0,71.73,2.7621,2.38,0.3573,0,Non-SST
9258.5,65.3193,3.4925,2.35,0.3526,0,Non-SST
9259.0,72.8543,2.9094,2.32,0.3548,0,Non-SST
9259.5,80.3893,2.3263,2.395,0.3564,0,Non-SST
9260.0,86.2498,2.3263,2.47,0.3639,0,Non-SST
9260.5,92.1104,2.3263,2.42,0.3528,0,Non-SST
9261.0,89.7183,2.38,2.435,0.3438,0,Non-SST
9261.5,87.3263,2.4337,2.435,0.3243,0,Non-SST
9262.0,83.8578,2.38,2.47,0.2843,0,Non-SST
9262.5,80.3893,2.3263,2.505,0.2518,0,Non-SST
9263.0,75.9879,2.4362,2.54,0.2502,0,Non-SST
9263.5,71.5865,2.5461,2.54,0.2485,0,Non-SST
9264.0,71.5865,2.7981,2.525,0.2468,0,Non-SST
9264.5,71.5865,3.0501,2.525,0.2555,0,Non-SST
9265.0,67.4402,2.9828,2.46,0.2709,0,Non-SST
9265.5,63.294,2.9155,2.41,0.2665,0,Non-SST
9266.0,52.3862,2.7896,2.3,0.268,5,WTR
9266.5,41.4784,2.6637,2.19,0.2676,5,WTR
9267.0,31.0729,2.3946,2.185,0.2508,5,WTR
9267.5,20.6674,2.1254,2.18,0.2435,5,WTR
9268.0,17.9963,2.0337,2.175,0.2335,5,WTR
9268.5,15.3251,1.9419,2.17,0.2468,5,WTR
9269.0,14.8388,1.8991,2.19,0.2557,5,WTR
9269.5,14.3524,1.8562,2.21,0.2489,5,WTR
9270.0,14.8388,1.8152,2.2067,0.2515,5,WTR
9270.5,15.3251,1.7743,2.2033,0.2489,5,WTR
9271.0,14.3524,1.7743,2.2,0.2592,5,WTR
9271.5,13.8819,1.7743,2.19,0.2681,5,WTR
9272.0,13.4115,1.7743,2.18,0.2685,5,WTR
9272.5,13.4115,1.7743,2.175,0.2622,5,WTR
9273.0,13.4115,1.7743,2.18,0.2636,5,WTR
9273.5,12.2633,1.7743,2.18,0.2609,5,WTR
9274.0,11.1151,1.7743,2.19,0.2702,5,WTR
9274.5,9.9669,1.7743,2.19,0.272,5,WTR
9275.0,10.7962,1.8152,2.185,0.264,5,WTR
9275.5,11.6254,1.8562,2.18,0.2564,5,WTR
9276.0,12.9889,1.8562,2.185,0.2564,5,WTR
9276.5,14.3524,1.8562,2.19,0.2564,5,WTR
9277.0,16.3936,1.9908,2.255,0.2564,5,WTR
9277.5,18.4348,2.1254,2.32,0.2422,5,WTR
9278.0,21.9751,2.1254,2.285,0.2371,5,WTR
9278.5,25.5153,2.1254,2.25,0.2383,5,WTR
9279.0,24.2715,2.1254,2.24,0.2374,5,WTR
9279.5,23.0276,2.1254,2.23,0.2304,5,WTR
9280.0,28.1307,2.1254,2.23,0.2228,5,WTR
9280.5,25.5791,2.1254,2.23,0.2454,5,WTR
9281.0,23.0276,2.1254,2.22,0.2727,5,WTR
9281.5,19.6787,2.1254,2.21,0.2652,5,WTR
9282.0,16.3298,2.0785,2.2,0.258,5,WTR
9282.5,13.9776,2.0316,2.19,0.2458,5,WTR
9283.0,11.6254,1.9868,2.1867,0.2337,5,WTR
9283.5,9.0314,1.9419,2.1833,0.2409,5,WTR
9284.0,11.6254,1.9419,2.18,0.2494,5,WTR
9284.5,10.7962,1.9419,2.185,0.2541,5,WTR
9285.0,9.9669,1.9134,2.19,0.259,5,WTR
9285.5,8.4998,1.8848,2.195,0.2534,5,WTR
9286.0,7.0327,1.8562,2.2,0.2478,5,WTR
9286.5,8.0108,1.8991,2.22,0.2423,5,WTR
9287.0,8.9888,1.9419,2.24,0.2531,5,WTR
9287.5,9.9669,2.0031,2.16,0.2745,5,WTR
9288.0,9.5762,2.0643,2.08,0.2634,5,WTR
9288.5,9.1855,2.1254,2.13,0.2523,5,WTR
9289.0,9.1855,2.0337,2.18,0.2412,5,WTR
9289.5,9.1855,1.9419,2.17,0.2598,5,WTR
9290.0,9.1855,1.9134,2.16,0.2808,5,WTR
9290.5,9.1855,1.8848,2.14,0.2843,5,WTR
9291.0,8.1091,1.8562,2.12,0.2877,5,WTR
9291.5,7.0327,1.8152,2.145,0.2911,5,WTR
9292.0,8.4998,1.7743,2.17,0.2699,5,WTR
9292.5,9.9669,1.7482,2.17,0.253,5,WTR
9293.0,9.9669,1.722,2.17,0.2663,5,WTR
9293.5,9.9669,1.696,2.17,0.2808,5,WTR
9294.0,9.5762,1.6585,2.165,0.2858,5,WTR
9294.5,9.1855,1.6211,2.16,0.2908,5,WTR
9295.0,8.8108,1.6211,2.1533,0.2957,5,WTR
9295.5,8.436,1.6211,2.1467,0.2864,5,WTR
9296.0,8.9463,1.6211,2.14,0.2796,5,WTR
9296.5,9.4566,1.6211,2.155,0.2765,5,WTR
9297.0,9.9669,1.6211,2.17,0.2734,5,WTR
9297.5,9.5762,1.7579,2.155,0.2703,5,WTR
9298.0,9.1855,1.8948,2.14,0.2727,5,WTR
9298.5,8.9357,2.0316,2.1567,0.2751,5,WTR
9299.0,8.6859,2.1276,2.1733,0.2775,5,WTR
9299.5,8.436,2.2236,2.19,0.29,5,WTR
9300.0,9.2015,3.2302,2.06,0.3248,5,WTR
9300.5,9.9669,4.2368,1.93,0.3697,5,WTR
9301.0,21.1299,5.2433,1.8767,0.4147,0,Non-SST
9301.5,32.2929,10.0272,1.8233,0.4597,0,Non-SST
9302.0,45.3907,14.8111,1.77,0.5476,0,Non-SST
9302.5,58.4886,11.9678,2.095,0.5439,0,Non-SST
9303.0,71.5865,9.1245,2.42,0.4147,0,Non-SST
9303.5,74.8636,6.2811,2.4333,0.3707,0,Non-SST
9304.0,78.1407,5.0518,2.4467,0.3426,0,Non-SST
9304.5,82.7973,3.8226,2.46,0.3133,0,Non-SST
9305.0,87.4538,2.8394,2.4567,0.3399,0,Non-SST
9305.5,92.1104,1.8562,2.4533,0.3665,0,Non-SST
9306.0,90.9064,2.0913,2.45,0.3931,0,Non-SST
9306.5,89.7024,2.3263,2.465,0.3729,0,Non-SST
9307.0,83.6637,2.38,2.48,0.3546,0,Non-SST
9307.5,77.6251,2.4337,2.4733,0.3037,0,Non-SST
9308.0,71.5865,2.6392,2.4667,0.2655,0,Non-SST
9308.5,63.2249,2.8447,2.46,0.2459,0,Non-SST
9309.0,54.8633,3.0501,2.405,0.2322,5,WTR
9309.5,46.5017,2.9828,2.35,0.2431,5,WTR
9310.0,46.5017,2.9155,2.38,0.2472,5,WTR
9310.5,46.5017,2.9155,2.41,0.2435,5,WTR
9311.0,47.0811,2.9155,2.44,0.2398,5,WTR
9311.5,47.6605,2.7896,2.47,0.238,5,WTR
9312.0,48.2399,2.6637,2.5067,0.2387,5,WTR
9312.5,58.8527,2.7252,2.5433,0.2562,0,Non-SST
9313.0,69.4655,2.7868,2.58,0.2652,0,Non-SST
9313.5,77.2238,2.5052,2.56,0.2754,0,Non-SST
9314.0,84.982,2.2236,2.54,0.2855,0,Non-SST
9314.5,87.3422,2.2236,2.53,0.2957,0,Non-SST
9315.0,89.7024,2.2236,2.52,0.3206,0,Non-SST
9315.5,87.3581,2.2236,2.54,0.3454,0,Non-SST
9316.0,85.0139,2.2236,2.56,0.3367,0,Non-SST
9316.5,82.6697,2.2578,2.54,0.3332,0,Non-SST
9317.0,86.186,2.2921,2.52,0.32,0,Non-SST
9317.5,89.7024,2.3263,2.485,0.3095,0,Non-SST
9318.0,86.186,2.6882,2.45,0.2907,0,Non-SST
9318.5,82.6697,3.0501,2.445,0.2709,0,Non-SST
9319.0,73.9945,3.4363,2.44,0.264,0,Non-SST
9319.5,65.3193,3.8226,2.43,0.2572,0,Non-SST
9320.0,61.3644,4.0998,2.42,0.2503,0,Non-SST
9320.5,57.4095,4.377,2.4,0.2368,0,Non-SST
9321.0,55.5278,4.188,2.38,0.2245,5,WTR
9321.5,53.646,3.9991,2.3467,0.237,5,WTR
9322.0,60.5112,4.2629,2.3133,0.251,0,Non-SST
9322.5,67.3764,4.5268,2.28,0.2896,0,Non-SST
9323.0,83.4511,4.7906,2.225,0.3356,0,Non-SST
9323.5,99.5258,4.9012,2.17,0.3618,0,Non-SST
9324.0,85.487,5.0119,2.26,0.3698,0,Non-SST
9324.5,71.4483,5.1276,2.35,0.3311,0,Non-SST
9325.0,57.4095,5.2433,2.335,0.2924,0,Non-SST
9325.5,47.8492,4.4486,2.32,0.2536,5,WTR
9326.0,38.289,3.6538,2.31,0.2358,5,WTR
9326.5,36.758,3.6,2.3,0.2198,5,WTR
9327.0,35.2271,3.5463,2.29,0.2271,5,WTR
9327.5,35.2271,3.4925,2.26,0.2343,5,WTR
9328.0,35.2271,3.4154,2.23,0.2416,5,WTR
9328.5,40.8644,3.3383,2.265,0.2373,5,WTR
9329.0,46.5017,3.3897,2.3,0.2329,5,WTR
9329.5,47.6712,3.4411,2.33,0.2285,5,WTR
9330.0,48.8406,3.4925,2.36,0.2322,5,WTR
9330.5,50.0101,3.4154,2.4,0.2349,5,WTR
9331.0,55.6553,3.3383,2.44,0.2246,5,WTR
9331.5,61.3006,3.2892,2.4333,0.218,5,WTR
9332.0,61.3006,3.2401,2.4267,0.2214,5,WTR
9332.5,61.3006,3.191,2.42,0.2248,5,WTR
9333.0,59.3551,2.9889,2.445,0.2282,5,WTR
9333.5,57.4095,2.7868,2.47,0.2379,5,WTR
9334.0,46.3183,2.6333,2.3933,0.2506,5,WTR
9334.5,35.2271,2.4798,2.3167,0.2529,5,WTR
9335.0,29.2735,2.3263,2.24,0.2552,5,WTR
9335.5,23.32,2.2259,2.225,0.2575,5,WTR
9336.0,17.3664,2.1254,2.21,0.2503,5,WTR
9336.5,15.3889,2.0942,2.2367,0.242,5,WTR
9337.0,13.4115,2.0629,2.2633,0.245,5,WTR
9337.5,25.021,2.0316,2.29,0.248,5,WTR
9338.0,36.6305,2.2889,2.38,0.2511,5,WTR
9338.5,48.2399,2.5461,2.47,0.2532,5,WTR
9339.0,48.2399,2.6049,2.44,0.2637,5,WTR
9339.5,48.2399,2.6637,2.41,0.2609,5,WTR
9340.0,45.9861,2.6245,2.38,0.2667,5,WTR
9340.5,43.7322,2.5853,2.35,0.2678,5,WTR
9341.0,41.4784,2.5461,2.32,0.269,5,WTR
9341.5,32.253,2.3849,2.25,0.2701,5,WTR
9342.0,23.0276,2.2236,2.18,0.2684,5,WTR
9342.5,23.0276,2.1909,2.2033,0.2602,5,WTR
9343.0,23.0276,2.1582,2.2267,0.2616,5,WTR
9343.5,23.0276,2.1254,2.25,0.263,5,WTR
9344.0,23.6416,2.2259,2.24,0.2644,5,WTR
9344.5,24.2555,2.3263,2.23,0.2842,5,WTR
9345.0,40.8325,2.5227,2.34,0.3052,5,WTR
9345.5,57.4095,2.7191,2.45,0.2876,0,Non-SST
9346.0,63.581,2.9155,2.56,0.2699,0,Non-SST
9346.5,69.7526,3.0532,2.555,0.2522,0,Non-SST
9347.0,75.9241,3.191,2.55,0.2585,0,Non-SST
9347.5,78.1567,3.2647,2.55,0.2608,0,Non-SST
9348.0,80.3893,3.3383,2.55,0.2657,0,Non-SST
9348.5,82.7016,3.191,2.55,0.2719,0,Non-SST
9349.0,85.0139,2.9581,2.585,0.2794,0,Non-SST
9349.5,87.3263,2.7252,2.62,0.2937,0,Non-SST
9350.0,88.5143,2.4337,2.6033,0.3178,0,Non-SST
9350.5,89.7024,2.3532,2.5867,0.3311,0,Non-SST
9351.0,87.3581,2.2236,2.57,0.3214,0,Non-SST
9351.5,85.0139,2.4337,2.48,0.3118,0,Non-SST
9352.0,82.6697,2.6102,2.39,0.3022,0,Non-SST
9352.5,63.7325,2.7868,2.345,0.2782,0,Non-SST
9353.0,44.7954,2.7868,2.3,0.258,5,WTR
9353.5,42.6266,2.7868,2.295,0.2511,5,WTR
9354.0,40.4578,2.7868,2.29,0.2443,5,WTR
9354.5,38.289,2.8511,2.285,0.2375,5,WTR
9355.0,39.8837,2.9155,2.2867,0.2696,5,WTR
9355.5,41.4784,2.3036,2.27,0.3162,5,WTR
9356.0,60.9338,1.6917,2.3317,0.3242,0,Non-SST
9356.5,80.3893,1.0798,2.4128,0.3321,0,Non-SST
9357.0,83.4936,1.703,2.5194,0.34,0,Non-SST
9357.5,86.598,2.3263,2.5567,0.3309,0,Non-SST
9358.0,89.7024,2.1341,2.5311,0.3269,0,Non-SST
9358.5,102.0614,1.9419,2.5056,0.3413,0,Non-SST
9359.0,100.7936,2.1825,2.48,0.3675,0,Non-SST
9359.5,99.5258,2.4231,2.445,0.359,0,Non-SST
9360.0,94.5503,2.6637,2.41,0.3505,0,Non-SST
9360.5,91.5323,2.9274,2.495,0.3419,0,Non-SST
9361.0,88.1183,3.191,2.58,0.2773,0,Non-SST
9361.5,83.3253,3.4015,2.5733,0.2366,0,Non-SST
9362.0,78.5323,3.612,2.5667,0.2347,0,Non-SST
9362.5,73.7393,3.8226,2.56,0.2329,0,Non-SST
9363.0,70.5579,4.0032,2.565,0.231,0,Non-SST
9363.5,67.3764,4.1838,2.57,0.2315,0,Non-SST
9364.0,69.4815,4.2482,2.5667,0.2324,0,Non-SST
9364.5,71.5865,4.3126,2.5633,0.2333,0,Non-SST
9365.0,72.3041,4.377,2.56,0.2342,0,Non-SST
9365.5,73.0217,4.377,2.515,0.2352,0,Non-SST
9366.0,73.7393,4.377,2.47,0.2654,0,Non-SST
9366.5,71.6024,5.6259,2.3833,0.2712,0,Non-SST
9367.0,69.4655,6.8747,2.2967,0.32,0,Non-SST
9367.5,70.1725,6.0431,2.21,0.3549,0,Non-SST
9368.0,70.8795,5.2116,2.35,0.3389,0,Non-SST
9368.5,71.5865,4.38,2.49,0.2626,0,Non-SST
9369.0,70.526,4.1838,2.5067,0.2363,0,Non-SST
9369.5,69.4655,4.1838,2.5233,0.2458,0,Non-SST
9370.0,68.7692,4.1838,2.54,0.2508,0,Non-SST
9370.5,68.0728,3.9188,2.56,0.2313,0,Non-SST
9371.0,67.3764,3.6538,2.58,0.2135,0,Non-SST
9371.5,70.5579,3.6538,2.54,0.2246,0,Non-SST
9372.0,73.7393,3.6538,2.5,0.2364,0,Non-SST
9372.5,73.7393,3.6538,2.5,0.2497,0,Non-SST
9373.0,73.7393,3.3519,2.5,0.2645,0,Non-SST
9373.5,73.7393,3.0501,2.5,0.308,0,Non-SST
9374.0,78.2045,2.9213,2.5367,0.3599,0,Non-SST
9374.5,82.6697,2.7925,2.5717,0.3473,0,Non-SST
9375.0,82.6697,2.6637,2.5717,0.3347,0,Non-SST
9375.5,82.6697,2.6637,2.55,0.3222,0,Non-SST
9376.0,83.4405,2.6637,2.53,0.3246,0,Non-SST
9376.5,84.2113,2.6637,2.535,0.324,0,Non-SST
9377.0,84.982,2.6637,2.54,0.3196,0,Non-SST
9377.5,83.8259,2.6637,2.525,0.3152,0,Non-SST
9378.0,82.6697,2.6049,2.545,0.3108,0,Non-SST
9378.5,81.16,2.5461,2.545,0.2962,0,Non-SST
9379.0,83.071,2.5461,2.54,0.2878,0,Non-SST
9379.5,84.982,2.5461,2.535,0.296,0,Non-SST
9380.0,84.982,2.4899,2.53,0.302,0,Non-SST
9380.5,84.982,2.4337,2.535,0.3068,0,Non-SST
9381.0,83.8259,2.5487,2.54,0.3027,0,Non-SST
9381.5,82.6697,2.6637,2.5533,0.2987,0,Non-SST
9382.0,82.6697,2.7252,2.5667,0.2946,0,Non-SST
9382.5,82.6697,2.7868,2.58,0.2934,0,Non-SST
9383.0,81.5295,2.8745,2.55,0.2998,0,Non-SST
9383.5,80.3893,2.9623,2.52,0.2644,0,Non-SST
9384.0,61.7551,3.0501,2.51,0.229,0,Non-SST
9384.5,43.1209,4.527,2.5,0.1937,0,Non-SST
9385.0,39.9953,6.0039,2.5758,0.1456,0,Non-SST
9385.5,36.8697,7.1459,2.6517,0.1137,0,Non-SST
9386.0,33.744,8.2879,2.7275,0.1212,0,Non-SST
9386.5,33.0185,9.43,2.7275,0.1288,0,Non-SST
9387.0,32.2929,6.8069,2.4125,0.1363,5,WTR
9387.5,26.4801,4.1838,2.14,0.1723,5,WTR
9388.0,20.6674,3.3088,2.14,0.2145,5,WTR
9388.5,23.1552,2.4337,2.14,0.2556,5,WTR
9389.0,25.6429,2.5104,2.14,0.3115,5,WTR
9389.5,28.1307,2.5871,2.175,0.3034,5,WTR
9390.0,38.289,2.6637,2.21,0.2952,5,WTR
9390.5,32.2929,2.7896,2.22,0.2871,5,WTR
9391.0,24.2555,2.9155,2.23,0.2871,5,WTR
9391.5,22.3153,2.7549,2.24,0.284,5,WTR
9392.0,20.3751,2.5943,2.21,0.275,5,WTR
9392.5,18.4348,2.4337,2.18,0.2661,5,WTR
9393.0,20.7312,2.4337,2.21,0.2571,5,WTR
9393.5,23.0276,2.4337,2.24,0.2578,5,WTR
9394.0,23.4369,2.4337,2.23,0.2585,5,WTR
9394.5,23.8462,2.3287,2.22,0.2593,5,WTR
9395.0,24.2555,2.2236,2.21,0.2787,5,WTR
9395.5,28.9998,2.3311,2.28,0.2897,5,WTR
9396.0,33.744,2.4386,2.35,0.2943,5,WTR
9396.5,33.744,2.5461,2.2967,0.2988,5,WTR
9397.0,33.744,2.6665,2.2433,0.3033,5,WTR
9397.5,29.0077,2.7868,2.19,0.3081,5,WTR
9398.0,24.2715,2.5663,2.17,0.2976,5,WTR
9398.5,19.5352,2.3459,2.15,0.2909,5,WTR
9399.0,16.9438,2.1254,2.1533,0.2843,5,WTR
9399.5,14.3524,2.0337,2.1567,0.2776,5,WTR
9400.0,15.357,1.9419,2.16,0.2756,5,WTR
9400.5,16.3617,1.8581,2.1733,0.2745,5,WTR
9401.0,17.3664,1.7743,2.1867,0.2745,5,WTR
9401.5,18.4508,1.7743,2.2,0.2706,5,WTR
9402.0,19.5352,1.7743,2.185,0.2721,5,WTR
9402.5,17.8076,1.7743,2.17,0.2735,5,WTR
9403.0,16.08,1.7351,2.16,0.275,5,WTR
9403.5,14.3524,1.696,2.15,0.2937,5,WTR
9404.0,13.4434,1.696,2.1533,0.3135,5,WTR
9404.5,12.5344,1.696,2.1567,0.2991,5,WTR
9405.0,11.6254,1.696,2.16,0.2848,5,WTR
9405.5,12.5185,1.6585,2.165,0.2704,5,WTR
9406.0,13.4115,1.6211,2.17,0.2643,5,WTR
9406.5,15.0859,1.646,2.2067,0.2589,5,WTR
9407.0,16.7604,1.671,2.2433,0.2748,5,WTR
9407.5,18.4348,1.696,2.28,0.2907,5,WTR
9408.0,20.1332,1.7351,2.21,0.3066,5,WTR
9408.5,21.8316,1.7743,2.14,0.3159,5,WTR
9409.0,17.6215,1.7232,2.1433,0.3171,5,WTR
9409.5,13.4115,1.6721,2.1467,0.3083,5,WTR
9410.0,13.4115,1.6211,2.15,0.2995,5,WTR
9410.5,13.4115,1.7815,2.16,0.2908,5,WTR
9411.0,13.4115,1.9419,2.17,0.2908,5,WTR
9411.5,27.4449,2.5665,2.2633,0.2919,5,WTR
9412.0,41.4784,3.191,2.3567,0.3174,5,WTR
9412.5,55.9796,3.144,2.45,0.3124,0,Non-SST
9413.0,70.4808,3.097,2.5,0.3104,0,Non-SST
9413.5,84.982,3.0501,2.55,0.3083,0,Non-SST
9414.0,82.6857,2.9184,2.54,0.3063,0,Non-SST
9414.5,80.3893,2.7868,2.53,0.2524,0,Non-SST
9415.0,74.6908,3.132,2.5467,0.2118,0,Non-SST
9415.5,68.9924,3.4773,2.5633,0.2111,0,Non-SST
9416.0,63.294,3.8226,2.58,0.2103,0,Non-SST
9416.5,61.3166,3.5804,2.575,0.2096,0,Non-SST
9417.0,59.3391,3.3383,2.57,0.2596,0,Non-SST
9417.5,71.0044,3.2422,2.5567,0.332,0,Non-SST
9418.0,82.6697,3.1462,2.5433,0.3227,0,Non-SST
9418.5,81.9096,3.0501,2.53,0.3134,0,Non-SST
9419.0,81.1494,2.9828,2.535,0.304,0,Non-SST
9419.5,80.3893,2.9155,2.54,0.3011,0,Non-SST
9420.0,81.5295,2.9155,2.54,0.2988,0,Non-SST
9420.5,82.6697,2.9155,2.54,0.3038,0,Non-SST
9421.0,81.9096,2.9155,2.54,0.3087,0,Non-SST
9421.5,81.1494,2.7896,2.53,0.3136,0,Non-SST
9422.0,80.3893,2.6637,2.52,0.3126,0,Non-SST
9422.5,81.5295,2.6637,2.53,0.3105,0,Non-SST
9423.0,82.6697,2.6637,2.54,0.324,0,Non-SST
9423.5,82.6697,2.6245,2.55,0.3348,0,Non-SST
9424.0,82.6697,2.5853,2.535,0.3216,0,Non-SST
9424.5,82.6697,2.5461,2.52,0.3085,0,Non-SST
9425.0,82.6697,2.4899,2.545,0.2953,0,Non-SST
9425.5,82.6697,2.4337,2.57,0.3046,0,Non-SST
9426.0,85.0139,2.3637,2.56,0.3139,0,Non-SST
9426.5,87.3581,2.2937,2.55,0.3232,0,Non-SST
9427.0,89.7024,2.2236,2.54,0.3233,0,Non-SST
9427.5,88.5143,2.1909,2.54,0.3199,0,Non-SST
9428.0,87.3263,2.1582,2.54,0.3231,0,Non-SST
9428.5,90.9383,2.1254,2.5367,0.3262,0,Non-SST
9429.0,94.5503,2.0785,2.5333,0.3295,0,Non-SST
9429.5,90.5901,2.0316,2.53,0.3453,0,Non-SST
9430.0,86.6299,2.0956,2.57,0.3556,0,Non-SST
9430.5,82.6697,2.1596,2.61,0.3522,0,Non-SST
9431.0,86.186,2.2236,2.58,0.3488,0,Non-SST
9431.5,89.7024,2.1276,2.55,0.3453,0,Non-SST
9432.0,89.7024,2.0316,2.52,0.3513,0,Non-SST
9432.5,89.7024,1.9197,2.52,0.3453,0,Non-SST
9433.0,89.7024,1.8078,2.52,0.3687,0,Non-SST
9433.5,95.8819,1.696,2.52,0.3949,0,Non-SST
9434.0,102.0614,1.6585,2.45,0.4304,0,Non-SST
9434.5,113.033,1.6211,2.38,0.4658,0,Non-SST
9435.0,124.0046,4.5727,2.2633,0.5013,0,Non-SST
9435.5,134.9762,7.5244,2.1467,0.5468,0,Non-SST
9436.0,135.9595,7.0175,2.03,0.6953,0,Non-SST
9436.5,136.943,6.5107,2.17,0.6107,0,Non-SST
9437.0,137.9264,6.0039,2.31,0.5261,0,Non-SST
9437.5,126.572,6.4393,2.44,0.4415,0,Non-SST
9438.0,115.2177,6.8747,2.57,0.3597,0,Non-SST
9438.5,109.1525,6.6769,2.5567,0.3136,0,Non-SST
9439.0,103.0873,6.479,2.5433,0.3039,0,Non-SST
9439.5,97.0221,6.2811,2.53,0.2942,0,Non-SST
9440.0,78.1806,10.8882,2.49,0.2846,0,Non-SST
9440.5,59.3391,15.4952,2.45,0.2566,0,Non-SST
9441.0,57.4414,15.7337,2.45,0.2299,0,Non-SST
9441.5,55.5437,15.9722,2.45,0.2404,0,Non-SST
9442.0,53.646,16.2108,2.45,0.2508,0,Non-SST
9442.5,57.4733,14.0145,2.385,0.2613,0,Non-SST
9443.0,61.3006,11.8181,2.32,0.2709,0,Non-SST
9443.5,51.3895,10.0268,2.2967,0.2742,5,WTR
9444.0,41.4784,8.2354,2.2733,0.2771,5,WTR
9444.5,46.1562,7.3188,2.25,0.2873,5,WTR
9445.0,50.834,6.4021,2.38,0.2715,5,WTR
9445.5,55.5118,5.4855,2.51,0.2558,0,Non-SST
9446.0,59.4029,4.9313,2.475,0.2401,0,Non-SST
9446.5,63.294,4.377,2.44,0.2406,0,Non-SST
9447.0,57.6966,4.377,2.4367,0.2382,0,Non-SST
9447.5,52.0991,4.377,2.4333,0.2348,5,WTR
9448.0,46.5017,4.377,2.43,0.2315,5,WTR
9448.5,50.0739,4.188,2.395,0.2281,5,WTR
9449.0,53.646,3.9991,2.36,0.2309,5,WTR
9449.5,54.9005,3.9991,2.3733,0.2309,5,WTR
9450.0,56.155,3.9991,2.3867,0.2278,5,WTR
9450.5,57.4095,3.9991,2.4,0.2246,5,WTR
9451.0,47.0758,4.6212,2.355,0.2214,5,WTR
9451.5,36.7421,5.2433,2.31,0.2226,5,WTR
9452.0,33.8078,6.0037,2.31,0.2204,5,WTR
9452.5,30.8736,6.764,2.31,0.2218,5,WTR
9453.0,31.8304,7.5244,2.31,0.2231,5,WTR
9453.5,32.7872,7.8799,2.3,0.2244,5,WTR
9454.0,33.744,8.2354,2.29,0.2369,5,WTR
9454.5,35.2431,8.9306,2.3467,0.2495,5,WTR
9455.0,36.7421,9.6259,2.4033,0.2279,5,WTR
9455.5,41.7654,10.3211,2.46,0.2063,5,WTR
9456.0,46.7888,10.024,2.445,0.1847,5,WTR
9456.5,51.8121,9.727,2.43,0.2222,5,WTR
9457.0,47.4665,9.43,2.1767,0.2597,5,WTR
9457.5,43.1209,12.1206,1.9233,0.2972,5,WTR
9458.0,51.2061,14.8111,1.67,0.4878,0,Non-SST
9458.5,59.2913,11.9124,2.015,0.5616,0,Non-SST
9459.0,67.3764,9.0137,2.36,0.339,0,Non-SST
9459.5,78.5394,7.4681,2.435,0.2458,0,Non-SST
9460.0,89.7024,5.9226,2.51,0.2914,0,Non-SST
9460.5,89.7024,4.377,2.52,0.337,0,Non-SST
9461.0,89.7024,3.7136,2.53,0.3826,0,Non-SST
9461.5,89.7024,3.0501,2.54,0.3501,0,Non-SST
9462.0,94.6141,2.9629,2.52,0.3403,0,Non-SST
9462.5,99.5258,2.8758,2.5,0.336,0,Non-SST
9463.0,90.2127,2.7886,2.48,0.3501,0,Non-SST
9463.5,80.8996,3.2212,2.405,0.321,0,Non-SST
9464.0,71.5865,3.6538,2.33,0.2919,0,Non-SST
9464.5,47.307,3.3519,2.3267,0.2628,5,WTR
9465.0,23.0276,3.0501,2.3233,0.2315,5,WTR
9465.5,19.8222,3.0501,2.32,0.2064,5,WTR
9466.0,16.6169,3.0501,2.305,0.2035,5,WTR
9466.5,13.4115,3.0501,2.29,0.2005,5,WTR
9467.0,16.4733,2.9828,2.3167,0.1975,5,WTR
9467.5,19.5352,2.9155,2.3433,0.2096,5,WTR
9468.0,25.7864,2.9603,2.37,0.2167,5,WTR
9468.5,32.0377,3.0052,2.4125,0.2173,5,WTR
9469.0,38.289,3.0501,2.455,0.2179,5,WTR
9469.5,51.8041,2.5878,2.4875,0.2185,5,WTR
9470.0,65.3193,2.1254,2.52,0.2877,0,Non-SST
9470.5,74.2496,2.1582,2.5233,0.4099,0,Non-SST
9471.0,83.18,2.1909,2.5267,0.4016,0,Non-SST
9471.5,92.1104,2.2236,2.53,0.3932,0,Non-SST
9472.0,93.3303,1.9598,2.53,0.3849,0,Non-SST
9472.5,94.5503,1.696,2.53,0.3821,0,Non-SST
9473.0,98.3058,1.8638,2.5467,0.3794,0,Non-SST
9473.5,89.7024,2.0316,2.5633,0.3794,0,Non-SST
9474.0,91.3183,2.1298,2.58,0.3721,0,Non-SST
9474.5,92.9343,2.2281,2.57,0.3689,0,Non-SST
9475.0,94.5503,2.3263,2.56,0.3656,0,Non-SST
9475.5,88.61,2.6882,2.535,0.3623,0,Non-SST
9476.0,82.6697,3.0501,2.51,0.3052,0,Non-SST
9476.5,80.4212,3.1462,2.51,0.2596,0,Non-SST
9477.0,78.1726,3.2422,2.51,0.2562,0,Non-SST
9477.5,75.9241,3.3383,2.51,0.2528,0,Non-SST
9478.0,72.6948,3.5804,2.525,0.2493,0,Non-SST
9478.5,69.4655,3.8226,2.54,0.2663,0,Non-SST
9479.0,78.3959,3.943,2.5267,0.287,0,Non-SST
9479.5,87.3263,4.0634,2.5133,0.2954,0,Non-SST
9480.0,87.3263,4.1838,2.5,0.3038,0,Non-SST
9480.5,87.3263,4.0914,2.53,0.3122,0,Non-SST
9481.0,87.3263,3.9991,2.56,0.3236,0,Non-SST
9481.5,84.998,4.1924,2.5333,0.3405,0,Non-SST
9482.0,82.6697,4.3858,2.5067,0.3316,0,Non-SST
9482.5,80.4212,4.5791,2.48,0.3226,0,Non-SST
9483.0,78.1726,4.4781,2.48,0.3137,0,Non-SST
9483.5,75.9241,4.377,2.48,0.3049,0,Non-SST
9484.0,78.1567,4.0154,2.4867,0.2965,0,Non-SST
9484.5,80.3893,3.6538,2.4933,0.2841,0,Non-SST
9485.0,74.6908,3.4077,2.5,0.2706,0,Non-SST
9485.5,68.9924,3.1616,2.45,0.2672,0,Non-SST
9486.0,63.294,2.9155,2.4,0.2638,0,Non-SST
9486.5,54.0447,2.7896,2.355,0.2604,5,WTR
9487.0,44.7954,2.6637,2.31,0.2407,5,WTR
9487.5,42.6266,2.6245,2.3433,0.2201,5,WTR
9488.0,40.4578,2.5853,2.3767,0.2188,5,WTR
9488.5,38.289,2.5461,2.41,0.2175,5,WTR
9489.0,42.3953,2.5853,2.435,0.2162,5,WTR
9489.5,46.5017,2.6245,2.46,0.2174,5,WTR
9490.0,43.1847,2.6637,2.4067,0.2187,5,WTR
9490.5,39.8677,2.6049,2.3533,0.2199,5,WTR
9491.0,35.9554,2.5461,2.3,0.2256,5,WTR
9491.5,32.043,2.4729,2.28,0.2204,5,WTR
9492.0,28.1307,2.3996,2.26,0.2206,5,WTR
9492.5,23.2827,2.3263,2.24,0.2209,5,WTR
9493.0,18.4348,2.179,2.22,0.2211,5,WTR
9493.5,15.3517,2.0316,2.2,0.2383,5,WTR
9494.0,12.2686,2.0316,2.23,0.2497,5,WTR
9494.5,9.1855,2.0316,2.26,0.2487,5,WTR
9495.0,10.844,2.0316,2.2533,0.2477,5,WTR
9495.5,12.5025,2.1276,2.2467,0.2467,5,WTR
9496.0,20.0774,2.2236,2.24,0.2523,5,WTR
9496.5,27.6523,3.1114,2.3267,0.2564,5,WTR
9497.0,35.2271,3.9991,2.4133,0.2925,5,WTR
9497.5,53.4068,3.8302,2.5,0.3067,0,Non-SST
9498.0,71.5865,3.6614,2.53,0.2997,0,Non-SST
9498.5,65.6063,3.4925,2.56,0.2928,0,Non-SST
9499.0,59.6262,3.4925,2.43,0.2858,0,Non-SST
9499.5,53.646,3.4925,2.3,0.278,5,WTR
9500.0,50.1376,3.392,2.34,0.2587,5,WTR
9500.5,46.6293,3.2915,2.38,0.2506,5,WTR
9501.0,43.1209,3.191,2.42,0.2424,5,WTR
9501.5,48.3835,3.1205,2.36,0.2342,5,WTR
9502.0,53.646,3.0501,2.3,0.2311,5,WTR
9502.5,44.4366,2.9623,2.29,0.2234,5,WTR
9503.0,35.2271,2.8745,2.28,0.2351,5,WTR
9503.5,32.8616,2.7868,2.27,0.2469,5,WTR
9504.0,30.4961,2.6102,2.26,0.2586,5,WTR
9504.5,28.1307,2.4337,2.25,0.2669,5,WTR
9505.0,27.4689,2.38,2.26,0.2747,5,WTR
9505.5,26.8071,2.3263,2.27,0.269,5,WTR
9506.0,28.1626,2.3621,2.28,0.2606,5,WTR
9506.5,29.5181,2.3979,2.285,0.2556,5,WTR
9507.0,30.8736,2.4337,2.29,0.2506,5,WTR
9507.5,31.5832,2.6102,2.3233,0.2455,5,WTR
9508.0,32.2929,2.7868,2.3567,0.2356,5,WTR
9508.5,41.9621,2.9706,2.39,0.2185,5,WTR
9509.0,51.6314,3.1545,2.42,0.2215,5,WTR
9509.5,61.3006,3.3383,2.45,0.2245,0,Non-SST
9510.0,65.3831,3.4961,2.465,0.2274,0,Non-SST
9510.5,69.4655,3.6538,2.48,0.25,0,Non-SST
9511.0,67.4083,3.7689,2.4767,0.2781,0,Non-SST
9511.5,65.3512,3.884,2.4733,0.2725,0,Non-SST
9512.0,63.294,3.9991,2.47,0.2669,0,Non-SST
9512.5,67.4402,3.9991,2.475,0.2613,0,Non-SST
9513.0,71.5865,3.9991,2.48,0.2657,0,Non-SST
9513.5,72.6629,4.1838,2.4667,0.2707,0,Non-SST
9514.0,73.7393,4.377,2.4533,0.2774,0,Non-SST
9514.5,74.4676,4.4781,2.44,0.3044,0,Non-SST
9515.0,75.1958,4.5791,2.43,0.3305,0,Non-SST
9515.5,75.9241,4.5791,2.42,0.3502,0,Non-SST
9516.0,77.0324,4.377,2.4167,0.3431,0,Non-SST
9516.5,78.1407,4.5791,2.4133,0.3319,0,Non-SST
9517.0,71.2303,5.0153,2.41,0.3331,0,Non-SST
9517.5,64.3199,5.4892,2.36,0.3172,0,Non-SST
9518.0,57.4095,6.1676,2.31,0.3197,0,Non-SST
9518.5,59.3551,6.846,2.3283,0.3225,0,Non-SST
9519.0,61.3006,7.5244,2.3467,0.3253,0,Non-SST
9519.5,66.914,7.5244,2.365,0.328,0,Non-SST
9520.0,72.5274,7.5244,2.395,0.3351,0,Non-SST
9520.5,78.1407,6.3493,2.4717,0.3365,0,Non-SST
9521.0,82.7335,5.1742,2.5083,0.3458,0,Non-SST
9521.5,87.3263,3.9991,2.5433,0.3551,0,Non-SST
9522.0,88.1183,3.7458,2.5533,0.3645,0,Non-SST
9522.5,88.9103,3.4925,2.5578,0.3514,0,Non-SST
9523.0,89.7024,3.2162,2.5494,0.341,0,Non-SST
9523.5,87.3263,2.94,2.5328,0.3365,0,Non-SST
9524.0,89.7024,2.6637,2.5225,0.332,0,Non-SST
9524.5,92.1742,2.9274,2.45,0.3275,0,Non-SST
9525.0,84.982,3.191,2.39,0.3049,0,Non-SST
9525.5,75.9241,3.1205,2.3533,0.2815,0,Non-SST
9526.0,51.8121,3.0501,2.3167,0.2448,5,WTR
9526.5,35.2271,2.8447,2.28,0.2238,5,WTR
9527.0,23.5007,2.6392,2.275,0.2185,5,WTR
9527.5,15.7026,2.4337,2.27,0.2132,5,WTR
9528.0,14.1025,2.4337,2.27,0.208,5,WTR
9528.5,12.5025,2.4337,2.27,0.2122,5,WTR
9529.0,17.2707,2.5104,2.27,0.2165,5,WTR
9529.5,22.0389,2.5871,2.335,0.2357,5,WTR
9530.0,26.8071,2.6637,2.4,0.2549,5,WTR
9530.5,45.0505,2.7147,2.465,0.2741,5,WTR
9531.0,63.294,2.7656,2.53,0.2503,0,Non-SST
9531.5,75.3712,2.6637,2.5533,0.3089,0,Non-SST
9532.0,87.4485,2.7047,2.5767,0.3575,0,Non-SST
9532.5,99.5258,2.7457,2.6,0.3519,0,Non-SST
9533.0,98.2739,2.7868,2.595,0.3566,0,Non-SST
9533.5,97.0221,2.5052,2.59,0.3604,0,Non-SST
9534.0,98.2739,2.2236,2.58,0.3643,0,Non-SST
9534.5,99.5258,2.275,2.57,0.3683,0,Non-SST
9535.0,97.054,2.3263,2.56,0.3896,0,Non-SST
9535.5,94.5822,2.3263,2.565,0.4072,0,Non-SST
9536.0,92.1104,2.3263,2.57,0.3692,0,Non-SST
9536.5,93.3303,2.3263,2.544,0.3312,0,Non-SST
9537.0,94.5503,2.715,2.518,0.2932,0,Non-SST
9537.5,88.3416,3.1038,2.539,0.2889,0,Non-SST
9538.0,82.1328,3.4925,2.56,0.2845,0,Non-SST
9538.5,75.9241,3.4154,2.525,0.2801,0,Non-SST
9539.0,74.8317,3.3383,2.49,0.2719,0,Non-SST
9539.5,73.7393,3.3897,2.49,0.2609,0,Non-SST
9540.0,74.3496,3.4411,2.49,0.2626,0,Non-SST
9540.5,74.9598,3.4925,2.52,0.2643,0,Non-SST
9541.0,75.5701,3.3417,2.55,0.2659,0,Non-SST
9541.5,78.1407,3.191,2.58,0.2711,0,Non-SST
9542.0,78.1407,3.0991,2.545,0.2895,0,Non-SST
9542.5,78.1407,3.0073,2.51,0.2907,0,Non-SST
9543.0,81.5614,2.9155,2.5,0.2919,0,Non-SST
9543.5,84.982,2.5205,2.49,0.2931,0,Non-SST
9544.0,86.5555,2.1254,2.48,0.3223,0,Non-SST
9544.5,88.1289,2.0942,2.5033,0.3524,0,Non-SST
9545.0,89.7024,2.0629,2.5267,0.3508,0,Non-SST
9545.5,88.5143,2.0316,2.55,0.3492,0,Non-SST
9546.0,87.3263,2.0785,2.6,0.3476,0,Non-SST
9546.5,82.0797,2.1254,2.65,0.2843,0,Non-SST
9547.0,76.8331,3.0138,2.6367,0.2456,0,Non-SST
9547.5,71.5865,3.9022,2.6233,0.212,0,Non-SST
9548.0,65.6063,4.7906,2.61,0.1877,0,Non-SST
9548.5,59.6262,7.7942,2.72,0.1754,0,Non-SST
9549.0,53.646,10.7978,2.83,0.1632,0,Non-SST
9549.5,45.9675,10.5594,2.82,0.151,0,Non-SST
9550.0,38.289,10.3211,2.81,0.1466,0,Non-SST
9550.5,38.289,10.6462,2.8,0.1438,0,Non-SST
9551.0,38.289,10.9713,2.785,0.1414,0,Non-SST
9551.5,38.289,11.2964,2.77,0.1389,0,Non-SST
9552.0,32.548,10.3632,2.7833,0.1365,0,Non-SST
9552.5,26.8071,9.43,2.7967,0.1488,0,Non-SST
9553.0,35.1421,8.1151,2.81,0.1608,0,Non-SST
9553.5,43.4771,6.8003,2.695,0.1789,0,Non-SST
9554.0,51.8121,5.4855,2.58,0.197,0,Non-SST
9554.5,62.7757,4.0746,2.575,0.2151,0,Non-SST
9555.0,73.7393,2.6637,2.57,0.2253,0,Non-SST
9555.5,75.956,2.7047,2.5633,0.2361,0,Non-SST
9556.0,78.1726,2.7457,2.5567,0.2456,0,Non-SST
9556.5,80.3893,2.7868,2.55,0.2576,0,Non-SST
9557.0,78.1567,2.6127,2.545,0.2456,0,Non-SST
9557.5,75.9241,2.4386,2.54,0.2344,0,Non-SST
9558.0,72.6948,2.7868,2.5367,0.2135,0,Non-SST
9558.5,69.4655,2.7868,2.5333,0.1954,0,Non-SST
9559.0,66.09,2.7868,2.53,0.1954,0,Non-SST
9559.5,62.7146,2.7868,2.53,0.1954,0,Non-SST
9560.0,59.3391,3.0625,2.53,0.1954,0,Non-SST
9560.5,63.3578,3.3383,2.49,0.2014,0,Non-SST
9561.0,67.3764,3.5586,2.45,0.2076,5,WTR
9561.5,61.5877,3.7788,2.41,0.208,5,WTR
9562.0,55.7989,3.9991,2.405,0.2085,5,WTR
9562.5,50.0101,4.2891,2.4,0.2089,5,WTR
9563.0,44.1495,4.5791,2.3833,0.2029,5,WTR
9563.5,38.289,5.0323,2.3667,0.1972,5,WTR
9564.0,38.289,5.4855,2.3533,0.2607,5,WTR
9564.5,38.289,7.5964,2.34,0.3656,5,WTR
9565.0,38.289,9.7073,2.215,0.3763,5,WTR
9565.5,44.1495,11.8181,2.09,0.387,5,WTR
9566.0,50.0101,8.415,2.2,0.3977,5,WTR
9566.5,65.1997,5.0119,2.31,0.3586,0,Non-SST
9567.0,80.3893,4.3131,2.42,0.2883,0,Non-SST
9567.5,87.3422,3.6143,2.505,0.3125,0,Non-SST
9568.0,89.7024,2.9155,2.59,0.3367,0,Non-SST
9568.5,89.7024,2.5205,2.565,0.361,0,Non-SST
9569.0,89.7024,2.1254,2.54,0.322,0,Non-SST
9569.5,87.3581,2.0942,2.5267,0.2872,0,Non-SST
9570.0,85.0139,2.0629,2.5133,0.2889,0,Non-SST
9570.5,82.6697,2.0316,2.5,0.2905,0,Non-SST
9571.0,82.6697,2.2327,2.515,0.2922,0,Non-SST
9571.5,82.6697,2.4337,2.53,0.2554,0,Non-SST
9572.0,80.4052,2.4337,2.5433,0.2266,0,Non-SST
9572.5,78.1407,2.4337,2.5567,0.2483,0,Non-SST
9573.0,78.8902,2.4337,2.57,0.2699,0,Non-SST
9573.5,79.6398,2.4899,2.575,0.2915,0,Non-SST
9574.0,80.3893,2.5461,2.58,0.2923,0,Non-SST
9574.5,81.5295,2.4899,2.5767,0.2937,0,Non-SST
9575.0,82.6697,2.4337,2.5733,0.2845,0,Non-SST
9575.5,76.2111,2.5943,2.57,0.2767,0,Non-SST
9576.0,69.7526,2.7549,2.5,0.2538,0,Non-SST
9576.5,63.294,2.9155,2.43,0.2308,5,WTR
9577.0,64.3066,3.0532,2.49,0.2079,0,Non-SST
9577.5,65.3193,3.191,2.55,0.2119,0,Non-SST
9578.0,63.3259,3.2401,2.5367,0.2207,0,Non-SST
9578.5,61.3325,3.2892,2.5233,0.2185,0,Non-SST
9579.0,59.3391,3.3383,2.51,0.2164,0,Non-SST
9579.5,62.3292,3.3383,2.52,0.2142,0,Non-SST
9580.0,65.3193,3.3383,2.53,0.2311,0,Non-SST
9580.5,71.73,3.2422,2.52,0.2513,0,Non-SST
9581.0,78.1407,3.1462,2.51,0.2527,0,Non-SST
9581.5,77.4018,3.0501,2.5,0.254,0,Non-SST
9582.0,76.663,3.0501,2.52,0.2554,0,Non-SST
9582.5,75.9241,3.0501,2.54,0.2677,0,Non-SST
9583.0,78.1567,3.0052,2.5333,0.2826,0,Non-SST
9583.5,80.3893,2.9603,2.5267,0.2785,0,Non-SST
9584.0,78.1726,2.9155,2.52,0.2745,0,Non-SST
9584.5,75.956,2.9155,2.525,0.2704,0,Non-SST
9585.0,73.7393,2.9155,2.53,0.2756,0,Non-SST
9585.5,74.8317,2.8511,2.51,0.2815,0,Non-SST
9586.0,75.9241,2.7868,2.49,0.2606,0,Non-SST
9586.5,64.9897,2.8296,2.47,0.2396,0,Non-SST
9587.0,54.0553,2.8726,2.435,0.2187,5,WTR
9587.5,43.1209,2.9155,2.4,0.2018,5,WTR
9588.0,39.174,2.8726,2.41,0.1841,5,WTR
9588.5,35.2271,2.8296,2.42,0.191,5,WTR
9589.0,39.5647,2.7868,2.3967,0.1978,5,WTR
9589.5,43.9023,2.7868,2.3733,0.2046,5,WTR
9590.0,48.2399,2.7868,2.35,0.216,5,WTR
9590.5,47.3708,2.8745,2.41,0.2182,5,WTR
9591.0,46.5017,2.9623,2.47,0.2218,5,WTR
9591.5,61.2129,3.0501,2.4933,0.2254,0,Non-SST
9592.0,75.9241,3.0501,2.5167,0.2291,0,Non-SST
9592.5,75.1958,3.0501,2.54,0.2351,0,Non-SST
9593.0,74.4676,3.097,2.53,0.2476,0,Non-SST
9593.5,73.7393,3.144,2.52,0.2431,0,Non-SST
9594.0,72.6629,3.191,2.51,0.2386,0,Non-SST
9594.5,71.5865,3.0532,2.54,0.2342,0,Non-SST
9595.0,75.2809,2.9155,2.57,0.2241,0,Non-SST
9595.5,78.9753,2.9603,2.5633,0.2168,0,Non-SST
9596.0,82.6697,3.0052,2.5567,0.2384,0,Non-SST
9596.5,82.6697,3.0501,2.55,0.26,0,Non-SST
9597.0,82.6697,2.9184,2.53,0.2816,0,Non-SST
9597.5,82.6697,2.7868,2.51,0.2866,0,Non-SST
9598.0,83.8259,2.8511,2.5167,0.2897,0,Non-SST
9598.5,84.982,2.9155,2.5233,0.2866,0,Non-SST
9599.0,81.9627,2.9155,2.53,0.2816,0,Non-SST
9599.5,78.9434,2.9155,2.52,0.2713,0,Non-SST
9600.0,75.9241,2.9155,2.51,0.2611,0,Non-SST
9600.5,75.9241,2.8511,2.53,0.2508,0,Non-SST
9601.0,75.9241,2.7868,2.55,0.249,0,Non-SST
9601.5,76.663,2.7457,2.5533,0.249,0,Non-SST
9602.0,77.4018,2.7047,2.5567,0.2619,0,Non-SST
9602.5,78.1407,2.6637,2.56,0.2748,0,Non-SST
9603.0,79.265,2.7252,2.55,0.2877,0,Non-SST
9603.5,80.3893,2.7868,2.54,0.2797,0,Non-SST
9604.0,80.3893,2.7457,2.5433,0.2711,0,Non-SST
9604.5,80.3893,2.7047,2.5467,0.2711,0,Non-SST
9605.0,80.3893,2.6637,2.55,0.2711,0,Non-SST
9605.5,80.3893,2.6049,2.545,0.2711,0,Non-SST
9606.0,80.3893,2.5461,2.54,0.2851,0,Non-SST
9606.5,78.1567,2.4729,2.5333,0.3,0,Non-SST
9607.0,75.9241,2.3996,2.5267,0.2987,0,Non-SST
9607.5,81.3195,2.3263,2.52,0.2974,0,Non-SST
9608.0,86.715,2.275,2.54,0.296,0,Non-SST
9608.5,92.1104,2.2236,2.56,0.3003,0,Non-SST
9609.0,88.5462,2.1745,2.54,0.3072,0,Non-SST
9609.5,84.982,2.1254,2.52,0.2848,0,Non-SST
9610.0,84.2113,2.3049,2.5,0.2708,0,Non-SST
9610.5,83.4405,2.4843,2.45,0.2956,0,Non-SST
9611.0,82.6697,2.6637,2.4,0.3204,0,Non-SST
9611.5,87.3901,2.6049,2.395,0.3452,0,Non-SST
9612.0,92.1104,2.5461,2.39,0.4068,0,Non-SST
9612.5,92.1104,2.4729,2.36,0.4894,0,Non-SST
9613.0,92.1104,2.3996,2.33,0.5507,0,Non-SST
9613.5,92.1104,2.3263,2.3,0.612,0,Non-SST
9614.0,78.7148,3.4527,1.875,0.6733,0,Non-SST
9614.5,65.3193,4.5791,1.45,1.1655,0,Non-SST
9615.0,54.2201,6.652,1.46,1.3,0,Non-SST
9615.5,43.1209,8.7249,1.47,1.0224,0,Non-SST
9616.0,49.1808,10.7978,1.48,0.7448,0,Non-SST
9616.5,55.2407,9.027,1.845,0.4672,0,Non-SST
9617.0,61.3006,7.2562,2.21,0.4743,0,Non-SST
9617.5,64.3385,5.4855,2.1433,0.4815,0,Non-SST
9618.0,67.3764,5.8833,2.0767,0.4887,0,Non-SST
9618.5,68.0728,6.2811,2.01,0.4837,0,Non-SST
9619.0,68.7692,4.8097,2.245,0.4048,0,Non-SST
9619.5,69.4655,3.3383,2.48,0.2612,0,Non-SST
9620.0,69.4655,3.1545,2.48,0.1969,5,WTR
9620.5,69.4655,2.9706,2.48,0.2098,0,Non-SST
9621.0,68.0834,2.7868,2.48,0.2228,0,Non-SST
9621.5,66.7013,2.7868,2.475,0.2358,0,Non-SST
9622.0,65.3193,2.7868,2.47,0.2197,0,Non-SST
9622.5,70.6217,2.9215,2.4667,0.205,5,WTR
9623.0,75.9241,3.0562,2.4633,0.206,5,WTR
9623.5,69.7526,3.191,2.46,0.2071,5,WTR
9624.0,63.581,3.3417,2.435,0.2082,5,WTR
9624.5,57.4095,3.4925,2.41,0.2143,5,WTR
9625.0,46.3183,3.345,2.3333,0.2187,5,WTR
9625.5,35.2271,3.1976,2.2567,0.2189,5,WTR
9626.0,29.9965,3.0501,2.18,0.2191,5,WTR
9626.5,24.7658,2.7419,2.195,0.2193,5,WTR
9627.0,19.5352,2.4337,2.21,0.2294,5,WTR
9627.5,25.914,2.4337,2.2967,0.2416,5,WTR
9628.0,32.2929,2.4337,2.3833,0.2396,5,WTR
9628.5,35.3547,2.4337,2.47,0.2376,5,WTR
9629.0,38.4165,2.7419,2.34,0.2356,5,WTR
9629.5,41.4784,3.0501,2.21,0.2559,5,WTR
9630.0,31.655,2.7419,2.2133,0.2655,5,WTR
9630.5,21.8316,2.4337,2.2167,0.2546,5,WTR
9631.0,17.6162,2.2412,2.22,0.2435,5,WTR
9631.5,13.4009,2.0487,2.205,0.242,5,WTR
9632.0,9.1855,1.8562,2.19,0.2404,5,WTR
9632.5,10.4055,1.7761,2.185,0.2388,5,WTR
9633.0,11.6254,1.696,2.18,0.2368,5,WTR
9633.5,10.8121,1.671,2.1967,0.2344,5,WTR
9634.0,9.9988,1.646,2.2133,0.2339,5,WTR
9634.5,9.1855,1.6211,2.23,0.2334,5,WTR
9635.0,11.2985,1.6211,2.215,0.2329,5,WTR
9635.5,13.4115,1.6211,2.2,0.2389,5,WTR
9636.0,12.5185,1.6211,2.19,0.2439,5,WTR
9636.5,11.6254,1.6211,2.18,0.2511,5,WTR
9637.0,12.2208,1.6211,2.17,0.2582,5,WTR
9637.5,12.8161,1.6585,2.2,0.2654,5,WTR
9638.0,13.4115,1.696,2.23,0.2492,5,WTR
9638.5,10.9238,1.722,2.23,0.2368,5,WTR
9639.0,8.436,1.7482,2.23,0.2344,5,WTR
9639.5,10.4081,1.7743,2.23,0.2319,5,WTR
9640.0,12.3803,1.6977,2.225,0.2295,5,WTR
9640.5,14.3524,1.6211,2.22,0.2434,5,WTR
9641.0,12.1596,1.6211,2.2167,0.2581,5,WTR
9641.5,9.9669,1.6211,2.2133,0.2528,5,WTR
9642.0,10.5198,1.6211,2.21,0.2485,5,WTR
9642.5,11.0726,1.6211,2.21,0.238,5,WTR
9643.0,11.6254,1.6211,2.21,0.2275,5,WTR
9643.5,12.064,1.6585,2.1933,0.217,5,WTR
9644.0,12.5025,1.696,2.1767,0.2444,5,WTR
9644.5,11.6573,1.722,2.16,0.283,5,WTR
9645.0,10.8121,1.7482,2.185,0.2697,5,WTR
9645.5,9.9669,1.7743,2.21,0.2564,5,WTR
9646.0,8.1729,1.7743,2.215,0.2431,5,WTR
9646.5,6.3788,1.7743,2.22,0.2402,5,WTR
9647.0,7.0646,1.7482,2.2167,0.2377,5,WTR
9647.5,7.7503,1.722,2.2133,0.2351,5,WTR
9648.0,8.436,1.696,2.21,0.2326,5,WTR
9648.5,8.8108,1.7351,2.23,0.23,5,WTR
9649.0,9.1855,1.7743,2.25,0.2295,5,WTR
9649.5,8.8108,1.8016,2.2367,0.2289,5,WTR
9650.0,8.436,1.8289,2.2233,0.2284,5,WTR
9650.5,8.9463,1.8562,2.21,0.2461,5,WTR
9651.0,9.4566,1.8562,2.215,0.2518,5,WTR
9651.5,9.9669,1.8562,2.22,0.2513,5,WTR
9652.0,12.646,1.8562,2.2167,0.248,5,WTR
9652.5,15.3251,1.8562,2.2133,0.2447,5,WTR
9653.0,14.6873,1.8562,2.21,0.2413,5,WTR
9653.5,14.0494,1.8562,2.21,0.249,5,WTR
9654.0,13.4115,1.8991,2.21,0.2572,5,WTR
9654.5,13.4115,1.9419,2.205,0.263,5,WTR
9655.0,13.4115,1.9419,2.2,0.2691,5,WTR
9655.5,14.0494,1.9419,2.21,0.2562,5,WTR
9656.0,14.6873,1.9419,2.22,0.2433,5,WTR
9656.5,15.3251,1.9868,2.23,0.2304,5,WTR
9657.0,14.8388,2.0316,2.2211,0.2311,5,WTR
9657.5,14.3524,1.9458,2.2122,0.2317,5,WTR
9658.0,12.8906,1.86,2.2033,0.2399,5,WTR
9658.5,11.4288,1.7743,2.2011,0.2481,5,WTR
9659.0,9.9669,1.7351,2.1989,0.2563,5,WTR
9659.5,9.9669,1.696,2.1967,0.2478,5,WTR
9660.0,9.9669,1.696,2.1944,0.2396,5,WTR
9660.5,9.9669,1.696,2.1922,0.2371,5,WTR
9661.0,8.1729,1.696,2.19,0.2359,5,WTR
9661.5,6.3788,1.696,2.19,0.2428,5,WTR
9662.0,7.7343,1.696,2.19,0.2497,5,WTR
9662.5,9.0314,1.696,2.195,0.2567,5,WTR
9663.0,10.3284,1.696,2.2,0.2616,5,WTR
9663.5,11.6254,1.7494,2.25,0.2671,5,WTR
9664.0,13.9776,1.8028,2.3,0.2682,5,WTR
9664.5,16.3298,1.8562,2.35,0.2694,5,WTR
9665.0,28.9041,2.3858,2.29,0.2705,5,WTR
9665.5,41.4784,2.9155,2.23,0.2595,5,WTR
9666.0,27.4449,2.6521,2.22,0.2441,5,WTR
9666.5,13.4115,2.3888,2.21,0.244,5,WTR
9667.0,12.8161,2.1254,2.2,0.244,5,WTR
9667.5,12.2208,1.9499,2.19,0.2439,5,WTR
9668.0,11.6254,1.7743,2.18,0.2383,5,WTR
9668.5,10.7962,1.6619,2.19,0.2319,5,WTR
9669.0,9.9669,1.5495,2.2,0.2388,5,WTR
9669.5,10.5198,1.5495,2.21,0.2456,5,WTR
9670.0,11.0726,1.5495,2.225,0.2525,5,WTR
9670.5,11.6254,1.5495,2.24,0.253,5,WTR
9671.0,10.0307,1.6227,2.23,0.2559,5,WTR
9671.5,8.436,1.696,2.22,0.2336,5,WTR
9672.0,12.1357,1.8718,2.2467,0.2136,5,WTR
9672.5,15.8355,2.0477,2.2733,0.2237,5,WTR
9673.0,19.5352,2.2236,2.3,0.2338,5,WTR
9673.5,16.0189,1.9598,2.245,0.2438,5,WTR
9674.0,12.5025,1.696,2.19,0.2751,5,WTR
9674.5,11.3968,1.6471,2.1867,0.3067,5,WTR
9675.0,10.2912,1.5983,2.1833,0.2986,5,WTR
9675.5,9.1855,1.5495,2.18,0.2906,5,WTR
9676.0,9.1855,1.5853,2.175,0.2826,5,WTR
9676.5,9.1855,1.6211,2.17,0.2788,5,WTR
9677.0,13.8102,1.646,2.1867,0.2747,5,WTR
9677.5,18.4348,1.671,2.2033,0.2635,5,WTR
9678.0,15.3517,1.696,2.22,0.2524,5,WTR
9678.5,12.2686,1.696,2.2,0.2413,5,WTR
9679.0,9.1855,1.696,2.18,0.2505,5,WTR
9679.5,8.1091,1.7761,2.1733,0.2581,5,WTR
9680.0,7.0327,1.8562,2.1667,0.2916,5,WTR
9680.5,7.7503,1.946,2.16,0.3355,5,WTR
9681.0,8.4679,2.0357,2.16,0.3117,5,WTR
9681.5,9.1855,2.1254,2.16,0.2878,5,WTR
9682.0,8.8108,1.8733,2.195,0.264,5,WTR
9682.5,8.436,1.6211,2.23,0.274,5,WTR
9683.0,9.4992,1.646,2.2333,0.2841,5,WTR
9683.5,10.5623,1.671,2.2367,0.2941,5,WTR
9684.0,11.6254,1.696,2.24,0.2838,5,WTR
9684.5,11.6254,1.696,2.235,0.2756,5,WTR
9685.0,11.6254,1.696,2.23,0.2772,5,WTR
9685.5,12.9889,1.696,2.23,0.2788,5,WTR
9686.0,14.3524,1.696,2.23,0.2803,5,WTR
9686.5,14.3524,1.696,2.23,0.2745,5,WTR
9687.0,14.3524,1.696,2.205,0.2713,5,WTR
9687.5,14.3524,1.696,2.18,0.2702,5,WTR
9688.0,13.4275,1.696,2.18,0.2691,5,WTR
9688.5,12.5025,1.696,2.18,0.2681,5,WTR
9689.0,9.6958,1.696,2.18,0.247,5,WTR
9689.5,6.8891,1.6471,2.18,0.2286,5,WTR
9690.0,4.0825,1.5983,2.18,0.2405,5,WTR
9690.5,5.5576,1.5495,2.18,0.2533,5,WTR
9691.0,7.0327,1.5153,2.17,0.2587,5,WTR
9691.5,7.5005,1.4811,2.16,0.2641,5,WTR
9692.0,7.9682,1.5153,2.1633,0.2695,5,WTR
9692.5,8.436,1.5495,2.1667,0.2724,5,WTR
9693.0,8.9463,1.5983,2.17,0.2743,5,WTR
9693.5,9.4566,1.6471,2.205,0.2772,5,WTR
9694.0,9.9669,1.696,2.24,0.2802,5,WTR
9694.5,30.8895,2.1798,2.3467,0.2831,5,WTR
9695.0,51.8121,2.6637,2.4533,0.2761,0,Non-SST
9695.5,59.1212,2.8395,2.56,0.2404,0,Non-SST
9696.0,66.4303,3.0152,2.57,0.2371,0,Non-SST
9696.5,73.7393,3.191,2.58,0.2339,0,Non-SST
9697.0,78.2045,3.4224,2.59,0.2422,0,Non-SST
9697.5,82.6697,3.6538,2.6,0.2505,0,Non-SST
9698.0,80.4212,3.6538,2.5833,0.2589,0,Non-SST
9698.5,78.1726,3.6538,2.5667,0.2473,0,Non-SST
9699.0,75.9241,3.7101,2.55,0.2409,0,Non-SST
9699.5,69.609,3.7663,2.51,0.2319,0,Non-SST
9700.0,63.294,3.8226,2.47,0.2237,0,Non-SST
9700.5,62.2973,3.7382,2.51,0.2266,0,Non-SST
9701.0,61.3006,3.6538,2.55,0.2294,0,Non-SST
9701.5,66.914,3.5732,2.59,0.2323,0,Non-SST
9702.0,72.5274,3.4925,2.545,0.2409,0,Non-SST
9702.5,78.1407,3.2336,2.5,0.251,0,Non-SST
9703.0,56.6839,2.9747,2.385,0.2546,0,Non-SST
9703.5,35.2271,2.7159,2.27,0.2784,5,WTR
9704.0,27.9552,2.4697,2.2567,0.2829,5,WTR
9704.5,20.6834,2.2236,2.2433,0.2712,5,WTR
9705.0,13.4115,2.0477,2.23,0.264,5,WTR
9705.5,11.6892,1.8718,2.22,0.2591,5,WTR
9706.0,9.9669,1.696,2.21,0.2541,5,WTR
9706.5,9.2015,1.6585,2.19,0.2492,5,WTR
9707.0,8.436,1.6211,2.17,0.2562,5,WTR
9707.5,8.6859,1.5972,2.1933,0.2616,5,WTR
9708.0,8.9357,1.5734,2.2167,0.2671,5,WTR
9708.5,9.1855,1.5495,2.24,0.266,5,WTR
9709.0,12.2553,1.7457,2.2383,0.2633,5,WTR
9709.5,15.3251,1.9419,2.2367,0.2606,5,WTR
9710.0,13.4753,1.8991,2.2378,0.258,5,WTR
9710.5,11.6254,1.8562,2.2389,0.25,5,WTR
9711.0,11.0726,1.8289,2.24,0.2422,5,WTR
9711.5,10.5198,1.8016,2.235,0.2311,5,WTR
9712.0,9.9669,1.7743,2.23,0.22,5,WTR
9712.5,9.5762,1.7743,2.24,0.2089,5,WTR
9713.0,9.1855,1.7743,2.25,0.214,5,WTR
9713.5,7.0327,1.7232,2.2367,0.219,5,WTR
9714.0,8.4998,1.6721,2.2233,0.2241,5,WTR
9714.5,9.9669,1.6211,2.21,0.2319,5,WTR
9715.0,8.1729,1.6211,2.215,0.2363,5,WTR
9715.5,6.3788,1.6211,2.22,0.2413,5,WTR
9716.0,7.4074,1.6211,2.22,0.2463,5,WTR
9716.5,8.436,1.6211,2.22,0.2513,5,WTR
9717.0,8.436,1.6211,2.22,0.2462,5,WTR
9717.5,8.436,1.646,2.22,0.2412,5,WTR
9718.0,8.436,1.671,2.22,0.2317,5,WTR
9718.5,10.0307,1.696,2.2833,0.2222,5,WTR
9719.0,11.6254,1.8189,2.3467,0.2128,5,WTR
9719.5,23.8303,1.9419,2.41,0.2197,5,WTR
9720.0,36.0351,2.0337,2.3433,0.2448,5,WTR
9720.5,48.2399,2.1254,2.2767,0.2492,5,WTR
9721.0,32.8032,2.0084,2.21,0.2762,5,WTR
9721.5,17.3664,1.8913,2.21,0.2779,5,WTR
9722.0,23.8249,1.7743,2.21,0.2647,5,WTR
9722.5,30.2835,2.104,2.3133,0.2465,5,WTR
9723.0,36.7421,2.4337,2.4167,0.2314,5,WTR
9723.5,42.3767,2.6637,2.52,0.222,5,WTR
9724.0,48.0114,2.9155,2.5,0.2126,5,WTR
9724.5,53.646,3.204,2.48,0.2032,5,WTR
9725.0,63.6927,3.4925,2.525,0.1899,0,Non-SST
9725.5,73.7393,3.5463,2.57,0.178,0,Non-SST
9726.0,73.7393,3.6,2.58,0.1797,0,Non-SST
9726.5,73.7393,3.6538,2.59,0.1815,0,Non-SST
9727.0,73.7393,3.5732,2.6,0.1927,0,Non-SST
9727.5,63.6927,3.4925,2.485,0.2039,0,Non-SST
9728.0,53.646,3.204,2.37,0.2151,5,WTR
9728.5,50.0739,2.9155,2.385,0.2137,5,WTR
9729.0,46.5017,3.0564,2.43,0.2102,5,WTR
9729.5,54.8633,3.1974,2.4833,0.2001,5,WTR
9730.0,63.2249,3.3383,2.525,0.1915,0,Non-SST
9730.5,71.5865,3.191,2.5467,0.2146,0,Non-SST
9731.0,75.9879,3.2915,2.5683,0.2423,0,Non-SST
9731.5,80.3893,3.392,2.59,0.2001,0,Non-SST
9732.0,76.0517,3.4925,2.57,0.1729,0,Non-SST
9732.5,71.7141,3.8381,2.55,0.1768,0,Non-SST
9733.0,67.3764,4.1838,2.545,0.1807,0,Non-SST
9733.5,63.294,4.0914,2.54,0.1846,0,Non-SST
9734.0,61.3006,3.9991,2.5467,0.1996,0,Non-SST
9734.5,66.4435,3.6687,2.5533,0.2084,0,Non-SST
9735.0,71.5865,3.3383,2.56,0.2093,0,Non-SST
9735.5,75.9879,3.1942,2.565,0.2115,0,Non-SST
9736.0,80.3893,3.0501,2.57,0.2279,0,Non-SST
9736.5,78.1567,2.9184,2.55,0.2489,0,Non-SST
9737.0,75.9241,2.7868,2.53,0.2614,0,Non-SST
9737.5,76.663,2.7868,2.545,0.2719,0,Non-SST
9738.0,77.4018,2.7868,2.56,0.2676,0,Non-SST
9738.5,78.1407,2.7868,2.575,0.2634,0,Non-SST
9739.0,79.265,2.6102,2.59,0.2611,0,Non-SST
9739.5,80.3893,2.4337,2.5717,0.2589,0,Non-SST
9740.0,78.1567,2.6392,2.5533,0.2566,0,Non-SST
9740.5,75.9241,2.8447,2.535,0.2563,0,Non-SST
9741.0,78.1567,3.0501,2.535,0.2511,0,Non-SST
9741.5,80.3893,2.7419,2.5433,0.2665,0,Non-SST
9742.0,83.8578,2.4337,2.5517,0.2818,0,Non-SST
9742.5,87.3263,2.3544,2.56,0.2972,0,Non-SST
9743.0,87.3263,2.275,2.55,0.3015,0,Non-SST
9743.5,87.3263,2.2493,2.54,0.3147,0,Non-SST
9744.0,87.3263,2.2236,2.565,0.3107,0,Non-SST
9744.5,84.998,2.1745,2.59,0.3222,0,Non-SST
9745.0,82.6697,2.1254,2.58,0.3264,0,Non-SST
9745.5,86.186,2.1067,2.57,0.3311,0,Non-SST
9746.0,89.7024,2.0879,2.5533,0.3544,0,Non-SST
9746.5,88.5143,2.0598,2.5367,0.3751,0,Non-SST
9747.0,87.3263,2.0316,2.52,0.3824,0,Non-SST
9747.5,88.5143,1.9868,2.545,0.3799,0,Non-SST
9748.0,89.7024,1.9419,2.57,0.3775,0,Non-SST
9748.5,89.7024,1.8991,2.5675,0.375,0,Non-SST
9749.0,89.7024,1.8562,2.565,0.3754,0,Non-SST
9749.5,88.1289,1.946,2.5633,0.3754,0,Non-SST
9750.0,86.5555,2.0357,2.5617,0.3795,0,Non-SST
9750.5,84.982,2.1254,2.56,0.3837,0,Non-SST
9751.0,89.7662,2.0785,2.56,0.3878,0,Non-SST
9751.5,94.5503,2.0316,2.5712,0.3525,0,Non-SST
9752.0,91.3609,2.0956,2.5725,0.3233,0,Non-SST
9752.5,88.1714,2.1596,2.5669,0.3207,0,Non-SST
9753.0,84.982,2.2236,2.5612,0.318,0,Non-SST
9753.5,86.1541,2.2236,2.5556,0.3153,0,Non-SST
9754.0,87.3263,2.2236,2.55,0.3319,0,Non-SST
9754.5,92.1104,2.2937,2.5467,0.3469,0,Non-SST
9755.0,90.9064,2.3637,2.5433,0.3451,0,Non-SST
9755.5,89.7024,2.4337,2.54,0.3433,0,Non-SST
9756.0,85.7847,2.4337,2.55,0.3415,0,Non-SST
9756.5,80.3893,2.4337,2.56,0.3154,0,Non-SST
9757.0,75.9879,2.886,2.6133,0.2931,0,Non-SST
9757.5,71.5865,3.3383,2.6667,0.1803,0,Non-SST
9758.0,64.995,4.623,2.72,0.1169,0,Non-SST
9758.5,58.4035,5.9076,2.645,0.1205,0,Non-SST
9759.0,51.8121,7.1922,2.57,0.1242,0,Non-SST
9759.5,47.4665,7.3583,2.54,0.1279,0,Non-SST
9760.0,43.1209,7.5244,2.51,0.1558,0,Non-SST
9760.5,44.2478,6.764,2.5133,0.1918,0,Non-SST
9761.0,45.3748,6.0037,2.5167,0.1818,0,Non-SST
9761.5,46.5017,5.2433,2.52,0.1717,0,Non-SST
9762.0,51.0068,4.9112,2.505,0.1617,0,Non-SST
9762.5,55.5118,4.5791,2.49,0.1625,0,Non-SST
9763.0,56.4607,4.3858,2.4867,0.1625,0,Non-SST
9763.5,57.4095,4.1924,2.4833,0.1663,0,Non-SST
9764.0,55.5437,3.9991,2.48,0.1702,0,Non-SST
9764.5,53.6779,3.9108,2.485,0.174,5,WTR
9765.0,51.8121,3.8226,2.49,0.1686,0,Non-SST
9765.5,51.8121,3.9108,2.49,0.1637,0,Non-SST
9766.0,51.8121,3.9991,2.49,0.1643,0,Non-SST
9766.5,51.8121,4.0606,2.49,0.1649,0,Non-SST
9767.0,51.8121,4.1222,2.51,0.1655,0,Non-SST
9767.5,51.8121,4.1838,2.53,0.1655,0,Non-SST
9768.0,55.5756,4.1838,2.545,0.1657,0,Non-SST
9768.5,59.3391,4.1838,2.56,0.1666,0,Non-SST
9769.0,59.993,4.1838,2.5567,0.1684,0,Non-SST
9769.5,60.6468,4.1838,2.5533,0.1664,0,Non-SST
9770.0,61.3006,4.1838,2.55,0.1644,0,Non-SST
9770.5,60.3199,4.1838,2.545,0.1624,0,Non-SST
9771.0,59.3391,4.1838,2.54,0.1676,0,Non-SST
9771.5,63.4216,4.0914,2.5567,0.1727,0,Non-SST
9772.0,67.504,3.9991,2.5733,0.1744,0,Non-SST
9772.5,71.5865,3.9402,2.59,0.1761,0,Non-SST
9773.0,69.4815,3.8814,2.59,0.1779,0,Non-SST
9773.5,67.3764,3.8226,2.59,0.1869,0,Non-SST
9774.0,68.421,3.8226,2.58,0.1966,0,Non-SST
9774.5,69.4655,3.8226,2.57,0.1895,0,Non-SST
9775.0,66.09,3.8226,2.56,0.1825,0,Non-SST
9775.5,62.7146,3.9108,2.555,0.1755,0,Non-SST
9776.0,59.3391,3.9991,2.55,0.1811,0,Non-SST
9776.5,63.3578,3.9991,2.54,0.1873,0,Non-SST
9777.0,67.3764,3.9991,2.53,0.1913,0,Non-SST
9777.5,66.0156,3.9991,2.5333,0.1953,0,Non-SST
9778.0,64.6548,3.9991,2.5367,0.1992,0,Non-SST
9778.5,63.294,3.9991,2.54,0.1987,0,Non-SST
9779.0,65.3352,3.884,2.5433,0.1989,0,Non-SST
9779.5,67.3764,3.7689,2.5467,0.2072,0,Non-SST
9780.0,70.5579,3.6538,2.55,0.2155,0,Non-SST
9780.5,73.7393,3.4961,2.585,0.2238,0,Non-SST
9781.0,75.2065,3.3383,2.62,0.234,0,Non-SST
9781.5,76.6736,3.1974,2.6,0.2481,0,Non-SST
9782.0,78.1407,3.0564,2.58,0.2558,0,Non-SST
9782.5,79.6504,2.9155,2.56,0.2697,0,Non-SST
9783.0,81.16,2.9155,2.575,0.2649,0,Non-SST
9783.5,82.6697,2.9155,2.59,0.2601,0,Non-SST
9784.0,84.998,2.5695,2.5867,0.2554,0,Non-SST
9784.5,87.3263,2.2236,2.5833,0.2856,0,Non-SST
9785.0,86.5449,2.2937,2.58,0.3234,0,Non-SST
9785.5,85.7634,2.3637,2.595,0.3037,0,Non-SST
9786.0,84.982,2.4337,2.61,0.284,0,Non-SST
9786.5,81.5614,2.4899,2.605,0.2643,0,Non-SST
9787.0,78.1407,2.5461,2.6,0.2648,0,Non-SST
9787.5,79.6504,2.5461,2.6,0.2648,0,Non-SST
9788.0,81.16,2.5461,2.6,0.2711,0,Non-SST
9788.5,82.6697,2.5461,2.6,0.2774,0,Non-SST
9789.0,83.8259,2.4899,2.605,0.2836,0,Non-SST
9789.5,84.982,2.4337,2.61,0.2922,0,Non-SST
9790.0,83.8259,2.5514,2.6,0.3017,0,Non-SST
9790.5,82.6697,2.6691,2.59,0.2798,0,Non-SST
9791.0,80.4212,2.7868,2.58,0.2632,0,Non-SST
9791.5,78.1726,2.8511,2.555,0.2518,0,Non-SST
9792.0,75.9241,2.9155,2.53,0.2405,0,Non-SST
9792.5,71.6503,3.2178,2.5567,0.2291,0,Non-SST
9793.0,67.3764,3.5202,2.5833,0.213,0,Non-SST
9793.5,67.3764,3.8226,2.61,0.1969,0,Non-SST
9794.0,67.3764,3.8226,2.575,0.1809,0,Non-SST
9794.5,67.3764,3.8226,2.54,0.195,0,Non-SST
9795.0,76.1792,3.6575,2.5367,0.2093,0,Non-SST
9795.5,84.982,3.4925,2.5333,0.2379,0,Non-SST
9796.0,84.982,3.392,2.53,0.2743,0,Non-SST
9796.5,84.982,3.2915,2.545,0.2635,0,Non-SST
9797.0,84.982,3.191,2.56,0.2526,0,Non-SST
9797.5,79.3607,3.3417,2.535,0.2418,0,Non-SST
9798.0,73.7393,3.4925,2.51,0.2276,0,Non-SST
9798.5,73.7393,3.4925,2.53,0.2108,0,Non-SST
9799.0,73.7393,3.4925,2.55,0.2024,0,Non-SST
9799.5,73.7393,3.4925,2.57,0.1984,0,Non-SST
9800.0,73.7393,3.6575,2.55,0.1922,0,Non-SST
9800.5,73.7393,3.8226,2.53,0.194,0,Non-SST
9801.0,77.0643,3.8226,2.5433,0.1869,0,Non-SST
9801.5,80.3893,3.8226,2.5567,0.1839,0,Non-SST
9802.0,75.3659,3.8226,2.57,0.176,0,Non-SST
9802.5,70.3426,3.6538,2.525,0.1787,0,Non-SST
9803.0,65.3193,3.4526,2.48,0.1815,5,WTR
9803.5,53.3988,3.2513,2.47,0.1779,5,WTR
9804.0,41.4784,3.0501,2.46,0.1743,5,WTR
9804.5,42.0259,3.1205,2.45,0.1706,5,WTR
9805.0,42.5734,3.191,2.42,0.1936,5,WTR
9805.5,43.1209,3.144,2.39,0.2215,5,WTR
9806.0,48.3835,3.097,2.46,0.2107,5,WTR
9806.5,53.646,3.0501,2.5225,0.2,0,Non-SST
9807.0,48.0114,3.0501,2.485,0.1892,5,WTR
9807.5,42.3767,3.0501,2.4283,0.2001,5,WTR
9808.0,36.7421,3.097,2.385,0.2107,5,WTR
9808.5,43.3761,3.144,2.42,0.2103,5,WTR
9809.0,50.0101,3.191,2.48,0.208,5,WTR
9809.5,45.1303,2.9889,2.395,0.2176,5,WTR
9810.0,40.2505,2.7868,2.31,0.2272,5,WTR
9810.5,35.3706,2.7868,2.39,0.2367,5,WTR
9811.0,29.4862,2.7868,2.47,0.2296,5,WTR
9811.5,28.1307,2.8745,2.55,0.2049,0,Non-SST
9812.0,50.0101,2.9623,2.56,0.2112,0,Non-SST
9812.5,69.4655,3.0501,2.57,0.2175,0,Non-SST
9813.0,74.9274,3.0501,2.5833,0.2238,0,Non-SST
9813.5,80.3893,3.0501,2.5967,0.2193,0,Non-SST
9814.0,79.6398,3.0501,2.61,0.212,0,Non-SST
9814.5,78.8902,3.0501,2.6,0.2185,0,Non-SST
9815.0,78.1407,3.0501,2.59,0.225,0,Non-SST
9815.5,80.4052,3.1205,2.61,0.2315,0,Non-SST
9816.0,82.6697,3.191,2.63,0.2772,0,Non-SST
9816.5,84.2219,2.7746,2.5767,0.3431,0,Non-SST
9817.0,85.7741,2.3583,2.5233,0.403,0,Non-SST
9817.5,87.3263,1.9419,2.47,0.4629,0,Non-SST
9818.0,78.3959,4.2566,2.09,0.5229,0,Non-SST
9818.5,69.4655,6.5712,1.71,0.6217,0,Non-SST
9819.0,73.8031,4.679,1.9133,0.64,0,Non-SST
9819.5,78.1407,2.7868,2.1167,0.4832,0,Non-SST
9820.0,83.6106,2.7457,2.32,0.2981,0,Non-SST
9820.5,89.0804,2.7047,2.42,0.3435,0,Non-SST
9821.0,94.5503,2.6637,2.52,0.3889,0,Non-SST
9821.5,104.884,2.6049,2.4633,0.4343,0,Non-SST
9822.0,115.2177,2.5461,2.4067,0.466,0,Non-SST
9822.5,112.5546,2.5853,2.35,0.5356,0,Non-SST
9823.0,109.8914,2.6245,2.44,0.4809,0,Non-SST
9823.5,107.2282,2.6637,2.53,0.4263,0,Non-SST
9824.0,102.1252,2.4437,2.515,0.3716,0,Non-SST
9824.5,97.0221,2.2236,2.5,0.4087,0,Non-SST
9825.0,103.9963,2.3703,2.31,0.4496,0,Non-SST
9825.5,110.9705,2.517,2.12,0.5032,0,Non-SST
9826.0,117.9447,2.6637,1.93,0.5567,0,Non-SST
9826.5,111.2868,3.001,2.09,0.6103,0,Non-SST
9827.0,104.6288,3.3383,2.25,0.4148,0,Non-SST
9827.5,103.3451,2.8443,2.3633,0.3163,0,Non-SST
9828.0,102.0614,2.3503,2.4767,0.3066,0,Non-SST
9828.5,96.3683,1.8562,2.59,0.2969,0,Non-SST
9829.0,90.6751,2.145,2.565,0.2873,0,Non-SST
9829.5,84.982,2.4337,2.54,0.2469,0,Non-SST
9830.0,72.1606,2.6392,2.51,0.2165,0,Non-SST
9830.5,59.3391,2.8447,2.48,0.2058,5,WTR
9831.0,62.0182,3.0501,2.45,0.202,5,WTR
9831.5,64.6973,3.0501,2.485,0.2099,0,Non-SST
9832.0,67.3764,3.0501,2.52,0.2179,0,Non-SST
9832.5,72.7586,2.7981,2.5567,0.2258,0,Non-SST
9833.0,78.1407,2.5461,2.5933,0.2594,0,Non-SST
9833.5,74.5526,2.5461,2.63,0.2901,0,Non-SST
9834.0,70.9645,2.5461,2.625,0.2903,0,Non-SST
9834.5,67.3764,2.5461,2.62,0.2904,0,Non-SST
9835.0,62.393,3.1564,2.6333,0.2905,0,Non-SST
9835.5,57.4095,3.7667,2.6467,0.2574,0,Non-SST
9836.0,50.0154,4.377,2.66,0.2243,0,Non-SST
9836.5,42.6213,7.1212,2.755,0.1912,0,Non-SST
9837.0,35.2271,9.8655,2.85,0.1503,0,Non-SST
9837.5,37.5474,9.8655,2.735,0.1297,0,Non-SST
9838.0,39.8677,9.8655,2.62,0.1504,0,Non-SST
9838.5,46.3582,9.8655,2.6133,0.1711,0,Non-SST
9839.0,52.8487,6.844,2.6067,0.1918,0,Non-SST
9839.5,59.3391,3.8226,2.6,0.3057,0,Non-SST
9840.0,79.4324,3.5942,2.34,0.7297,0,Non-SST
9840.5,99.5258,3.3659,2.08,0.8232,0,Non-SST
9841.0,103.377,3.1376,2.1267,0.7194,0,Non-SST
9841.5,107.2282,1.5495,2.1733,0.6156,0,Non-SST
9842.0,96.7935,1.6619,2.22,0.5119,0,Non-SST
9842.5,86.3588,1.7743,2.36,0.5436,0,Non-SST
9843.0,75.9241,2.6334,2.5,0.5832,0,Non-SST
9843.5,79.2969,3.4925,2.64,0.3161,0,Non-SST
9844.0,82.6697,3.0695,2.62,0.2261,0,Non-SST
9844.5,78.9753,2.6466,2.6,0.2468,0,Non-SST
9845.0,75.2809,2.2236,2.5967,0.2675,0,Non-SST
9845.5,71.5865,2.5695,2.5933,0.2883,0,Non-SST
9846.0,72.3041,2.9155,2.59,0.2721,0,Non-SST
9846.5,73.0217,2.9155,2.575,0.2581,0,Non-SST
9847.0,73.7393,2.9155,2.56,0.2515,0,Non-SST
9847.5,78.2045,2.9155,2.5083,0.2449,0,Non-SST
9848.0,82.6697,2.9155,2.4567,0.2384,0,Non-SST
9848.5,73.6171,2.9155,2.405,0.2498,0,Non-SST
9849.0,64.5645,2.7896,2.3533,0.2619,0,Non-SST
9849.5,55.5118,2.6637,2.3017,0.2515,0,Non-SST
9850.0,34.0072,2.517,2.25,0.2716,5,WTR
9850.5,12.5025,2.3703,2.25,0.2539,5,WTR
9851.0,7.3316,2.2236,2.25,0.3289,5,WTR
9851.5,8.21,2.2236,2.25,0.2924,5,WTR
9852.0,9.0885,2.2236,2.25,0.334,5,WTR
9852.5,9.9669,2.2236,2.25,0.2103,5,WTR
9853.0,9.9669,2.3263,2.25,0.1962,5,WTR
9853.5,9.9669,2.3263,2.25,0.2249,5,WTR
9854.0,21.8555,2.4105,2.43,0.2447,5,WTR
9854.5,33.744,2.4946,2.61,0.238,0,Non-SST
9855.0,40.4705,2.5788,2.5867,0.2313,0,Non-SST
9855.5,47.197,2.663,2.5633,0.2245,0,Non-SST
9856.0,53.9235,2.7471,2.54,0.2411,0,Non-SST
9856.5,60.65,2.8313,2.545,0.2522,0,Non-SST
9857.0,67.3764,2.9155,2.55,0.257,0,Non-SST
9857.5,75.0231,2.8726,2.57,0.2605,0,Non-SST
9858.0,82.6697,2.8296,2.56,0.257,0,Non-SST
9858.5,82.6697,2.7868,2.56,0.2534,0,Non-SST
9859.0,82.6697,2.9184,2.5567,0.2499,0,Non-SST
9859.5,82.6697,3.0501,2.5533,0.2524,0,Non-SST
9860.0,82.6697,3.0052,2.55,0.256,0,Non-SST
9860.5,82.6697,2.9603,2.545,0.2558,0,Non-SST
9861.0,81.5348,2.9155,2.54,0.2557,0,Non-SST
9861.5,80.3999,2.9155,2.55,0.2556,0,Non-SST
9862.0,79.265,2.9155,2.56,0.2735,0,Non-SST
9862.5,74.9274,2.9155,2.56,0.2949,0,Non-SST
9863.0,78.7986,2.9155,2.56,0.2776,0,Non-SST
9863.5,82.6697,2.9155,2.56,0.2604,0,Non-SST
9864.0,78.8464,3.204,2.56,0.2431,0,Non-SST
9864.5,75.0231,3.4925,2.56,0.2144,0,Non-SST
9865.0,71.1998,3.4925,2.55,0.1907,0,Non-SST
9865.5,67.3764,3.4925,2.54,0.1934,0,Non-SST
9866.0,68.0728,3.4925,2.53,0.1961,0,Non-SST
9866.5,68.7692,3.4925,2.52,0.1987,0,Non-SST
9867.0,69.4655,3.4925,2.51,0.2014,0,Non-SST
9867.5,65.3831,3.4925,2.4967,0.2035,0,Non-SST
9868.0,61.3006,3.4925,2.4833,0.2043,0,Non-SST
9868.5,63.3259,3.4925,2.47,0.2051,5,WTR
9869.0,65.3512,3.4925,2.515,0.2059,0,Non-SST
9869.5,67.3764,3.4925,2.56,0.2067,0,Non-SST
9870.0,75.0231,3.4925,2.58,0.2076,0,Non-SST
9870.5,82.6697,3.4925,2.6,0.2084,0,Non-SST
9871.0,82.6697,3.4925,2.59,0.2092,0,Non-SST
9871.5,82.6697,3.4925,2.58,0.21,0,Non-SST
9872.0,82.6697,3.4925,2.57,0.2108,0,Non-SST
9872.5,76.0676,3.4925,2.515,0.2116,0,Non-SST
9873.0,69.4655,3.4925,2.46,0.2124,0,Non-SST
9873.5,60.6388,3.4925,2.4633,0.1978,5,WTR
9874.0,51.8121,3.4925,2.4667,0.1847,5,WTR
9874.5,51.8121,3.4925,2.47,0.1826,5,WTR
9875.0,51.8121,3.4925,2.4755,0.1805,5,WTR
9875.5,51.8121,3.4925,2.4809,0.1784,5,WTR
9876.0,56.5564,3.4925,2.4864,0.1966,0,Non-SST
9876.5,61.3006,3.392,2.4918,0.218,0,Non-SST
9877.0,66.1751,3.2915,2.4973,0.2167,0,Non-SST
9877.5,71.0496,3.191,2.5027,0.2153,0,Non-SST
9878.0,75.9241,3.2647,2.5082,0.214,0,Non-SST
9878.5,75.0693,3.3383,2.5136,0.2127,0,Non-SST
9879.0,74.2146,3.3383,2.5191,0.2113,0,Non-SST
9879.5,73.3598,3.3383,2.5245,0.21,0,Non-SST
9880.0,72.505,3.3383,2.53,0.2087,0,Non-SST
9880.5,71.6503,3.4154,2.54,0.2074,0,Non-SST
9881.0,70.7955,3.4925,2.54,0.2187,0,Non-SST
9881.5,69.9407,3.4411,2.5433,0.2311,0,Non-SST
9882.0,69.086,3.3897,2.5467,0.2265,0,Non-SST
9882.5,68.2312,3.3383,2.55,0.2211,0,Non-SST
9883.0,67.3764,3.4961,2.545,0.2217,0,Non-SST
9883.5,70.2257,3.6538,2.54,0.2223,0,Non-SST
9884.0,73.0749,3.6538,2.5133,0.2228,0,Non-SST
9884.5,75.9241,3.6538,2.4867,0.2183,0,Non-SST
9885.0,73.7553,3.8949,2.46,0.22,0,Non-SST
9885.5,71.5865,4.1359,2.48,0.2182,0,Non-SST
9886.0,71.5865,4.377,2.5,0.2164,0,Non-SST
9886.5,68.4529,4.8102,2.5533,0.2146,0,Non-SST
9887.0,65.3193,5.2433,2.6067,0.1307,0,Non-SST
9887.5,54.3105,6.1195,2.66,0.1365,0,Non-SST
9888.0,43.3017,6.9957,2.59,0.1423,0,Non-SST
9888.5,32.2929,7.8719,2.52,0.1481,0,Non-SST
9889.0,49.8346,6.2255,2.515,0.1539,0,Non-SST
9889.5,67.3764,4.5791,2.51,0.1963,0,Non-SST
9890.0,69.4974,4.3858,2.5267,0.2601,0,Non-SST
9890.5,71.6184,4.1924,2.5433,0.2469,0,Non-SST
9891.0,73.7393,3.9991,2.56,0.2337,0,Non-SST
9891.5,73.7393,3.8265,2.56,0.2204,0,Non-SST
9892.0,73.7393,3.6538,2.56,0.2227,0,Non-SST
9892.5,74.8317,3.6,2.5567,0.2249,0,Non-SST
9893.0,75.9241,3.5463,2.5533,0.2324,0,Non-SST
9893.5,77.4125,3.4925,2.55,0.2398,0,Non-SST
9894.0,78.9009,3.392,2.545,0.2472,0,Non-SST
9894.5,80.3893,3.2915,2.54,0.2388,0,Non-SST
9895.0,77.0643,3.191,2.53,0.2304,0,Non-SST
9895.5,73.7393,3.4224,2.52,0.222,0,Non-SST
9896.0,75.2065,3.6538,2.51,0.2256,0,Non-SST
9896.5,76.6736,3.5732,2.53,0.2253,0,Non-SST
9897.0,78.1407,3.4925,2.55,0.2237,0,Non-SST
9897.5,74.8636,3.5463,2.55,0.2237,0,Non-SST
9898.0,71.5865,3.6,2.55,0.2287,0,Non-SST
9898.5,72.3041,3.6538,2.55,0.2337,0,Non-SST
9899.0,73.0217,3.6538,2.545,0.2387,0,Non-SST
9899.5,73.7393,3.6538,2.54,0.2367,0,Non-SST
9900.0,74.8317,3.5487,2.5367,0.2343,0,Non-SST
9900.5,75.9241,3.4435,2.5333,0.2368,0,Non-SST
9901.0,75.1958,3.3383,2.53,0.2393,0,Non-SST
9901.5,74.4676,3.3383,2.53,0.2417,0,Non-SST
9902.0,73.7393,3.3383,2.53,0.2442,0,Non-SST
9902.5,74.8317,3.2892,2.52,0.2468,0,Non-SST
9903.0,75.9241,3.2401,2.51,0.2465,0,Non-SST
9903.5,76.663,3.191,2.5,0.2462,0,Non-SST
9904.0,77.4018,3.191,2.535,0.2459,0,Non-SST
9904.5,78.1407,3.191,2.57,0.2379,0,Non-SST
9905.0,78.1407,3.191,2.5633,0.2331,0,Non-SST
9905.5,78.1407,3.191,2.5567,0.232,0,Non-SST
9906.0,77.4018,3.191,2.55,0.2308,0,Non-SST
9906.5,76.663,3.191,2.56,0.2296,0,Non-SST
9907.0,75.9241,3.191,2.57,0.2423,0,Non-SST
9907.5,78.1567,3.1205,2.57,0.2569,0,Non-SST
9908.0,80.3893,3.0501,2.57,0.2623,0,Non-SST
9908.5,78.1726,3.0052,2.57,0.2678,0,Non-SST
9909.0,75.956,2.9603,2.555,0.2629,0,Non-SST
9909.5,73.7393,2.9155,2.54,0.258,0,Non-SST
9910.0,78.2045,2.8511,2.56,0.253,0,Non-SST
9910.5,82.6697,2.7868,2.58,0.2512,0,Non-SST
9911.0,81.9096,3.0758,2.5733,0.2495,0,Non-SST
9911.5,81.1494,3.3648,2.5667,0.2477,0,Non-SST
9912.0,80.3893,3.6538,2.56,0.246,0,Non-SST
9912.5,80.3893,3.2846,2.565,0.2442,0,Non-SST
9913.0,80.3893,2.9155,2.57,0.2512,0,Non-SST
9913.5,78.1567,2.9155,2.5633,0.2589,0,Non-SST
9914.0,75.9241,2.9155,2.5567,0.2584,0,Non-SST
9914.5,77.4125,2.9155,2.55,0.2579,0,Non-SST
9915.0,78.9009,2.9155,2.57,0.2574,0,Non-SST
9915.5,80.3893,2.9155,2.59,0.2451,0,Non-SST
9916.0,77.0643,2.8511,2.5867,0.2354,0,Non-SST
9916.5,73.7393,2.7868,2.5833,0.2354,0,Non-SST
9917.0,75.2065,2.7868,2.58,0.2362,0,Non-SST
9917.5,76.6736,2.7868,2.5775,0.2417,0,Non-SST
9918.0,78.1407,2.7868,2.575,0.2472,0,Non-SST
9918.5,75.94,2.7868,2.5725,0.2527,0,Non-SST
9919.0,73.7393,2.7868,2.57,0.2484,0,Non-SST
9919.5,75.2065,2.7868,2.5767,0.2434,0,Non-SST
9920.0,76.6736,2.7868,2.5833,0.248,0,Non-SST
9920.5,78.1407,2.7868,2.59,0.2525,0,Non-SST
9921.0,77.0324,2.8511,2.59,0.2571,0,Non-SST
9921.5,75.9241,2.9155,2.59,0.2544,0,Non-SST
9922.0,77.0324,2.8726,2.57,0.2518,0,Non-SST
9922.5,78.1407,2.8296,2.55,0.2513,0,Non-SST
9923.0,78.8902,2.7868,2.53,0.2507,0,Non-SST
9923.5,79.6398,2.7868,2.535,0.2501,0,Non-SST
9924.0,80.3893,2.7868,2.54,0.2505,0,Non-SST
9924.5,82.6857,2.7868,2.5567,0.2508,0,Non-SST
9925.0,84.982,2.7868,2.5733,0.2511,0,Non-SST
9925.5,84.2113,2.7868,2.59,0.2493,0,Non-SST
9926.0,83.4405,2.8296,2.615,0.2496,0,Non-SST
9926.5,82.6697,2.8726,2.64,0.2524,0,Non-SST
9927.0,79.2969,2.9155,2.6133,0.2551,0,Non-SST
9927.5,75.9241,2.8511,2.5867,0.2579,0,Non-SST
9928.0,77.4125,2.7868,2.56,0.2585,0,Non-SST
9928.5,78.9009,2.7457,2.55,0.2526,0,Non-SST
9929.0,80.3893,2.7047,2.54,0.2609,0,Non-SST
9929.5,79.265,2.6637,2.5533,0.2692,0,Non-SST
9930.0,78.1407,2.6637,2.5667,0.2776,0,Non-SST
9930.5,78.8902,2.6637,2.58,0.2705,0,Non-SST
9931.0,79.6398,2.6049,2.58,0.2675,0,Non-SST
9931.5,80.3893,2.5461,2.58,0.2675,0,Non-SST
9932.0,80.3893,2.5461,2.58,0.2675,0,Non-SST
9932.5,80.3893,2.5461,2.565,0.2629,0,Non-SST
9933.0,81.1494,2.5461,2.55,0.2584,0,Non-SST
9933.5,81.9096,2.4899,2.545,0.2538,0,Non-SST
9934.0,82.6697,2.4337,2.54,0.2619,0,Non-SST
9934.5,84.2219,2.4158,2.5433,0.27,0,Non-SST
9935.0,85.7741,2.3979,2.5467,0.2646,0,Non-SST
9935.5,87.3263,2.38,2.55,0.2583,0,Non-SST
9936.0,86.1541,2.4337,2.545,0.2734,0,Non-SST
9936.5,84.982,2.4337,2.54,0.2901,0,Non-SST
9937.0,83.8259,2.4337,2.5367,0.275,0,Non-SST
9937.5,82.6697,2.5104,2.5333,0.2612,0,Non-SST
9938.0,81.9096,2.5871,2.53,0.2637,0,Non-SST
9938.5,81.1494,2.6637,2.545,0.2661,0,Non-SST
9939.0,80.3893,2.6049,2.56,0.2686,0,Non-SST
9939.5,79.265,2.5461,2.56,0.2873,0,Non-SST
9940.0,78.1407,2.5461,2.56,0.3083,0,Non-SST
9940.5,78.1407,2.5461,2.56,0.295,0,Non-SST
9941.0,78.1407,2.5461,2.5675,0.2817,0,Non-SST
9941.5,78.1407,2.6665,2.575,0.2685,0,Non-SST
9942.0,77.0324,2.7868,2.5687,0.2667,0,Non-SST
9942.5,75.9241,2.6665,2.5625,0.2649,0,Non-SST
9943.0,78.1726,2.5461,2.5563,0.2705,0,Non-SST
9943.5,80.4212,2.5461,2.55,0.2788,0,Non-SST
9944.0,82.6697,2.5461,2.575,0.278,0,Non-SST
9944.5,82.6697,2.5461,2.6,0.2773,0,Non-SST
9945.0,82.6697,2.5461,2.5875,0.2766,0,Non-SST
9945.5,82.6697,2.5461,2.575,0.275,0,Non-SST
9946.0,80.3893,2.5853,2.57,0.2721,0,Non-SST
9946.5,80.3893,2.6245,2.565,0.2725,0,Non-SST
9947.0,80.3893,2.6637,2.56,0.2728,0,Non-SST
9947.5,79.265,2.6637,2.56,0.2731,0,Non-SST
9948.0,78.1407,2.6637,2.56,0.2731,0,Non-SST
9948.5,77.4018,2.7047,2.5867,0.2731,0,Non-SST
9949.0,76.663,2.7457,2.6133,0.2736,0,Non-SST
9949.5,75.9241,2.7868,2.64,0.274,0,Non-SST
9950.0,78.1567,2.7868,2.61,0.2744,0,Non-SST
9950.5,80.3893,2.7868,2.58,0.2698,0,Non-SST
9951.0,82.6857,2.7457,2.5767,0.2625,0,Non-SST
9951.5,84.982,2.7047,2.5733,0.2635,0,Non-SST
9952.0,82.7016,2.6637,2.57,0.2645,0,Non-SST
9952.5,80.4212,2.6637,2.565,0.2655,0,Non-SST
9953.0,78.1407,2.6637,2.56,0.2577,0,Non-SST
9953.5,80.4052,2.6637,2.56,0.2499,0,Non-SST
9954.0,82.6697,2.6637,2.56,0.2578,0,Non-SST
9954.5,78.9753,2.6637,2.56,0.266,0,Non-SST
9955.0,75.2809,2.6637,2.58,0.2693,0,Non-SST
9955.5,71.5865,2.6637,2.6,0.2726,0,Non-SST
9956.0,77.1281,2.7252,2.595,0.2759,0,Non-SST
9956.5,82.6697,2.7868,2.59,0.2736,0,Non-SST
9957.0,81.9096,2.7457,2.5833,0.2707,0,Non-SST
9957.5,81.1494,2.7047,2.5767,0.2644,0,Non-SST
9958.0,80.3893,2.6637,2.57,0.2581,0,Non-SST
9958.5,81.5295,2.6637,2.545,0.2517,0,Non-SST
9959.0,82.6697,2.6637,2.52,0.2673,0,Non-SST
9959.5,82.6697,2.7047,2.5333,0.2814,0,Non-SST
9960.0,82.6697,2.7457,2.5467,0.2727,0,Non-SST
9960.5,82.6697,2.7868,2.56,0.2639,0,Non-SST
9961.0,82.6697,2.7868,2.56,0.2552,0,Non-SST
9961.5,82.6697,2.7868,2.56,0.2714,0,Non-SST
9962.0,84.998,2.7065,2.5533,0.2898,0,Non-SST
9962.5,87.3263,2.6263,2.5467,0.2887,0,Non-SST
9963.0,85.7741,2.5461,2.54,0.2877,0,Non-SST
9963.5,84.2219,2.5461,2.57,0.2866,0,Non-SST
9964.0,82.6697,2.5461,2.6,0.2688,0,Non-SST
9964.5,83.8259,2.5853,2.5967,0.2554,0,Non-SST
9965.0,84.982,2.6245,2.5933,0.2571,0,Non-SST
9965.5,84.2113,2.6637,2.59,0.2587,0,Non-SST
9966.0,83.4405,2.6049,2.58,0.2604,0,Non-SST
9966.5,82.6697,2.5461,2.57,0.2621,0,Non-SST
9967.0,82.6697,2.5461,2.565,0.2637,0,Non-SST
9967.5,82.6697,2.5461,2.56,0.2654,0,Non-SST
9968.0,84.2219,2.5461,2.5567,0.2671,0,Non-SST
9968.5,85.7741,2.5301,2.5533,0.2688,0,Non-SST
9969.0,87.3263,2.514,2.55,0.2704,0,Non-SST
9969.5,81.6252,2.498,2.58,0.2721,0,Non-SST
9970.0,75.9241,2.4819,2.61,0.2738,0,Non-SST
9970.5,80.4531,2.4659,2.5933,0.2754,0,Non-SST
9971.0,84.982,2.4498,2.5767,0.2771,0,Non-SST
9971.5,82.7016,2.4337,2.56,0.2788,0,Non-SST
9972.0,80.4212,2.4337,2.5767,0.2804,0,Non-SST
9972.5,78.1407,2.4337,2.5933,0.2821,0,Non-SST
9973.0,75.94,2.4337,2.61,0.2838,0,Non-SST
9973.5,73.7393,2.38,2.6,0.2855,0,Non-SST
9974.0,77.4869,2.3263,2.59,0.2871,0,Non-SST
9974.5,81.2345,2.3263,2.58,0.2888,0,Non-SST
9975.0,84.982,2.3263,2.57,0.2905,0,Non-SST
9975.5,84.982,2.3621,2.56,0.2921,0,Non-SST
9976.0,84.982,2.3979,2.58,0.2874,0,Non-SST
9976.5,84.982,2.4337,2.6,0.2827,0,Non-SST
9977.0,83.8259,2.4337,2.58,0.278,0,Non-SST
9977.5,82.6697,2.4337,2.56,0.2732,0,Non-SST
9978.0,86.6299,2.4337,2.54,0.2685,0,Non-SST
9978.5,90.5901,2.4337,2.55,0.2684,0,Non-SST
9979.0,94.5503,2.4337,2.56,0.2684,0,Non-SST
9979.5,92.8531,2.4337,2.59,0.2683,0,Non-SST
9980.0,91.1558,2.4337,2.62,0.2682,0,Non-SST
9980.5,89.4586,2.4337,2.602,0.2682,0,Non-SST
9981.0,87.7614,2.4337,2.584,0.2681,0,Non-SST
9981.5,86.0642,2.4337,2.566,0.268,0,Non-SST
9982.0,84.3669,2.4337,2.548,0.2679,0,Non-SST
9982.5,82.6697,2.4337,2.53,0.2856,0,Non-SST
9983.0,82.6697,2.4337,2.536,0.2949,0,Non-SST
9983.5,82.6697,2.4337,2.542,0.2859,0,Non-SST
9984.0,82.6697,2.4337,2.548,0.2769,0,Non-SST
9984.5,82.6697,2.4337,2.554,0.2679,0,Non-SST
9985.0,82.6697,2.4337,2.56,0.2706,0,Non-SST
9985.5,82.6697,2.4337,2.5733,0.2764,0,Non-SST
9986.0,82.6697,2.4337,2.5867,0.2764,0,Non-SST
9986.5,82.6697,2.4337,2.6,0.2724,0,Non-SST
9987.0,82.6697,2.4337,2.584,0.2751,0,Non-SST
9987.5,82.6697,2.4337,2.568,0.2777,0,Non-SST
9988.0,83.8259,2.4337,2.552,0.2803,0,Non-SST
9988.5,84.982,2.4337,2.536,0.29,0,Non-SST
9989.0,84.0635,2.4337,2.52,0.3089,0,Non-SST
9989.5,83.1449,2.4337,2.55,0.3023,0,Non-SST
9990.0,82.2264,2.4337,2.58,0.2958,0,Non-SST
9990.5,81.3078,2.4337,2.575,0.2969,0,Non-SST
9991.0,80.3893,2.4337,2.57,0.2981,0,Non-SST
9991.5,81.1494,2.4337,2.5567,0.2992,0,Non-SST
9992.0,81.9096,2.4337,2.5433,0.2898,0,Non-SST
9992.5,82.6697,2.3979,2.53,0.2849,0,Non-SST
9993.0,81.5295,2.3621,2.52,0.2879,0,Non-SST
9993.5,80.3893,2.3263,2.51,0.2909,0,Non-SST
9994.0,83.4936,2.3263,2.545,0.2939,0,Non-SST
9994.5,86.598,2.3263,2.58,0.2881,0,Non-SST
9995.0,89.7024,2.3263,2.5767,0.2823,0,Non-SST
9995.5,85.0458,2.3263,2.5733,0.2765,0,Non-SST
9996.0,80.3893,2.3263,2.57,0.2862,0,Non-SST
9996.5,82.6857,2.3263,2.57,0.2952,0,Non-SST
9997.0,84.982,2.3263,2.57,0.2921,0,Non-SST
9997.5,84.2113,2.3621,2.5633,0.289,0,Non-SST
9998.0,83.4405,2.3979,2.5567,0.2909,0,Non-SST
9998.5,82.6697,2.4337,2.55,0.2927,0,Non-SST
9999.0,82.6697,2.3287,2.56,0.2946,0,Non-SST
9999.5,82.6697,2.2236,2.57,0.2966,0,Non-SST
10000.0,81.5295,2.1909,2.57,0.2998,0,Non-SST
10000.5,80.3893,2.1582,2.57,0.3044,0,Non-SST
10001.0,81.9202,2.1254,2.57,0.309,0,Non-SST
10001.5,83.4511,2.0785,2.585,0.3136,0,Non-SST
10002.0,84.982,2.0316,2.6,0.3119,0,Non-SST
10002.5,86.1541,2.0316,2.5933,0.3119,0,Non-SST
10003.0,87.3263,2.0316,2.5867,0.2923,0,Non-SST
10003.5,87.3263,2.0316,2.58,0.2766,0,Non-SST
10004.0,87.3263,2.0316,2.565,0.2889,0,Non-SST
10004.5,87.3263,2.0316,2.55,0.3011,0,Non-SST
10005.0,85.7741,2.0316,2.5533,0.3134,0,Non-SST
10005.5,84.2219,2.0316,2.5567,0.311,0,Non-SST
10006.0,82.6697,2.1298,2.56,0.3074,0,Non-SST
10006.5,84.998,2.2281,2.565,0.2982,0,Non-SST
10007.0,87.3263,2.3263,2.57,0.2889,0,Non-SST
10007.5,82.7335,2.4362,2.55,0.2797,0,Non-SST
10008.0,78.1407,2.5461,2.53,0.2749,0,Non-SST
10008.5,79.6504,2.6665,2.5533,0.2687,0,Non-SST
10009.0,81.16,2.7868,2.5767,0.2632,0,Non-SST
10009.5,82.6697,2.7868,2.6,0.2514,0,Non-SST
10010.0,82.6697,2.7868,2.57,0.2534,0,Non-SST
10010.5,82.6697,2.7868,2.54,0.2553,0,Non-SST
10011.0,79.6929,2.7868,2.5433,0.2573,0,Non-SST
10011.5,76.7161,2.7868,2.5467,0.2468,0,Non-SST
10012.0,73.7393,2.7868,2.55,0.2361,0,Non-SST
10012.5,75.94,2.7868,2.57,0.2454,0,Non-SST
10013.0,78.1407,2.7868,2.59,0.2547,0,Non-SST
10013.5,78.1407,2.7868,2.6,0.2641,0,Non-SST
10014.0,78.1407,2.7868,2.61,0.2587,0,Non-SST
10014.5,76.6736,2.7868,2.6,0.2543,0,Non-SST
10015.0,75.2065,2.7868,2.59,0.2543,0,Non-SST
10015.5,73.7393,2.7868,2.58,0.2571,0,Non-SST
10016.0,78.2045,2.7868,2.575,0.2574,0,Non-SST
10016.5,82.6697,2.7868,2.57,0.2577,0,Non-SST
10017.0,81.5295,2.7868,2.57,0.258,0,Non-SST
10017.5,80.3893,2.7868,2.57,0.251,0,Non-SST
10018.0,81.1494,2.7868,2.57,0.2443,0,Non-SST
10018.5,81.9096,2.7868,2.58,0.2588,0,Non-SST
10019.0,82.6697,2.7457,2.59,0.2747,0,Non-SST
10019.5,78.2045,2.7047,2.6,0.2719,0,Non-SST
10020.0,73.7393,2.6637,2.61,0.269,0,Non-SST
10020.5,76.7161,2.6637,2.62,0.2662,0,Non-SST
10021.0,79.6929,2.6637,2.595,0.2666,0,Non-SST
10021.5,82.6697,2.7047,2.57,0.267,0,Non-SST
10022.0,82.6697,2.7457,2.565,0.2647,0,Non-SST
10022.5,82.6697,2.7868,2.56,0.2624,0,Non-SST
10023.0,82.6697,2.7252,2.56,0.2612,0,Non-SST
10023.5,82.6697,2.6637,2.56,0.2601,0,Non-SST
10024.0,82.6697,2.6637,2.56,0.2589,0,Non-SST
10024.5,78.2045,2.6637,2.56,0.2726,0,Non-SST
10025.0,73.7393,2.5871,2.56,0.2875,0,Non-SST
10025.5,77.0643,2.5104,2.56,0.2788,0,Non-SST
10026.0,80.3893,2.4337,2.56,0.2701,0,Non-SST
10026.5,79.265,2.4337,2.56,0.2614,0,Non-SST
10027.0,78.1407,2.4337,2.56,0.262,0,Non-SST
10027.5,79.6504,2.4337,2.56,0.2626,0,Non-SST
10028.0,81.16,2.6102,2.56,0.2632,0,Non-SST
10028.5,82.6697,2.7868,2.56,0.2582,0,Non-SST
10029.0,82.6697,2.7252,2.585,0.2537,0,Non-SST
10029.5,82.6697,2.6637,2.61,0.25,0,Non-SST
10030.0,81.16,2.6637,2.6033,0.2582,0,Non-SST
10030.5,79.6504,2.6637,2.5967,0.2451,0,Non-SST
10031.0,78.1407,2.6637,2.59,0.2346,0,Non-SST
10031.5,78.1407,2.6637,2.555,0.2433,0,Non-SST
10032.0,78.1407,2.6637,2.52,0.2521,0,Non-SST
10032.5,81.5614,2.7252,2.51,0.2608,0,Non-SST
10033.0,84.982,2.7868,2.5,0.2501,0,Non-SST
10033.5,76.4344,2.9706,2.49,0.2427,0,Non-SST
10034.0,67.8868,3.1545,2.4796,0.2409,0,Non-SST
10034.5,59.3391,3.3383,2.4692,0.2391,0,Non-SST
10035.0,58.3743,3.1942,2.4588,0.2373,0,Non-SST
10035.5,57.4095,3.0501,2.4588,0.2312,0,Non-SST
10036.0,63.581,2.8821,2.4958,0.2252,0,Non-SST
10036.5,69.7526,2.7141,2.5329,0.2372,0,Non-SST
10037.0,75.9241,2.5461,2.57,0.2492,0,Non-SST
10037.5,78.1726,2.6049,2.595,0.2612,0,Non-SST
10038.0,80.4212,2.6637,2.62,0.2651,0,Non-SST
10038.5,82.6697,2.6245,2.6033,0.2714,0,Non-SST
10039.0,81.8185,2.5853,2.5867,0.2521,0,Non-SST
10039.5,80.9673,2.5461,2.57,0.2391,0,Non-SST
10040.0,84.1468,2.6049,2.565,0.2513,0,Non-SST
10040.5,87.3263,2.6637,2.56,0.2635,0,Non-SST
10041.0,81.6252,2.6637,2.5567,0.2758,0,Non-SST
10041.5,75.9241,2.6637,2.5533,0.2758,0,Non-SST
10042.0,76.663,2.6245,2.55,0.2768,0,Non-SST
10042.5,77.4018,2.5853,2.59,0.2726,0,Non-SST
10043.0,78.1407,2.5461,2.63,0.2684,0,Non-SST
10043.5,80.4052,2.6049,2.605,0.2642,0,Non-SST
10044.0,82.6697,2.6637,2.58,0.2556,0,Non-SST
10044.5,81.16,2.6637,2.5733,0.2454,0,Non-SST
10045.0,79.6504,2.6637,2.5667,0.2474,0,Non-SST
10045.5,78.1407,2.6637,2.56,0.2493,0,Non-SST
10046.0,80.4052,2.6049,2.555,0.2513,0,Non-SST
10046.5,82.6697,2.5461,2.55,0.2658,0,Non-SST
10047.0,80.4052,2.5853,2.5467,0.2811,0,Non-SST
10047.5,78.1407,2.6245,2.5433,0.2713,0,Non-SST
10048.0,81.2026,2.6637,2.54,0.2615,0,Non-SST
10048.5,84.2644,2.6049,2.55,0.2518,0,Non-SST
10049.0,87.3263,2.5461,2.56,0.2605,0,Non-SST
10049.5,81.6252,2.6665,2.5633,0.2706,0,Non-SST
10050.0,75.9241,2.7868,2.5667,0.2594,0,Non-SST
10050.5,76.663,2.7868,2.57,0.2482,0,Non-SST
10051.0,77.4018,2.7868,2.555,0.2581,0,Non-SST
10051.5,78.1407,2.7868,2.54,0.268,0,Non-SST
10052.0,75.94,2.8511,2.5567,0.2779,0,Non-SST
10052.5,73.7393,2.9155,2.5733,0.2664,0,Non-SST
10053.0,76.7161,2.8726,2.59,0.2511,0,Non-SST
10053.5,79.6929,2.8296,2.575,0.2546,0,Non-SST
10054.0,82.6697,2.7868,2.56,0.2581,0,Non-SST
10054.5,78.2045,2.7868,2.57,0.2617,0,Non-SST
10055.0,73.7393,2.7868,2.58,0.2607,0,Non-SST
10055.5,75.2065,2.7868,2.58,0.2607,0,Non-SST
10056.0,76.6736,2.7868,2.58,0.2601,0,Non-SST
10056.5,78.1407,2.7868,2.58,0.2594,0,Non-SST
10057.0,78.1407,2.7868,2.585,0.2588,0,Non-SST
10057.5,78.1407,2.7868,2.59,0.2504,0,Non-SST
10058.0,80.4052,2.7868,2.5867,0.2428,0,Non-SST
10058.5,82.6697,2.7868,2.5833,0.2548,0,Non-SST
10059.0,82.6697,2.756,2.58,0.2667,0,Non-SST
10059.5,82.6697,2.7252,2.59,0.2787,0,Non-SST
10060.0,82.6697,2.6945,2.6,0.2791,0,Non-SST
10060.5,83.8259,2.6637,2.5867,0.2795,0,Non-SST
10061.0,84.982,2.6637,2.5733,0.2798,0,Non-SST
10061.5,84.2113,2.6637,2.56,0.282,0,Non-SST
10062.0,83.4405,2.6637,2.575,0.2786,0,Non-SST
10062.5,82.6697,2.6637,2.59,0.2573,0,Non-SST
10063.0,83.8259,2.6245,2.57,0.2414,0,Non-SST
10063.5,84.982,2.5853,2.55,0.2594,0,Non-SST
10064.0,83.4511,2.5461,2.56,0.2775,0,Non-SST
10064.5,81.9202,2.6049,2.57,0.2956,0,Non-SST
10065.0,80.3893,2.6637,2.58,0.2672,0,Non-SST
10065.5,80.3893,2.6637,2.5767,0.2455,0,Non-SST
10066.0,80.3893,2.6637,2.5733,0.251,0,Non-SST
10066.5,81.5295,2.6637,2.57,0.2566,0,Non-SST
10067.0,82.6697,2.6637,2.55,0.2621,0,Non-SST
10067.5,81.9096,2.6637,2.53,0.2627,0,Non-SST
10068.0,81.1494,2.6637,2.54,0.2616,0,Non-SST
10068.5,80.3893,2.6637,2.55,0.2643,0,Non-SST
10069.0,79.6398,2.6637,2.56,0.2642,0,Non-SST
10069.5,78.8902,2.7252,2.56,0.2595,0,Non-SST
10070.0,78.1407,2.7868,2.56,0.2548,0,Non-SST
10070.5,77.0324,2.7868,2.56,0.2501,0,Non-SST
10071.0,75.9241,2.7868,2.56,0.2502,0,Non-SST
10071.5,76.663,2.7868,2.56,0.2502,0,Non-SST
10072.0,77.4018,2.7868,2.56,0.2631,0,Non-SST
10072.5,78.1407,2.7868,2.56,0.2761,0,Non-SST
10073.0,81.5614,2.7868,2.57,0.289,0,Non-SST
10073.5,84.982,2.7868,2.58,0.2789,0,Non-SST
10074.0,84.2113,2.7868,2.58,0.2704,0,Non-SST
10074.5,83.4405,2.7868,2.58,0.263,0,Non-SST
10075.0,82.6697,2.7868,2.58,0.2557,0,Non-SST
10075.5,83.8259,2.7868,2.58,0.2484,0,Non-SST
10076.0,84.982,2.7868,2.58,0.242,0,Non-SST
10076.5,83.4511,2.7868,2.57,0.2357,0,Non-SST
10077.0,81.9202,2.7868,2.56,0.2555,0,Non-SST
10077.5,80.3893,2.7868,2.55,0.2813,0,Non-SST
10078.0,79.265,2.6665,2.565,0.2817,0,Non-SST
10078.5,78.1407,2.5461,2.58,0.2821,0,Non-SST
10079.0,82.7335,2.4899,2.5767,0.2825,0,Non-SST
10079.5,87.3263,2.4337,2.5733,0.2874,0,Non-SST
10080.0,85.7741,2.5104,2.57,0.2935,0,Non-SST
10080.5,84.2219,2.5871,2.545,0.2718,0,Non-SST
10081.0,82.6697,2.6637,2.52,0.2528,0,Non-SST
10081.5,62.074,2.9274,2.4333,0.2533,0,Non-SST
10082.0,41.4784,3.191,2.3467,0.2539,5,WTR
10082.5,36.5879,3.0532,2.26,0.2544,5,WTR
10083.0,31.6975,2.9155,2.31,0.2373,5,WTR
10083.5,26.8071,3.0073,2.36,0.2217,5,WTR
10084.0,27.4689,3.0991,2.32,0.2319,5,WTR
10084.5,28.1307,3.191,2.28,0.2421,5,WTR
10085.0,27.2589,2.9889,2.3067,0.2522,5,WTR
10085.5,26.3871,2.7868,2.3333,0.2295,5,WTR
10086.0,25.5153,2.7457,2.36,0.2042,5,WTR
10086.5,24.2715,2.7047,2.325,0.2075,5,WTR
10087.0,23.0276,2.6637,2.29,0.2109,5,WTR
10087.5,25.5791,2.7896,2.305,0.2143,5,WTR
10088.0,28.1307,2.9155,2.32,0.2211,5,WTR
10088.5,26.8389,2.8511,2.3233,0.2295,5,WTR
10089.0,25.5472,2.7868,2.3267,0.2285,5,WTR
10089.5,24.2555,2.8296,2.33,0.2275,5,WTR
10090.0,24.2555,2.8726,2.305,0.2264,5,WTR
10090.5,24.2555,2.9155,2.28,0.2284,5,WTR
10091.0,28.2742,3.204,2.31,0.2261,5,WTR
10091.5,32.2929,3.4925,2.34,0.2227,5,WTR
10092.0,37.0291,3.345,2.4167,0.2194,5,WTR
10092.5,41.7654,3.1976,2.4933,0.216,5,WTR
10093.0,46.5017,3.0501,2.57,0.2116,0,Non-SST
10093.5,54.8979,3.0052,2.45,0.2348,5,WTR
10094.0,63.294,2.9603,2.33,0.2322,0,Non-SST
10094.5,48.7077,2.9155,2.3133,0.2296,5,WTR
10095.0,34.1214,2.7896,2.2967,0.227,5,WTR
10095.5,19.5352,2.6637,2.28,0.2287,5,WTR
10096.0,21.2814,2.7047,2.255,0.2284,5,WTR
10096.5,23.0276,2.7457,2.23,0.2256,5,WTR
10097.0,29.1274,2.7868,2.2867,0.2228,5,WTR
10097.5,35.2271,3.0625,2.3433,0.22,5,WTR
10098.0,37.8584,3.3383,2.4,0.2158,5,WTR
10098.5,40.4897,3.2892,2.39,0.2248,5,WTR
10099.0,43.1209,3.2401,2.38,0.226,5,WTR
10099.5,37.7069,3.191,2.37,0.2272,5,WTR
10100.0,32.2929,3.1205,2.335,0.2283,5,WTR
10100.5,29.6137,3.0501,2.3,0.2318,5,WTR
10101.0,26.9346,3.1205,2.3,0.2325,5,WTR
10101.5,24.2555,3.191,2.3,0.2254,5,WTR
10102.0,23.8462,3.0991,2.3,0.2187,5,WTR
10102.5,23.4369,3.0073,2.335,0.222,5,WTR
10103.0,23.0276,2.9155,2.37,0.2253,5,WTR
10103.5,29.8848,2.9155,2.43,0.2285,5,WTR
10104.0,36.7421,2.9155,2.49,0.2452,5,WTR
10104.5,41.7654,3.0564,2.55,0.2475,5,WTR
10105.0,46.7888,3.1974,2.485,0.2406,5,WTR
10105.5,51.8121,3.3383,2.42,0.2337,5,WTR
10106.0,51.8121,3.3383,2.45,0.2268,5,WTR
10106.5,51.8121,3.3383,2.48,0.2313,5,WTR
10107.0,59.1212,3.2892,2.5167,0.2386,0,Non-SST
10107.5,66.4303,3.2401,2.5533,0.2428,0,Non-SST
10108.0,73.7393,3.191,2.59,0.247,0,Non-SST
10108.5,80.5328,3.0532,2.56,0.2512,0,Non-SST
10109.0,87.3263,2.9155,2.53,0.2539,0,Non-SST
10109.5,74.3134,3.0564,2.4733,0.2539,0,Non-SST
10110.0,61.3006,3.1974,2.4167,0.241,0,Non-SST
10110.5,60.6468,3.3383,2.36,0.228,5,WTR
10111.0,59.993,3.3383,2.45,0.215,5,WTR
10111.5,59.3391,3.3383,2.54,0.2175,0,Non-SST
10112.0,64.4023,3.4435,2.5433,0.2272,0,Non-SST
10112.5,69.4655,3.5487,2.5467,0.2288,0,Non-SST
10113.0,69.4655,3.6538,2.55,0.2305,0,Non-SST
10113.5,69.4655,3.5732,2.57,0.2321,0,Non-SST
10114.0,69.4655,3.4925,2.59,0.2283,0,Non-SST
10114.5,69.4655,3.4925,2.5733,0.2262,0,Non-SST
10115.0,69.4655,3.4925,2.5567,0.2216,0,Non-SST
10115.5,70.1725,3.4925,2.54,0.221,0,Non-SST
10116.0,70.8795,3.4925,2.55,0.2225,0,Non-SST
10116.5,71.5865,3.4925,2.56,0.224,0,Non-SST
10117.0,70.526,3.4154,2.525,0.2255,0,Non-SST
10117.5,69.4655,3.3383,2.49,0.233,0,Non-SST
10118.0,68.0834,3.2422,2.4867,0.2378,0,Non-SST
10118.5,66.7013,3.1462,2.4833,0.2368,0,Non-SST
10119.0,65.3193,3.0501,2.48,0.2359,0,Non-SST
10119.5,65.3193,3.0501,2.525,0.2349,0,Non-SST
10120.0,65.3193,3.0501,2.57,0.2456,0,Non-SST
10120.5,75.1507,2.9213,2.5633,0.2616,0,Non-SST
10121.0,84.982,2.7925,2.5567,0.258,0,Non-SST
10121.5,84.2113,2.6637,2.55,0.2545,0,Non-SST
10122.0,83.4405,2.7925,2.535,0.2509,0,Non-SST
10122.5,82.6697,2.9213,2.52,0.2599,0,Non-SST
10123.0,78.2045,3.0501,2.53,0.2558,0,Non-SST
10123.5,73.7393,3.3015,2.54,0.2485,0,Non-SST
10124.0,67.6635,3.3383,2.55,0.2375,0,Non-SST
10124.5,61.5877,3.4154,2.475,0.2357,0,Non-SST
10125.0,55.5118,3.4925,2.4,0.2496,0,Non-SST
10125.5,56.4607,3.6614,2.4367,0.2575,0,Non-SST
10126.0,57.4095,3.8302,2.4733,0.2446,0,Non-SST
10126.5,60.0461,3.9991,2.51,0.2316,0,Non-SST
10127.0,62.6827,3.8265,2.515,0.2186,0,Non-SST
10127.5,65.3193,3.6538,2.52,0.2214,0,Non-SST
10128.0,76.3228,3.4995,2.5429,0.2247,0,Non-SST
10128.5,87.3263,3.3452,2.5658,0.2342,0,Non-SST
10129.0,85.0139,3.191,2.5887,0.2438,0,Non-SST
10129.5,82.7016,3.0532,2.5887,0.2532,0,Non-SST
10130.0,80.3893,2.9155,2.5866,0.2549,0,Non-SST
10130.5,80.3893,3.1269,2.5844,0.2566,0,Non-SST
10131.0,80.3893,3.3383,2.5822,0.2487,0,Non-SST
10131.5,78.9009,3.2892,2.58,0.242,0,Non-SST
10132.0,77.4125,3.2401,2.56,0.2374,0,Non-SST
10132.5,75.9241,3.191,2.54,0.2329,0,Non-SST
10133.0,77.0683,3.191,2.545,0.2283,0,Non-SST
10133.5,78.2125,3.191,2.55,0.2373,0,Non-SST
10134.0,71.5865,3.191,2.5533,0.2474,0,Non-SST
10134.5,72.6629,3.191,2.5567,0.2414,0,Non-SST
10135.0,73.7393,3.191,2.56,0.2355,0,Non-SST
10135.5,70.5579,3.191,2.535,0.2295,0,Non-SST
10136.0,67.3764,3.191,2.51,0.246,0,Non-SST
10136.5,73.8829,3.191,2.52,0.262,0,Non-SST
10137.0,80.3893,3.191,2.53,0.2508,0,Non-SST
10137.5,77.455,3.191,2.54,0.2395,0,Non-SST
10138.0,74.5207,3.2647,2.55,0.2283,0,Non-SST
10138.5,71.5865,3.3383,2.56,0.2474,0,Non-SST
10139.0,77.1281,3.0625,2.5633,0.2699,0,Non-SST
10139.5,82.6697,2.7868,2.5667,0.2625,0,Non-SST
10140.0,81.9096,2.8394,2.57,0.2552,0,Non-SST
10140.5,81.1494,2.8921,2.555,0.2478,0,Non-SST
10141.0,80.3893,2.9448,2.54,0.2578,0,Non-SST
10141.5,78.1567,2.9974,2.56,0.2648,0,Non-SST
10142.0,75.9241,3.0501,2.58,0.2391,0,Non-SST
10142.5,76.663,3.0052,2.5767,0.2185,0,Non-SST
10143.0,77.4018,2.9603,2.5733,0.2176,0,Non-SST
10143.5,78.1407,2.9155,2.57,0.2166,0,Non-SST
10144.0,74.8636,2.9828,2.555,0.2157,0,Non-SST
10144.5,71.5865,3.0501,2.54,0.2325,0,Non-SST
10145.0,74.8636,3.0052,2.5533,0.2502,0,Non-SST
10145.5,78.1407,2.9603,2.5667,0.2499,0,Non-SST
10146.0,77.4018,2.9155,2.58,0.2497,0,Non-SST
10146.5,76.663,2.9155,2.57,0.2494,0,Non-SST
10147.0,75.9241,2.9155,2.56,0.2493,0,Non-SST
10147.5,77.0324,2.8315,2.56,0.2484,0,Non-SST
10148.0,78.1407,2.7476,2.56,0.2473,0,Non-SST
10148.5,75.956,2.6637,2.56,0.2462,0,Non-SST
10149.0,73.7712,2.7896,2.545,0.2451,0,Non-SST
10149.5,71.5865,2.9155,2.53,0.2367,0,Non-SST
10150.0,74.8636,2.9155,2.5333,0.2279,0,Non-SST
10150.5,78.1407,2.9155,2.5367,0.2544,0,Non-SST
10151.0,78.8902,2.9603,2.54,0.2853,0,Non-SST
10151.5,79.6398,3.0052,2.535,0.267,0,Non-SST
10152.0,80.3893,3.0501,2.53,0.2488,0,Non-SST
10152.5,77.0643,2.9828,2.565,0.2306,0,Non-SST
10153.0,73.7393,2.9155,2.6,0.2365,0,Non-SST
10153.5,75.2065,2.8726,2.5933,0.2423,0,Non-SST
10154.0,76.6736,2.8296,2.5867,0.2482,0,Non-SST
10154.5,78.1407,2.7868,2.58,0.2449,0,Non-SST
10155.0,81.5614,2.7868,2.575,0.2403,0,Non-SST
10155.5,84.982,2.7868,2.57,0.2507,0,Non-SST
10156.0,81.5614,2.7868,2.5667,0.2612,0,Non-SST
10156.5,78.1407,2.7868,2.5633,0.2716,0,Non-SST
10157.0,76.6736,2.7868,2.56,0.2585,0,Non-SST
10157.5,75.2065,2.8296,2.54,0.2474,0,Non-SST
10158.0,73.7393,2.8726,2.52,0.2456,0,Non-SST
10158.5,70.5579,2.9155,2.5367,0.2437,0,Non-SST
10159.0,67.3764,2.7896,2.5533,0.2419,0,Non-SST
10159.5,72.4742,2.6637,2.57,0.2446,0,Non-SST
10160.0,77.572,2.5871,2.5667,0.2522,0,Non-SST
10160.5,82.6697,2.5104,2.5633,0.2655,0,Non-SST
10161.0,83.8259,2.4337,2.56,0.281,0,Non-SST
10161.5,84.982,2.4899,2.565,0.2725,0,Non-SST
10162.0,83.4511,2.5461,2.57,0.2641,0,Non-SST
10162.5,81.9202,2.7308,2.5667,0.2556,0,Non-SST
10163.0,80.3893,2.9155,2.5633,0.23,0,Non-SST
10163.5,76.0517,3.0073,2.56,0.2091,0,Non-SST
10164.0,71.7141,3.0991,2.565,0.2166,0,Non-SST
10164.5,67.3764,3.191,2.57,0.2241,0,Non-SST
10165.0,71.6503,3.0532,2.5633,0.2315,0,Non-SST
10165.5,75.9241,2.9155,2.5567,0.2387,0,Non-SST
10166.0,78.9434,2.8726,2.55,0.248,0,Non-SST
10166.5,81.9627,2.8296,2.55,0.2553,0,Non-SST
10167.0,84.982,2.7868,2.55,0.2626,0,Non-SST
10167.5,80.4531,2.6102,2.55,0.27,0,Non-SST
10168.0,75.9241,2.4337,2.55,0.27,0,Non-SST
10168.5,75.9241,2.4712,2.56,0.27,0,Non-SST
10169.0,75.9241,2.5087,2.57,0.2617,0,Non-SST
10169.5,75.9241,2.5461,2.58,0.2535,0,Non-SST
10170.0,74.8317,2.7308,2.57,0.2453,0,Non-SST
10170.5,73.7393,2.9155,2.56,0.2403,0,Non-SST
10171.0,66.5392,3.1078,2.5433,0.235,0,Non-SST
10171.5,59.3391,3.3002,2.5267,0.2318,0,Non-SST
10172.0,64.1392,3.4925,2.51,0.2287,0,Non-SST
10172.5,68.9393,3.2713,2.525,0.2255,0,Non-SST
10173.0,73.7393,3.0501,2.54,0.2266,0,Non-SST
10173.5,74.8317,2.7981,2.5567,0.2289,0,Non-SST
10174.0,75.9241,2.5461,2.5733,0.2735,0,Non-SST
10174.5,78.1726,2.4386,2.59,0.3281,0,Non-SST
10175.0,80.4212,2.3311,2.555,0.331,0,Non-SST
10175.5,82.6697,2.2236,2.52,0.3338,0,Non-SST
10176.0,81.5295,2.1745,2.5133,0.3367,0,Non-SST
10176.5,80.3893,2.1254,2.5067,0.3258,0,Non-SST
10177.0,82.7016,2.0942,2.5,0.3178,0,Non-SST
10177.5,85.0139,2.0629,2.525,0.3117,0,Non-SST
10178.0,87.3263,2.0316,2.55,0.3055,0,Non-SST
10178.5,84.998,1.9868,2.55,0.2994,0,Non-SST
10179.0,82.6697,1.9419,2.55,0.3026,0,Non-SST
10179.5,83.4405,1.9718,2.5433,0.3059,0,Non-SST
10180.0,84.2113,2.0017,2.5367,0.3173,0,Non-SST
10180.5,84.982,2.0316,2.53,0.3287,0,Non-SST
10181.0,83.8259,1.9439,2.515,0.3401,0,Non-SST
10181.5,82.6697,1.8562,2.5,0.3359,0,Non-SST
10182.0,84.998,1.8991,2.52,0.33,0,Non-SST
10182.5,87.3263,1.9419,2.54,0.3228,0,Non-SST
10183.0,85.7741,1.9134,2.56,0.309,0,Non-SST
10183.5,84.2219,1.8848,2.575,0.3202,0,Non-SST
10184.0,82.6697,1.8562,2.59,0.3314,0,Non-SST
10184.5,83.8259,1.9439,2.5867,0.3427,0,Non-SST
10185.0,84.982,2.0316,2.5833,0.3279,0,Non-SST
10185.5,84.2113,2.0017,2.58,0.3153,0,Non-SST
10186.0,83.4405,1.9718,2.565,0.3124,0,Non-SST
10186.5,82.6697,1.9419,2.55,0.3096,0,Non-SST
10187.0,80.4052,1.9419,2.58,0.3067,0,Non-SST
10187.5,78.1407,1.9419,2.61,0.3124,0,Non-SST
10188.0,80.4212,1.9419,2.59,0.318,0,Non-SST
10188.5,82.7016,1.9868,2.57,0.3236,0,Non-SST
10189.0,84.982,2.0316,2.55,0.3065,0,Non-SST
10189.5,86.1541,2.1657,2.555,0.2843,0,Non-SST
10190.0,87.3263,2.2997,2.56,0.2928,0,Non-SST
10190.5,83.8578,2.4337,2.55,0.3013,0,Non-SST
10191.0,80.3893,2.3287,2.54,0.3098,0,Non-SST
10191.5,81.1494,2.2236,2.53,0.2967,0,Non-SST
10192.0,81.9096,2.2578,2.54,0.2806,0,Non-SST
10192.5,82.6697,2.2921,2.55,0.2718,0,Non-SST
10193.0,80.4052,2.3263,2.55,0.263,0,Non-SST
10193.5,78.1407,2.3263,2.55,0.2542,0,Non-SST
10194.0,78.1407,2.3263,2.55,0.2712,0,Non-SST
10194.5,78.1407,2.3263,2.5467,0.29,0,Non-SST
10195.0,78.1407,2.3263,2.5433,0.287,0,Non-SST
10195.5,81.5614,2.3263,2.54,0.2841,0,Non-SST
10196.0,84.982,2.3263,2.54,0.2811,0,Non-SST
10196.5,84.2113,2.3263,2.54,0.2731,0,Non-SST
10197.0,83.4405,2.38,2.565,0.2632,0,Non-SST
10197.5,82.6697,2.4337,2.59,0.2635,0,Non-SST
10198.0,82.6697,2.3979,2.5933,0.2663,0,Non-SST
10198.5,82.6697,2.3621,2.5967,0.2608,0,Non-SST
10199.0,82.6697,2.3263,2.6,0.2552,0,Non-SST
10199.5,83.8259,2.38,2.575,0.2497,0,Non-SST
10200.0,84.982,2.4337,2.55,0.2493,0,Non-SST
10200.5,83.4511,2.4337,2.55,0.2468,0,Non-SST
10201.0,81.9202,2.4337,2.55,0.2509,0,Non-SST
10201.5,80.3893,2.4337,2.55,0.255,0,Non-SST
10202.0,82.6857,2.4899,2.55,0.2591,0,Non-SST
10202.5,84.982,2.5461,2.55,0.2646,0,Non-SST
10203.0,81.5614,2.5461,2.5467,0.2702,0,Non-SST
10203.5,78.1407,2.5461,2.5433,0.2694,0,Non-SST
10204.0,79.6504,2.5461,2.54,0.2685,0,Non-SST
10204.5,81.16,2.5461,2.555,0.2677,0,Non-SST
10205.0,82.6697,2.5461,2.57,0.2526,0,Non-SST
10205.5,81.5295,2.5461,2.5633,0.2401,0,Non-SST
10206.0,80.3893,2.5461,2.5567,0.2577,0,Non-SST
10206.5,79.6398,2.5461,2.55,0.2754,0,Non-SST
10207.0,78.8902,2.4899,2.575,0.293,0,Non-SST
10207.5,78.1407,2.4337,2.6,0.2813,0,Non-SST
10208.0,80.4052,2.3287,2.5933,0.2726,0,Non-SST
10208.5,82.6697,2.2236,2.5867,0.2842,0,Non-SST
10209.0,82.6697,2.2937,2.58,0.2988,0,Non-SST
10209.5,82.6697,2.3637,2.585,0.2932,0,Non-SST
10210.0,82.6697,2.4337,2.59,0.2876,0,Non-SST
10210.5,81.5295,2.3287,2.57,0.2819,0,Non-SST
10211.0,80.3893,2.2236,2.55,0.284,0,Non-SST
10211.5,80.3893,2.2937,2.5667,0.284,0,Non-SST
10212.0,80.3893,2.3637,2.5833,0.2795,0,Non-SST
10212.5,80.3893,2.4337,2.6,0.2749,0,Non-SST
10213.0,80.3893,2.2796,2.57,0.2704,0,Non-SST
10213.5,80.3893,2.1254,2.54,0.2762,0,Non-SST
10214.0,81.5295,2.1254,2.55,0.2791,0,Non-SST
10214.5,82.6697,2.1254,2.56,0.2799,0,Non-SST
10215.0,85.0139,2.1254,2.57,0.2806,0,Non-SST
10215.5,87.3581,2.1254,2.56,0.2813,0,Non-SST
10216.0,89.7024,2.1254,2.55,0.2827,0,Non-SST
10216.5,86.186,2.1254,2.5633,0.284,0,Non-SST
10217.0,82.6697,2.1254,2.5767,0.2854,0,Non-SST
10217.5,82.6697,2.1254,2.59,0.2794,0,Non-SST
10218.0,82.6697,2.1254,2.59,0.2794,0,Non-SST
10218.5,82.6697,2.0942,2.59,0.2804,0,Non-SST
10219.0,82.6697,2.0629,2.575,0.288,0,Non-SST
10219.5,82.6697,2.0316,2.56,0.2958,0,Non-SST
10220.0,81.9096,2.0785,2.5567,0.2956,0,Non-SST
10220.5,81.1494,2.1254,2.5533,0.2954,0,Non-SST
10221.0,80.3893,2.0785,2.55,0.2952,0,Non-SST
10221.5,85.0458,2.0316,2.555,0.2853,0,Non-SST
10222.0,89.7024,2.0629,2.56,0.276,0,Non-SST
10222.5,87.3581,2.0942,2.5583,0.2878,0,Non-SST
10223.0,85.0139,2.1254,2.5567,0.2915,0,Non-SST
10223.5,82.6697,2.0785,2.555,0.2953,0,Non-SST
10224.0,82.6697,2.0316,2.555,0.299,0,Non-SST
10224.5,82.6697,2.0785,2.552,0.3028,0,Non-SST
10225.0,82.6697,2.1254,2.549,0.3028,0,Non-SST
10225.5,82.6697,2.1254,2.546,0.3028,0,Non-SST
10226.0,82.6697,2.1254,2.543,0.2986,0,Non-SST
10226.5,82.6697,2.1254,2.54,0.2943,0,Non-SST
10227.0,82.6697,2.1254,2.54,0.2901,0,Non-SST
10227.5,81.9888,2.1254,2.54,0.287,0,Non-SST
10228.0,81.3078,2.1254,2.54,0.284,0,Non-SST
10228.5,83.1449,2.1254,2.555,0.284,0,Non-SST
10229.0,84.982,2.1254,2.57,0.2841,0,Non-SST
10229.5,83.8259,2.1745,2.555,0.2841,0,Non-SST
10230.0,82.6697,2.2236,2.54,0.2877,0,Non-SST
10230.5,81.16,2.2236,2.5333,0.2913,0,Non-SST
10231.0,79.6504,2.2236,2.5267,0.295,0,Non-SST
10231.5,78.1407,2.2236,2.52,0.2986,0,Non-SST
10232.0,80.4052,2.2236,2.54,0.3022,0,Non-SST
10232.5,82.6697,2.2236,2.56,0.3,0,Non-SST
10233.0,83.8259,2.2236,2.5633,0.3,0,Non-SST
10233.5,84.982,2.2236,2.5667,0.2905,0,Non-SST
10234.0,83.5767,2.2236,2.57,0.2805,0,Non-SST
10234.5,82.1714,2.2236,2.57,0.2808,0,Non-SST
10235.0,80.766,2.2236,2.57,0.2811,0,Non-SST
10235.5,79.3607,2.2236,2.5567,0.2813,0,Non-SST
10236.0,77.9554,2.2236,2.5433,0.2817,0,Non-SST
10236.5,76.55,2.2578,2.53,0.2819,0,Non-SST
10237.0,75.1447,2.2921,2.585,0.2822,0,Non-SST
10237.5,73.7393,2.3263,2.64,0.2826,0,Non-SST
10238.0,74.8317,2.3263,2.605,0.2828,0,Non-SST
10238.5,75.9241,2.3263,2.57,0.2775,0,Non-SST
10239.0,77.4125,2.3263,2.56,0.269,0,Non-SST
10239.5,78.9009,2.3263,2.55,0.2668,0,Non-SST
10240.0,80.3893,2.3263,2.54,0.2647,0,Non-SST
10240.5,80.9594,2.3263,2.595,0.2626,0,Non-SST
10241.0,81.5295,2.3263,2.65,0.2711,0,Non-SST
10241.5,82.0996,2.3263,2.63,0.2859,0,Non-SST
10242.0,82.6697,2.3263,2.61,0.2742,0,Non-SST
10242.5,82.2136,2.3263,2.59,0.2625,0,Non-SST
10243.0,81.7575,2.38,2.57,0.2507,0,Non-SST
10243.5,81.3015,2.4337,2.55,0.2708,0,Non-SST
10244.0,80.8454,2.38,2.5533,0.2826,0,Non-SST
10244.5,80.3893,2.3263,2.5567,0.2767,0,Non-SST
10245.0,81.1494,2.3621,2.56,0.27,0,Non-SST
10245.5,81.9096,2.3979,2.55,0.2707,0,Non-SST
10246.0,82.6697,2.4337,2.54,0.2714,0,Non-SST
10246.5,82.6697,2.4337,2.555,0.272,0,Non-SST
10247.0,82.6697,2.4337,2.57,0.254,0,Non-SST
10247.5,81.7639,2.5104,2.5667,0.2389,0,Non-SST
10248.0,80.8581,2.5871,2.5633,0.2411,0,Non-SST
10248.5,79.9523,2.6637,2.56,0.2432,0,Non-SST
10249.0,79.0465,2.6637,2.565,0.2453,0,Non-SST
10249.5,78.1407,2.6637,2.57,0.2486,0,Non-SST
10250.0,79.6504,2.6637,2.5533,0.2519,0,Non-SST
10250.5,81.16,2.7252,2.5367,0.2553,0,Non-SST
10251.0,82.6697,2.7868,2.52,0.244,0,Non-SST
10251.5,81.5295,2.8296,2.545,0.2276,0,Non-SST
10252.0,80.3893,2.8726,2.57,0.2329,0,Non-SST
10252.5,79.265,2.9155,2.5667,0.2382,0,Non-SST
10253.0,78.1407,2.8511,2.5633,0.2435,0,Non-SST
10253.5,79.6504,2.7868,2.56,0.252,0,Non-SST
10254.0,81.16,2.8296,2.58,0.2582,0,Non-SST
10254.5,82.6697,2.8726,2.6,0.2538,0,Non-SST
10255.0,80.4052,2.9155,2.5933,0.2495,0,Non-SST
10255.5,78.1407,2.9828,2.5867,0.2451,0,Non-SST
10256.0,77.4018,3.0501,2.58,0.2359,0,Non-SST
10256.5,76.663,3.1205,2.5833,0.2258,0,Non-SST
10257.0,75.9241,3.191,2.5867,0.2079,0,Non-SST
10257.5,77.0324,3.144,2.59,0.1914,0,Non-SST
10258.0,78.1407,3.097,2.585,0.2069,0,Non-SST
10258.5,78.1407,3.0501,2.58,0.2224,0,Non-SST
10259.0,78.1407,2.8569,2.595,0.2379,0,Non-SST
10259.5,78.1407,2.6637,2.61,0.2415,0,Non-SST
10260.0,78.8902,2.6245,2.6,0.2465,0,Non-SST
10260.5,79.6398,2.5853,2.59,0.2444,0,Non-SST
10261.0,80.3893,2.5461,2.58,0.2422,0,Non-SST
10261.5,78.1567,2.6049,2.57,0.24,0,Non-SST
10262.0,75.9241,2.6637,2.56,0.2483,0,Non-SST
10262.5,77.0324,2.6637,2.57,0.2562,0,Non-SST
10263.0,78.1407,2.6637,2.58,0.253,0,Non-SST
10263.5,78.1407,2.6637,2.59,0.2497,0,Non-SST
10264.0,78.1407,2.7252,2.59,0.2465,0,Non-SST
10264.5,78.1407,2.7868,2.59,0.2243,0,Non-SST
10265.0,75.94,2.8745,2.5867,0.2052,0,Non-SST
10265.5,73.7393,2.9623,2.5833,0.2089,0,Non-SST
10266.0,76.7161,3.0501,2.58,0.2126,0,Non-SST
10266.5,79.6929,2.9184,2.555,0.2163,0,Non-SST
10267.0,82.6697,2.7868,2.53,0.218,0,Non-SST
10267.5,79.2969,2.9184,2.5467,0.2178,0,Non-SST
10268.0,75.9241,3.0501,2.5633,0.217,0,Non-SST
10268.5,76.663,3.0052,2.58,0.2161,0,Non-SST
10269.0,77.4018,2.9603,2.585,0.2153,0,Non-SST
10269.5,78.1407,2.9155,2.59,0.2215,0,Non-SST
10270.0,80.4052,2.9155,2.59,0.2284,0,Non-SST
10270.5,82.6697,2.9155,2.59,0.2355,0,Non-SST
10271.0,81.16,2.9155,2.5733,0.2429,0,Non-SST
10271.5,79.6504,2.9155,2.5567,0.2464,0,Non-SST
10272.0,78.1407,2.9155,2.54,0.2499,0,Non-SST
10272.5,77.0324,2.9828,2.545,0.2534,0,Non-SST
10273.0,75.9241,3.0501,2.55,0.2503,0,Non-SST
10273.5,74.4782,3.0501,2.5567,0.2478,0,Non-SST
10274.0,73.0323,3.0501,2.5633,0.2449,0,Non-SST
10274.5,71.5865,3.0501,2.57,0.2421,0,Non-SST
10275.0,71.5865,3.0501,2.575,0.2392,0,Non-SST
10275.5,71.5865,3.0501,2.58,0.2291,0,Non-SST
10276.0,74.8636,3.097,2.56,0.2201,0,Non-SST
10276.5,78.1407,3.144,2.54,0.2198,0,Non-SST
10277.0,74.5526,3.191,2.52,0.2195,0,Non-SST
10277.5,70.9645,3.1205,2.57,0.2192,0,Non-SST
10278.0,67.3764,3.0501,2.62,0.2266,0,Non-SST
10278.5,70.5579,2.9828,2.6,0.239,0,Non-SST
10279.0,73.7393,2.9155,2.58,0.2439,0,Non-SST
10279.5,73.0217,2.9603,2.56,0.2544,0,Non-SST
10280.0,72.3041,3.0052,2.555,0.2382,0,Non-SST
10280.5,71.5865,3.0501,2.55,0.222,0,Non-SST
10281.0,71.5865,3.1205,2.54,0.2059,0,Non-SST
10281.5,71.5865,3.191,2.53,0.2166,0,Non-SST
10282.0,71.5865,3.2401,2.5433,0.2274,0,Non-SST
10282.5,71.5865,3.2892,2.5567,0.2382,0,Non-SST
10283.0,71.5865,3.3383,2.57,0.2184,0,Non-SST
10283.5,73.7553,3.3897,2.56,0.2044,0,Non-SST
10284.0,75.9241,3.4411,2.55,0.2041,0,Non-SST
10284.5,73.7553,3.4925,2.56,0.2038,0,Non-SST
10285.0,71.5865,3.5732,2.57,0.2035,0,Non-SST
10285.5,70.8795,3.6538,2.58,0.2065,0,Non-SST
10286.0,70.1725,3.6538,2.565,0.2022,0,Non-SST
10286.5,69.4655,3.6538,2.55,0.1911,0,Non-SST
10287.0,68.421,3.9991,2.56,0.1819,0,Non-SST
10287.5,67.3764,3.9991,2.57,0.1819,0,Non-SST
10288.0,68.0728,3.9991,2.58,0.1818,0,Non-SST
10288.5,68.7692,3.9991,2.5633,0.1818,0,Non-SST
10289.0,69.4655,3.9991,2.5467,0.191,0,Non-SST
10289.5,72.6948,3.9402,2.53,0.2044,0,Non-SST
10290.0,75.9241,3.8814,2.535,0.2003,0,Non-SST
10290.5,73.7712,3.8226,2.54,0.1962,0,Non-SST
10291.0,71.6184,3.8226,2.5533,0.1921,0,Non-SST
10291.5,69.4655,3.8226,2.5667,0.1902,0,Non-SST
10292.0,68.7692,3.7382,2.58,0.1857,0,Non-SST
10292.5,68.0728,3.6538,2.575,0.1922,0,Non-SST
10293.0,67.3764,3.5487,2.58,0.1987,0,Non-SST
10293.5,70.5579,3.4435,2.5867,0.2052,0,Non-SST
10294.0,73.7393,3.3383,2.595,0.2158,0,Non-SST
10294.5,70.9326,3.4961,2.575,0.2294,0,Non-SST
10295.0,68.126,3.6538,2.55,0.2198,0,Non-SST
10295.5,65.3193,3.7101,2.5333,0.209,0,Non-SST
10296.0,67.3924,3.7663,2.5167,0.2042,0,Non-SST
10296.5,69.4655,3.8226,2.5,0.1994,0,Non-SST
10297.0,73.7393,3.8226,2.54,0.1946,0,Non-SST
10297.5,69.4655,3.8226,2.58,0.1939,0,Non-SST
10298.0,70.8901,3.6611,2.5833,0.1959,0,Non-SST
10298.5,72.3147,3.4997,2.5867,0.207,0,Non-SST
10299.0,73.7393,3.3383,2.59,0.2182,0,Non-SST
10299.5,73.7393,3.1942,2.575,0.2294,0,Non-SST
10300.0,73.7393,3.0501,2.56,0.2282,0,Non-SST
10300.5,75.94,2.9213,2.5567,0.2259,0,Non-SST
10301.0,78.1407,2.7925,2.5533,0.2279,0,Non-SST
10301.5,78.1407,2.6637,2.55,0.2299,0,Non-SST
10302.0,78.1407,2.6049,2.57,0.2319,0,Non-SST
10302.5,78.1407,2.5461,2.59,0.2422,0,Non-SST
10303.0,79.265,2.5461,2.5767,0.2552,0,Non-SST
10303.5,80.3893,2.5461,2.5633,0.2468,0,Non-SST
10304.0,78.9009,2.5461,2.55,0.2385,0,Non-SST
10304.5,77.4125,2.5461,2.56,0.2301,0,Non-SST
10305.0,75.9241,2.5461,2.57,0.2477,0,Non-SST
10305.5,80.4531,2.4899,2.5867,0.2689,0,Non-SST
10306.0,84.982,2.4337,2.6033,0.2551,0,Non-SST
10306.5,83.4511,2.3979,2.62,0.2382,0,Non-SST
10307.0,81.9202,2.3621,2.605,0.2463,0,Non-SST
10307.5,80.3893,2.3263,2.59,0.2544,0,Non-SST
10308.0,81.5295,2.38,2.595,0.2626,0,Non-SST
10308.5,82.6697,2.4337,2.6,0.2621,0,Non-SST
10309.0,81.16,2.3637,2.5867,0.2621,0,Non-SST
10309.5,79.6504,2.2937,2.5733,0.2641,0,Non-SST
10310.0,78.1407,2.2236,2.56,0.266,0,Non-SST
10310.5,79.265,2.2578,2.57,0.2679,0,Non-SST
10311.0,80.3893,2.2921,2.58,0.267,0,Non-SST
10311.5,80.3893,2.3263,2.5933,0.2509,0,Non-SST
10312.0,80.3893,2.4337,2.6067,0.2348,0,Non-SST
10312.5,75.3659,2.6102,2.62,0.2188,0,Non-SST
10313.0,70.3426,2.7868,2.61,0.2195,0,Non-SST
10313.5,65.3193,2.9246,2.6,0.2104,0,Non-SST
10314.0,64.3066,3.0625,2.5867,0.2013,0,Non-SST
10314.5,63.294,3.2004,2.5733,0.1921,0,Non-SST
10315.0,63.9691,3.3383,2.56,0.208,0,Non-SST
10315.5,64.6442,3.1545,2.56,0.2227,0,Non-SST
10316.0,65.3193,2.9706,2.56,0.2292,0,Non-SST
10316.5,73.9945,2.7868,2.5692,0.2363,0,Non-SST
10317.0,82.6697,2.6637,2.5783,0.2411,0,Non-SST
10317.5,81.9096,2.7925,2.5875,0.2438,0,Non-SST
10318.0,81.1494,2.9213,2.5875,0.2338,0,Non-SST
10318.5,80.3893,3.0501,2.5731,0.2238,0,Non-SST
10319.0,73.8829,3.4363,2.5587,0.2138,0,Non-SST
10319.5,67.3764,3.8226,2.5444,0.2044,0,Non-SST
10320.0,62.1883,4.1452,2.53,0.2002,0,Non-SST
10320.5,57.0002,4.4679,2.5333,0.1797,0,Non-SST
10321.0,51.8121,4.7906,2.5367,0.1593,0,Non-SST
10321.5,41.6977,6.513,2.54,0.1389,0,Non-SST
10322.0,31.5832,8.2354,2.54,0.1239,0,Non-SST
10322.5,32.7979,8.8327,2.54,0.1127,0,Non-SST
10323.0,34.0125,9.43,2.47,0.1493,0,Non-SST
10323.5,35.2271,8.3804,2.4,0.2059,5,WTR
10324.0,45.2578,7.3307,2.49,0.1999,0,Non-SST
10324.5,55.2886,6.2811,2.58,0.1938,0,Non-SST
10325.0,65.3193,5.2325,2.54,0.1877,0,Non-SST
10325.5,67.3924,4.1838,2.5,0.1903,0,Non-SST
10326.0,69.4655,4.2482,2.51,0.1903,0,Non-SST
10326.5,63.294,4.3126,2.52,0.1841,0,Non-SST
10327.0,55.5118,4.377,2.53,0.1778,0,Non-SST
10327.5,46.9004,5.4741,2.52,0.1716,0,Non-SST
10328.0,38.289,6.5712,2.51,0.1542,0,Non-SST
10328.5,40.7049,6.6724,2.52,0.1388,0,Non-SST
10329.0,43.1209,6.7736,2.53,0.1493,0,Non-SST
10329.5,42.5734,6.8747,2.54,0.1598,0,Non-SST
10330.0,42.0259,6.8747,2.515,0.1703,0,Non-SST
10330.5,41.4784,6.8747,2.49,0.1758,0,Non-SST
10331.0,38.3527,7.5877,2.4367,0.18,5,WTR
10331.5,35.2271,8.3007,2.3833,0.1765,5,WTR
10332.0,34.249,9.0137,2.33,0.1828,5,WTR
10332.5,33.2709,9.2218,2.34,0.1862,5,WTR
10333.0,32.2929,9.43,2.35,0.1896,5,WTR
10333.5,32.2929,9.43,2.3767,0.1931,5,WTR
10334.0,32.2929,9.43,2.4033,0.1906,5,WTR
10334.5,30.9055,9.0318,2.43,0.1831,5,WTR
10335.0,29.5181,8.6336,2.38,0.1907,5,WTR
10335.5,28.1307,8.2354,2.33,0.1987,5,WTR
10336.0,29.5021,7.5244,2.375,0.1903,5,WTR
10336.5,30.8736,7.1996,2.42,0.1824,5,WTR
10337.0,29.5181,6.8747,2.4033,0.1734,5,WTR
10337.5,28.1626,6.5844,2.3867,0.1652,5,WTR
10338.0,26.8071,6.2941,2.37,0.1773,5,WTR
10338.5,24.9173,6.0039,2.375,0.1894,5,WTR
10339.0,23.0276,5.8713,2.38,0.2015,5,WTR
10339.5,23.0276,5.7388,2.33,0.2045,5,WTR
10340.0,23.0276,5.4965,2.28,0.2076,5,WTR
10340.5,24.2874,5.2542,2.23,0.2106,5,WTR
10341.0,25.5472,5.0119,2.285,0.2046,5,WTR
10341.5,26.8071,5.089,2.325,0.1997,5,WTR
10342.0,26.1612,5.1662,2.325,0.1982,5,WTR
10342.5,25.5153,5.2433,2.3167,0.1966,5,WTR
10343.0,23.8994,5.1276,2.3083,0.1951,5,WTR
10343.5,22.2834,5.0119,2.3,0.1988,5,WTR
10344.0,20.6674,5.1698,2.32,0.1994,5,WTR
10344.5,23.7372,5.3276,2.34,0.194,5,WTR
10345.0,26.8071,5.4855,2.3467,0.1885,5,WTR
10345.5,26.8071,5.4855,2.3533,0.1831,5,WTR
10346.0,26.8071,5.4855,2.36,0.1955,5,WTR
10346.5,26.1612,5.3644,2.33,0.2112,5,WTR
10347.0,25.5153,5.2433,2.3,0.2027,5,WTR
10347.5,24.2715,5.1662,2.27,0.201,5,WTR
10348.0,23.0276,5.089,2.28,0.2018,5,WTR
10348.5,22.6289,5.0119,2.29,0.2027,5,WTR
10349.0,22.2302,5.1276,2.285,0.2035,5,WTR
10349.5,21.8316,5.2433,2.28,0.204,5,WTR
10350.0,22.6395,5.1276,2.2767,0.2041,5,WTR
10350.5,23.4475,5.0119,2.2733,0.1979,5,WTR
10351.0,24.2555,5.0119,2.27,0.1928,5,WTR
10351.5,24.8854,5.0119,2.29,0.1992,5,WTR
10352.0,25.5153,5.0119,2.31,0.206,5,WTR
10352.5,28.9041,5.0119,2.3,0.2096,5,WTR
10353.0,32.2929,5.0119,2.29,0.2132,5,WTR
10353.5,29.2044,4.9012,2.28,0.2168,5,WTR
10354.0,26.116,4.7906,2.28,0.2127,5,WTR
10354.5,23.0276,4.6528,2.28,0.2086,5,WTR
10355.0,24.9173,4.5149,2.3017,0.2056,5,WTR
10355.5,26.8071,4.377,2.3233,0.2025,5,WTR
10356.0,25.5472,4.377,2.345,0.1995,5,WTR
10356.5,24.2874,4.377,2.34,0.1964,5,WTR
10357.0,23.0276,4.2804,2.35,0.1924,5,WTR
10357.5,26.9506,4.1838,2.33,0.1977,5,WTR
10358.0,30.8736,4.1222,2.33,0.2017,5,WTR
10358.5,31.8304,4.0606,2.305,0.2107,5,WTR
10359.0,32.7872,3.9991,2.28,0.2198,5,WTR
10359.5,33.744,3.8265,2.29,0.2288,5,WTR
10360.0,30.2756,3.6538,2.3,0.2374,5,WTR
10360.5,26.8071,3.6538,2.2933,0.2475,5,WTR
10361.0,29.4862,3.6538,2.2867,0.2383,5,WTR
10361.5,28.1307,3.6538,2.28,0.2291,5,WTR
10362.0,34.8045,3.8265,2.365,0.22,5,WTR
10362.5,41.4784,3.9991,2.45,0.1906,5,WTR
10363.0,43.99,4.3367,2.46,0.1713,5,WTR
10363.5,46.5017,4.6743,2.47,0.1718,5,WTR
10364.0,44.2904,5.0119,2.48,0.1722,0,Non-SST
10364.5,42.079,5.2487,2.46,0.1727,5,WTR
10365.0,39.8677,5.4855,2.44,0.1756,5,WTR
10365.5,40.673,5.5699,2.4533,0.1774,5,WTR
10366.0,41.4784,5.6544,2.4667,0.1759,5,WTR
10366.5,40.4152,5.7388,2.48,0.1743,0,Non-SST
10367.0,39.3521,5.7388,2.47,0.1728,5,WTR
10367.5,38.289,5.7388,2.46,0.1769,5,WTR
10368.0,39.8837,5.6544,2.45,0.1804,5,WTR
10368.5,41.4784,5.5699,2.44,0.1781,5,WTR
10369.0,42.0259,5.4855,2.43,0.1757,5,WTR
10369.5,42.5734,5.4855,2.455,0.1733,5,WTR
10370.0,43.1209,5.4855,2.48,0.1805,0,Non-SST
10370.5,48.3835,5.3276,2.515,0.1876,0,Non-SST
10371.0,53.646,5.1698,2.55,0.1781,0,Non-SST
10371.5,51.844,5.0119,2.52,0.1686,0,Non-SST
10372.0,50.042,5.0119,2.49,0.1591,0,Non-SST
10372.5,48.2399,5.0119,2.46,0.1756,5,WTR
10373.0,44.8592,5.089,2.43,0.1905,5,WTR
10373.5,41.4784,5.1662,2.4,0.1855,5,WTR
10374.0,44.8592,5.2433,2.3967,0.1804,5,WTR
10374.5,48.2399,5.3644,2.3933,0.1754,5,WTR
10375.0,43.9023,5.4855,2.39,0.1777,5,WTR
10375.5,39.5647,5.9486,2.39,0.1795,5,WTR
10376.0,35.2271,6.4116,2.39,0.1774,5,WTR
10376.5,32.3566,6.8747,2.39,0.1752,5,WTR
10377.0,29.4862,8.1523,2.36,0.1731,5,WTR
10377.5,31.3998,9.43,2.33,0.1773,5,WTR
10378.0,33.3135,9.2218,2.3633,0.1799,5,WTR
10378.5,35.2271,9.0137,2.3967,0.1711,5,WTR
10379.0,36.2477,8.881,2.43,0.1575,5,WTR
10379.5,37.2683,8.7484,2.405,0.1674,5,WTR
10380.0,38.289,8.6158,2.38,0.1773,5,WTR
10380.5,36.758,8.2438,2.3867,0.1872,5,WTR
10381.0,35.2271,7.8719,2.3933,0.1872,5,WTR
10381.5,36.2477,7.8719,2.4,0.1744,5,WTR
10382.0,37.2683,7.8719,2.375,0.1819,5,WTR
10382.5,38.289,8.4428,2.35,0.1898,5,WTR
10383.0,32.548,9.0137,2.32,0.1969,5,WTR
10383.5,26.8071,9.0137,2.29,0.2043,5,WTR
10384.0,27.2483,9.0137,2.31,0.2023,5,WTR
10384.5,27.6895,9.0137,2.33,0.2002,5,WTR
10385.0,28.1307,9.0137,2.35,0.1849,5,WTR
10385.5,28.1307,9.0137,2.445,0.1696,5,WTR
10386.0,28.1307,9.6674,2.54,0.1542,0,Non-SST
10386.5,28.1307,10.3211,2.4883,0.1504,0,Non-SST
10387.0,28.1307,9.6259,2.4367,0.147,5,WTR
10387.5,28.5825,8.9306,2.385,0.1839,5,WTR
10388.0,29.0343,8.2354,2.385,0.2222,5,WTR
10388.5,29.4862,8.4256,2.38,0.2119,5,WTR
10389.0,31.6151,8.6158,2.375,0.2016,5,WTR
10389.5,33.744,7.7452,2.37,0.1912,5,WTR
10390.0,35.259,6.8747,2.375,0.1852,5,WTR
10390.5,36.774,6.8747,2.38,0.1795,5,WTR
10391.0,38.289,6.8747,2.38,0.1784,5,WTR
10391.5,39.8837,6.8747,2.38,0.1772,5,WTR
10392.0,41.4784,6.059,2.39,0.1761,5,WTR
10392.5,42.2996,5.2433,2.4,0.1792,5,WTR
10393.0,43.1209,5.0924,2.41,0.1795,5,WTR
10393.5,39.174,4.9415,2.41,0.1766,5,WTR
10394.0,35.2271,4.7906,2.41,0.1755,5,WTR
10394.5,35.2271,5.2433,2.39,0.1767,5,WTR
10395.0,35.2271,5.2433,2.37,0.1833,5,WTR
10395.5,37.8584,5.4855,2.38,0.1858,5,WTR
10396.0,40.4897,5.2433,2.39,0.1767,5,WTR
10396.5,43.1209,5.3644,2.4,0.1665,5,WTR
10397.0,44.8113,5.4855,2.405,0.169,5,WTR
10397.5,46.5017,5.6583,2.41,0.1714,5,WTR
10398.0,42.3953,5.8311,2.3967,0.1739,5,WTR
10398.5,38.289,6.0039,2.3833,0.1739,5,WTR
10399.0,37.7733,6.0963,2.37,0.1763,5,WTR
10399.5,37.2577,6.1887,2.365,0.1806,5,WTR
10400.0,36.7421,6.2811,2.38,0.1848,5,WTR
10400.5,34.5175,6.2811,2.3833,0.189,5,WTR
10401.0,32.2929,6.2811,2.3967,0.1681,5,WTR
10401.5,35.9022,6.2811,2.4433,0.1489,5,WTR
10402.0,39.5116,6.2811,2.47,0.1541,5,WTR
10402.5,43.1209,6.2811,2.4467,0.1594,5,WTR
10403.0,39.174,6.5779,2.4233,0.1647,5,WTR
10403.5,35.2271,6.8747,2.4,0.1737,5,WTR
10404.0,36.758,6.8747,2.39,0.1802,5,WTR
10404.5,38.289,6.8747,2.38,0.1802,5,WTR
10405.0,36.0165,6.8747,2.37,0.1837,5,WTR
10405.5,28.1307,6.5712,2.325,0.1872,5,WTR
10406.0,27.6895,6.5712,2.28,0.1907,5,WTR
10406.5,27.2483,6.5712,2.2767,0.1946,5,WTR
10407.0,26.8071,6.2093,2.2733,0.1988,5,WTR
10407.5,27.7001,5.8474,2.27,0.2,5,WTR
10408.0,28.5931,5.4855,2.325,0.2013,5,WTR
10408.5,29.4862,5.1381,2.38,0.2025,5,WTR
10409.0,29.4862,4.7906,2.41,0.201,5,WTR
10409.5,29.4862,4.7906,2.44,0.1828,5,WTR
10410.0,32.4204,4.7906,2.47,0.1806,5,WTR
10410.5,35.3547,4.7906,2.43,0.1772,5,WTR
10411.0,38.289,4.6849,2.3883,0.1821,5,WTR
10411.5,33.2098,4.5791,2.3883,0.187,5,WTR
10412.0,28.1307,4.5791,2.3956,0.1919,5,WTR
10412.5,30.0018,4.5791,2.4028,0.1832,5,WTR
10413.0,31.8729,4.3815,2.41,0.1737,5,WTR
10413.5,33.744,4.1838,2.42,0.1748,5,WTR
10414.0,36.0165,4.1838,2.43,0.176,5,WTR
10414.5,38.289,4.1838,2.405,0.1775,5,WTR
10415.0,41.1395,4.1838,2.38,0.1791,5,WTR
10415.5,43.99,4.0914,2.39,0.1806,5,WTR
10416.0,42.7342,3.9991,2.4,0.1861,5,WTR
10416.5,41.4784,3.9991,2.41,0.1898,5,WTR
10417.0,40.673,3.9991,2.43,0.1901,5,WTR
10417.5,39.8677,3.9991,2.45,0.1905,5,WTR
10418.0,36.8059,3.9108,2.395,0.1908,5,WTR
10418.5,33.744,3.8226,2.34,0.1982,5,WTR
10419.0,34.2384,3.8226,2.3733,0.2021,5,WTR
10419.5,34.7328,3.8226,2.4067,0.1937,5,WTR
10420.0,35.2271,3.8226,2.44,0.1852,5,WTR
10420.5,43.1209,3.8226,2.385,0.1768,5,WTR
10421.0,38.289,3.8226,2.33,0.185,5,WTR
10421.5,38.289,3.8226,2.3633,0.1902,5,WTR
10422.0,38.289,3.8226,2.3967,0.1902,5,WTR
10422.5,39.3521,3.8226,2.43,0.1838,5,WTR
10423.0,40.4152,3.8226,2.42,0.1867,5,WTR
10423.5,41.4784,3.8226,2.41,0.1896,5,WTR
10424.0,41.4784,3.7382,2.385,0.1925,5,WTR
10424.5,41.4784,3.6538,2.36,0.1923,5,WTR
10425.0,37.0291,3.6538,2.37,0.1904,5,WTR
10425.5,32.5799,3.6538,2.38,0.1937,5,WTR
10426.0,28.1307,3.6538,2.39,0.197,5,WTR
10426.5,26.823,3.6538,2.375,0.2004,5,WTR
10427.0,25.5153,3.6538,2.36,0.1994,5,WTR
10427.5,32.6915,3.7101,2.3633,0.1974,5,WTR
10428.0,39.8677,3.7663,2.3667,0.1978,5,WTR
10428.5,37.3428,3.8226,2.37,0.1982,5,WTR
10429.0,34.8178,3.9108,2.38,0.1986,5,WTR
10429.5,32.2929,3.9991,2.39,0.1866,5,WTR
10430.0,35.2909,4.579,2.47,0.1765,5,WTR
10430.5,38.289,5.1589,2.55,0.1298,0,Non-SST
10431.0,34.9029,5.7388,2.63,0.0917,0,Non-SST
10431.5,31.5168,5.6122,2.505,0.1191,0,Non-SST
10432.0,28.1307,5.4855,2.38,0.1466,5,WTR
10432.5,28.8084,4.654,2.3767,0.1741,5,WTR
10433.0,29.4862,3.8226,2.3733,0.1834,5,WTR
10433.5,30.4217,3.6538,2.37,0.1993,5,WTR
10434.0,31.3573,3.4224,2.39,0.1986,5,WTR
10434.5,32.2929,3.191,2.41,0.1978,5,WTR
10435.0,35.2909,3.191,2.425,0.197,5,WTR
10435.5,38.289,3.191,2.44,0.2004,5,WTR
10436.0,35.3547,3.191,2.42,0.2048,5,WTR
10436.5,32.4204,3.191,2.4,0.2007,5,WTR
10437.0,29.4862,3.2915,2.38,0.2008,5,WTR
10437.5,33.1141,3.392,2.375,0.194,5,WTR
10438.0,36.7421,3.4925,2.37,0.1871,5,WTR
10438.5,33.8078,3.7458,2.445,0.1803,5,WTR
10439.0,30.8736,3.9991,2.515,0.1657,5,WTR
10439.5,34.4085,3.9402,2.49,0.1576,5,WTR
10440.0,37.9434,3.8814,2.4733,0.1649,5,WTR
10440.5,41.4784,3.8226,2.455,0.1721,5,WTR
10441.0,48.4951,3.6575,2.485,0.1794,5,WTR
10441.5,55.5118,3.4925,2.5,0.1821,0,Non-SST
10442.0,58.781,3.3002,2.5067,0.1857,5,WTR
10442.5,62.0501,3.1078,2.5133,0.1917,0,Non-SST
10443.0,65.3193,2.9155,2.52,0.1976,0,Non-SST
10443.5,67.3764,2.6746,2.53,0.2036,0,Non-SST
10444.0,69.4815,2.4337,2.54,0.2091,0,Non-SST
10444.5,74.9354,2.3979,2.55,0.2156,0,Non-SST
10445.0,80.3893,2.3621,2.56,0.2151,0,Non-SST
10445.5,76.0517,2.3263,2.57,0.2146,0,Non-SST
10446.0,71.7141,2.6209,2.575,0.2141,0,Non-SST
10446.5,67.3764,2.9155,2.58,0.2158,0,Non-SST
10447.0,70.5579,2.9155,2.5867,0.2178,0,Non-SST
10447.5,73.7393,2.9155,2.5933,0.1985,0,Non-SST
10448.0,73.7393,2.7191,2.6,0.1805,0,Non-SST
10448.5,73.7393,2.5227,2.595,0.1929,0,Non-SST
10449.0,73.7393,2.3263,2.59,0.2054,0,Non-SST
10449.5,74.8317,2.3263,2.585,0.2178,0,Non-SST
10450.0,75.9241,2.3263,2.58,0.241,0,Non-SST
10450.5,78.1726,2.2594,2.5867,0.2681,0,Non-SST
10451.0,80.4212,2.1924,2.5933,0.2691,0,Non-SST
10451.5,82.6697,2.1254,2.6,0.27,0,Non-SST
10452.0,83.8259,2.0337,2.58,0.2711,0,Non-SST
10452.5,84.982,1.9419,2.56,0.2759,0,Non-SST
10453.0,86.1541,1.9718,2.57,0.2788,0,Non-SST
10453.5,87.3263,2.0017,2.58,0.2867,0,Non-SST
10454.0,86.5449,2.0316,2.59,0.2946,0,Non-SST
10454.5,85.7634,2.0316,2.565,0.3025,0,Non-SST
10455.0,84.982,2.0316,2.54,0.2991,0,Non-SST
10455.5,82.6857,2.0629,2.5567,0.293,0,Non-SST
10456.0,80.3893,2.0942,2.5733,0.2811,0,Non-SST
10456.5,79.6398,2.1254,2.59,0.2691,0,Non-SST
10457.0,78.8902,2.0337,2.61,0.2572,0,Non-SST
10457.5,78.1407,1.9419,2.63,0.2644,0,Non-SST
10458.0,80.4052,2.0337,2.6167,0.2739,0,Non-SST
10458.5,82.6697,2.1254,2.6033,0.2711,0,Non-SST
10459.0,83.4405,2.1254,2.59,0.2722,0,Non-SST
10459.5,84.2113,2.1254,2.59,0.2626,0,Non-SST
10460.0,84.982,2.1254,2.59,0.253,0,Non-SST
10460.5,84.982,2.2259,2.57,0.2434,0,Non-SST
10461.0,84.982,2.3263,2.55,0.2352,0,Non-SST
10461.5,81.9627,2.3996,2.5533,0.2258,0,Non-SST
10462.0,78.9434,2.4729,2.5567,0.2286,0,Non-SST
10462.5,75.9241,2.5461,2.56,0.2314,0,Non-SST
10463.0,73.7553,2.5853,2.57,0.2342,0,Non-SST
10463.5,71.5865,2.6245,2.58,0.2362,0,Non-SST
10464.0,73.7553,2.6637,2.56,0.2383,0,Non-SST
10464.5,75.9241,2.4437,2.54,0.2404,0,Non-SST
10465.0,83.7913,2.2236,2.52,0.2698,0,Non-SST
10465.5,91.6585,2.0399,2.55,0.2971,0,Non-SST
10466.0,99.5258,1.8562,2.58,0.2638,0,Non-SST
10466.5,89.5201,2.2093,2.58,0.2385,0,Non-SST
10467.0,79.5145,2.5624,2.58,0.2281,0,Non-SST
10467.5,69.5088,2.9155,2.58,0.2178,0,Non-SST
10468.0,59.5031,3.6462,2.615,0.2074,0,Non-SST
10468.5,49.4975,4.377,2.65,0.1437,0,Non-SST
10469.0,39.4918,6.2065,2.5433,0.1066,0,Non-SST
10469.5,29.4862,8.036,2.4367,0.122,5,WTR
10470.0,29.9486,9.8655,2.33,0.1374,5,WTR
10470.5,30.4111,11.1147,2.325,0.1528,5,WTR
10471.0,30.8736,12.3639,2.32,0.168,5,WTR
10471.5,29.5021,12.7534,2.3333,0.1857,5,WTR
10472.0,28.1307,13.1429,2.3467,0.1801,5,WTR
10472.5,22.9213,13.5323,2.36,0.1745,5,WTR
10473.0,17.7119,18.3977,2.285,0.1689,5,WTR
10473.5,12.5025,23.2631,2.21,0.1885,5,WTR
10474.0,17.7651,21.7896,2.23,0.207,5,WTR
10474.5,23.0276,20.3162,2.25,0.2176,5,WTR
10475.0,22.6289,20.629,2.27,0.2244,5,WTR
10475.5,22.2302,20.9417,2.26,0.22,5,WTR
10476.0,21.8316,21.2545,2.25,0.2157,5,WTR
10476.5,22.4296,23.358,2.225,0.2113,5,WTR
10477.0,23.0276,25.4614,2.2,0.2175,5,WTR
10477.5,23.0276,25.0867,2.2233,0.222,5,WTR
10478.0,23.0276,24.7121,2.2467,0.2132,5,WTR
10478.5,23.0276,24.3374,2.27,0.2043,5,WTR
10479.0,25.5791,21.4498,2.255,0.1955,5,WTR
10479.5,28.1307,18.5621,2.24,0.1985,5,WTR
10480.0,23.8329,20.8619,2.2267,0.2005,5,WTR
10480.5,19.5352,23.1616,2.2133,0.199,5,WTR
10481.0,20.3006,25.4614,2.2,0.1975,5,WTR
10481.5,21.0661,22.0118,2.23,0.1961,5,WTR
10482.0,21.8316,18.5621,2.26,0.2019,5,WTR
10482.5,21.2495,20.4872,2.2367,0.2103,5,WTR
10483.0,20.6674,22.4123,2.2133,0.213,5,WTR
10483.5,19.2216,24.3374,2.19,0.2157,5,WTR
10484.0,17.7757,23.8002,2.205,0.2184,5,WTR
10484.5,16.3298,23.2631,2.22,0.2173,5,WTR
10485.0,16.3298,25.6294,2.2367,0.2114,5,WTR
10485.5,16.3298,24.1711,2.2533,0.2087,5,WTR
10486.0,19.3917,22.7128,2.27,0.1944,5,WTR
10486.5,22.4535,21.2545,2.245,0.1861,5,WTR
10487.0,25.5153,24.3374,2.22,0.2037,5,WTR
10487.5,21.9751,24.0688,2.25,0.2198,5,WTR
10488.0,18.4348,23.8002,2.28,0.2115,5,WTR
10488.5,20.3751,23.5316,2.2933,0.2059,5,WTR
10489.0,22.3153,23.2631,2.3067,0.2095,5,WTR
10489.5,24.2555,23.2631,2.32,0.2102,5,WTR
10490.0,20.2927,23.2631,2.26,0.2147,5,WTR
10490.5,16.3298,21.3412,2.23,0.2169,5,WTR
10491.0,17.4302,19.4194,2.23,0.2142,5,WTR
10491.5,18.5305,17.1152,2.2233,0.2114,5,WTR
10492.0,19.6309,14.8111,2.2167,0.2201,5,WTR
10492.5,20.7312,13.0538,2.21,0.2309,5,WTR
10493.0,21.8316,11.2964,2.22,0.2072,5,WTR
10493.5,19.599,10.6978,2.23,0.1835,5,WTR
10494.0,17.3664,10.0991,2.235,0.1598,5,WTR
10494.5,18.2298,9.5005,2.24,0.136,5,WTR
10495.0,19.0932,8.9019,2.275,0.1123,5,WTR
10495.5,20.4624,8.3032,2.31,0.0886,5,WTR
10496.0,21.8316,7.7046,2.27,0.0648,1,Gas
10496.5,21.2495,7.1059,2.235,0.0411,5,WTR
10497.0,20.6674,6.5073,2.235,0.0174,5,WTR
10497.5,19.583,5.9087,2.2133,-0.0063,5,WTR
10498.0,18.4986,5.31,2.1917,0.0707,5,WTR
10498.5,17.4142,4.7114,2.17,0.1477,5,WTR
10499.0,16.3298,4.1127,2.22,0.2247,5,WTR
10499.5,15.8275,3.5141,2.27,0.2194,5,WTR
10500.0,15.3251,2.9155,2.2661,0.2238,5,WTR
10500.5,14.8388,2.9155,2.2623,0.2382,5,WTR
10501.0,14.3524,2.9828,2.2585,0.2366,5,WTR
10501.5,16.3936,3.0501,2.2546,0.235,5,WTR
10502.0,18.4348,3.1942,2.2508,0.2333,5,WTR
10502.5,17.9006,3.3383,2.2469,0.2412,5,WTR
10503.0,17.3664,3.8577,2.2431,0.2758,5,WTR
10503.5,17.6965,4.377,2.2392,0.3104,5,WTR
10504.0,18.0266,4.6658,2.2354,0.345,5,WTR
10504.5,18.3567,4.9546,2.2315,0.3796,5,WTR
10505.0,18.6868,5.2433,2.2277,0.4141,5,WTR
10505.5,19.0169,6.7394,2.2239,0.4487,5,WTR
10506.0,19.347,8.2354,2.22,0.4833,5,WTR
10506.5,19.6771,8.7788,2.2267,0.412,5,WTR
10507.0,20.0072,9.3221,2.2333,0.3408,5,WTR
10507.5,20.3373,9.8655,2.24,0.2695,5,WTR
10508.0,20.6674,8.6949,2.28,0.1982,5,WTR
10508.5,21.6854,7.5244,2.32,0.2115,5,WTR
10509.0,22.7033,6.5426,2.2933,0.2298,5,WTR
10509.5,23.7213,5.5609,2.2667,0.2265,5,WTR
10510.0,24.7393,4.5791,2.24,0.2232,5,WTR
10510.5,19.0754,3.9587,2.24,0.2199,5,WTR
10511.0,13.4115,3.3383,2.24,0.2184,5,WTR
10511.5,15.9232,3.1269,2.2567,0.217,5,WTR
10512.0,18.4348,2.9155,2.2733,0.2269,5,WTR
10512.5,18.4348,3.0073,2.29,0.2367,5,WTR
10513.0,18.4348,3.0991,2.285,0.2465,5,WTR
10513.5,18.4348,3.191,2.28,0.2401,5,WTR
10514.0,20.1332,3.5068,2.285,0.2331,5,WTR
10514.5,21.8316,3.8226,2.29,0.2327,5,WTR
10515.0,22.6395,3.8814,2.3,0.2327,5,WTR
10515.5,23.4475,3.9402,2.31,0.2323,5,WTR
10516.0,24.2555,3.9991,2.32,0.2319,5,WTR
10516.5,23.0435,3.8265,2.305,0.2315,5,WTR
10517.0,21.8316,3.6538,2.29,0.228,5,WTR
10517.5,26.8017,3.7689,2.3067,0.2234,5,WTR
10518.0,31.7719,3.884,2.3233,0.2303,5,WTR
10518.5,36.7421,3.9991,2.34,0.2372,5,WTR
10519.0,36.7421,4.188,2.345,0.2441,5,WTR
10519.5,36.7421,4.377,2.35,0.2166,5,WTR
10520.0,42.491,4.5886,2.4167,0.1938,5,WTR
10520.5,48.2399,4.8003,2.4833,0.1948,0,Non-SST
10521.0,43.9023,5.0119,2.55,0.1957,0,Non-SST
10521.5,39.5647,4.8531,2.495,0.1967,0,Non-SST
10522.0,35.2271,4.6944,2.44,0.209,5,WTR
10522.5,33.76,4.5357,2.4,0.2169,5,WTR
10523.0,32.2929,4.377,2.36,0.2156,5,WTR
10523.5,32.2929,4.2118,2.32,0.2249,5,WTR
10524.0,32.2929,4.0466,2.285,0.2259,5,WTR
10524.5,32.2929,3.8814,2.25,0.232,5,WTR
10525.0,27.0622,3.6538,2.255,0.229,5,WTR
10525.5,21.8316,3.4925,2.26,0.2267,5,WTR
10526.0,22.2302,3.4154,2.29,0.2216,5,WTR
10526.5,22.6289,3.3383,2.32,0.2165,5,WTR
10527.0,23.0276,3.4154,2.35,0.2113,5,WTR
10527.5,21.8475,3.4925,2.305,0.2091,5,WTR
10528.0,20.6674,3.4154,2.26,0.2153,5,WTR
10528.5,19.0169,3.3383,2.2467,0.2173,5,WTR
10529.0,17.3664,3.191,2.2333,0.2194,5,WTR
10529.5,18.8548,3.191,2.22,0.2195,5,WTR
10530.0,20.3432,3.191,2.2517,0.2195,5,WTR
10530.5,21.8316,3.2647,2.2942,0.2196,5,WTR
10531.0,22.4296,3.3383,2.2794,0.2236,5,WTR
10531.5,23.0276,3.3383,2.2775,0.2332,5,WTR
10532.0,22.6289,3.2647,2.26,0.237,5,WTR
10532.5,22.2302,3.191,2.27,0.2485,5,WTR
10533.0,21.8316,3.191,2.26,0.2629,5,WTR
10533.5,18.5784,3.191,2.25,0.2547,5,WTR
10534.0,15.3251,3.191,2.2775,0.2465,5,WTR
10534.5,16.0162,3.2647,2.305,0.2383,5,WTR
10535.0,18.4348,3.3383,2.3325,0.2322,5,WTR
10535.5,20.6674,3.4435,2.2983,0.2397,5,WTR
10536.0,28.1307,3.5487,2.305,0.2295,5,WTR
10536.5,25.5791,3.6538,2.245,0.2319,5,WTR
10537.0,23.0276,3.6538,2.26,0.2292,5,WTR
10537.5,23.0276,3.6538,2.265,0.226,5,WTR
10538.0,23.0276,3.8226,2.27,0.2186,5,WTR
10538.5,23.0276,4.0032,2.3,0.2101,5,WTR
10539.0,28.1307,4.1838,2.33,0.2023,5,WTR
10539.5,28.9041,3.4925,2.325,0.2151,5,WTR
10540.0,26.5798,3.5463,2.32,0.2292,5,WTR
10540.5,24.2555,3.6,2.3167,0.2266,5,WTR
10541.0,26.8708,3.6538,2.3133,0.2239,5,WTR
10541.5,29.4862,3.5732,2.31,0.2212,5,WTR
10542.0,30.8895,3.4925,2.345,0.2163,5,WTR
10542.5,32.2929,3.4411,2.38,0.2115,5,WTR
10543.0,36.0803,3.3897,2.35,0.2159,5,WTR
10543.5,39.8677,3.3383,2.345,0.2203,5,WTR
10544.0,37.8265,3.2647,2.345,0.2247,5,WTR
10544.5,35.7853,3.191,2.385,0.2307,5,WTR
10545.0,33.744,3.2401,2.4,0.2392,5,WTR
10545.5,34.4856,3.2892,2.375,0.2295,5,WTR
10546.0,35.2271,3.3383,2.35,0.2198,5,WTR
10546.5,30.3712,3.2647,2.325,0.2102,5,WTR
10547.0,25.5153,3.191,2.3,0.2274,5,WTR
10547.5,28.1307,3.0991,2.3267,0.2446,5,WTR
10548.0,23.0276,3.0073,2.3533,0.2335,5,WTR
10548.5,30.8736,2.9155,2.38,0.2223,5,WTR
10549.0,35.3706,2.9828,2.39,0.2112,5,WTR
10549.5,39.8677,3.0501,2.4,0.2062,5,WTR
10550.0,34.6769,3.0501,2.4,0.2022,5,WTR
10550.5,29.4862,3.0501,2.4,0.2081,5,WTR
10551.0,29.9486,3.0501,2.4,0.214,5,WTR
10551.5,30.4111,3.0501,2.385,0.22,5,WTR
10552.0,30.8736,3.0501,2.37,0.2236,5,WTR
10552.5,32.3088,3.0501,2.3667,0.2272,5,WTR
10553.0,33.744,2.9828,2.3633,0.2307,5,WTR
10553.5,33.744,2.9155,2.36,0.2318,5,WTR
10554.0,33.744,2.8511,2.365,0.2316,5,WTR
10554.5,33.744,2.7868,2.37,0.215,5,WTR
10555.0,38.4325,2.8745,2.43,0.1964,5,WTR
10555.5,43.1209,2.9623,2.49,0.198,5,WTR
10556.0,44.8273,3.0501,2.4933,0.1995,5,WTR
10556.5,46.5336,3.0501,2.4967,0.2011,5,WTR
10557.0,48.2399,3.0501,2.5,0.1964,5,WTR
10557.5,46.5177,3.097,2.5,0.1925,5,WTR
10558.0,44.7954,3.144,2.5,0.1876,5,WTR
10558.5,52.0672,3.191,2.5,0.1828,5,WTR
10559.0,59.3391,3.595,2.495,0.178,5,WTR
10559.5,49.3881,3.9991,2.49,0.1541,5,WTR
10560.0,39.4371,4.3098,2.4633,0.136,5,WTR
10560.5,29.4862,4.6205,2.4367,0.1416,5,WTR
10561.0,29.9486,4.9313,2.41,0.1623,5,WTR
10561.5,30.4111,3.8226,2.4,0.172,5,WTR
10562.0,30.8736,3.9108,2.39,0.1851,5,WTR
10562.5,31.5832,3.8226,2.39,0.1908,5,WTR
10563.0,32.2929,3.8226,2.39,0.1937,5,WTR
10563.5,32.2929,3.8226,2.39,0.1825,5,WTR
10564.0,32.2929,4.1838,2.425,0.1703,5,WTR
10564.5,32.2929,4.5791,2.46,0.1742,5,WTR
10565.0,33.0184,4.2009,2.46,0.1803,5,WTR
10565.5,33.744,3.8226,2.46,0.1803,5,WTR
10566.0,34.7434,3.8226,2.4308,0.1802,5,WTR
10566.5,35.7427,3.8226,2.4017,0.1848,5,WTR
10567.0,36.7421,3.7125,2.3725,0.1951,5,WTR
10567.5,32.4364,3.6025,2.35,0.217,5,WTR
10568.0,28.1307,3.4925,2.365,0.2397,5,WTR
10568.5,32.043,3.3417,2.375,0.2357,5,WTR
10569.0,35.9554,3.191,2.3833,0.2316,5,WTR
10569.5,39.8677,3.191,2.33,0.2276,5,WTR
10570.0,32.0616,3.191,2.31,0.2208,5,WTR
10570.5,24.2555,3.0991,2.31,0.2342,5,WTR
10571.0,20.6674,3.0073,2.33,0.226,5,WTR
10571.5,19.9551,2.9155,2.365,0.229,5,WTR
10572.0,25.5153,3.0501,2.4,0.1764,5,WTR
10572.5,33.76,3.3383,2.5,0.1464,5,WTR
10573.0,35.251,4.5791,2.6,0.16,0,Non-SST
10573.5,36.7421,4.0358,2.51,0.1859,5,WTR
10574.0,38.289,3.4925,2.42,0.2019,5,WTR
10574.5,35.2271,3.392,2.42,0.2129,5,WTR
10575.0,37.5474,3.2915,2.42,0.208,5,WTR
10575.5,39.8677,3.191,2.415,0.2068,5,WTR
10576.0,37.5474,3.1205,2.41,0.2153,5,WTR
10576.5,35.2271,3.0501,2.3983,0.2273,5,WTR
10577.0,32.3566,3.0501,2.3867,0.2257,5,WTR
10577.5,29.4862,2.9155,2.375,0.2202,5,WTR
10578.0,30.1799,2.9155,2.3533,0.2203,5,WTR
10578.5,30.8736,2.9155,2.37,0.2205,5,WTR
10579.0,30.4111,2.9155,2.325,0.2207,5,WTR
10579.5,29.9486,2.9155,2.34,0.2286,5,WTR
10580.0,29.4862,2.9155,2.37,0.2357,5,WTR
10580.5,33.1141,2.9155,2.4,0.2354,5,WTR
10581.0,36.7421,2.9155,2.4,0.2352,5,WTR
10581.5,36.0165,2.9828,2.4,0.235,5,WTR
10582.0,35.2909,3.0501,2.4,0.2272,5,WTR
10582.5,36.0165,2.9828,2.3975,0.2199,5,WTR
10583.0,36.7421,2.9155,2.3683,0.22,5,WTR
10583.5,33.1141,2.8726,2.3525,0.2189,5,WTR
10584.0,29.4862,2.8296,2.33,0.222,5,WTR
10584.5,30.1799,2.7868,2.35,0.2252,5,WTR
10585.0,30.8736,2.7868,2.36,0.2283,5,WTR
10585.5,30.8736,2.7868,2.37,0.2213,5,WTR
10586.0,30.8736,2.8296,2.38,0.2125,5,WTR
10586.5,35.2271,2.8726,2.415,0.217,5,WTR
10587.0,33.744,2.9155,2.45,0.2216,5,WTR
10587.5,35.2271,2.9155,2.405,0.2261,5,WTR
10588.0,35.2271,2.9155,2.36,0.2368,5,WTR
10588.5,36.774,2.9155,2.3767,0.2443,5,WTR
10589.0,38.3209,2.9155,2.3933,0.2396,5,WTR
10589.5,39.8677,2.9155,2.41,0.2349,5,WTR
10590.0,39.0783,2.9155,2.38,0.2302,5,WTR
10590.5,38.289,2.9155,2.35,0.2326,5,WTR
10591.0,41.5422,2.9155,2.36,0.2326,5,WTR
10591.5,44.7954,2.9155,2.37,0.2339,5,WTR
10592.0,44.2372,2.9155,2.38,0.2351,5,WTR
10592.5,43.6791,2.9155,2.405,0.2363,5,WTR
10593.0,43.1209,2.9155,2.43,0.2363,5,WTR
10593.5,39.9315,2.9155,2.41,0.2384,5,WTR
10594.0,36.7421,2.9155,2.39,0.2403,5,WTR
10594.5,35.7427,2.9155,2.37,0.2475,5,WTR
10595.0,34.7434,2.9155,2.355,0.2341,5,WTR
10595.5,33.744,2.9155,2.34,0.2207,5,WTR
10596.0,32.3088,3.9637,2.485,0.2072,5,WTR
10596.5,30.8736,5.0119,2.63,0.1217,0,Non-SST
10597.0,31.3467,5.3425,2.5967,0.0824,0,Non-SST
10597.5,31.8198,5.6732,2.5633,0.1008,0,Non-SST
10598.0,32.2929,6.0039,2.53,0.1191,0,Non-SST
10598.5,33.0185,4.9132,2.53,0.1375,0,Non-SST
10599.0,33.744,3.8226,2.53,0.1689,0,Non-SST
10599.5,36.0165,3.6611,2.4783,0.2169,5,WTR
10600.0,38.289,3.4997,2.4267,0.2167,5,WTR
10600.5,41.6059,3.3383,2.4378,0.2165,5,WTR
10601.0,44.923,3.3383,2.4489,0.2162,5,WTR
10601.5,48.2399,3.3383,2.46,0.2246,5,WTR
10602.0,50.026,3.1942,2.455,0.2367,5,WTR
10602.5,51.8121,3.0501,2.455,0.2265,5,WTR
10603.0,54.4899,3.0501,2.455,0.2169,5,WTR
10603.5,57.1677,3.0501,2.49,0.215,0,Non-SST
10604.0,59.8454,3.0501,2.52,0.2192,0,Non-SST
10604.5,56.7457,3.0501,2.48,0.226,0,Non-SST
10605.0,53.646,3.1942,2.44,0.2346,5,WTR
10605.5,45.9675,3.3383,2.4,0.2326,5,WTR
10606.0,38.289,3.5804,2.405,0.2031,5,WTR
10606.5,28.1307,3.8226,2.41,0.2027,5,WTR
10607.0,19.878,4.3066,2.43,0.1482,5,WTR
10607.5,11.6254,4.7906,2.45,0.1591,5,WTR
10608.0,16.2554,7.3281,2.4433,0.164,5,WTR
10608.5,20.8854,9.8655,2.4367,0.1694,5,WTR
10609.0,25.5153,6.844,2.43,0.1794,5,WTR
10609.5,37.7627,3.8226,2.43,0.19,5,WTR
10610.0,50.0101,3.8226,2.44,0.2062,5,WTR
10610.5,48.2718,3.8226,2.43,0.2266,5,WTR
10611.0,46.5336,3.8226,2.415,0.198,5,WTR
10611.5,44.7954,3.8226,2.4,0.1757,5,WTR
10612.0,29.1034,4.5329,2.49,0.1412,5,WTR
10612.5,13.4115,5.2433,2.58,0.1171,0,Non-SST
10613.0,14.3683,6.5712,2.46,0.1313,5,WTR
10613.5,15.3251,5.9073,2.34,0.1465,5,WTR
10614.0,20.4202,5.2433,2.355,0.1616,5,WTR
10614.5,25.5153,4.5329,2.37,0.1741,5,WTR
10615.0,27.5007,3.8226,2.385,0.1928,5,WTR
10615.5,29.4862,3.6575,2.4,0.2053,5,WTR
10616.0,41.4784,3.4925,2.4,0.2004,5,WTR
10616.5,36.8856,3.4925,2.4,0.1945,5,WTR
10617.0,32.2929,3.4925,2.39,0.1952,5,WTR
10617.5,27.6602,3.4154,2.38,0.1974,5,WTR
10618.0,23.0276,3.3383,2.405,0.1995,5,WTR
10618.5,25.5791,3.3383,2.43,0.2017,5,WTR
10619.0,28.1307,3.3383,2.38,0.2094,5,WTR
10619.5,30.2118,3.3383,2.33,0.2242,5,WTR
10620.0,32.2929,3.3383,2.365,0.2258,5,WTR
10620.5,35.2909,3.3383,2.4,0.2219,5,WTR
10621.0,38.289,3.3383,2.385,0.2151,5,WTR
10621.5,39.8837,3.3383,2.37,0.216,5,WTR
10622.0,41.4784,3.3383,2.37,0.2159,5,WTR
10622.5,39.1102,3.3383,2.33,0.2364,5,WTR
10623.0,36.7421,3.3383,2.29,0.2607,5,WTR
10623.5,35.9846,3.3383,2.365,0.2396,5,WTR
10624.0,35.2271,3.3383,2.44,0.221,5,WTR
10624.5,38.3527,3.3383,2.4267,0.2214,5,WTR
10625.0,41.4784,3.3383,2.4133,0.2218,5,WTR
10625.5,40.673,3.3383,2.4,0.2222,5,WTR
10626.0,39.8677,3.3383,2.4,0.2207,5,WTR
10626.5,42.3316,3.191,2.415,0.2332,5,WTR
10627.0,44.7954,3.191,2.415,0.2466,5,WTR
10627.5,46.5017,3.191,2.415,0.2403,5,WTR
10628.0,45.3748,3.191,2.4,0.2352,5,WTR
10628.5,44.2478,3.0532,2.41,0.2316,5,WTR
10629.0,43.1209,2.9155,2.42,0.228,5,WTR
10629.5,42.2996,2.9828,2.38,0.2398,5,WTR
10630.0,41.4784,3.0501,2.34,0.2474,5,WTR
10630.5,30.8736,3.0501,2.34,0.2348,5,WTR
10631.0,28.1945,3.0501,2.34,0.2165,5,WTR
10631.5,25.5153,3.0501,2.34,0.2208,5,WTR
10632.0,31.9021,3.0501,2.37,0.219,5,WTR
10632.5,38.289,3.0501,2.3433,0.2239,5,WTR
10633.0,30.6583,3.0501,2.345,0.2284,5,WTR
10633.5,23.0276,3.0501,2.28,0.2435,5,WTR
10634.0,20.7312,3.191,2.27,0.2443,5,WTR
10634.5,18.4348,3.1205,2.295,0.2416,5,WTR
10635.0,21.6668,3.0501,2.32,0.2388,5,WTR
10635.5,24.8987,3.1205,2.325,0.236,5,WTR
10636.0,28.1307,3.191,2.33,0.2487,5,WTR
10636.5,36.7421,3.0501,2.305,0.2615,5,WTR
10637.0,32.2929,3.0501,2.225,0.2742,5,WTR
10637.5,23.0276,3.0501,2.225,0.2739,5,WTR
10638.0,21.8475,3.0501,2.21,0.2736,5,WTR
10638.5,20.6674,3.1942,2.25,0.2732,5,WTR
10639.0,24.399,3.3383,2.235,0.277,5,WTR
10639.5,28.1307,3.4154,2.22,0.2809,5,WTR
10640.0,26.823,3.4925,2.25,0.2443,5,WTR
10640.5,25.5153,3.4925,2.34,0.2102,5,WTR
10641.0,28.9041,3.4925,2.34,0.2196,5,WTR
10641.5,32.2929,3.4925,2.395,0.229,5,WTR
10642.0,30.2118,3.6575,2.33,0.2385,5,WTR
10642.5,28.1307,3.8226,2.33,0.2125,5,WTR
10643.0,41.4784,3.8814,2.3867,0.1908,5,WTR
10643.5,46.6452,3.9402,2.4433,0.1859,5,WTR
10644.0,51.8121,3.9991,2.5,0.181,0,Non-SST
10644.5,59.3391,3.7458,2.46,0.1761,5,WTR
10645.0,54.6746,3.4925,2.42,0.1821,5,WTR
10645.5,50.0101,3.6025,2.47,0.1858,5,WTR
10646.0,53.7098,3.7125,2.52,0.1772,0,Non-SST
10646.5,57.4095,3.8226,2.57,0.1687,0,Non-SST
10647.0,59.3551,3.9108,2.56,0.1601,0,Non-SST
10647.5,61.3006,3.9991,2.55,0.159,0,Non-SST
10648.0,56.5564,3.9991,2.5567,0.1575,0,Non-SST
10648.5,51.8121,3.9991,2.5633,0.1542,0,Non-SST
10649.0,46.2838,3.9991,2.57,0.1509,0,Non-SST
10649.5,40.7554,4.188,2.525,0.1476,0,Non-SST
10650.0,35.2271,4.377,2.48,0.1494,5,WTR
10650.5,33.76,4.377,2.4467,0.149,5,WTR
10651.0,32.2929,4.377,2.4133,0.1535,5,WTR
10651.5,30.4643,4.1922,2.38,0.1636,5,WTR
10652.0,28.6357,4.0074,2.365,0.1628,5,WTR
10652.5,26.8071,3.8226,2.35,0.1619,5,WTR
10653.0,28.8403,3.8226,2.375,0.161,5,WTR
10653.5,30.8736,3.8226,2.4,0.1549,5,WTR
10654.0,27.0941,3.8226,2.3833,0.1504,5,WTR
10654.5,23.3146,3.8226,2.3667,0.1549,5,WTR
10655.0,19.5352,3.8226,2.35,0.1594,5,WTR
10655.5,25.2044,3.8226,2.375,0.1639,5,WTR
10656.0,30.8736,3.8226,2.4,0.1674,5,WTR
10656.5,31.5832,3.8226,2.4033,0.1725,5,WTR
10657.0,32.2929,3.8226,2.4067,0.1672,5,WTR
10657.5,38.1986,3.8226,2.41,0.1618,5,WTR
10658.0,44.1043,3.8226,2.48,0.1564,5,WTR
10658.5,50.0101,3.8226,2.55,0.1477,0,Non-SST
10659.0,54.6746,3.7382,2.544,0.1429,0,Non-SST
10659.5,59.3391,3.6538,2.538,0.1531,0,Non-SST
10660.0,56.8301,3.6538,2.532,0.1632,0,Non-SST
10660.5,54.3211,3.6538,2.526,0.1733,0,Non-SST
10661.0,51.8121,3.6538,2.52,0.1652,0,Non-SST
10661.5,44.2771,4.0154,2.525,0.156,0,Non-SST
10662.0,36.7421,4.377,2.53,0.1482,0,Non-SST
10662.5,38.3209,4.1359,2.5,0.1411,5,WTR
10663.0,39.8996,3.8949,2.47,0.15,5,WTR
10663.5,41.4784,3.6538,2.44,0.1589,5,WTR
10664.0,43.99,3.5732,2.49,0.1679,5,WTR
10664.5,46.5017,3.4925,2.54,0.175,5,WTR
10665.0,51.4347,3.392,2.5333,0.186,0,Non-SST
10665.5,56.3676,3.2915,2.5267,0.1849,0,Non-SST
10666.0,61.3006,3.191,2.52,0.1838,0,Non-SST
10666.5,62.2973,3.1205,2.555,0.1827,0,Non-SST
10667.0,63.294,3.0501,2.59,0.1838,0,Non-SST
10667.5,72.9818,2.8447,2.57,0.1874,0,Non-SST
10668.0,82.6697,2.6392,2.55,0.2028,0,Non-SST
10668.5,79.6929,2.4337,2.53,0.2249,0,Non-SST
10669.0,76.7161,2.4337,2.545,0.2217,0,Non-SST
10669.5,73.7393,2.4337,2.56,0.2185,0,Non-SST
10670.0,78.2045,2.4712,2.5467,0.2153,0,Non-SST
10670.5,82.6697,2.5087,2.5333,0.2222,0,Non-SST
10671.0,79.6929,2.5461,2.52,0.2292,0,Non-SST
10671.5,76.7161,2.5853,2.525,0.2361,0,Non-SST
10672.0,73.7393,2.6245,2.53,0.2262,0,Non-SST
10672.5,71.6024,2.6637,2.545,0.2161,0,Non-SST
10673.0,69.4655,2.6637,2.56,0.2166,0,Non-SST
10673.5,70.1725,2.6637,2.5467,0.2172,0,Non-SST
10674.0,70.8795,2.7252,2.5333,0.2178,0,Non-SST
10674.5,71.5865,2.7868,2.52,0.2139,0,Non-SST
10675.0,68.4529,2.8745,2.51,0.2082,0,Non-SST
10675.5,65.3193,2.9623,2.5,0.1985,0,Non-SST
10676.0,65.3193,3.0501,2.5167,0.1889,0,Non-SST
10676.5,65.3193,3.0501,2.5333,0.2016,0,Non-SST
10677.0,69.5931,3.0501,2.55,0.2143,0,Non-SST
10677.5,73.8669,2.9184,2.55,0.227,0,Non-SST
10678.0,78.1407,2.7868,2.55,0.2281,0,Non-SST
10678.5,74.8636,2.7868,2.55,0.2293,0,Non-SST
10679.0,71.5865,2.8511,2.545,0.223,0,Non-SST
10679.5,70.8795,2.9155,2.54,0.2166,0,Non-SST
10680.0,70.1725,2.9828,2.5533,0.2103,0,Non-SST
10680.5,69.4655,3.0501,2.5667,0.2103,0,Non-SST
10681.0,70.1725,3.0501,2.58,0.2073,0,Non-SST
10681.5,70.8795,3.0501,2.565,0.204,0,Non-SST
10682.0,71.5865,3.0501,2.55,0.2006,0,Non-SST
10682.5,68.4529,3.1942,2.545,0.1972,0,Non-SST
10683.0,65.3193,3.3383,2.54,0.1897,0,Non-SST
10683.5,66.7013,3.3383,2.5317,0.1824,0,Non-SST
10684.0,68.0834,3.3383,2.5233,0.1848,0,Non-SST
10684.5,69.4655,3.3383,2.515,0.1871,0,Non-SST
10685.0,67.3924,3.3383,2.5125,0.1895,0,Non-SST
10685.5,65.3193,3.3383,2.51,0.189,0,Non-SST
10686.0,64.3066,3.3383,2.5233,0.1911,0,Non-SST
10686.5,63.294,3.3383,2.5367,0.188,0,Non-SST
10687.0,61.3325,3.3383,2.55,0.182,0,Non-SST
10687.5,59.371,3.4154,2.535,0.1831,0,Non-SST
10688.0,57.4095,3.4925,2.52,0.1831,0,Non-SST
10688.5,59.3391,3.4925,2.51,0.1826,0,Non-SST
10689.0,61.3006,3.4925,2.5,0.179,0,Non-SST
10689.5,61.9651,3.4925,2.49,0.1796,5,WTR
10690.0,62.6295,3.4925,2.52,0.1765,0,Non-SST
10690.5,63.294,3.4925,2.55,0.1871,0,Non-SST
10691.0,62.2973,3.4411,2.5467,0.1959,0,Non-SST
10691.5,61.3006,3.3897,2.5433,0.1851,0,Non-SST
10692.0,61.3006,3.3383,2.54,0.1565,0,Non-SST
10692.5,61.3006,3.4961,2.555,0.1693,0,Non-SST
10693.0,61.3006,3.6538,2.57,0.1703,0,Non-SST
10693.5,61.3006,3.4154,2.555,0.1874,0,Non-SST
10694.0,61.3006,3.4411,2.5062,0.1964,0,Non-SST
10694.5,56.947,3.4668,2.5062,0.1908,0,Non-SST
10695.0,52.5935,3.4925,2.4713,0.1852,5,WTR
10695.5,48.2399,3.4154,2.47,0.1796,5,WTR
10696.0,49.125,3.3383,2.4967,0.1826,5,WTR
10696.5,50.0101,3.3383,2.5233,0.1858,5,WTR
10697.0,45.7442,3.3383,2.55,0.1772,0,Non-SST
10697.5,41.4784,3.3897,2.52,0.1755,5,WTR
10698.0,45.3389,3.4411,2.49,0.1717,5,WTR
10698.5,49.1994,3.4925,2.47,0.1679,5,WTR
10699.0,48.2399,3.5732,2.46,0.164,5,WTR
10699.5,47.0918,3.6538,2.48,0.1656,5,WTR
10700.0,45.9436,3.6538,2.495,0.1674,5,WTR
10700.5,44.7954,3.6538,2.52,0.1693,5,WTR
10701.0,46.5177,3.6538,2.52,0.1728,5,WTR
10701.5,48.2399,3.6538,2.525,0.1704,0,Non-SST
10702.0,48.2399,3.6538,2.53,0.1681,0,Non-SST
10702.5,48.2399,3.5612,2.5267,0.1657,0,Non-SST
10703.0,50.9749,3.4687,2.5233,0.1735,5,WTR
10703.5,53.7098,3.3761,2.52,0.1824,5,WTR
10704.0,55.5597,3.2835,2.51,0.1886,5,WTR
10704.5,57.4095,3.191,2.5,0.1951,5,WTR
10705.0,58.3743,3.191,2.5033,0.1964,5,WTR
10705.5,59.3391,3.191,2.5067,0.1977,5,WTR
10706.0,62.7146,2.8686,2.51,0.199,0,Non-SST
10706.5,66.09,2.5461,2.525,0.2185,0,Non-SST
10707.0,69.4655,2.5087,2.54,0.2413,0,Non-SST
10707.5,64.4023,2.4712,2.575,0.227,0,Non-SST
10708.0,59.3391,2.4337,2.61,0.2127,0,Non-SST
10708.5,62.0182,2.5487,2.5833,0.1983,0,Non-SST
10709.0,64.6973,2.6637,2.5567,0.2127,0,Non-SST
10709.5,67.3764,2.4843,2.53,0.2359,0,Non-SST
10710.0,76.1792,2.3049,2.53,0.2517,0,Non-SST
10710.5,84.982,2.1254,2.53,0.2697,0,Non-SST
10711.0,75.1507,2.1745,2.555,0.2326,0,Non-SST
10711.5,65.3193,2.2236,2.58,0.2029,0,Non-SST
10712.0,67.4083,2.275,2.59,0.2081,0,Non-SST
10712.5,69.4974,2.3263,2.6,0.2134,0,Non-SST
10713.0,71.5865,2.5565,2.61,0.2186,0,Non-SST
10713.5,71.5865,2.7868,2.58,0.2187,0,Non-SST
10714.0,71.5865,2.6665,2.55,0.2188,0,Non-SST
10714.5,71.5865,2.5461,2.5567,0.2279,0,Non-SST
10715.0,71.5865,2.518,2.5633,0.237,0,Non-SST
10715.5,74.5207,2.4899,2.57,0.2461,0,Non-SST
10716.0,77.455,2.4618,2.56,0.2408,0,Non-SST
10716.5,80.3893,2.4337,2.55,0.2356,0,Non-SST
10717.0,78.1567,2.6102,2.55,0.2304,0,Non-SST
10717.5,75.9241,2.7868,2.55,0.2155,0,Non-SST
10718.0,68.4981,2.9889,2.54,0.2036,0,Non-SST
10718.5,61.072,3.191,2.53,0.1942,0,Non-SST
10719.0,53.646,3.2915,2.525,0.1851,0,Non-SST
10719.5,54.5789,3.392,2.52,0.1829,0,Non-SST
10720.0,55.5118,3.4925,2.5167,0.1807,0,Non-SST
10720.5,54.5789,3.5732,2.5133,0.1785,5,WTR
10721.0,53.646,3.6538,2.51,0.1795,5,WTR
10721.5,51.8599,3.6538,2.52,0.1805,0,Non-SST
10722.0,50.0739,3.6538,2.53,0.1815,0,Non-SST
10722.5,48.2878,3.6538,2.54,0.1825,0,Non-SST
10723.0,46.5017,3.5732,2.555,0.1804,0,Non-SST
10723.5,43.7641,3.4925,2.57,0.1783,0,Non-SST
10724.0,41.0265,3.4925,2.5567,0.1761,0,Non-SST
10724.5,38.289,3.4925,2.5433,0.1619,0,Non-SST
10725.0,40.4578,3.6614,2.53,0.1519,0,Non-SST
10725.5,42.6266,3.8302,2.505,0.1549,5,WTR
10726.0,44.7954,3.9991,2.48,0.1579,5,WTR
10726.5,43.9581,3.7458,2.4833,0.1609,5,WTR
10727.0,43.1209,3.4925,2.4867,0.1639,5,WTR
10727.5,45.4173,3.5732,2.49,0.1669,5,WTR
10728.0,47.7137,3.6538,2.5,0.1658,5,WTR
10728.5,50.0101,3.6538,2.51,0.1646,5,WTR
10729.0,52.7609,3.6538,2.485,0.1716,5,WTR
10729.5,55.5118,3.5487,2.46,0.179,5,WTR
10730.0,54.2786,3.4435,2.4933,0.1709,5,WTR
10730.5,53.0453,3.3383,2.5267,0.1633,0,Non-SST
10731.0,51.8121,3.3383,2.56,0.1673,0,Non-SST
10731.5,52.729,3.3383,2.52,0.1802,5,WTR
10732.0,53.646,3.3383,2.48,0.1846,5,WTR
10732.5,49.2207,3.3383,2.475,0.1867,5,WTR
10733.0,44.7954,3.3383,2.47,0.1803,5,WTR
10733.5,47.1343,3.3383,2.47,0.174,5,WTR
10734.0,49.4732,3.2647,2.47,0.1751,5,WTR
10734.5,51.8121,3.191,2.47,0.1762,5,WTR
10735.0,49.1569,3.2647,2.49,0.1761,5,WTR
10735.5,46.5017,3.3383,2.51,0.176,5,WTR
10736.0,47.3708,3.4154,2.495,0.1782,5,WTR
10736.5,48.2399,3.4925,2.48,0.1804,5,WTR
10737.0,50.042,3.4154,2.505,0.1826,5,WTR
10737.5,51.844,3.3383,2.53,0.1849,0,Non-SST
10738.0,53.646,3.3383,2.53,0.1903,0,Non-SST
10738.5,52.729,3.3383,2.53,0.1957,0,Non-SST
10739.0,51.8121,3.4154,2.52,0.1867,5,WTR
10739.5,50.026,3.4925,2.51,0.1783,5,WTR
10740.0,48.2399,3.4925,2.465,0.1841,5,WTR
10740.5,47.3708,3.4925,2.42,0.19,5,WTR
10741.0,46.5017,3.3383,2.465,0.1885,5,WTR
10741.5,47.3708,3.3383,2.51,0.1869,5,WTR
10742.0,48.2399,3.3383,2.465,0.1874,5,WTR
10742.5,48.2399,3.3383,2.42,0.188,5,WTR
10743.0,48.2399,3.2647,2.47,0.1836,5,WTR
10743.5,49.125,3.191,2.52,0.1793,5,WTR
10744.0,50.0101,3.3417,2.48,0.1854,5,WTR
10744.5,50.9111,3.4925,2.44,0.1918,5,WTR
10745.0,51.8121,3.5732,2.45,0.1861,5,WTR
10745.5,49.1569,3.6538,2.46,0.1804,5,WTR
10746.0,46.5017,3.6538,2.485,0.1748,5,WTR
10746.5,42.3953,3.6538,2.51,0.1775,5,WTR
10747.0,38.289,3.5732,2.51,0.1819,5,WTR
10747.5,43.2645,3.4925,2.51,0.1796,5,WTR
10748.0,48.2399,3.392,2.51,0.1773,5,WTR
10748.5,49.125,3.2915,2.51,0.1738,5,WTR
10749.0,50.0101,3.191,2.505,0.1707,5,WTR
10749.5,51.828,3.191,2.5,0.171,5,WTR
10750.0,53.646,3.191,2.515,0.177,5,WTR
10750.5,54.5789,3.191,2.53,0.1833,0,Non-SST
10751.0,55.5118,3.191,2.5,0.1878,5,WTR
10751.5,51.8759,3.191,2.47,0.1924,5,WTR
10752.0,48.2399,3.191,2.455,0.1969,5,WTR
10752.5,46.5177,3.191,2.44,0.1962,5,WTR
10753.0,44.7954,3.2915,2.4533,0.1943,5,WTR
10753.5,49.2207,3.392,2.4667,0.1981,5,WTR
10754.0,53.646,3.4925,2.48,0.0355,5,WTR
10754.5,50.0739,3.1893,2.475,0.0562,5,WTR
10755.0,46.5017,2.886,2.455,0.0548,5,WTR
10755.5,46.5017,3.3383,2.455,0.1825,5,WTR
10756.0,46.5017,3.3383,2.505,0.1725,5,WTR
10756.5,46.5017,3.4925,2.57,0.167,0,Non-SST
10757.0,46.5017,3.4925,2.515,0.1702,5,WTR
10757.5,46.5017,3.4925,2.46,0.1734,5,WTR
10758.0,50.0739,3.4925,2.48,0.1777,5,WTR
10758.5,53.646,3.4925,2.5,0.182,5,WTR
10759.0,53.646,3.4154,2.52,0.1864,5,WTR
10759.5,53.646,3.3383,2.51,0.1882,5,WTR
10760.0,48.2399,3.3383,2.5,0.1901,5,WTR
10760.5,48.2399,3.3383,2.565,0.1767,0,Non-SST
10761.0,48.2399,3.2892,2.59,0.1668,0,Non-SST
10761.5,51.2965,3.2401,2.5617,0.1726,0,Non-SST
10762.0,54.353,3.191,2.5183,0.1784,5,WTR
10762.5,57.4095,3.2647,2.5025,0.1843,5,WTR
10763.0,56.4607,3.3383,2.53,0.1825,0,Non-SST
10763.5,55.5118,3.4925,2.56,0.1794,0,Non-SST
10764.0,53.6619,3.4154,2.56,0.1835,0,Non-SST
10764.5,51.8121,3.3383,2.56,0.1807,0,Non-SST
10765.0,59.3391,3.3383,2.545,0.1788,0,Non-SST
10765.5,55.5118,3.3383,2.53,0.1757,0,Non-SST
10766.0,55.5118,3.3383,2.5133,0.1725,0,Non-SST
10766.5,51.8121,3.3383,2.4967,0.1693,5,WTR
10767.0,53.646,3.3383,2.48,0.1786,5,WTR
10767.5,50.0739,3.4435,2.495,0.1843,5,WTR
10768.0,46.5017,3.5487,2.51,0.1845,5,WTR
10768.5,51.0068,3.6538,2.49,0.187,5,WTR
10769.0,55.5118,3.3383,2.49,0.1889,5,WTR
10769.5,55.5118,3.1942,2.49,0.1908,5,WTR
10770.0,55.5118,3.0501,2.49,0.1916,5,WTR
10770.5,55.5118,3.1205,2.49,0.1925,5,WTR
10771.0,51.8759,3.191,2.49,0.1954,5,WTR
10771.5,48.2399,3.191,2.49,0.1983,5,WTR
10772.0,50.6639,3.191,2.49,0.2023,5,WTR
10772.5,53.0879,3.191,2.49,0.2064,5,WTR
10773.0,55.5118,3.3417,2.49,0.2005,5,WTR
10773.5,44.7954,3.4925,2.4733,0.1946,5,WTR
10774.0,44.7954,3.2713,2.4567,0.1887,5,WTR
10774.5,44.7954,3.0501,2.44,0.1881,5,WTR
10775.0,43.1369,3.097,2.435,0.1848,5,WTR
10775.5,41.4784,3.144,2.435,0.1832,5,WTR
10776.0,43.1369,3.191,2.435,0.1817,5,WTR
10776.5,44.7954,3.3417,2.465,0.1802,5,WTR
10777.0,44.2372,3.4925,2.49,0.1699,5,WTR
10777.5,43.6791,3.4925,2.48,0.1618,5,WTR
10778.0,43.1209,3.4925,2.47,0.1636,5,WTR
10778.5,42.2996,3.4925,2.46,0.1654,5,WTR
10779.0,41.4784,3.4154,2.45,0.1672,5,WTR
10779.5,41.4784,3.3383,2.44,0.169,5,WTR
10780.0,41.4784,3.2892,2.4333,0.1709,5,WTR
10780.5,39.8837,3.2401,2.4267,0.1714,5,WTR
10781.0,38.289,3.191,2.42,0.1769,5,WTR
10781.5,37.5155,3.1675,2.43,0.1807,5,WTR
10782.0,36.7421,3.144,2.44,0.184,5,WTR
10782.5,39.1102,3.097,2.4167,0.1835,5,WTR
10783.0,41.4784,3.0501,2.3933,0.1831,5,WTR
10783.5,40.4152,2.9828,2.37,0.1826,5,WTR
10784.0,39.3521,2.9155,2.405,0.1833,5,WTR
10784.5,38.289,2.9828,2.44,0.184,5,WTR
10785.0,35.2909,3.0501,2.44,0.1848,5,WTR
10785.5,32.2929,3.097,2.44,0.1855,5,WTR
10786.0,35.3547,3.144,2.44,0.188,5,WTR
10786.5,38.4165,3.191,2.43,0.1913,5,WTR
10787.0,41.4784,3.0501,2.42,0.1938,5,WTR
10787.5,42.483,2.9155,2.4375,0.1963,5,WTR
10788.0,43.4877,2.9828,2.455,0.1989,5,WTR
10788.5,44.4924,3.0501,2.4725,0.1939,5,WTR
10789.0,45.497,3.1205,2.49,0.1891,5,WTR
10789.5,46.5017,3.191,2.465,0.1855,5,WTR
10790.0,41.6219,3.6874,2.44,0.1822,5,WTR
10790.5,36.7421,4.1838,2.448,0.1487,5,WTR
10791.0,35.2431,4.7021,2.456,0.1268,5,WTR
10791.5,33.744,5.2205,2.464,0.1218,5,WTR
10792.0,34.754,5.7388,2.472,0.1172,5,WTR
10792.5,36.7421,5.159,2.48,0.1355,0,Non-SST
10793.0,39.1102,4.5791,2.4633,0.1539,5,WTR
10793.5,41.4784,4.2009,2.445,0.1723,5,WTR
10794.0,41.4784,3.8226,2.445,0.174,5,WTR
10794.5,41.4784,3.8226,2.46,0.1748,5,WTR
10795.0,41.4784,3.8226,2.4533,0.1741,5,WTR
10795.5,38.3527,3.8226,2.4467,0.1733,5,WTR
10796.0,35.2271,3.9108,2.44,0.1726,5,WTR
10796.5,36.7899,3.9991,2.465,0.1762,5,WTR
10797.0,38.3527,3.9991,2.49,0.1801,5,WTR
10797.5,40.7368,3.9991,2.465,0.1745,5,WTR
10798.0,43.1209,3.9991,2.44,0.1692,5,WTR
10798.5,43.1209,3.7458,2.5,0.1633,5,WTR
10799.0,43.1209,3.4925,2.56,0.1573,0,Non-SST
10799.5,43.1209,3.4925,2.59,0.1514,0,Non-SST
10800.0,44.8113,3.4925,2.62,0.1426,0,Non-SST
10800.5,46.5017,3.392,2.65,0.1304,0,Non-SST
10801.0,49.1569,3.2915,2.655,0.1382,0,Non-SST
10801.5,51.8121,3.191,2.66,0.146,0,Non-SST
10802.0,51.8121,3.3417,2.59,0.1537,0,Non-SST
10802.5,51.8121,3.4925,2.52,0.1528,5,WTR
10803.0,52.4234,3.5463,2.5333,0.1484,0,Non-SST
10803.5,53.0347,3.6,2.5467,0.1451,0,Non-SST
10804.0,53.646,3.6538,2.56,0.1417,0,Non-SST
10804.5,51.828,3.5732,2.555,0.1384,0,Non-SST
10805.0,50.0101,3.4925,2.55,0.1523,0,Non-SST
10805.5,48.8406,3.4925,2.5233,0.1661,5,WTR
10806.0,47.6712,3.4925,2.4967,0.18,5,WTR
10806.5,46.5017,3.4925,2.47,0.1814,5,WTR
10807.0,48.2559,3.5463,2.475,0.1775,5,WTR
10807.5,50.0101,3.6,2.48,0.1762,5,WTR
10808.0,48.2559,3.6538,2.4767,0.175,5,WTR
10808.5,46.5017,3.4224,2.4733,0.1737,5,WTR
10809.0,47.6712,3.191,2.47,0.176,5,WTR
10809.5,48.8406,3.191,2.46,0.1784,5,WTR
10810.0,50.0101,3.191,2.45,0.1734,5,WTR
10810.5,48.2559,3.191,2.4567,0.1683,5,WTR
10811.0,46.5017,3.191,2.4633,0.1632,5,WTR
10811.5,46.5017,3.191,2.47,0.1675,5,WTR
10812.0,46.5017,3.1205,2.48,0.1731,5,WTR
10812.5,46.5017,3.0501,2.49,0.18,5,WTR
10813.0,46.5017,3.097,2.5,0.1855,5,WTR
10813.5,46.5017,3.144,2.48,0.1866,5,WTR
10814.0,47.0811,3.191,2.46,0.1878,5,WTR
10814.5,47.6605,3.191,2.485,0.1889,5,WTR
10815.0,48.2399,3.191,2.51,0.1826,5,WTR
10815.5,47.0918,3.2401,2.4833,0.1779,5,WTR
10816.0,45.9436,3.2892,2.4567,0.1818,5,WTR
10816.5,44.7954,3.3383,2.43,0.1856,5,WTR
10817.0,48.3037,3.3383,2.465,0.1895,5,WTR
10817.5,51.8121,3.3383,2.5,0.1879,5,WTR
10818.0,50.026,3.3383,2.5,0.1886,5,WTR
10818.5,48.2399,3.3383,2.5,0.172,5,WTR
10819.0,50.042,3.3897,2.5,0.1576,5,WTR
10819.5,51.844,3.4411,2.515,0.1646,5,WTR
10820.0,53.646,3.4925,2.53,0.1716,0,Non-SST
10820.5,50.0739,3.4154,2.53,0.1786,0,Non-SST
10821.0,46.5017,3.3383,2.53,0.1715,5,WTR
10821.5,45.9329,3.4154,2.53,0.1628,5,WTR
10822.0,45.3642,3.4925,2.535,0.1664,5,WTR
10822.5,44.7954,3.4154,2.54,0.1887,5,WTR
10823.0,56.0859,3.3383,2.54,0.1923,0,Non-SST
10823.5,67.3764,2.5973,2.54,0.2254,0,Non-SST
10824.0,74.8184,1.8562,2.55,0.247,0,Non-SST
10824.5,82.2604,1.7386,2.56,0.2636,0,Non-SST
10825.0,89.7024,1.6211,2.57,0.2791,0,Non-SST
10825.5,86.186,1.5511,2.575,0.2818,0,Non-SST
10826.0,82.6697,1.4811,2.58,0.2845,0,Non-SST
10826.5,83.1322,1.5511,2.555,0.3005,0,Non-SST
10827.0,83.5946,1.6211,2.53,0.3177,0,Non-SST
10827.5,84.0571,1.5853,2.55,0.3076,0,Non-SST
10828.0,84.5196,1.5495,2.57,0.298,0,Non-SST
10828.5,84.982,1.5853,2.55,0.3056,0,Non-SST
10829.0,83.8259,1.6211,2.53,0.3133,0,Non-SST
10829.5,82.6697,1.5853,2.53,0.3112,0,Non-SST
10830.0,84.2219,1.5495,2.53,0.309,0,Non-SST
10830.5,85.7741,1.5153,2.54,0.3158,0,Non-SST
10831.0,87.3263,1.4811,2.55,0.3228,0,Non-SST
10831.5,83.8578,1.4811,2.55,0.3036,0,Non-SST
10832.0,80.3893,1.4811,2.55,0.286,0,Non-SST
10832.5,82.6697,1.4811,2.55,0.2932,0,Non-SST
10833.0,84.998,1.4811,2.55,0.3008,0,Non-SST
10833.5,87.3263,1.4157,2.55,0.3161,0,Non-SST
10834.0,84.998,1.4157,2.55,0.3326,0,Non-SST
10834.5,82.6697,1.4157,2.545,0.3283,0,Non-SST
10835.0,80.9833,1.4375,2.54,0.3241,0,Non-SST
10835.5,79.2969,1.4593,2.555,0.3353,0,Non-SST
10836.0,77.6105,1.4811,2.57,0.3471,0,Non-SST
10836.5,75.9241,1.4811,2.565,0.3216,0,Non-SST
10837.0,80.4531,1.4811,2.56,0.2992,0,Non-SST
10837.5,84.982,1.5511,2.555,0.2942,0,Non-SST
10838.0,81.5614,1.6211,2.55,0.2895,0,Non-SST
10838.5,78.1407,1.6585,2.54,0.2966,0,Non-SST
10839.0,80.4052,1.696,2.53,0.3038,0,Non-SST
10839.5,82.6697,1.6585,2.545,0.3066,0,Non-SST
10840.0,81.5295,1.6211,2.56,0.3094,0,Non-SST
10840.5,80.3893,1.5853,2.55,0.3063,0,Non-SST
10841.0,80.3893,1.5495,2.54,0.3033,0,Non-SST
10841.5,80.3893,1.6227,2.555,0.3112,0,Non-SST
10842.0,81.5295,1.696,2.57,0.3194,0,Non-SST
10842.5,82.6697,1.696,2.555,0.3134,0,Non-SST
10843.0,82.6697,1.7351,2.54,0.3075,0,Non-SST
10843.5,82.6697,1.7743,2.55,0.2842,0,Non-SST
10844.0,80.4052,1.7743,2.56,0.2642,0,Non-SST
10844.5,78.1407,1.7743,2.56,0.2718,0,Non-SST
10845.0,75.94,1.903,2.56,0.2798,0,Non-SST
10845.5,73.7393,2.0316,2.59,0.2621,0,Non-SST
10846.0,72.6629,2.0316,2.62,0.2463,0,Non-SST
10846.5,71.5865,2.0316,2.6,0.2401,0,Non-SST
10847.0,70.526,2.2327,2.58,0.2344,0,Non-SST
10847.5,69.4655,2.4337,2.56,0.223,0,Non-SST
10848.0,67.3924,2.5487,2.54,0.2128,0,Non-SST
10848.5,65.3193,2.6637,2.555,0.216,0,Non-SST
10849.0,65.3193,2.7252,2.57,0.226,0,Non-SST
10849.5,65.3193,2.7868,2.555,0.2272,0,Non-SST
10850.0,65.3193,2.7252,2.54,0.2226,0,Non-SST
10850.5,65.3193,2.6637,2.545,0.218,0,Non-SST
10851.0,65.3193,2.8569,2.55,0.2134,0,Non-SST
10851.5,65.3193,3.0501,2.53,0.2135,0,Non-SST
10852.0,66.3479,3.1205,2.51,0.2231,0,Non-SST
10852.5,67.3764,3.191,2.52,0.2308,0,Non-SST
10853.0,70.5579,3.1205,2.515,0.2126,0,Non-SST
10853.5,73.7393,3.0501,2.515,0.1958,0,Non-SST
10854.0,66.5392,3.4363,2.505,0.1821,0,Non-SST
10854.5,59.3391,3.8226,2.51,0.1697,0,Non-SST
10855.0,59.3391,4.5329,2.52,0.1474,0,Non-SST
10855.5,59.3391,5.2433,2.53,0.1304,0,Non-SST
10856.0,55.7032,5.7622,2.5,0.1262,0,Non-SST
10856.5,52.0672,6.2811,2.47,0.1226,5,WTR
10857.0,48.4313,6.01,2.45,0.1248,5,WTR
10857.5,44.7954,5.7388,2.43,0.1248,5,WTR
10858.0,40.7687,5.6122,2.425,0.1276,5,WTR
10858.5,36.7421,5.4855,2.42,0.1304,5,WTR
10859.0,39.1102,5.4855,2.445,0.1332,5,WTR
10859.5,41.4784,5.4855,2.47,0.1329,5,WTR
10860.0,43.99,5.2433,2.46,0.1396,5,WTR
10860.5,46.5017,4.5791,2.45,0.1444,5,WTR
10861.0,55.5118,4.4781,2.48,0.1492,5,WTR
10861.5,57.4255,4.377,2.51,0.1545,0,Non-SST
10862.0,59.3391,3.8226,2.51,0.1549,0,Non-SST
10862.5,57.4255,3.9108,2.51,0.1554,0,Non-SST
10863.0,55.5118,3.9991,2.525,0.1582,0,Non-SST
10863.5,53.6619,3.9108,2.54,0.1612,0,Non-SST
10864.0,51.8121,3.8226,2.555,0.1586,0,Non-SST
10864.5,51.8121,3.6575,2.57,0.1561,0,Non-SST
10865.0,51.8121,3.4925,2.555,0.1638,0,Non-SST
10865.5,57.553,3.204,2.55,0.1643,0,Non-SST
10866.0,63.294,2.9155,2.55,0.1777,0,Non-SST
10866.5,68.5167,2.7896,2.555,0.1964,0,Non-SST
10867.0,73.7393,2.6637,2.545,0.1984,0,Non-SST
10867.5,71.6024,2.5487,2.54,0.199,0,Non-SST
10868.0,69.4655,2.4337,2.555,0.1866,0,Non-SST
10868.5,69.4655,2.6102,2.57,0.182,0,Non-SST
10869.0,69.4655,2.7868,2.57,0.1784,0,Non-SST
10869.5,71.1121,2.7252,2.57,0.1857,0,Non-SST
10870.0,72.7586,2.6637,2.555,0.193,0,Non-SST
10870.5,72.1725,2.5487,2.54,0.2004,0,Non-SST
10871.0,71.5865,2.4337,2.545,0.2075,0,Non-SST
10871.5,74.8636,2.4899,2.55,0.2153,0,Non-SST
10872.0,78.1407,2.5461,2.565,0.217,0,Non-SST
10872.5,77.0324,2.3849,2.56,0.2202,0,Non-SST
10873.0,75.9241,2.2236,2.56,0.2124,0,Non-SST
10873.5,72.6948,2.2578,2.54,0.2063,0,Non-SST
10874.0,69.4655,2.2921,2.54,0.2039,0,Non-SST
10874.5,66.3798,2.3263,2.55,0.2016,0,Non-SST
10875.0,63.294,2.495,2.56,0.2096,0,Non-SST
10875.5,67.4402,2.6637,2.555,0.2287,0,Non-SST
10876.0,71.5865,2.3633,2.55,0.2246,0,Non-SST
10876.5,75.9879,2.0629,2.565,0.2328,0,Non-SST
10877.0,80.3893,2.0316,2.58,0.2287,0,Non-SST
10877.5,78.1567,2.5409,2.5867,0.2316,0,Non-SST
10878.0,75.9241,3.0501,2.5933,0.2333,0,Non-SST
10878.5,78.1407,1.8562,2.6,0.2269,0,Non-SST
10879.0,79.265,1.8562,2.58,0.2302,0,Non-SST
10879.5,80.3893,1.9908,2.56,0.2386,0,Non-SST
10880.0,79.6398,2.1254,2.55,0.2443,0,Non-SST
10880.5,78.8902,2.0316,2.54,0.2518,0,Non-SST
10881.0,78.1407,2.1254,2.545,0.0906,0,Non-SST
10881.5,78.1407,2.1254,2.55,0.0923,0,Non-SST
10882.0,78.1407,2.1745,2.5517,0.1347,0,Non-SST
10882.5,77.0324,2.2236,2.5467,0.2363,0,Non-SST
10883.0,75.9241,2.1991,2.5467,0.2369,0,Non-SST
10883.5,77.0324,2.1745,2.555,0.2296,0,Non-SST
10884.0,78.1407,2.3263,2.58,0.241,0,Non-SST
10884.5,80.4052,2.1254,2.58,0.2513,0,Non-SST
10885.0,82.6697,1.8562,2.57,0.245,0,Non-SST
10885.5,82.6697,1.8562,2.55,0.2396,0,Non-SST
10886.0,82.6697,1.8562,2.5667,0.2464,0,Non-SST
10886.5,79.8351,1.9439,2.5683,0.2611,0,Non-SST
10887.0,80.1122,2.0316,2.5775,0.2628,0,Non-SST
10887.5,80.3893,2.0316,2.5575,0.2666,0,Non-SST
10888.0,81.5295,2.0316,2.55,0.2594,0,Non-SST
10888.5,82.6697,1.9419,2.55,0.2586,0,Non-SST
10889.0,80.3893,1.9868,2.56,0.2524,0,Non-SST
10889.5,82.6697,2.0316,2.5675,0.2307,0,Non-SST
10890.0,73.7393,2.4337,2.5617,0.2536,0,Non-SST
10890.5,68.0183,2.6746,2.5525,0.215,0,Non-SST
10891.0,62.2973,2.9155,2.55,0.1994,0,Non-SST
10891.5,63.294,2.9828,2.56,0.1964,0,Non-SST
10892.0,67.3764,3.0869,2.56,0.1908,0,Non-SST
10892.5,61.4441,3.191,2.545,0.1951,0,Non-SST
10893.0,55.5118,3.9991,2.52,0.1699,0,Non-SST
10893.5,50.0101,5.4855,2.485,0.1699,0,Non-SST
10894.0,44.7954,6.4294,2.425,0.1608,5,WTR
10894.5,35.2271,7.3733,2.425,0.1525,5,WTR
10895.0,29.4862,9.0137,2.48,0.1327,0,Non-SST
10895.5,29.4862,9.43,2.455,0.157,5,WTR
10896.0,29.4862,8.2354,2.455,0.1462,5,WTR
10896.5,32.3566,7.8799,2.36,0.1787,5,WTR
10897.0,35.2271,7.5244,2.3925,0.1797,5,WTR
10897.5,48.2399,6.2811,2.3925,0.1803,5,WTR
10898.0,48.2399,4.1838,2.4875,0.1793,0,Non-SST
10898.5,48.2399,3.6169,2.565,0.1793,0,Non-SST
10899.0,69.4655,3.0501,2.57,0.1834,0,Non-SST
10899.5,70.526,2.4337,2.575,0.1961,0,Non-SST
10900.0,71.5865,2.4337,2.5575,0.1993,0,Non-SST
10900.5,65.3193,2.4337,2.5675,0.212,0,Non-SST
10901.0,60.89,2.7868,2.5683,0.1839,0,Non-SST
10901.5,56.4607,2.9155,2.585,0.1636,0,Non-SST
10902.0,55.5118,3.3383,2.58,0.1639,0,Non-SST
10902.5,53.6619,3.6687,2.615,0.1371,0,Non-SST
10903.0,51.8121,3.9991,2.615,0.1253,0,Non-SST
10903.5,43.1209,4.377,2.575,0.1346,0,Non-SST
10904.0,53.646,4.0998,2.525,0.1452,0,Non-SST
10904.5,58.4062,3.8226,2.54,0.149,0,Non-SST
10905.0,54.2081,3.8226,2.555,0.1531,0,Non-SST
10905.5,50.0101,3.8226,2.555,0.1586,0,Non-SST
10906.0,55.5118,3.8226,2.54,0.1654,0,Non-SST
10906.5,53.646,3.8226,2.54,0.1633,0,Non-SST
10907.0,53.646,3.7663,2.535,0.1615,0,Non-SST
10907.5,53.646,3.7101,2.5233,0.1605,0,Non-SST
10908.0,51.8121,3.6538,2.515,0.1594,0,Non-SST
10908.5,55.5118,3.5732,2.52,0.1639,0,Non-SST
10909.0,60.4155,3.4925,2.525,0.1686,0,Non-SST
10909.5,65.3193,3.7458,2.525,0.1701,0,Non-SST
10910.0,57.6966,3.9991,2.49,0.1716,0,Non-SST
10910.5,50.0739,4.2891,2.47,0.1731,5,WTR
10911.0,46.5017,4.5791,2.455,0.1719,5,WTR
10911.5,50.0739,4.3815,2.44,0.1708,5,WTR
10912.0,53.646,4.1838,2.4533,0.1777,5,WTR
10912.5,48.2399,4.0071,2.4667,0.185,5,WTR
10913.0,54.7703,3.8305,2.48,0.1789,5,WTR
10913.5,61.3006,3.6538,2.535,0.1728,0,Non-SST
10914.0,56.5564,3.3519,2.59,0.1667,0,Non-SST
10914.5,51.8121,3.0501,2.545,0.1795,0,Non-SST
10915.0,59.5943,2.9828,2.5,0.1938,0,Non-SST
10915.5,67.3764,2.9155,2.53,0.1932,0,Non-SST
10916.0,66.3479,2.8726,2.56,0.1926,0,Non-SST
10916.5,65.3193,2.8296,2.555,0.1901,0,Non-SST
10917.0,63.3099,2.7868,2.55,0.1878,0,Non-SST
10917.5,61.3006,2.9184,2.56,0.1749,0,Non-SST
10918.0,58.4062,3.0501,2.57,0.1633,0,Non-SST
10918.5,55.5118,3.2713,2.58,0.1677,0,Non-SST
10919.0,51.0068,3.4925,2.545,0.1721,0,Non-SST
10919.5,46.5017,3.2713,2.51,0.1764,5,WTR
10920.0,52.0991,3.0501,2.5133,0.1705,0,Non-SST
10920.5,57.6966,2.9828,2.5167,0.1646,0,Non-SST
10921.0,63.294,2.9155,2.52,0.1717,0,Non-SST
10921.5,59.4029,2.9828,2.5,0.1809,0,Non-SST
10922.0,55.5118,3.0501,2.48,0.1732,5,WTR
10922.5,52.7609,3.3664,2.51,0.1632,0,Non-SST
10923.0,50.0101,3.6828,2.54,0.1612,0,Non-SST
10923.5,47.7137,3.9991,2.5,0.1591,0,Non-SST
10924.0,45.4173,3.9108,2.46,0.157,5,WTR
10924.5,43.1209,3.8226,2.47,0.1644,5,WTR
10925.0,44.8113,3.8814,2.48,0.1723,5,WTR
10925.5,46.5017,3.9402,2.515,0.1637,5,WTR
10926.0,44.8113,3.9991,2.55,0.155,0,Non-SST
10926.5,43.1209,5.1401,2.5133,0.1464,0,Non-SST
10927.0,39.174,6.2811,2.4767,0.1473,0,Non-SST
10927.5,35.2271,6.3779,2.44,0.1539,5,WTR
10928.0,36.758,6.4745,2.38,0.1631,5,WTR
10928.5,38.289,6.5712,2.32,0.1723,5,WTR
10929.0,34.9029,7.2216,2.38,0.1815,5,WTR
10929.5,31.5168,7.8719,2.44,0.1785,5,WTR
10930.0,28.1307,9.0965,2.3967,0.1792,5,WTR
10930.5,27.4689,10.3211,2.3533,0.1704,5,WTR
10931.0,26.8071,9.8853,2.31,0.1696,5,WTR
10931.5,27.4689,9.4495,2.35,0.1741,5,WTR
10932.0,28.1307,9.0137,2.39,0.1785,5,WTR
10932.5,28.1307,9.0137,2.415,0.183,5,WTR
10933.0,28.1307,9.0137,2.44,0.1707,5,WTR
10933.5,33.1274,7.8376,2.4333,0.161,5,WTR
10934.0,38.1242,6.6616,2.4267,0.1732,5,WTR
10934.5,43.1209,5.4855,2.42,0.1855,5,WTR
10935.0,48.3835,5.3644,2.465,0.1977,0,Non-SST
10935.5,53.646,5.2433,2.51,0.1801,0,Non-SST
10936.0,46.5283,5.7871,2.46,0.1681,5,WTR
10936.5,39.4106,6.3309,2.41,0.1748,5,WTR
10937.0,32.2929,6.8747,2.36,0.1815,5,WTR
10937.5,32.2929,7.0335,2.36,0.1882,5,WTR
10938.0,32.2929,7.1922,2.36,0.1892,5,WTR
10938.5,33.76,7.904,2.3567,0.1903,5,WTR
10939.0,35.2271,8.6158,2.3533,0.1828,5,WTR
10939.5,34.7328,8.7484,2.35,0.1763,5,WTR
10940.0,34.2384,8.881,2.335,0.1871,5,WTR
10940.5,33.744,9.0137,2.32,0.198,5,WTR
10941.0,34.4856,8.5172,2.3167,0.2088,5,WTR
10941.5,35.2271,8.0208,2.3133,0.2092,5,WTR
10942.0,36.2477,7.5244,2.31,0.2096,5,WTR
10942.5,37.2683,6.9028,2.35,0.2101,5,WTR
10943.0,38.289,6.2811,2.39,0.1968,5,WTR
10943.5,42.3953,5.9352,2.405,0.1863,5,WTR
10944.0,46.5017,5.5893,2.42,0.1898,5,WTR
10944.5,45.3748,5.2433,2.4533,0.1932,5,WTR
10945.0,44.2478,5.1276,2.4867,0.1966,0,Non-SST
10945.5,43.1209,5.0119,2.52,0.1918,0,Non-SST
10946.0,48.3835,4.6154,2.5,0.1951,0,Non-SST
10946.5,53.646,4.219,2.48,0.1929,0,Non-SST
10947.0,55.5278,3.8226,2.49,0.1908,0,Non-SST
10947.5,57.4095,3.5804,2.5,0.1887,0,Non-SST
10948.0,56.155,3.3383,2.51,0.1794,0,Non-SST
10948.5,54.9005,3.2892,2.5,0.1724,0,Non-SST
10949.0,53.646,3.2401,2.49,0.1764,5,WTR
10949.5,53.646,3.191,2.48,0.1805,5,WTR
10950.0,53.646,3.3417,2.475,0.1845,5,WTR
10950.5,56.862,3.4925,2.47,0.1868,5,WTR
10951.0,60.078,3.2713,2.4833,0.1889,5,WTR
10951.5,63.294,3.0501,2.4967,0.1946,0,Non-SST
10952.0,63.294,3.0501,2.51,0.1978,0,Non-SST
10952.5,63.294,3.0501,2.505,0.1925,0,Non-SST
10953.0,63.294,3.0501,2.5,0.1872,0,Non-SST
10953.5,60.3518,3.1942,2.485,0.1819,5,WTR
10954.0,57.4095,3.3383,2.47,0.1738,5,WTR
10954.5,54.353,3.4435,2.4867,0.1655,5,WTR
10955.0,51.2965,3.5487,2.5033,0.161,5,WTR
10955.5,48.2399,3.6538,2.52,0.1566,0,Non-SST
10956.0,50.943,3.5732,2.54,0.1521,0,Non-SST
10956.5,53.646,3.4925,2.56,0.153,0,Non-SST
10957.0,54.5789,3.4154,2.5333,0.1549,0,Non-SST
10957.5,55.5118,3.3383,2.5067,0.1601,0,Non-SST
10958.0,54.2786,3.2892,2.48,0.1701,5,WTR
10958.5,53.0453,3.2401,2.48,0.1698,5,WTR
10959.0,51.8121,3.191,2.48,0.1695,5,WTR
10959.5,52.729,3.1205,2.5033,0.1692,0,Non-SST
10960.0,53.646,3.0501,2.5267,0.1738,0,Non-SST
10960.5,56.862,3.0501,2.55,0.1744,0,Non-SST
10961.0,60.078,3.0501,2.52,0.171,0,Non-SST
10961.5,63.294,3.0052,2.49,0.1677,5,WTR
10962.0,61.3166,2.9603,2.515,0.172,0,Non-SST
10962.5,59.3391,2.9155,2.54,0.1762,0,Non-SST
10963.0,58.0634,2.8511,2.5333,0.1805,0,Non-SST
10963.5,56.7876,2.7868,2.5267,0.1806,0,Non-SST
10964.0,55.5118,2.7868,2.52,0.182,0,Non-SST
10964.5,58.4062,2.6637,2.53,0.1858,0,Non-SST
10965.0,61.3006,2.5461,2.54,0.1935,0,Non-SST
10965.5,61.3006,2.5461,2.515,0.1939,0,Non-SST
10966.0,61.3006,2.4337,2.49,0.211,0,Non-SST
10966.5,61.3006,2.4337,2.49,0.2221,0,Non-SST
10967.0,61.3006,2.3287,2.49,0.2172,0,Non-SST
10967.5,61.3006,2.2236,2.49,0.2123,0,Non-SST
10968.0,59.3551,2.3287,2.48,0.2074,5,WTR
10968.5,57.4095,2.4337,2.47,0.2072,5,WTR
10969.0,57.4095,2.331,2.48,0.207,5,WTR
10969.5,57.4095,2.2282,2.49,0.2068,0,Non-SST
10970.0,59.371,2.1254,2.5,0.2114,0,Non-SST
10970.5,61.3325,2.2617,2.4867,0.2098,0,Non-SST
10971.0,63.294,2.3979,2.49,0.2104,0,Non-SST
10971.5,60.3518,2.5923,2.4625,0.2075,5,WTR
10972.0,57.4095,2.7868,2.4575,0.2121,5,WTR
10972.5,62.1352,2.7065,2.4575,0.2164,0,Non-SST
10973.0,66.8608,2.6263,2.48,0.2076,0,Non-SST
10973.5,71.5865,2.5461,2.51,0.1988,0,Non-SST
10974.0,67.3764,3.0501,2.5033,0.1885,0,Non-SST
10974.5,50.0101,3.2795,2.4967,0.1796,5,WTR
10975.0,51.8121,3.5088,2.49,0.1608,5,WTR
10975.5,43.1209,3.7382,2.4803,0.144,5,WTR
10976.0,47.3708,3.7804,2.4707,0.1464,5,WTR
10976.5,46.0831,3.8226,2.461,0.1487,5,WTR
10977.0,44.7954,3.8226,2.461,0.1511,5,WTR
10977.5,45.9436,3.8226,2.474,0.1525,5,WTR
10978.0,47.0918,3.8814,2.487,0.1541,5,WTR
10978.5,48.2399,3.9402,2.5,0.1569,5,WTR
10979.0,49.4307,3.9991,2.49,0.1596,0,Non-SST
10979.5,50.6214,3.9108,2.48,0.1624,5,WTR
10980.0,51.8121,3.8226,2.495,0.1578,5,WTR
10980.5,49.5205,3.9108,2.51,0.1535,5,WTR
10981.0,47.2289,3.9991,2.505,0.1462,5,WTR
10981.5,44.3536,4.1251,2.5,0.1395,5,WTR
10982.0,41.4784,4.251,2.475,0.1413,5,WTR
10982.5,41.4784,4.377,2.45,0.1432,5,WTR
10983.0,41.4784,4.2804,2.46,0.145,5,WTR
10983.5,42.2996,4.1838,2.47,0.1479,5,WTR
10984.0,43.1209,4.3156,2.48,0.1493,5,WTR
10984.5,40.7368,4.4474,2.465,0.1522,5,WTR
10985.0,38.3527,4.5791,2.45,0.1552,5,WTR
10985.5,36.7899,5.4302,2.385,0.1581,5,WTR
10986.0,35.2271,6.2811,2.32,0.1537,5,WTR
10986.5,34.249,6.9028,2.3233,0.1464,5,WTR
10987.0,33.2709,7.5244,2.3267,0.1454,5,WTR
10987.5,32.2929,7.469,2.33,0.1439,5,WTR
10988.0,30.2118,7.4137,2.33,0.1522,5,WTR
10988.5,28.1307,7.3583,2.33,0.1611,5,WTR
10989.0,28.8084,6.8747,2.32,0.1709,5,WTR
10989.5,29.4862,7.0913,2.31,0.1815,5,WTR
10990.0,30.4217,7.3078,2.3,0.1848,5,WTR
10990.5,31.3573,7.5244,2.32,0.1881,5,WTR
10991.0,32.2929,6.6316,2.34,0.1913,5,WTR
10991.5,36.0803,5.7388,2.505,0.1797,0,Non-SST
10992.0,39.8677,5.5737,2.67,0.1681,0,Non-SST
10992.5,38.3209,5.4085,2.5667,0.1565,0,Non-SST
10993.0,36.774,5.2433,2.4633,0.1549,5,WTR
10993.5,35.2271,5.7871,2.36,0.1705,5,WTR
10994.0,31.6789,6.3309,2.3825,0.1732,5,WTR
10994.5,28.1307,6.8747,2.405,0.176,5,WTR
10995.0,30.9373,6.8747,2.4025,0.1787,5,WTR
10995.5,33.744,6.8747,2.4,0.1824,5,WTR
10996.0,31.8729,6.5779,2.42,0.1848,5,WTR
10996.5,30.0018,6.2811,2.44,0.1884,5,WTR
10997.0,28.1307,6.1887,2.405,0.1921,5,WTR
10997.5,34.8045,6.0963,2.37,0.1957,5,WTR
10998.0,41.4784,6.0039,2.3767,0.1825,5,WTR
10998.5,43.1369,6.1425,2.3833,0.1705,5,WTR
10999.0,38.289,6.2811,2.39,0.1452,5,WTR
10999.5,34.5813,6.9326,2.43,0.126,5,WTR
11000.0,30.8736,7.584,2.47,0.1237,5,WTR
11000.5,31.5832,8.2354,2.51,0.1214,0,Non-SST
11001.0,32.2929,8.4256,2.58,0.1191,0,Non-SST
11001.5,33.4052,8.6158,2.65,0.1204,0,Non-SST
11002.0,34.5175,7.3098,2.58,0.1245,0,Non-SST
11002.5,35.6298,6.0039,2.51,0.1502,0,Non-SST
11003.0,36.7421,5.7504,2.44,0.1988,5,WTR
11003.5,35.9846,5.4969,2.395,0.1885,5,WTR
11004.0,35.2271,5.2433,2.35,0.1783,5,WTR
11004.5,35.2271,5.4911,2.3633,0.1681,5,WTR
11005.0,35.2271,5.7388,2.3767,0.1726,5,WTR
11005.5,33.3135,6.0163,2.39,0.1761,5,WTR
11006.0,31.3998,6.2938,2.37,0.1755,5,WTR
11006.5,29.4862,6.5712,2.35,0.1814,5,WTR
11007.0,28.8084,6.8817,2.35,0.1803,5,WTR
11007.5,28.1307,7.1922,2.35,0.1713,5,WTR
11008.0,30.4961,5.7388,2.3933,0.1675,5,WTR
11008.5,32.8616,5.0119,2.4367,0.1728,5,WTR
11009.0,35.2271,4.7955,2.48,0.167,0,Non-SST
11009.5,35.2271,4.5791,2.46,0.1648,5,WTR
11010.0,35.2271,4.3815,2.44,0.176,5,WTR
11010.5,43.5196,4.1838,2.4567,0.187,5,WTR
11011.0,51.8121,4.0032,2.4733,0.1828,5,WTR
11011.5,48.3675,3.8226,2.49,0.1785,5,WTR
11012.0,44.923,4.0032,2.455,0.1743,5,WTR
11012.5,41.4784,4.1838,2.42,0.1746,5,WTR
11013.0,39.8837,4.2482,2.44,0.1717,5,WTR
11013.5,38.289,4.3126,2.445,0.1727,5,WTR
11014.0,38.8152,4.377,2.4533,0.1736,5,WTR
11014.5,39.3415,4.2804,2.45,0.1746,5,WTR
11015.0,39.8677,4.1838,2.465,0.172,5,WTR
11015.5,40.673,4.2482,2.46,0.1706,5,WTR
11016.0,41.4784,4.3126,2.475,0.1761,5,WTR
11016.5,39.8837,4.377,2.49,0.1816,0,Non-SST
11017.0,38.289,4.188,2.455,0.1871,5,WTR
11017.5,36.758,3.9991,2.42,0.1807,5,WTR
11018.0,35.2271,3.9991,2.4067,0.1727,5,WTR
11018.5,35.2271,3.9991,2.3933,0.1778,5,WTR
11019.0,39.8677,3.9402,2.38,0.1858,5,WTR
11019.5,39.8677,3.8814,2.395,0.1853,5,WTR
11020.0,39.8677,3.8226,2.41,0.1848,5,WTR
11020.5,36.0803,3.7382,2.3967,0.1842,5,WTR
11021.0,32.2929,3.6538,2.3833,0.1824,5,WTR
11021.5,33.7759,3.6538,2.37,0.1831,5,WTR
11022.0,35.259,3.6538,2.395,0.186,5,WTR
11022.5,36.7421,3.6538,2.42,0.189,5,WTR
11023.0,37.5155,3.4995,2.45,0.1919,5,WTR
11023.5,38.289,3.3452,2.48,0.1889,5,WTR
11024.0,40.4578,3.191,2.4733,0.1858,5,WTR
11024.5,42.6266,3.2647,2.4667,0.1828,5,WTR
11025.0,44.7954,3.3383,2.46,0.1822,5,WTR
11025.5,43.1369,3.4435,2.49,0.1786,5,WTR
11026.0,41.4784,3.5487,2.52,0.1891,5,WTR
11026.5,44.8592,3.6538,2.4933,0.1996,5,WTR
11027.0,48.2399,3.4224,2.4667,0.2101,5,WTR
11027.5,43.408,3.191,2.44,0.2153,5,WTR
11028.0,38.576,3.2401,2.42,0.216,5,WTR
11028.5,33.744,3.2892,2.4,0.2131,5,WTR
11029.0,34.4856,3.3383,2.4033,0.2103,5,WTR
11029.5,35.2271,3.4154,2.4067,0.2074,5,WTR
11030.0,36.2477,3.4925,2.41,0.2059,5,WTR
11030.5,37.2683,3.4154,2.4133,0.2052,5,WTR
11031.0,38.289,3.3383,2.4167,0.2031,5,WTR
11031.5,37.5155,3.3897,2.42,0.2004,5,WTR
11032.0,36.7421,3.4411,2.435,0.199,5,WTR
11032.5,36.2371,3.4925,2.45,0.1975,5,WTR
11033.0,35.7321,3.4925,2.43,0.1961,5,WTR
11033.5,35.2271,3.4925,2.41,0.1877,5,WTR
11034.0,37.3109,3.5463,2.4233,0.1787,5,WTR
11034.5,39.3946,3.6,2.4367,0.1761,5,WTR
11035.0,41.4784,3.6538,2.45,0.1735,5,WTR
11035.5,36.8856,3.7382,2.45,0.171,5,WTR
11036.0,32.2929,3.8226,2.45,0.1756,5,WTR
11036.5,35.2909,3.7663,2.4533,0.1805,5,WTR
11037.0,38.289,3.7101,2.4567,0.1664,5,WTR
11037.5,39.3521,3.6538,2.46,0.1535,5,WTR
11038.0,40.4152,3.6538,2.465,0.1605,5,WTR
11038.5,41.4784,3.6538,2.47,0.1675,5,WTR
11039.0,36.8856,3.6538,2.46,0.1745,5,WTR
11039.5,32.2929,3.6538,2.45,0.1727,5,WTR
11040.0,33.2709,3.6,2.44,0.1728,5,WTR
11040.5,34.249,3.5463,2.425,0.169,5,WTR
11041.0,35.2271,3.4925,2.41,0.1651,5,WTR
11041.5,37.5474,3.5732,2.4367,0.1613,5,WTR
11042.0,39.8677,3.6538,2.4633,0.1534,5,WTR
11042.5,39.8677,3.6538,2.49,0.1425,5,WTR
11043.0,39.8677,3.6538,2.505,0.1566,5,WTR
11043.5,39.8677,3.6538,2.52,0.1707,5,WTR
11044.0,49.6034,3.1588,2.52,0.1847,5,WTR
11044.5,59.3391,2.6637,2.52,0.1955,0,Non-SST
11045.0,64.1392,2.495,2.5267,0.2079,0,Non-SST
11045.5,68.9393,2.3263,2.5333,0.21,0,Non-SST
11046.0,73.7393,2.3996,2.54,0.2107,0,Non-SST
11046.5,68.5167,2.4729,2.53,0.2057,0,Non-SST
11047.0,63.294,2.5461,2.52,0.2007,0,Non-SST
11047.5,66.3798,2.4362,2.52,0.1957,0,Non-SST
11048.0,69.4655,2.3263,2.52,0.2077,0,Non-SST
11048.5,66.7439,2.4362,2.5267,0.2206,0,Non-SST
11049.0,64.0222,2.5461,2.5333,0.2074,0,Non-SST
11049.5,61.3006,2.4729,2.54,0.1941,0,Non-SST
11050.0,68.6124,2.3996,2.545,0.1973,0,Non-SST
11050.5,75.9241,2.3263,2.55,0.2006,0,Non-SST
11051.0,71.6503,2.38,2.5533,0.2039,0,Non-SST
11051.5,67.3764,2.4337,2.5567,0.2074,0,Non-SST
11052.0,66.6907,2.5104,2.56,0.2108,0,Non-SST
11052.5,66.005,2.5871,2.54,0.2143,0,Non-SST
11053.0,65.3193,2.6637,2.52,0.2114,0,Non-SST
11053.5,66.3479,2.6637,2.515,0.2076,0,Non-SST
11054.0,67.3764,2.6637,2.51,0.2093,0,Non-SST
11054.5,68.7798,2.6637,2.53,0.2109,0,Non-SST
11055.0,70.1831,2.6049,2.55,0.2126,0,Non-SST
11055.5,71.5865,2.5461,2.57,0.2061,0,Non-SST
11056.0,72.6629,2.6692,2.57,0.204,0,Non-SST
11056.5,73.7393,2.7924,2.57,0.2054,0,Non-SST
11057.0,69.5293,2.9155,2.5567,0.2068,0,Non-SST
11057.5,65.3193,2.9828,2.5433,0.2082,0,Non-SST
11058.0,61.4282,3.0501,2.53,0.2051,0,Non-SST
11058.5,57.5371,3.2713,2.5133,0.1995,0,Non-SST
11059.0,53.646,3.4925,2.4967,0.182,5,WTR
11059.5,50.0739,3.6025,2.48,0.1696,5,WTR
11060.0,46.5017,3.7125,2.47,0.1655,5,WTR
11060.5,45.9329,3.8226,2.46,0.1613,5,WTR
11061.0,45.3642,4.0998,2.445,0.1572,5,WTR
11061.5,44.7954,4.377,2.43,0.1595,5,WTR
11062.0,41.6059,4.377,2.4367,0.1611,5,WTR
11062.5,38.4165,4.377,2.4433,0.1673,5,WTR
11063.0,35.2271,4.377,2.45,0.1735,5,WTR
11063.5,35.2271,4.2804,2.41,0.1797,5,WTR
11064.0,35.2271,4.1838,2.37,0.1801,5,WTR
11064.5,33.3135,3.9402,2.37,0.18,5,WTR
11065.0,31.3998,3.9697,2.37,0.1861,5,WTR
11065.5,29.4862,3.9991,2.37,0.1918,5,WTR
11066.0,30.8895,3.7458,2.385,0.1917,5,WTR
11066.5,32.2929,3.4925,2.4,0.1916,5,WTR
11067.0,33.76,3.3417,2.3967,0.1916,5,WTR
11067.5,35.2271,3.191,2.3933,0.1803,5,WTR
11068.0,31.1606,3.2401,2.39,0.1706,5,WTR
11068.5,27.0941,3.2892,2.415,0.1739,5,WTR
11069.0,23.0276,3.3383,2.44,0.1773,5,WTR
11069.5,28.3858,3.2647,2.4358,0.1807,5,WTR
11070.0,33.744,3.191,2.4317,0.1816,5,WTR
11070.5,39.166,3.191,2.4275,0.1825,5,WTR
11071.0,44.5881,3.1205,2.4281,0.1833,5,WTR
11071.5,50.0101,3.0501,2.4288,0.1804,5,WTR
11072.0,45.7442,3.1462,2.4294,0.1775,5,WTR
11072.5,41.4784,3.2422,2.43,0.1755,5,WTR
11073.0,38.9003,3.3383,2.4333,0.1738,5,WTR
11073.5,36.3222,3.2647,2.4367,0.1768,5,WTR
11074.0,33.744,3.191,2.44,0.1798,5,WTR
11074.5,36.8139,3.191,2.415,0.1828,5,WTR
11075.0,35.2271,3.191,2.39,0.1919,5,WTR
11075.5,38.3527,3.191,2.425,0.1974,5,WTR
11076.0,41.4784,3.191,2.455,0.186,5,WTR
11076.5,42.584,3.191,2.455,0.1746,5,WTR
11077.0,43.6897,3.2647,2.45,0.1633,5,WTR
11077.5,44.7954,3.3383,2.445,0.1617,5,WTR
11078.0,41.5422,3.3897,2.44,0.1609,5,WTR
11078.5,38.289,3.4411,2.4,0.165,5,WTR
11079.0,38.289,3.4925,2.36,0.169,5,WTR
11079.5,38.289,3.3417,2.385,0.1731,5,WTR
11080.0,39.0783,3.191,2.41,0.1738,5,WTR
11080.5,39.8677,3.2647,2.42,0.176,5,WTR
11081.0,41.4943,3.3383,2.43,0.1732,5,WTR
11081.5,43.1209,3.3383,2.44,0.1704,5,WTR
11082.0,43.1209,3.3383,2.42,0.1677,5,WTR
11082.5,43.1209,3.3383,2.4,0.1716,5,WTR
11083.0,47.4665,3.4154,2.465,0.1706,5,WTR
11083.5,51.8121,3.4925,2.53,0.1619,0,Non-SST
11084.0,51.8121,3.5463,2.5133,0.1572,0,Non-SST
11084.5,51.8121,3.6,2.4967,0.1577,5,WTR
11085.0,51.8121,3.6538,2.48,0.1582,5,WTR
11085.5,47.4665,3.6538,2.46,0.1587,5,WTR
11086.0,43.1209,3.6538,2.44,0.1646,5,WTR
11086.5,42.5734,3.6538,2.45,0.1696,5,WTR
11087.0,42.0259,3.6538,2.46,0.1699,5,WTR
11087.5,41.4784,3.6538,2.47,0.1702,5,WTR
11088.0,44.8592,3.5732,2.46,0.1706,5,WTR
11088.5,48.2399,3.4925,2.45,0.1763,5,WTR
11089.0,48.2399,3.5463,2.4467,0.1817,5,WTR
11089.5,48.2399,3.6,2.4433,0.174,5,WTR
11090.0,46.5336,3.6538,2.44,0.1663,5,WTR
11090.5,44.8273,3.7382,2.435,0.1585,5,WTR
11091.0,43.1209,3.8226,2.43,0.1712,5,WTR
11091.5,38.4325,3.7663,2.4167,0.1843,5,WTR
11092.0,33.744,3.7101,2.4033,0.1892,5,WTR
11092.5,30.5812,3.6538,2.39,0.1909,5,WTR
11093.0,27.4184,3.5463,2.36,0.0165,5,WTR
11093.5,24.2555,3.1942,2.33,0.016,5,WTR
11094.0,28.2742,2.9155,2.37,0.0153,5,WTR
11094.5,32.2929,3.0501,2.41,0.1754,5,WTR
11095.0,35.3547,3.191,2.4067,0.1776,5,WTR
11095.5,38.4165,3.191,2.4033,0.1756,5,WTR
11096.0,41.4784,3.191,2.4,0.1758,5,WTR
11096.5,41.4784,3.191,2.385,0.1783,5,WTR
11097.0,41.4784,3.191,2.37,0.1839,5,WTR
11097.5,42.2996,3.191,2.3742,0.1856,5,WTR
11098.0,43.1209,3.191,2.3783,0.1829,5,WTR
11098.5,37.683,3.3383,2.3825,0.1817,5,WTR
11099.0,32.245,3.3383,2.3683,0.1871,5,WTR
11099.5,26.8071,3.0501,2.345,0.202,5,WTR
11100.0,27.4689,2.7868,2.3283,0.2047,5,WTR
11100.5,28.1307,2.7457,2.3233,0.2058,5,WTR
11101.0,28.1307,2.7047,2.3283,0.1952,5,WTR
11101.5,28.1307,2.6637,2.345,0.1921,5,WTR
11102.0,28.1307,2.6637,2.3817,0.1949,5,WTR
11102.5,26.8708,2.7868,2.3983,0.1972,5,WTR
11103.0,27.4689,2.7868,2.385,0.206,5,WTR
11103.5,28.1307,2.7868,2.36,0.2038,5,WTR
11104.0,28.2742,2.7868,2.3533,0.1966,5,WTR
11104.5,32.2929,2.7868,2.3567,0.1827,5,WTR
11105.0,38.3049,2.6637,2.375,0.1776,5,WTR
11105.5,37.6112,2.9155,2.3983,0.1739,5,WTR
11106.0,41.4784,2.9155,2.4175,0.1778,5,WTR
11106.5,36.758,2.9155,2.445,0.1827,5,WTR
11107.0,44.8592,2.9155,2.46,0.1804,5,WTR
11107.5,44.7954,2.7868,2.4367,0.1855,5,WTR
11108.0,41.4784,2.7868,2.42,0.1848,5,WTR
11108.5,38.289,2.7868,2.395,0.1853,5,WTR
11109.0,33.744,2.9155,2.44,0.1712,5,WTR
11109.5,29.4862,3.3383,2.43,0.1797,5,WTR
11110.0,24.2555,3.2647,2.4133,0.1836,5,WTR
11110.5,29.4862,3.191,2.3867,0.183,5,WTR
11111.0,28.8084,3.0501,2.375,0.1827,5,WTR
11111.5,28.1307,2.9155,2.41,0.1809,5,WTR
11112.0,35.2271,2.9155,2.41,0.1843,5,WTR
11112.5,29.4862,2.9155,2.39,0.1884,5,WTR
11113.0,33.744,3.0052,2.375,0.1921,5,WTR
11113.5,32.2929,2.9155,2.375,0.1948,5,WTR
11114.0,30.2118,2.7868,2.39,0.1958,5,WTR
11114.5,28.1307,2.7868,2.39,0.1938,5,WTR
11115.0,30.8736,2.8511,2.385,0.1927,5,WTR
11115.5,39.8677,2.9155,2.395,0.1915,5,WTR
11116.0,38.289,2.9155,2.385,0.1903,5,WTR
11116.5,34.5813,2.9155,2.4033,0.1847,5,WTR
11117.0,30.8736,3.0073,2.405,0.1803,5,WTR
11117.5,28.1307,3.0991,2.415,0.1851,5,WTR
11118.0,35.2271,3.191,2.3975,0.1919,5,WTR
11118.5,35.2271,3.1205,2.395,0.1945,5,WTR
11119.0,35.2271,3.0501,2.4017,0.197,5,WTR
11119.5,38.289,2.9828,2.4067,0.1995,5,WTR
11120.0,41.4784,2.9155,2.4267,0.1903,5,WTR
11120.5,42.2996,2.9603,2.435,0.1824,5,WTR
11121.0,43.1209,3.0052,2.425,0.186,5,WTR
11121.5,32.2929,3.0501,2.4,0.1896,5,WTR
11122.0,30.8736,3.0232,2.4,0.1932,5,WTR
11122.5,30.8736,2.9962,2.4,0.1951,5,WTR
11123.0,39.3521,2.9693,2.4,0.1971,5,WTR
11123.5,35.2271,2.9424,2.405,0.2027,5,WTR
11124.0,43.9581,2.9155,2.41,0.2087,5,WTR
11124.5,42.7183,2.9155,2.4,0.2024,5,WTR
11125.0,41.4784,2.9155,2.39,0.196,5,WTR
11125.5,39.3946,2.9828,2.4033,0.1897,5,WTR
11126.0,37.3109,3.0501,2.4167,0.1974,5,WTR
11126.5,35.2271,3.1462,2.43,0.2028,5,WTR
11127.0,39.174,3.2422,2.445,0.1838,5,WTR
11127.5,43.1209,3.3383,2.46,0.1648,5,WTR
11128.0,37.7069,4.6711,2.5033,0.1458,0,Non-SST
11128.5,32.2929,6.0039,2.5467,0.1401,0,Non-SST
11129.0,34.2916,5.2768,2.59,0.129,0,Non-SST
11129.5,36.2903,4.5497,2.48,0.1408,0,Non-SST
11130.0,38.289,3.8226,2.37,0.1526,5,WTR
11130.5,40.7049,3.5068,2.395,0.1644,5,WTR
11131.0,43.1209,3.191,2.42,0.1695,5,WTR
11131.5,44.8273,3.191,2.4167,0.1765,5,WTR
11132.0,46.5336,3.191,2.4133,0.1822,5,WTR
11132.5,48.2399,3.191,2.41,0.188,5,WTR
11133.0,46.5177,3.0532,2.44,0.1937,5,WTR
11133.5,44.7954,2.9155,2.47,0.1865,5,WTR
11134.0,43.9581,2.8511,2.43,0.1815,5,WTR
11134.5,43.1209,2.7868,2.39,0.1852,5,WTR
11135.0,43.1209,2.7868,2.35,0.197,5,WTR
11135.5,43.1209,2.7868,2.355,0.1965,5,WTR
11136.0,43.1209,2.7868,2.36,0.1961,5,WTR
11136.5,44.8113,2.8511,2.37,0.1956,5,WTR
11137.0,46.5017,2.9155,2.38,0.193,5,WTR
11137.5,44.2904,2.9155,2.4067,0.1911,5,WTR
11138.0,42.079,2.9155,2.4333,0.1939,5,WTR
11138.5,39.8677,2.9155,2.46,0.1967,5,WTR
11139.0,37.5474,2.9155,2.445,0.1995,5,WTR
11139.5,35.2271,2.9155,2.43,0.2129,5,WTR
11140.0,36.2477,2.9603,2.41,0.2265,5,WTR
11140.5,37.2683,3.0052,2.39,0.2241,5,WTR
11141.0,38.289,3.0501,2.37,0.2217,5,WTR
11141.5,37.5155,2.9828,2.39,0.2193,5,WTR
11142.0,36.7421,2.9155,2.41,0.2156,5,WTR
11142.5,35.9846,2.9424,2.4067,0.2134,5,WTR
11143.0,35.2271,2.9693,2.4033,0.21,5,WTR
11143.5,35.2271,2.9962,2.4,0.2065,5,WTR
11144.0,35.2271,3.0232,2.41,0.2031,5,WTR
11144.5,35.2271,3.0501,2.42,0.1964,5,WTR
11145.0,40.0112,2.9828,2.44,0.1893,5,WTR
11145.5,44.7954,2.9155,2.46,0.1898,5,WTR
11146.0,41.6059,3.0073,2.486,0.1902,5,WTR
11146.5,38.4165,3.0991,2.512,0.1907,5,WTR
11147.0,35.2271,3.191,2.538,0.1482,0,Non-SST
11147.5,33.0503,3.7242,2.564,0.1186,0,Non-SST
11148.0,30.8736,4.2574,2.59,0.1101,0,Non-SST
11148.5,27.8596,4.7906,2.57,0.1015,0,Non-SST
11149.0,24.8456,4.7906,2.55,0.093,0,Non-SST
11149.5,21.8316,4.7906,2.53,0.128,0,Non-SST
11150.0,34.1666,4.4117,2.5,0.1841,0,Non-SST
11150.5,46.5017,4.0327,2.47,0.1791,5,WTR
11151.0,43.99,3.6538,2.4767,0.1741,5,WTR
11151.5,41.4784,3.6538,2.4833,0.169,5,WTR
11152.0,42.0259,3.6538,2.49,0.1642,5,WTR
11152.5,42.5734,3.5487,2.4967,0.1608,5,WTR
11153.0,43.1209,3.4435,2.5033,0.167,5,WTR
11153.5,49.3164,3.3383,2.51,0.1732,5,WTR
11154.0,55.5118,3.2647,2.52,0.1793,0,Non-SST
11154.5,54.2786,3.191,2.53,0.1834,0,Non-SST
11155.0,53.0453,3.2647,2.5233,0.1875,0,Non-SST
11155.5,51.8121,3.3383,2.5167,0.1915,5,WTR
11156.0,69.4177,3.1545,2.51,0.1956,0,Non-SST
11156.5,87.0233,2.9706,2.53,0.1958,0,Non-SST
11157.0,104.6288,2.7868,2.55,0.196,0,Non-SST
11157.5,88.1077,2.7868,2.54,0.1962,0,Non-SST
11158.0,71.5865,2.7868,2.53,0.2149,0,Non-SST
11158.5,73.0323,2.6245,2.52,0.2382,0,Non-SST
11159.0,74.4782,2.5853,2.555,0.224,0,Non-SST
11159.5,75.9241,2.5461,2.59,0.2106,0,Non-SST
11160.0,77.0324,2.3849,2.575,0.2182,0,Non-SST
11160.5,78.1407,2.2236,2.56,0.2262,0,Non-SST
11161.0,76.6736,2.1745,2.5767,0.2245,0,Non-SST
11161.5,75.2065,2.1254,2.5933,0.2229,0,Non-SST
11162.0,73.7393,2.0561,2.61,0.2212,0,Non-SST
11162.5,73.7393,1.9868,2.575,0.221,0,Non-SST
11163.0,73.7393,2.0316,2.54,0.2339,0,Non-SST
11163.5,72.6629,2.0316,2.5617,0.2322,0,Non-SST
11164.0,71.5865,2.0316,2.5833,0.2362,0,Non-SST
11164.5,74.5207,2.0316,2.605,0.235,0,Non-SST
11165.0,77.455,1.9868,2.6025,0.2383,0,Non-SST
11165.5,80.3893,1.9419,2.6,0.2417,0,Non-SST
11166.0,81.5295,1.8991,2.5975,0.2392,0,Non-SST
11166.5,82.6697,1.8562,2.595,0.2368,0,Non-SST
11167.0,80.4212,1.8991,2.5925,0.2418,0,Non-SST
11167.5,78.1726,1.9419,2.59,0.2468,0,Non-SST
11168.0,75.9241,1.9868,2.585,0.2518,0,Non-SST
11168.5,78.7188,2.0316,2.58,0.2457,0,Non-SST
11169.0,80.3893,2.0629,2.565,0.2406,0,Non-SST
11169.5,80.3893,2.0942,2.55,0.2392,0,Non-SST
11170.0,80.3893,2.1254,2.56,0.2357,0,Non-SST
11170.5,79.265,2.2259,2.57,0.2365,0,Non-SST
11171.0,78.1407,2.3263,2.57,0.238,0,Non-SST
11171.5,77.4018,2.3263,2.57,0.2338,0,Non-SST
11172.0,76.663,2.3263,2.56,0.2321,0,Non-SST
11172.5,75.9241,2.3263,2.55,0.2282,0,Non-SST
11173.0,80.4052,2.3263,2.55,0.2213,0,Non-SST
11173.5,79.273,2.3263,2.55,0.2199,0,Non-SST
11174.0,78.1407,2.3263,2.55,0.2207,0,Non-SST
11174.5,75.94,2.4337,2.55,0.2238,0,Non-SST
11175.0,73.7393,2.3263,2.55,0.2292,0,Non-SST
11175.5,75.956,2.275,2.54,0.2357,0,Non-SST
11176.0,78.1726,2.2236,2.53,0.2293,0,Non-SST
11176.5,80.3893,2.3703,2.525,0.2229,0,Non-SST
11177.0,78.1407,2.517,2.52,0.2165,0,Non-SST
11177.5,76.6736,2.6637,2.55,0.2102,0,Non-SST
11178.0,75.2065,2.5487,2.58,0.2039,0,Non-SST
11178.5,73.7393,2.4337,2.58,0.2186,0,Non-SST
11179.0,72.6629,2.4337,2.58,0.2351,0,Non-SST
11179.5,71.5865,2.4337,2.56,0.2333,0,Non-SST
11180.0,72.6629,2.4337,2.565,0.2316,0,Non-SST
11180.5,73.7393,2.4899,2.57,0.2298,0,Non-SST
11181.0,74.8317,2.5461,2.585,0.2217,0,Non-SST
11181.5,75.9241,2.5853,2.57,0.2151,0,Non-SST
11182.0,75.9241,2.6245,2.555,0.2124,0,Non-SST
11182.5,75.9241,2.6637,2.54,0.2098,0,Non-SST
11183.0,75.9241,2.8569,2.535,0.2071,0,Non-SST
11183.5,65.3193,3.0501,2.53,0.2033,0,Non-SST
11184.0,65.3193,3.0501,2.51,0.1993,0,Non-SST
11184.5,65.3193,3.0501,2.49,0.1993,0,Non-SST
11185.0,65.3193,3.201,2.47,0.1993,5,WTR
11185.5,61.3644,3.3519,2.505,0.1993,0,Non-SST
11186.0,57.4095,3.5029,2.54,0.1876,0,Non-SST
11186.5,52.8247,3.6538,2.5167,0.1759,0,Non-SST
11187.0,48.2399,3.9188,2.4933,0.1643,5,WTR
11187.5,48.2399,4.1838,2.47,0.1622,5,WTR
11188.0,48.2399,4.1838,2.485,0.1558,5,WTR
11188.5,48.2399,4.1838,2.5,0.1519,0,Non-SST
11189.0,45.6804,4.1838,2.505,0.1487,5,WTR
11189.5,43.1209,4.1838,2.51,0.1529,5,WTR
11190.0,40.9947,4.1838,2.49,0.1571,0,Non-SST
11190.5,38.8684,4.0914,2.47,0.1613,5,WTR
11191.0,36.7421,3.9991,2.45,0.1614,5,WTR
11191.5,39.9315,4.0606,2.4333,0.1582,5,WTR
11192.0,43.1209,4.1222,2.4167,0.151,5,WTR
11192.5,35.6258,4.1838,2.4,0.1437,5,WTR
11193.0,28.1307,4.3815,2.475,0.1364,5,WTR
11193.5,29.5181,4.5791,2.55,0.1444,0,Non-SST
11194.0,30.9055,4.377,2.5133,0.1569,0,Non-SST
11194.5,32.2929,4.0998,2.4767,0.1581,5,WTR
11195.0,35.3547,3.8226,2.44,0.1655,5,WTR
11195.5,38.4165,3.6575,2.485,0.1582,5,WTR
11196.0,41.4784,3.4925,2.53,0.1512,0,Non-SST
11196.5,39.8837,3.6538,2.52,0.1518,5,WTR
11197.0,38.289,3.6538,2.51,0.1523,5,WTR
11197.5,38.289,3.6538,2.5,0.1584,5,WTR
11198.0,38.289,3.7689,2.49,0.1646,5,WTR
11198.5,38.289,3.884,2.48,0.1603,5,WTR
11199.0,38.289,3.9991,2.495,0.1543,5,WTR
11199.5,38.289,3.9991,2.51,0.1545,5,WTR
11200.0,37.7733,3.9991,2.51,0.1455,5,WTR
11200.5,37.2577,4.1838,2.505,0.1462,5,WTR
11201.0,36.7421,4.1838,2.5,0.1465,0,Non-SST
11201.5,36.7421,4.0032,2.49,0.1591,0,Non-SST
11202.0,36.7421,3.8226,2.475,0.1715,5,WTR
11202.5,39.1102,3.4925,2.475,0.1693,5,WTR
11203.0,41.4784,3.5732,2.47,0.1672,5,WTR
11203.5,38.289,3.6538,2.465,0.1602,5,WTR
11204.0,38.289,3.8265,2.46,0.1594,5,WTR
11204.5,38.289,3.9991,2.46,0.1573,5,WTR
11205.0,36.758,3.9991,2.46,0.1553,5,WTR
11205.5,35.2271,3.9991,2.45,0.1605,5,WTR
11206.0,33.76,3.9991,2.45,0.1681,5,WTR
11206.5,32.2929,3.9108,2.45,0.1698,5,WTR
11207.0,37.7069,3.8226,2.475,0.1746,5,WTR
11207.5,43.1209,3.6538,2.5,0.1699,5,WTR
11208.0,40.7049,3.7382,2.5,0.1682,5,WTR
11208.5,38.289,3.8226,2.51,0.1596,5,WTR
11209.0,38.289,3.9108,2.515,0.1543,5,WTR
11209.5,38.289,3.9991,2.515,0.1451,5,WTR
11210.0,47.8492,3.191,2.525,0.1637,0,Non-SST
11210.5,57.4095,2.9889,2.525,0.1929,0,Non-SST
11211.0,71.5865,2.7868,2.525,0.1844,0,Non-SST
11211.5,69.4655,2.7252,2.53,0.2046,0,Non-SST
11212.0,70.526,2.6637,2.54,0.2025,0,Non-SST
11212.5,71.5865,2.6049,2.54,0.1966,0,Non-SST
11213.0,75.9241,2.5461,2.54,0.1934,0,Non-SST
11213.5,73.7553,2.5461,2.535,0.2036,0,Non-SST
11214.0,71.5865,2.5461,2.545,0.2207,0,Non-SST
11214.5,74.8636,2.5461,2.545,0.2165,0,Non-SST
11215.0,78.1407,2.3849,2.55,0.2297,0,Non-SST
11215.5,82.6697,2.2236,2.54,0.2263,0,Non-SST
11216.0,79.2969,2.2236,2.55,0.2211,0,Non-SST
11216.5,75.9241,2.275,2.565,0.2274,0,Non-SST
11217.0,77.0324,2.3263,2.565,0.2369,0,Non-SST
11217.5,78.1407,2.38,2.57,0.227,0,Non-SST
11218.0,75.94,2.4337,2.57,0.218,0,Non-SST
11218.5,73.7393,2.3263,2.56,0.2307,0,Non-SST
11219.0,80.3893,2.179,2.55,0.2465,0,Non-SST
11219.5,82.6857,2.0316,2.565,0.2357,0,Non-SST
11220.0,84.982,1.9868,2.58,,0,Non-SST
11220.5,83.8259,1.9419,2.58,,0,Non-SST
11221.0,82.6697,1.9419,2.57,,0,Non-SST
11221.5,81.5295,1.9868,2.575,,0,Non-SST
11222.0,80.3893,2.0316,2.575,,0,Non-SST
11222.5,80.3893,,2.56,,0,Non-SST
11223.0,79.265,,2.53,,0,Non-SST
11223.5,78.1407,,2.535,,0,Non-SST
11224.0,78.1407,,2.54,,0,Non-SST
11224.5,78.1407,,2.545,,0,Non-SST
11225.0,80.3893,,2.545,,0,Non-SST
11225.5,80.3893,,2.545,,0,Non-SST
11226.0,80.3893,,2.535,,0,Non-SST
11226.5,79.265,,2.53,,0,Non-SST
11227.0,78.1407,,2.615,,0,Non-SST
11227.5,73.7393,,2.655,,0,Non-SST
11228.0,73.7393,,,,0,Non-SST
11228.5,73.7393,,,,0,Non-SST
11229.0,73.7393,,,,0,Non-SST
11229.5,73.7393,,,,0,Non-SST
11230.0,75.9241,,,,0,Non-SST
11230.5,77.0324,,,,0,Non-SST
11231.0,78.1407,,,,0,Non-SST
11231.5,75.9241,,,,0,Non-SST
